Demoting record getter com/mojang/realmsclient/client/RealmsError$CustomError;errorCode()I
Demoting record getter com/mojang/realmsclient/client/RealmsError$ErrorWithJsonPayload;errorCode()I
Demoting record getter com/mojang/realmsclient/client/RealmsError$ErrorWithRawPayload;errorCode()I
Demoting record getter net/minecraft/advancements/criterion/CollectionContentsPredicate$Multiple;unpack()Ljava/util/List;
Demoting record getter net/minecraft/advancements/criterion/CollectionCountsPredicate$Multiple;unpack()Ljava/util/List;
Demoting record getter net/minecraft/client/gui/font/AtlasGlyphProvider$Instance;textureView()Lcom/mojang/blaze3d/textures/GpuTextureView;
Promoting net/minecraft/client/gui/font/AtlasGlyphProvider$Instance;textureView()Lcom/mojang/blaze3d/textures/GpuTextureView; as record getter for textureViewLcom/mojang/blaze3d/textures/GpuTextureView;
Demoting record getter net/minecraft/client/gui/font/EmptyArea;activeLeft()F
Demoting record getter net/minecraft/client/gui/font/glyphs/BakedSheetGlyph$EffectInstance;left()F
Demoting record getter net/minecraft/client/gui/font/glyphs/BakedSheetGlyph$EffectInstance;top()F
Demoting record getter net/minecraft/client/input/KeyEvent;input()I
Demoting record getter net/minecraft/client/input/MouseButtonInfo;input()I
Demoting record getter net/minecraft/client/multiplayer/chat/LoggedChatMessage$System;toContentComponent()Lnet/minecraft/network/chat/Component;
Demoting record getter net/minecraft/client/renderer/PostPass$TextureInput;bilinear()Z
Promoting net/minecraft/client/renderer/PostPass$TextureInput;bilinear()Z as record getter for bilinearZ
Demoting record getter net/minecraft/commands/arguments/coordinates/WorldCoordinate;isRelative()Z
Demoting record getter net/minecraft/core/ClientAsset$DownloadedTexture;id()Lnet/minecraft/resources/Identifier;
Demoting record getter net/minecraft/nbt/ByteTag;intValue()I
Demoting record getter net/minecraft/nbt/ByteTag;byteValue()B
Demoting record getter net/minecraft/nbt/DoubleTag;doubleValue()D
Demoting record getter net/minecraft/nbt/FloatTag;floatValue()F
Demoting record getter net/minecraft/nbt/IntTag;intValue()I
Demoting record getter net/minecraft/nbt/LongTag;longValue()J
Demoting record getter net/minecraft/nbt/ShortTag;intValue()I
Demoting record getter net/minecraft/nbt/ShortTag;shortValue()S
Demoting record getter net/minecraft/network/chat/OutgoingChatMessage$Disguised;content()Lnet/minecraft/network/chat/Component;
Promoting net/minecraft/network/chat/OutgoingChatMessage$Disguised;content()Lnet/minecraft/network/chat/Component; as record getter for contentLnet/minecraft/network/chat/Component;
Demoting record getter net/minecraft/network/syncher/EntityDataAccessor;hashCode()I
Demoting record getter net/minecraft/server/network/ConfigurationTask$Type;toString()Ljava/lang/String;
Demoting record getter net/minecraft/server/packs/OverlayMetadataSection$OverlayEntry$IntermediateEntry;toString()Ljava/lang/String;
Demoting record getter net/minecraft/util/CubicSpline$Constant;minValue()F
Demoting record getter net/minecraft/util/CubicSpline$Constant;maxValue()F
Demoting record getter net/minecraft/util/ProblemReporter$RootFieldPathElement;get()Ljava/lang/String;
Promoting net/minecraft/util/valueproviders/ClampedInt;minInclusive()I as record getter for minInclusiveI
Promoting net/minecraft/util/valueproviders/ClampedInt;maxInclusive()I as record getter for maxInclusiveI
Demoting record getter net/minecraft/util/valueproviders/ConstantFloat;min()F
Demoting record getter net/minecraft/util/valueproviders/ConstantFloat;max()F
Demoting record getter net/minecraft/util/valueproviders/ConstantInt;minInclusive()I
Demoting record getter net/minecraft/util/valueproviders/ConstantInt;maxInclusive()I
Demoting record getter net/minecraft/world/item/ItemStackTemplate;typeHolder()Lnet/minecraft/core/Holder;
Demoting record getter net/minecraft/world/item/TooltipFlag$Default;isAdvanced()Z
Demoting record getter net/minecraft/world/item/TooltipFlag$Default;isCreative()Z
Promoting net/minecraft/world/item/alchemy/PotionContents;customEffects()Ljava/util/List; as record getter for customEffectsLjava/util/List;
Demoting record getter net/minecraft/world/level/SpawnData;getEntityToSpawn()Lnet/minecraft/nbt/CompoundTag;
Demoting record getter net/minecraft/world/level/SpawnData;getCustomSpawnRules()Ljava/util/Optional;
Demoting record getter net/minecraft/world/level/SpawnData;getEquipment()Ljava/util/Optional;
Promoting net/minecraft/world/level/block/entity/vault/VaultConfig;playerDetector()Lnet/minecraft/world/level/block/entity/trialspawner/PlayerDetector; as record getter for playerDetectorLnet/minecraft/world/level/block/entity/trialspawner/PlayerDetector;
Demoting record getter net/minecraft/world/level/chunk/Configuration$Simple;bitsInMemory()I
Demoting record getter net/minecraft/world/level/chunk/Configuration$Simple;bitsInStorage()I
Demoting record getter net/minecraft/world/level/gameevent/GameEvent;notificationRadius()I
Promoting net/minecraft/world/level/gameevent/GameEvent;notificationRadius()I as record getter for notificationRadiusI
Demoting record getter net/minecraft/world/level/gamerules/GameRuleCategory;getDescriptionId()Lnet/minecraft/resources/Identifier;
Demoting record getter net/minecraft/world/level/levelgen/DensityFunctions$Ap2;minValue()D
Demoting record getter net/minecraft/world/level/levelgen/DensityFunctions$Ap2;maxValue()D
Promoting net/minecraft/world/level/levelgen/DensityFunctions$Ap2;minValue()D as record getter for minValueD
Promoting net/minecraft/world/level/levelgen/DensityFunctions$Ap2;maxValue()D as record getter for maxValueD
Demoting record getter net/minecraft/world/level/levelgen/DensityFunctions$Constant;minValue()D
Demoting record getter net/minecraft/world/level/levelgen/DensityFunctions$Constant;maxValue()D
Demoting record getter net/minecraft/world/level/levelgen/DensityFunctions$MulOrAdd;argument2()Lnet/minecraft/world/level/levelgen/DensityFunction;
Demoting record getter net/minecraft/world/level/levelgen/NoiseGeneratorSettings;disableMobGeneration()Z
Promoting net/minecraft/world/level/levelgen/NoiseGeneratorSettings;disableMobGeneration()Z as record getter for disableMobGenerationZ
Promoting net/minecraft/world/level/levelgen/NoiseGeneratorSettings;oreVeinsEnabled()Z as record getter for oreVeinsEnabledZ
Read 10682 (6882) classes.
Populated subclass entries.
Joining MethodEntries...
Joined 19189 MethodEntries (0 unique, 10921 classes).
Collecting additional information...
- Done. -
Demoting record getter com/mojang/realmsclient/client/RealmsError$CustomError;errorCode()I
Demoting record getter com/mojang/realmsclient/client/RealmsError$ErrorWithJsonPayload;errorCode()I
Demoting record getter com/mojang/realmsclient/client/RealmsError$ErrorWithRawPayload;errorCode()I
Demoting record getter net/minecraft/advancements/criterion/CollectionContentsPredicate$Multiple;unpack()Ljava/util/List;
Demoting record getter net/minecraft/advancements/criterion/CollectionCountsPredicate$Multiple;unpack()Ljava/util/List;
Demoting record getter net/minecraft/client/gui/font/AtlasGlyphProvider$Instance;textureView()Lcom/mojang/blaze3d/textures/GpuTextureView;
Promoting net/minecraft/client/gui/font/AtlasGlyphProvider$Instance;textureView()Lcom/mojang/blaze3d/textures/GpuTextureView; as record getter for textureViewLcom/mojang/blaze3d/textures/GpuTextureView;
Demoting record getter net/minecraft/client/gui/font/EmptyArea;activeLeft()F
Demoting record getter net/minecraft/client/gui/font/glyphs/BakedSheetGlyph$EffectInstance;left()F
Demoting record getter net/minecraft/client/gui/font/glyphs/BakedSheetGlyph$EffectInstance;top()F
Demoting record getter net/minecraft/client/input/KeyEvent;input()I
Demoting record getter net/minecraft/client/input/MouseButtonInfo;input()I
Demoting record getter net/minecraft/client/multiplayer/chat/LoggedChatMessage$System;toContentComponent()Lnet/minecraft/network/chat/Component;
Demoting record getter net/minecraft/client/renderer/PostPass$TextureInput;bilinear()Z
Promoting net/minecraft/client/renderer/PostPass$TextureInput;bilinear()Z as record getter for bilinearZ
Demoting record getter net/minecraft/commands/arguments/coordinates/WorldCoordinate;isRelative()Z
Demoting record getter net/minecraft/core/ClientAsset$DownloadedTexture;id()Lnet/minecraft/resources/Identifier;
Demoting record getter net/minecraft/nbt/ByteTag;intValue()I
Demoting record getter net/minecraft/nbt/ByteTag;byteValue()B
Demoting record getter net/minecraft/nbt/DoubleTag;doubleValue()D
Demoting record getter net/minecraft/nbt/FloatTag;floatValue()F
Demoting record getter net/minecraft/nbt/IntTag;intValue()I
Demoting record getter net/minecraft/nbt/LongTag;longValue()J
Demoting record getter net/minecraft/nbt/ShortTag;intValue()I
Demoting record getter net/minecraft/nbt/ShortTag;shortValue()S
Demoting record getter net/minecraft/network/chat/OutgoingChatMessage$Disguised;content()Lnet/minecraft/network/chat/Component;
Promoting net/minecraft/network/chat/OutgoingChatMessage$Disguised;content()Lnet/minecraft/network/chat/Component; as record getter for contentLnet/minecraft/network/chat/Component;
Demoting record getter net/minecraft/network/syncher/EntityDataAccessor;hashCode()I
Demoting record getter net/minecraft/server/network/ConfigurationTask$Type;toString()Ljava/lang/String;
Demoting record getter net/minecraft/server/packs/OverlayMetadataSection$OverlayEntry$IntermediateEntry;toString()Ljava/lang/String;
Demoting record getter net/minecraft/util/CubicSpline$Constant;minValue()F
Demoting record getter net/minecraft/util/CubicSpline$Constant;maxValue()F
Demoting record getter net/minecraft/util/ProblemReporter$RootFieldPathElement;get()Ljava/lang/String;
Promoting net/minecraft/util/valueproviders/ClampedInt;minInclusive()I as record getter for minInclusiveI
Promoting net/minecraft/util/valueproviders/ClampedInt;maxInclusive()I as record getter for maxInclusiveI
Demoting record getter net/minecraft/util/valueproviders/ConstantFloat;min()F
Demoting record getter net/minecraft/util/valueproviders/ConstantFloat;max()F
Demoting record getter net/minecraft/util/valueproviders/ConstantInt;minInclusive()I
Demoting record getter net/minecraft/util/valueproviders/ConstantInt;maxInclusive()I
Demoting record getter net/minecraft/world/item/ItemStackTemplate;typeHolder()Lnet/minecraft/core/Holder;
Demoting record getter net/minecraft/world/item/TooltipFlag$Default;isAdvanced()Z
Demoting record getter net/minecraft/world/item/TooltipFlag$Default;isCreative()Z
Promoting net/minecraft/world/item/alchemy/PotionContents;customEffects()Ljava/util/List; as record getter for customEffectsLjava/util/List;
Demoting record getter net/minecraft/world/level/SpawnData;getEntityToSpawn()Lnet/minecraft/nbt/CompoundTag;
Demoting record getter net/minecraft/world/level/SpawnData;getCustomSpawnRules()Ljava/util/Optional;
Demoting record getter net/minecraft/world/level/SpawnData;getEquipment()Ljava/util/Optional;
Promoting net/minecraft/world/level/block/entity/vault/VaultConfig;playerDetector()Lnet/minecraft/world/level/block/entity/trialspawner/PlayerDetector; as record getter for playerDetectorLnet/minecraft/world/level/block/entity/trialspawner/PlayerDetector;
Demoting record getter net/minecraft/world/level/chunk/Configuration$Simple;bitsInMemory()I
Demoting record getter net/minecraft/world/level/chunk/Configuration$Simple;bitsInStorage()I
Demoting record getter net/minecraft/world/level/gameevent/GameEvent;notificationRadius()I
Promoting net/minecraft/world/level/gameevent/GameEvent;notificationRadius()I as record getter for notificationRadiusI
Demoting record getter net/minecraft/world/level/gamerules/GameRuleCategory;getDescriptionId()Lnet/minecraft/resources/Identifier;
Demoting record getter net/minecraft/world/level/levelgen/DensityFunctions$Ap2;minValue()D
Demoting record getter net/minecraft/world/level/levelgen/DensityFunctions$Ap2;maxValue()D
Promoting net/minecraft/world/level/levelgen/DensityFunctions$Ap2;maxValue()D as record getter for maxValueD
Promoting net/minecraft/world/level/levelgen/DensityFunctions$Ap2;minValue()D as record getter for minValueD
Demoting record getter net/minecraft/world/level/levelgen/DensityFunctions$Constant;minValue()D
Demoting record getter net/minecraft/world/level/levelgen/DensityFunctions$Constant;maxValue()D
Demoting record getter net/minecraft/world/level/levelgen/DensityFunctions$MulOrAdd;argument2()Lnet/minecraft/world/level/levelgen/DensityFunction;
Demoting record getter net/minecraft/world/level/levelgen/NoiseGeneratorSettings;disableMobGeneration()Z
Promoting net/minecraft/world/level/levelgen/NoiseGeneratorSettings;oreVeinsEnabled()Z as record getter for oreVeinsEnabledZ
Promoting net/minecraft/world/level/levelgen/NoiseGeneratorSettings;disableMobGeneration()Z as record getter for disableMobGenerationZ
Read 10844 (7006) classes.
Populated subclass entries.
Joining MethodEntries...
Joined 19493 MethodEntries (0 unique, 11083 classes).
Collecting additional information...
- Done. -
Loading remapping files...
Generating new mappings...
METHOD	net/minecraft/util/Mth	(Lorg/joml/Quaternionfc;)Lorg/joml/Quaternionf;	snapToNearestRightAngle	method_1_3139
FIELD	net/minecraft/tags/ItemTags	Lnet/minecraft/tags/TagKey;	BLOCK_PLACERS	field_1_2593
METHOD	net/minecraft/core/Direction	(Lorg/joml/Vector3fc;Lnet/minecraft/core/Direction;)Lnet/minecraft/core/Direction;	getNearest	method_1_3140
FIELD	net/minecraft/tags/BlockTags	Lnet/minecraft/tags/TagKey;	BUILDS_INTO_HOUSE	field_1_2594
FIELD	net/minecraft/tags/BlockTags	Lnet/minecraft/tags/TagKey;	CAT_FOOD	field_1_2595
FIELD	net/minecraft/tags/BlockTags	Lnet/minecraft/tags/TagKey;	CHICKEN_FOOD	field_1_2596
FIELD	net/minecraft/tags/BlockTags	Lnet/minecraft/tags/TagKey;	COW_FOOD	field_1_2597
FIELD	net/minecraft/tags/BlockTags	Lnet/minecraft/tags/TagKey;	HORSE_FOOD	field_1_2598
FIELD	net/minecraft/tags/BlockTags	Lnet/minecraft/tags/TagKey;	LIVING_BLOCK_TAKES_FALL_DAMAGE	field_1_2599
FIELD	net/minecraft/tags/BlockTags	Lnet/minecraft/tags/TagKey;	LLAMA_TEMPT_ITEMS	field_1_2600
FIELD	net/minecraft/tags/BlockTags	Lnet/minecraft/tags/TagKey;	PANDA_FOOD	field_1_2601
FIELD	net/minecraft/tags/BlockTags	Lnet/minecraft/tags/TagKey;	PIG_FOOD	field_1_2602
FIELD	net/minecraft/tags/BlockTags	Lnet/minecraft/tags/TagKey;	RABBIT_FOOD	field_1_2603
FIELD	net/minecraft/tags/BlockTags	Lnet/minecraft/tags/TagKey;	SHEEP_FOOD	field_1_2604
FIELD	net/minecraft/tags/BlockTags	Lnet/minecraft/tags/TagKey;	STRIDER_TEMPT_ITEMS	field_1_2605
FIELD	net/minecraft/tags/BlockTags	Lnet/minecraft/tags/TagKey;	TURTLE_FOOD	field_1_2606
FIELD	net/minecraft/tags/BlockTags	Lnet/minecraft/tags/TagKey;	ZOMBIE_HORSE_FOOD	field_1_2607
METHOD	net/minecraft/world/item/Item	(Lnet/minecraft/world/item/ItemStack;Lnet/minecraft/world/entity/player/Player;Lnet/minecraft/world/entity/Targetable;Lnet/minecraft/world/InteractionHand;)Lnet/minecraft/world/InteractionResult;	interactLivingEntity	method_1_3141
METHOD	net/minecraft/world/phys/AABB	(Lnet/minecraft/world/phys/Vec3;D)Lnet/minecraft/world/phys/AABB;	around	method_1_3142
METHOD	net/minecraft/world/phys/AABB	(Lnet/minecraft/core/Direction;)D	edge	method_1_3143
FIELD	net/minecraft/world/item/Items	Lnet/minecraft/world/item/ActionItem;	ATTACK_ACTION	field_1_2608
FIELD	net/minecraft/world/item/Items	Lnet/minecraft/world/item/ActionItem;	BUILD_ACTION	field_1_2609
FIELD	net/minecraft/world/item/Items	Lnet/minecraft/world/item/WeatheringCopperItems;	COPPER_TRAP	field_1_2610
FIELD	net/minecraft/world/item/Items	Lnet/minecraft/world/item/ActionItem;	CRAFTING_ACTION	field_1_2611
FIELD	net/minecraft/world/item/Items	Lnet/minecraft/world/item/ActionItem;	FOLLOW_ACTION	field_1_2612
FIELD	net/minecraft/world/item/Items	Lnet/minecraft/world/item/ActionItem;	GROUP_ACTION	field_1_2613
FIELD	net/minecraft/world/item/Items	Lnet/minecraft/world/item/ActionItem;	HIGHLIGHT_ACTION	field_1_2614
FIELD	net/minecraft/world/item/Items	Lnet/minecraft/world/item/Item;	IRON_TRAP	field_1_2615
FIELD	net/minecraft/world/item/Items	Lnet/minecraft/world/item/ActionItem;	MOVE_ACTION	field_1_2616
FIELD	net/minecraft/world/item/Items	Lnet/minecraft/world/item/ActionItem;	PUNCH_ACTION	field_1_2617
METHOD	net/minecraft/world/entity/Entity	(Lnet/minecraft/world/phys/Vec3;)Lnet/minecraft/world/phys/Vec3;	adjustStepUpMovement	method_1_3144
METHOD	net/minecraft/world/entity/Entity	()Z	normalStepSounds	method_1_3145
METHOD	net/minecraft/world/item/BoatItem	()Lnet/minecraft/world/entity/EntityType;	getEntityType	method_1_3146
METHOD	net/minecraft/world/item/BoatItem	(Lnet/minecraft/world/level/Level;Lnet/minecraft/world/entity/player/Player;Lnet/minecraft/world/item/ItemStack;Lnet/minecraft/world/entity/EntityType;)Lnet/minecraft/world/InteractionResult;	summonBoat	method_1_3147
METHOD	net/minecraft/world/item/ItemStack	(Lnet/minecraft/world/item/ItemStack;Lnet/minecraft/world/item/ItemStack;)Z	areMergable	method_1_3148
METHOD	net/minecraft/world/item/ItemStack	(Lnet/minecraft/world/item/ItemStack;Lnet/minecraft/world/item/ItemStack;I)Lnet/minecraft/world/item/ItemStack;	merge	method_1_3149
CLASS	net/minecraft/client/color/item/Jeb	class_1_494
FIELD	net/minecraft/client/color/item/Jeb	Lcom/mojang/serialization/MapCodec;	CODEC	field_1_2618
METHOD	net/minecraft/world/SimpleContainer	(Lnet/minecraft/core/NonNullList;)V	fromItemList	method_1_3150
METHOD	net/minecraft/world/SimpleContainer	(Lnet/minecraft/world/level/storage/ValueInput$TypedInputList;)V	fromItemWithSlotList	method_1_3151
METHOD	net/minecraft/world/SimpleContainer	(Lnet/minecraft/world/level/storage/ValueOutput$TypedOutputList;)V	storeAsItemWithSlotList	method_1_3152
CLASS	net/minecraft/world/item/ActionItem	class_1_495
METHOD	net/minecraft/world/item/ActionItem	(Lnet/minecraft/world/entity/player/Player;Lnet/minecraft/core/BlockPos;Lnet/minecraft/core/Direction;)Z	actionOnBlock	method_1_3153
METHOD	net/minecraft/world/item/ActionItem	(Lnet/minecraft/world/entity/player/Player;Lnet/minecraft/world/entity/Entity;)Z	actionOnEntity	method_1_3154
METHOD	net/minecraft/world/item/ActionItem	(Lnet/minecraft/world/entity/player/Player;)Z	actionOnNothing	method_1_3155
METHOD	net/minecraft/world/item/ActionItem	(Lnet/minecraft/world/entity/player/Player;Lnet/minecraft/world/entity/livingblock/LivingBlock;)Z	attackBlock	method_1_3156
METHOD	net/minecraft/world/item/ActionItem	(Lnet/minecraft/world/entity/player/Player;Lnet/minecraft/world/entity/livingblock/LivingBlock;)Lnet/minecraft/world/InteractionResult;	interactLivingBlock	method_1_3157
CLASS	net/minecraft/world/item/MoveAction	class_1_496
FIELD	net/minecraft/world/item/MoveAction	Lnet/minecraft/resources/Identifier;	MOVE_RANGE_MODIFIER_ID	field_1_2619
METHOD	net/minecraft/world/item/MoveAction	()Lnet/minecraft/world/item/component/ItemAttributeModifiers;	createAttributes	method_1_3158
CLASS	net/minecraft/world/item/BuildAction	class_1_497
METHOD	net/minecraft/world/item/BuildAction	(Lnet/minecraft/world/entity/livingblock/LivingBlock;Lnet/minecraft/world/level/Level;)Lnet/minecraft/world/InteractionResult;	build	method_1_3159
CLASS	net/minecraft/world/item/GroupAction	class_1_498
FIELD	net/minecraft/world/item/GroupAction	Lnet/minecraft/resources/Identifier;	GROUP_RANGE_MODIFIER_ID	field_1_2620
METHOD	net/minecraft/world/item/GroupAction	()Lnet/minecraft/world/item/component/ItemAttributeModifiers;	createGroupAttributes	method_1_3160
METHOD	net/minecraft/world/item/GroupAction	(Lnet/minecraft/world/entity/player/Player;Lnet/minecraft/world/entity/livingblock/LivingBlock;)Z	setBlockGroup	method_1_3161
METHOD	net/minecraft/world/item/GroupAction	(Lnet/minecraft/world/entity/player/Player;)Lnet/minecraft/world/InteractionResult;	toggle	method_1_3162
CLASS	net/minecraft/world/item/PunchAction	class_1_499
METHOD	net/minecraft/world/item/PunchAction	(Lnet/minecraft/world/entity/player/Player;Lnet/minecraft/world/entity/Entity;F)V	hurtTarget	method_1_3163
FIELD	net/minecraft/world/entity/EntityType	Lnet/minecraft/world/entity/EntityType;	CRAFTING_GRID	field_1_2621
FIELD	net/minecraft/world/entity/EntityType	Lnet/minecraft/world/entity/EntityType;	HOVERING_ITEM	field_1_2622
FIELD	net/minecraft/world/entity/EntityType	Lnet/minecraft/world/entity/EntityType;	LIVING_BLOCK	field_1_2623
FIELD	net/minecraft/world/entity/EntityType	Lnet/minecraft/world/entity/EntityType;	LIVING_BLOCK_COMMAND	field_1_2624
FIELD	net/minecraft/world/entity/EntityType	Ljava/lang/Class;	entityClass	field_1_2625
METHOD	net/minecraft/world/entity/EntityType	(Lnet/minecraft/world/entity/Entity;)Z	isInstance	method_1_3164
FIELD	net/minecraft/world/entity/EntityType$Builder	Ljava/lang/Class;	entityClass	field_1_2626
METHOD	net/minecraft/world/entity/EntityType$Builder	(Ljava/lang/Class;Lnet/minecraft/world/entity/EntityType$EntityFactory;Lnet/minecraft/world/entity/MobCategory;)Lnet/minecraft/world/entity/EntityType$Builder;	of	method_1_3165
CLASS	net/minecraft/world/entity/Targetable	class_1_500
CLASS	net/minecraft/world/item/AttackAction	class_1_501
FIELD	net/minecraft/world/item/AttackAction	Lnet/minecraft/resources/Identifier;	ATTACK_RANGE_MODIFIER_ID	field_1_2627
METHOD	net/minecraft/world/item/AttackAction	()Lnet/minecraft/world/item/component/ItemAttributeModifiers;	createAttributes	method_1_3166
METHOD	net/minecraft/world/item/EnderEyeItem	(Lnet/minecraft/world/level/Level;Lnet/minecraft/world/entity/player/Player;Lnet/minecraft/world/InteractionHand;Lnet/minecraft/world/item/ItemStack;)Lnet/minecraft/world/InteractionResult;	throwEnderEye	method_1_3167
CLASS	net/minecraft/world/item/FollowAction	class_1_502
FIELD	net/minecraft/world/item/FollowAction	D	PLAYER_DISTANCE	field_1_2628
METHOD	net/minecraft/world/item/FollowAction	(Lnet/minecraft/world/entity/player/Player;)Z	action	method_1_3168
METHOD	net/minecraft/world/item/FollowAction	(Lnet/minecraft/server/level/ServerPlayer;Lnet/minecraft/world/entity/livingblock/LivingBlock;)V	command	method_1_3169
METHOD	net/minecraft/world/item/FollowAction	(Lnet/minecraft/server/level/ServerPlayer;Lnet/minecraft/world/entity/livingblock/LivingBlock;)V	lambda$action$0	method_1_3170
METHOD	net/minecraft/world/item/MinecartItem	()Lnet/minecraft/world/entity/EntityType;	getType	method_1_3171
METHOD	net/minecraft/world/item/MinecartItem	(Lnet/minecraft/world/level/Level;Lnet/minecraft/core/BlockPos;Lnet/minecraft/world/entity/EntityType;Lnet/minecraft/world/item/ItemStack;Lnet/minecraft/world/entity/player/Player;)Lnet/minecraft/world/InteractionResult;	spawnMinecart	method_1_3172
METHOD	net/minecraft/world/level/BaseSpawner	(Lnet/minecraft/world/entity/Entity;)Z	lambda$serverTick$2	method_1_3173
METHOD	net/minecraft/world/level/BaseSpawner	(I)V	setMaxNearbyEntities	method_1_3174
METHOD	net/minecraft/world/level/block/Block	(Lnet/minecraft/world/level/Level;Lnet/minecraft/core/BlockPos;Lnet/minecraft/world/item/ItemStack;Lnet/minecraft/world/level/block/state/BlockState;)Ljava/util/Collection;	popResource	method_1_3175
FIELD	net/minecraft/client/color/ColorLerper	[Lnet/minecraft/world/item/DyeColor;	HIGHLIGHT_COLORS	field_1_2629
FIELD	net/minecraft/client/color/ColorLerper	[Lnet/minecraft/world/item/DyeColor;	LIVING_BLOCK_GROUP_COLORS	field_1_2630
FIELD	net/minecraft/client/color/ColorLerper$Type	Lnet/minecraft/client/color/ColorLerper$Type;	HIGHLIGHT	field_1_2631
FIELD	net/minecraft/client/color/ColorLerper$Type	Lnet/minecraft/client/color/ColorLerper$Type;	LIVING_BLOCK_GROUPS	field_1_2632
FIELD	net/minecraft/server/level/ServerLevel	Lnet/minecraft/world/level/portal/HouseForcer;	houseForcer	field_1_2633
FIELD	net/minecraft/server/level/ServerLevel	Lnet/minecraft/world/level/portal/WitherForcer;	witherForcer	field_1_2634
METHOD	net/minecraft/server/level/ServerLevel	()Lnet/minecraft/world/level/portal/HouseForcer;	getHouseForcer	method_1_3176
METHOD	net/minecraft/server/level/ServerLevel	()Lnet/minecraft/world/level/portal/WitherForcer;	getWitherForcer	method_1_3177
METHOD	net/minecraft/world/entity/Interaction	()Lnet/minecraft/world/entity/LivingEntity;	getTarget	method_1_3178
METHOD	net/minecraft/world/level/EntityGetter	(DDDDLnet/minecraft/world/entity/livingblock/LivingBlock;Ljava/util/function/BiPredicate;)Lnet/minecraft/world/entity/player/Player;	getNearestPlayer	method_1_3179
FIELD	net/minecraft/world/level/block/Blocks	Lnet/minecraft/world/level/block/WeatheringCopperBlocks;	COPPER_TRAP	field_1_2635
FIELD	net/minecraft/world/level/block/Blocks	Lnet/minecraft/world/level/block/Block;	IRON_TRAP	field_1_2636
METHOD	net/minecraft/world/level/block/Blocks	(Lnet/minecraft/world/level/block/WeatheringCopper$WeatherState;)Lnet/minecraft/world/level/block/state/BlockBehaviour$Properties;	lambda$static$525	method_1_3180
FIELD	net/minecraft/server/level/ServerPlayer	Ljava/lang/String;	TAG_SELECTED_GROUP	field_1_2637
CLASS	net/minecraft/world/entity/CraftingGrid	class_1_503
FIELD	net/minecraft/world/entity/CraftingGrid	Ljava/util/List;	DATA_GHOST_ITEMS	field_1_2638
FIELD	net/minecraft/world/entity/CraftingGrid	Lnet/minecraft/network/syncher/EntityDataAccessor;	DATA_SIZE	field_1_2639
FIELD	net/minecraft/world/entity/CraftingGrid	Ljava/lang/String;	OWNER_TAG	field_1_2640
FIELD	net/minecraft/world/entity/CraftingGrid	Ljava/lang/String;	SIZE_TAG	field_1_2641
FIELD	net/minecraft/world/entity/CraftingGrid	Lnet/minecraft/world/entity/CraftingGrid$HoveringItem;	hoveringCraftingIndicator	field_1_2642
FIELD	net/minecraft/world/entity/CraftingGrid	[[Lnet/minecraft/world/entity/CraftingGrid$IngredientData;	ingredients	field_1_2643
FIELD	net/minecraft/world/entity/CraftingGrid	Lnet/minecraft/world/entity/EntityReference;	owner	field_1_2644
FIELD	net/minecraft/world/entity/CraftingGrid	Lnet/minecraft/core/BlockPos;	ownerPos	field_1_2645
METHOD	net/minecraft/world/entity/CraftingGrid	()V	clearGhostItems	method_1_3181
METHOD	net/minecraft/world/entity/CraftingGrid	(Lnet/minecraft/server/level/ServerLevel;Lnet/minecraft/server/level/ServerPlayer;Lnet/minecraft/world/item/ItemStack;)V	craft	method_1_3182
METHOD	net/minecraft/world/entity/CraftingGrid	(Lnet/minecraft/world/level/Level;)Lnet/minecraft/world/entity/CraftingGrid;	create	method_1_3183
METHOD	net/minecraft/world/entity/CraftingGrid	(Lnet/minecraft/server/level/ServerLevel;ILnet/minecraft/world/phys/Vec3;Lnet/minecraft/core/Direction;Lnet/minecraft/core/BlockPos;Lnet/minecraft/world/entity/Entity;)V	createAt	method_1_3184
METHOD	net/minecraft/world/entity/CraftingGrid	(I)Lnet/minecraft/world/item/crafting/display/SlotDisplay;	getGhostItem	method_1_3185
METHOD	net/minecraft/world/entity/CraftingGrid	(II)Lnet/minecraft/world/item/crafting/display/SlotDisplay;	getGhostItem	method_1_3186
METHOD	net/minecraft/world/entity/CraftingGrid	(II)Lnet/minecraft/world/item/ItemStack;	getIngredient	method_1_3187
METHOD	net/minecraft/world/entity/CraftingGrid	(II)Lnet/minecraft/world/entity/livingblock/LivingBlock;	getIngredientBlock	method_1_3188
METHOD	net/minecraft/world/entity/CraftingGrid	(II)Lnet/minecraft/world/entity/livingblock/LivingBlock;	getIngredientBlockThatIsTrying	method_1_3189
METHOD	net/minecraft/world/entity/CraftingGrid	()Lnet/minecraft/world/entity/Entity;	getOwner	method_1_3190
METHOD	net/minecraft/world/entity/CraftingGrid	(Lnet/minecraft/server/level/ServerLevel;)Lnet/minecraft/server/level/ServerPlayer;	getPlayer	method_1_3191
METHOD	net/minecraft/world/entity/CraftingGrid	()I	getSize	method_1_3192
METHOD	net/minecraft/world/entity/CraftingGrid	(II)Lnet/minecraft/core/BlockPos;	getSlotPosition	method_1_3193
METHOD	net/minecraft/world/entity/CraftingGrid	()Lnet/minecraft/core/BlockPos;	getTopLeft	method_1_3194
METHOD	net/minecraft/world/entity/CraftingGrid	()Z	hasGhostItems	method_1_3195
METHOD	net/minecraft/world/entity/CraftingGrid	()V	init	method_1_3196
METHOD	net/minecraft/world/entity/CraftingGrid	()Z	isAutomatic	method_1_3197
METHOD	net/minecraft/world/entity/CraftingGrid	(Lnet/minecraft/world/entity/Entity;)Z	isOwnedBy	method_1_3198
METHOD	net/minecraft/world/entity/CraftingGrid	(Lnet/minecraft/world/level/Level;Lnet/minecraft/core/BlockPos;)Z	lambda$placementOk$0	method_1_3199
METHOD	net/minecraft/world/entity/CraftingGrid	(Ljava/util/List;)V	lambda$readAdditionalSaveData$0	method_1_3200
METHOD	net/minecraft/world/entity/CraftingGrid	(Ljava/util/List;)V	lambda$readAdditionalSaveData$1	method_1_3201
METHOD	net/minecraft/world/entity/CraftingGrid	(I)Lnet/minecraft/network/syncher/EntityDataAccessor;	lambda$static$0	method_1_3202
METHOD	net/minecraft/world/entity/CraftingGrid	(Lnet/minecraft/world/entity/livingblock/LivingBlock;)Z	lambda$tick$0	method_1_3203
METHOD	net/minecraft/world/entity/CraftingGrid	(Lnet/minecraft/server/level/ServerLevel;)V	lambda$tick$1	method_1_3204
METHOD	net/minecraft/world/entity/CraftingGrid	(Lnet/minecraft/core/BlockPos;Ljava/util/List;)Lnet/minecraft/world/entity/livingblock/LivingBlock;	pickIngredient	method_1_3205
METHOD	net/minecraft/world/entity/CraftingGrid	(Lnet/minecraft/world/level/Level;Lnet/minecraft/world/phys/AABB;)Z	placementOk	method_1_3206
METHOD	net/minecraft/world/entity/CraftingGrid	(IILnet/minecraft/world/item/crafting/display/SlotDisplay;)V	setGhostItem	method_1_3207
METHOD	net/minecraft/world/entity/CraftingGrid	(ILnet/minecraft/world/item/crafting/display/SlotDisplay;)V	setGhostItem	method_1_3208
METHOD	net/minecraft/world/entity/CraftingGrid	(Lnet/minecraft/world/entity/Entity;)V	setOwner	method_1_3209
METHOD	net/minecraft/world/entity/CraftingGrid	(I)V	setSize	method_1_3210
METHOD	net/minecraft/world/entity/CraftingGrid	(Lnet/minecraft/world/entity/livingblock/LivingBlock;II)V	startTrying	method_1_3211
METHOD	net/minecraft/world/entity/CraftingGrid	(Lnet/minecraft/world/entity/livingblock/LivingBlock;II)V	stopTrying	method_1_3212
METHOD	net/minecraft/world/entity/CraftingGrid	(Lnet/minecraft/server/level/ServerLevel;Z)Lnet/minecraft/world/item/ItemStack;	tryCraft	method_1_3213
FIELD	net/minecraft/world/entity/CraftingGrid$1	[I	$SwitchMap$net$minecraft$core$Direction	field_1_2646
CLASS	net/minecraft/world/entity/CraftingGrid$HoveringItem	class_1_504
FIELD	net/minecraft/world/entity/CraftingGrid$HoveringItem	Lnet/minecraft/network/syncher/EntityDataAccessor;	DATA_ITEM	field_1_2647
FIELD	net/minecraft/world/entity/CraftingGrid$HoveringItem	Ljava/util/function/Consumer;	crafter	field_1_2648
METHOD	net/minecraft/world/entity/CraftingGrid$HoveringItem	()Lnet/minecraft/world/item/ItemStack;	getItem	method_1_3214
METHOD	net/minecraft/world/entity/CraftingGrid$HoveringItem	(Lnet/minecraft/world/item/ItemStack;)V	setItem	method_1_3215
CLASS	net/minecraft/world/entity/CraftingGrid$IngredientData	class_1_505
FIELD	net/minecraft/world/entity/CraftingGrid$IngredientData	Lnet/minecraft/world/entity/livingblock/LivingBlock;	block	field_1_2649
FIELD	net/minecraft/world/entity/CraftingGrid$IngredientData	Lnet/minecraft/world/entity/livingblock/LivingBlock;	blockThatIsTrying	field_1_2650
FIELD	net/minecraft/world/entity/CraftingGrid$IngredientData	Lnet/minecraft/world/level/Level;	level	field_1_2651
FIELD	net/minecraft/world/entity/CraftingGrid$IngredientData	Lnet/minecraft/core/BlockPos;	pos	field_1_2652
FIELD	net/minecraft/world/entity/CraftingGrid$IngredientData	Lnet/minecraft/world/level/block/state/BlockState;	preExistingBlockState	field_1_2653
METHOD	net/minecraft/world/entity/CraftingGrid$IngredientData	(Lnet/minecraft/world/level/Level;)Lcom/mojang/serialization/Codec;	codec	method_1_3216
METHOD	net/minecraft/world/entity/CraftingGrid$IngredientData	()Lnet/minecraft/world/item/ItemStack;	getItemStack	method_1_3217
METHOD	net/minecraft/world/entity/CraftingGrid$IngredientData	(Lnet/minecraft/server/level/ServerLevel;)V	kill	method_1_3218
METHOD	net/minecraft/world/entity/CraftingGrid$IngredientData	(Lnet/minecraft/world/level/Level;Lcom/mojang/serialization/codecs/RecordCodecBuilder$Instance;)Lcom/mojang/datafixers/kinds/App;	lambda$codec$0	method_1_3219
METHOD	net/minecraft/world/entity/CraftingGrid$IngredientData	(Lnet/minecraft/world/entity/CraftingGrid$IngredientData;)Lnet/minecraft/core/BlockPos;	lambda$codec$1	method_1_3220
METHOD	net/minecraft/world/entity/CraftingGrid$IngredientData	(Lnet/minecraft/world/entity/CraftingGrid$IngredientData;)Lnet/minecraft/world/level/block/state/BlockState;	lambda$codec$2	method_1_3221
METHOD	net/minecraft/world/entity/CraftingGrid$IngredientData	(Lnet/minecraft/world/level/Level;Lnet/minecraft/core/BlockPos;Lnet/minecraft/world/level/block/state/BlockState;)Lnet/minecraft/world/entity/CraftingGrid$IngredientData;	lambda$codec$3	method_1_3222
METHOD	net/minecraft/world/entity/CraftingGrid$IngredientData	(Lnet/minecraft/world/entity/livingblock/LivingBlock;)V	tick	method_1_3223
METHOD	net/minecraft/world/entity/LivingEntity	(Lnet/minecraft/world/entity/Entity;)V	playBlockFallSoundForEntity	method_1_3224
CLASS	net/minecraft/core/dispenser/BlockSource	class_1_506
FIELD	net/minecraft/core/dispenser/BlockSource	Lnet/minecraft/world/level/block/entity/DispenserBlockEntity;	blockEntity	comp_1_412
FIELD	net/minecraft/core/dispenser/BlockSource	Lnet/minecraft/server/level/ServerLevel;	level	comp_1_413
FIELD	net/minecraft/core/dispenser/BlockSource	Lnet/minecraft/core/BlockPos;	pos	comp_1_414
FIELD	net/minecraft/core/dispenser/BlockSource	Lnet/minecraft/world/level/block/state/BlockState;	state	comp_1_415
CLASS	net/minecraft/util/datafix/schemas/V5000	class_1_507
METHOD	net/minecraft/world/entity/monster/Ghast	(Lnet/minecraft/world/entity/Entity;Lnet/minecraft/server/level/ServerLevel;)Z	lambda$registerGoals$1	method_1_3225
METHOD	net/minecraft/world/entity/monster/Slime	(Lnet/minecraft/world/entity/Entity;Lnet/minecraft/server/level/ServerLevel;)Z	lambda$registerGoals$1	method_1_3226
FIELD	net/minecraft/world/entity/monster/Witch	Lnet/minecraft/world/entity/ai/goal/target/NearestAttackableWitchTargetGoal;	attackLivingBlocksGoal	field_1_2654
FIELD	net/minecraft/world/entity/player/Player	Ljava/util/List;	ACTIONS	field_1_2655
FIELD	net/minecraft/world/entity/player/Player	Lnet/minecraft/network/syncher/EntityDataAccessor;	DATA_SELECTED_GROUP	field_1_2656
FIELD	net/minecraft/world/entity/player/Player	Lorg/joml/Quaternionf;	sleepingCameraRotation	field_1_2657
FIELD	net/minecraft/world/entity/player/Player	Lnet/minecraft/world/entity/livingblock/LivingBlock;	sleepingOnEntity	field_1_2658
METHOD	net/minecraft/world/entity/player/Player	()Ljava/util/List;	getCommandedBlocks	method_1_3227
METHOD	net/minecraft/world/entity/player/Player	()Lnet/minecraft/world/entity/livingblock/LivingBlockGroup;	getSelectedGroup	method_1_3228
METHOD	net/minecraft/world/entity/player/Player	(FI)F	getSleepingCameraEulerComponent	method_1_3229
METHOD	net/minecraft/world/entity/player/Player	(F)F	getSleepingCameraPitch	method_1_3230
METHOD	net/minecraft/world/entity/player/Player	(F)F	getSleepingCameraRoll	method_1_3231
METHOD	net/minecraft/world/entity/player/Player	(F)Lorg/joml/Quaternionf;	getSleepingCameraRotation	method_1_3232
METHOD	net/minecraft/world/entity/player/Player	(F)F	getSleepingCameraYaw	method_1_3233
METHOD	net/minecraft/world/entity/player/Player	()Lnet/minecraft/world/entity/livingblock/LivingBlock;	getSleepingOnEntity	method_1_3234
METHOD	net/minecraft/world/entity/player/Player	(Lnet/minecraft/world/entity/Entity;)Lnet/minecraft/sounds/SoundEvent;	getStrongAttackSound	method_1_3235
METHOD	net/minecraft/world/entity/player/Player	()Z	isSleepingOnEntity	method_1_3236
METHOD	net/minecraft/world/entity/player/Player	(Lnet/minecraft/world/entity/livingblock/LivingBlock;)Z	lambda$checkTotemDeathProtection$0	method_1_3237
METHOD	net/minecraft/world/entity/player/Player	(Lnet/minecraft/world/entity/livingblock/LivingBlock;)Z	lambda$getCommandedBlocks$0	method_1_3238
METHOD	net/minecraft/world/entity/player/Player	(Lnet/minecraft/world/entity/livingblock/LivingBlockGroup;)V	setSelectedGroup	method_1_3239
METHOD	net/minecraft/world/entity/player/Player	(Lnet/minecraft/world/entity/livingblock/LivingBlock;)V	startSleepOnEntity	method_1_3240
METHOD	net/minecraft/world/entity/player/Player	()V	stopSleepOnEntity	method_1_3241
FIELD	net/minecraft/data/recipes/RecipeProvider	Lnet/minecraft/core/HolderLookup;	entityTypes	field_1_2659
METHOD	net/minecraft/data/recipes/RecipeProvider	(Lnet/minecraft/tags/TagKey;)Lnet/minecraft/advancements/Criterion;	has	method_1_3242
METHOD	net/minecraft/data/recipes/RecipeProvider	(Lnet/minecraft/world/level/ItemLike;)Lnet/minecraft/advancements/Criterion;	has	method_1_3243
METHOD	net/minecraft/world/level/CollisionGetter	(Lnet/minecraft/world/entity/Entity;Lnet/minecraft/world/phys/AABB;)Lnet/minecraft/world/level/CollisionGetter$CollisionSource;	getCollisionSource	method_1_3244
METHOD	net/minecraft/world/level/CollisionGetter	(Lnet/minecraft/world/entity/Entity;Lnet/minecraft/world/phys/AABB;Z)Lnet/minecraft/world/level/CollisionGetter$CollisionSource;	getCollisionSource	method_1_3245
CLASS	net/minecraft/world/level/CollisionGetter$CollisionSource	class_1_508
FIELD	net/minecraft/world/level/CollisionGetter$CollisionSource	[Lnet/minecraft/world/level/CollisionGetter$CollisionSource;	$VALUES	field_1_2660
FIELD	net/minecraft/world/level/CollisionGetter$CollisionSource	Lnet/minecraft/world/level/CollisionGetter$CollisionSource;	BLOCK	field_1_2661
FIELD	net/minecraft/world/level/CollisionGetter$CollisionSource	Lnet/minecraft/world/level/CollisionGetter$CollisionSource;	BORDER	field_1_2662
FIELD	net/minecraft/world/level/CollisionGetter$CollisionSource	Lnet/minecraft/world/level/CollisionGetter$CollisionSource;	ENTITY	field_1_2663
FIELD	net/minecraft/world/level/CollisionGetter$CollisionSource	Lnet/minecraft/world/level/CollisionGetter$CollisionSource;	NONE	field_1_2664
METHOD	net/minecraft/world/level/CollisionGetter$CollisionSource	()[Lnet/minecraft/world/level/CollisionGetter$CollisionSource;	$values	method_1_3246
METHOD	net/minecraft/world/level/block/NoteBlock	(Lnet/minecraft/world/level/LevelReader;Lnet/minecraft/core/BlockPos;Lnet/minecraft/world/level/block/state/BlockState;)Lnet/minecraft/world/level/block/state/BlockState;	setInstrumentRolling	method_1_3247
METHOD	net/minecraft/world/level/block/NoteBlock	(Lnet/minecraft/world/level/block/state/BlockState;)Lnet/minecraft/world/level/block/state/BlockState;	tuneRolling	method_1_3248
METHOD	net/minecraft/server/commands/PlaceCommand	(Lnet/minecraft/commands/CommandSourceStack;Lnet/minecraft/resources/Identifier;Lnet/minecraft/core/BlockPos;Lnet/minecraft/world/level/block/Rotation;Lnet/minecraft/world/level/block/Mirror;FIZ)I	placeTemplate	method_1_3249
FIELD	net/minecraft/world/inventory/CraftingMenu	Lnet/minecraft/world/entity/CraftingGrid;	forGrid	field_1_2665
METHOD	net/minecraft/world/inventory/CraftingMenu	(Lnet/minecraft/world/item/crafting/display/SlotDisplay;III)V	lambda$handlePlacement$0	method_1_3250
METHOD	net/minecraft/world/inventory/CraftingMenu	(Lnet/minecraft/world/entity/player/Player;Lnet/minecraft/world/level/Level;Lnet/minecraft/core/BlockPos;)Ljava/lang/Boolean;	lambda$stillValid$0	method_1_3251
CLASS	net/minecraft/world/item/CommandActionItem	class_1_509
FIELD	net/minecraft/world/item/CommandActionItem	Lnet/minecraft/world/entity/LivingBlockCommand$Type;	commandType	field_1_2666
METHOD	net/minecraft/world/item/CommandActionItem	(Lnet/minecraft/server/level/ServerPlayer;Lnet/minecraft/world/phys/Vec3;Ljava/util/function/Consumer;)Z	applyCommand	method_1_3252
METHOD	net/minecraft/world/item/CommandActionItem	(Lnet/minecraft/world/entity/livingblock/LivingBlock;Lnet/minecraft/server/level/ServerPlayer;Lnet/minecraft/world/entity/Targetable;)V	command	method_1_3253
METHOD	net/minecraft/world/item/CommandActionItem	(Lnet/minecraft/world/entity/livingblock/LivingBlock;Lnet/minecraft/server/level/ServerPlayer;Lnet/minecraft/world/phys/Vec3;Lnet/minecraft/core/BlockPos;Lnet/minecraft/core/Direction;)V	command	method_1_3254
METHOD	net/minecraft/world/item/CommandActionItem	(Lnet/minecraft/server/level/ServerPlayer;Lnet/minecraft/world/phys/Vec3;Lnet/minecraft/core/BlockPos;Lnet/minecraft/core/Direction;Lnet/minecraft/world/entity/livingblock/LivingBlock;)V	lambda$actionOnBlock$0	method_1_3255
METHOD	net/minecraft/world/item/CommandActionItem	(Lnet/minecraft/server/level/ServerPlayer;Lnet/minecraft/world/entity/LivingEntity;Lnet/minecraft/world/entity/livingblock/LivingBlock;)V	lambda$actionOnEntity$0	method_1_3256
METHOD	net/minecraft/world/item/CommandActionItem	(Lnet/minecraft/server/level/ServerPlayer;Lnet/minecraft/world/entity/boss/enderdragon/EnderDragonPart;Lnet/minecraft/world/entity/livingblock/LivingBlock;)V	lambda$actionOnEntity$1	method_1_3257
METHOD	net/minecraft/world/item/CommandActionItem	(Lnet/minecraft/server/level/ServerLevel;Lnet/minecraft/world/phys/Vec3;)V	spawnCommandEntity	method_1_3258
FIELD	net/minecraft/world/level/block/LevelEvent	I	PARTICLES_GLUE_LIVING_BLOCK	field_1_2667
FIELD	net/minecraft/world/level/chunk/LevelChunk	Ljava/util/List;	livingLightBlocks	field_1_2668
METHOD	net/minecraft/world/level/chunk/LevelChunk	(Lnet/minecraft/world/entity/livingblock/LivingBlock;)V	addLivingBlock	method_1_3259
METHOD	net/minecraft/world/level/chunk/LevelChunk	(Lnet/minecraft/world/entity/livingblock/LivingBlock;Lnet/minecraft/core/BlockPos;Lnet/minecraft/core/BlockPos;)V	livingBlockMoved	method_1_3260
METHOD	net/minecraft/world/level/chunk/LevelChunk	(Lnet/minecraft/world/entity/livingblock/LivingBlock;Lnet/minecraft/core/BlockPos;)V	removeLivingBlock	method_1_3261
METHOD	net/minecraft/world/level/chunk/LightChunk	(Lnet/minecraft/core/BlockPos;)Lnet/minecraft/world/level/block/state/BlockState;	getBlockStateForLight	method_1_3262
FIELD	net/minecraft/advancements/CriteriaTriggers	Lnet/minecraft/advancements/criterion/BarrelRollTrigger;	BARREL_ROLL	field_1_2669
FIELD	net/minecraft/advancements/CriteriaTriggers	Lnet/minecraft/advancements/criterion/PlayerTrigger;	END_PORTAL_CRAFTED	field_1_2670
FIELD	net/minecraft/advancements/CriteriaTriggers	Lnet/minecraft/advancements/criterion/PlayerTrigger;	EYE_FRAME_COMBINATION	field_1_2671
FIELD	net/minecraft/advancements/CriteriaTriggers	Lnet/minecraft/advancements/criterion/PlayerTrigger;	HOUSE_BUILT	field_1_2672
FIELD	net/minecraft/advancements/CriteriaTriggers	Lnet/minecraft/advancements/criterion/PlayerTrigger;	NETHER_PORTAL_CRAFTED	field_1_2673
FIELD	net/minecraft/advancements/CriteriaTriggers	Lnet/minecraft/advancements/criterion/PlayerTrigger;	TRAP_BUILT	field_1_2674
FIELD	net/minecraft/advancements/CriteriaTriggers	Lnet/minecraft/advancements/criterion/UseItemTrigger;	USE_ITEM	field_1_2675
METHOD	net/minecraft/client/renderer/LevelRenderer	(Lnet/minecraft/world/entity/livingblock/LivingBlock;)Z	lambda$extractBlockDestroyAnimation$0	method_1_3263
FIELD	net/minecraft/core/component/DataComponents	Lnet/minecraft/core/component/DataComponentType;	FOLLOW	field_1_2676
METHOD	net/minecraft/core/component/DataComponents	(Lnet/minecraft/core/component/DataComponentType$Builder;)Lnet/minecraft/core/component/DataComponentType$Builder;	lambda$static$22	method_1_3264
CLASS	net/minecraft/core/dispenser/DispenseSource	class_1_510
METHOD	net/minecraft/core/dispenser/DispenseSource	()Lnet/minecraft/world/phys/Vec3;	center	method_1_3265
METHOD	net/minecraft/core/dispenser/DispenseSource	()Lnet/minecraft/core/Direction;	direction	method_1_3266
METHOD	net/minecraft/core/dispenser/DispenseSource	(Lnet/minecraft/world/item/ItemStack;)Lnet/minecraft/world/item/ItemStack;	insertItem	method_1_3267
CLASS	net/minecraft/world/BehaviorSimpleContainer	class_1_511
FIELD	net/minecraft/world/BehaviorSimpleContainer	Z	valid	field_1_2677
METHOD	net/minecraft/world/BehaviorSimpleContainer	(Z)V	setValid	method_1_3268
METHOD	net/minecraft/world/inventory/InventoryMenu	(Lnet/minecraft/world/entity/player/Inventory;Lnet/minecraft/world/entity/CraftingGrid;)Z	lambda$handlePlacement$0	method_1_3269
METHOD	net/minecraft/world/inventory/InventoryMenu	(Ljava/util/List;Lnet/minecraft/world/item/crafting/display/SlotDisplay;III)V	lambda$handlePlacement$1	method_1_3270
METHOD	net/minecraft/world/inventory/InventoryMenu	(IILnet/minecraft/world/item/crafting/display/SlotDisplay;Lnet/minecraft/world/entity/CraftingGrid;)V	lambda$handlePlacement$2	method_1_3271
METHOD	net/minecraft/world/inventory/InventoryMenu	(IILnet/minecraft/world/item/crafting/display/SlotDisplay;Lnet/minecraft/world/entity/CraftingGrid;)V	lambda$handlePlacement$3	method_1_3272
METHOD	net/minecraft/world/entity/ai/sensing/Sensor	(Lnet/minecraft/server/level/ServerLevel;Lnet/minecraft/world/entity/Entity;)V	doTick	method_1_3273
CLASS	net/minecraft/world/level/portal/HouseForcer	class_1_512
FIELD	net/minecraft/world/level/portal/HouseForcer	Lnet/minecraft/server/level/ServerLevel;	level	field_1_2678
METHOD	net/minecraft/world/level/portal/HouseForcer	(Lnet/minecraft/core/BlockPos;Lnet/minecraft/world/entity/livingblock/LivingBlock;Ljava/util/List;)V	createHouse	method_1_3274
METHOD	net/minecraft/server/level/ServerEntityGetter	(Ljava/lang/Class;DDDLnet/minecraft/world/phys/AABB;)Lnet/minecraft/world/entity/Entity;	getNearestEntity	method_1_3275
METHOD	net/minecraft/server/level/ServerEntityGetter	(Ljava/lang/Class;DDDLnet/minecraft/world/phys/AABB;Ljava/util/function/Predicate;)Lnet/minecraft/world/entity/Entity;	getNearestEntity	method_1_3276
METHOD	net/minecraft/server/level/ServerEntityGetter	(Lnet/minecraft/world/level/entity/EntityTypeTest;DDDLnet/minecraft/world/phys/AABB;)Lnet/minecraft/world/entity/Entity;	getNearestEntity	method_1_3277
METHOD	net/minecraft/server/level/ServerEntityGetter	(Lnet/minecraft/world/level/entity/EntityTypeTest;DDDLnet/minecraft/world/phys/AABB;Ljava/util/function/Predicate;)Lnet/minecraft/world/entity/Entity;	getNearestEntity	method_1_3278
METHOD	net/minecraft/server/level/ServerEntityGetter	(Lnet/minecraft/world/entity/Entity;)Z	lambda$getNearbyEntities$0	method_1_3279
METHOD	net/minecraft/server/level/ServerEntityGetter	(Lnet/minecraft/world/entity/Entity;)Z	lambda$getNearestEntity$0	method_1_3280
METHOD	net/minecraft/server/level/ServerEntityGetter	(Lnet/minecraft/world/entity/Entity;)Z	lambda$getNearestEntity$1	method_1_3281
METHOD	net/minecraft/server/level/ServerEntityGetter	(Lnet/minecraft/world/entity/Entity;)Z	lambda$getNearestEntity$2	method_1_3282
CLASS	net/minecraft/world/entity/LivingBlockCommand	class_1_513
FIELD	net/minecraft/world/entity/LivingBlockCommand	Lnet/minecraft/network/syncher/EntityDataAccessor;	DATA_SPAWNTIME	field_1_2679
FIELD	net/minecraft/world/entity/LivingBlockCommand	Lnet/minecraft/network/syncher/EntityDataAccessor;	DATA_TYPE	field_1_2680
FIELD	net/minecraft/world/entity/LivingBlockCommand	I	LIFETIME_TICKS	field_1_2681
FIELD	net/minecraft/world/entity/LivingBlockCommand	Ljava/lang/String;	TAG_SPAWN_TIME	field_1_2682
FIELD	net/minecraft/world/entity/LivingBlockCommand	Ljava/lang/String;	TAG_TYPE	field_1_2683
METHOD	net/minecraft/world/entity/LivingBlockCommand	(Lnet/minecraft/world/level/Level;Lnet/minecraft/world/phys/Vec3;Lnet/minecraft/world/entity/LivingBlockCommand$Type;)Lnet/minecraft/world/entity/LivingBlockCommand;	create	method_1_3283
METHOD	net/minecraft/world/entity/LivingBlockCommand	()Lnet/minecraft/world/entity/LivingBlockCommand$Type;	getCommandType	method_1_3284
METHOD	net/minecraft/world/entity/LivingBlockCommand	()J	getSpawnTime	method_1_3285
METHOD	net/minecraft/world/entity/LivingBlockCommand	(Lnet/minecraft/world/entity/LivingBlockCommand$Type;)V	setCommandType	method_1_3286
METHOD	net/minecraft/world/entity/LivingBlockCommand	(J)V	setSpawnTime	method_1_3287
CLASS	net/minecraft/world/entity/LivingBlockCommand$Type	class_1_514
FIELD	net/minecraft/world/entity/LivingBlockCommand$Type	[Lnet/minecraft/world/entity/LivingBlockCommand$Type;	$VALUES	field_1_2684
FIELD	net/minecraft/world/entity/LivingBlockCommand$Type	Ljava/util/function/IntFunction;	BY_ID	field_1_2685
FIELD	net/minecraft/world/entity/LivingBlockCommand$Type	Lnet/minecraft/util/StringRepresentable$EnumCodec;	CODEC	field_1_2686
FIELD	net/minecraft/world/entity/LivingBlockCommand$Type	Lnet/minecraft/world/entity/LivingBlockCommand$Type;	TYPE_ATTACK	field_1_2687
FIELD	net/minecraft/world/entity/LivingBlockCommand$Type	Lnet/minecraft/world/entity/LivingBlockCommand$Type;	TYPE_BUILD	field_1_2688
FIELD	net/minecraft/world/entity/LivingBlockCommand$Type	Lnet/minecraft/world/entity/LivingBlockCommand$Type;	TYPE_FOLLOW	field_1_2689
FIELD	net/minecraft/world/entity/LivingBlockCommand$Type	Lnet/minecraft/world/entity/LivingBlockCommand$Type;	TYPE_MOVE	field_1_2690
FIELD	net/minecraft/world/entity/LivingBlockCommand$Type	I	id	field_1_2691
FIELD	net/minecraft/world/entity/LivingBlockCommand$Type	Ljava/lang/String;	name	field_1_2692
METHOD	net/minecraft/world/entity/LivingBlockCommand$Type	()[Lnet/minecraft/world/entity/LivingBlockCommand$Type;	$values	method_1_3288
METHOD	net/minecraft/world/entity/LivingBlockCommand$Type	()I	getId	method_1_3289
CLASS	net/minecraft/world/entity/livingblock/Target	class_1_515
FIELD	net/minecraft/world/entity/livingblock/Target	Lnet/minecraft/world/entity/livingblock/Target;	NONE	field_1_2693
FIELD	net/minecraft/world/entity/livingblock/Target	Lnet/minecraft/network/codec/StreamCodec;	STREAM_CODEC	field_1_2694
METHOD	net/minecraft/world/entity/livingblock/Target	()Z	clearWhenNear	comp_1_416
METHOD	net/minecraft/world/entity/livingblock/Target	()D	distance	comp_1_417
METHOD	net/minecraft/world/entity/livingblock/Target	(Lnet/minecraft/world/phys/Vec3;)Lnet/minecraft/world/entity/livingblock/Target;	exactlyAt	method_1_3290
METHOD	net/minecraft/world/entity/livingblock/Target	(Lnet/minecraft/world/entity/Entity;)Lnet/minecraft/world/entity/livingblock/Target;	exactlyAtEntity	method_1_3291
METHOD	net/minecraft/world/entity/livingblock/Target	(Lnet/minecraft/world/entity/Entity;D)Lnet/minecraft/world/entity/livingblock/Target;	followingEntity	method_1_3292
METHOD	net/minecraft/world/entity/livingblock/Target	(Lnet/minecraft/world/phys/Vec3;D)Lnet/minecraft/world/entity/livingblock/Target;	near	method_1_3293
METHOD	net/minecraft/world/entity/livingblock/Target	(Lnet/minecraft/world/entity/Entity;D)Lnet/minecraft/world/entity/livingblock/Target;	nearEntity	method_1_3294
METHOD	net/minecraft/world/entity/livingblock/Target	(Lnet/minecraft/world/level/Level;)Lnet/minecraft/world/phys/Vec3;	resolvePosition	method_1_3295
METHOD	net/minecraft/world/entity/livingblock/Target	()Lnet/minecraft/world/entity/livingblock/Target$Type;	type	method_1_3296
CLASS	net/minecraft/world/entity/livingblock/Target$EntityTarget	class_1_516
FIELD	net/minecraft/world/entity/livingblock/Target$EntityTarget	Lnet/minecraft/network/codec/StreamCodec;	STREAM_CODEC	field_1_2695
FIELD	net/minecraft/world/entity/livingblock/Target$EntityTarget	D	distance	comp_1_418
FIELD	net/minecraft/world/entity/livingblock/Target$EntityTarget	Lnet/minecraft/world/entity/EntityReference;	entityReference	comp_1_419
CLASS	net/minecraft/world/entity/livingblock/Target$PositionTarget	class_1_517
FIELD	net/minecraft/world/entity/livingblock/Target$PositionTarget	Lnet/minecraft/network/codec/StreamCodec;	STREAM_CODEC	field_1_2696
FIELD	net/minecraft/world/entity/livingblock/Target$PositionTarget	Lnet/minecraft/world/phys/Vec3;	position	comp_1_420
CLASS	net/minecraft/world/entity/livingblock/Target$Type	class_1_518
FIELD	net/minecraft/world/entity/livingblock/Target$Type	[Lnet/minecraft/world/entity/livingblock/Target$Type;	$VALUES	field_1_2697
FIELD	net/minecraft/world/entity/livingblock/Target$Type	Ljava/util/function/IntFunction;	BY_ID	field_1_2698
FIELD	net/minecraft/world/entity/livingblock/Target$Type	Lnet/minecraft/world/entity/livingblock/Target$Type;	ENTITY	field_1_2699
FIELD	net/minecraft/world/entity/livingblock/Target$Type	Lnet/minecraft/world/entity/livingblock/Target$Type;	NONE	field_1_2700
FIELD	net/minecraft/world/entity/livingblock/Target$Type	Lnet/minecraft/world/entity/livingblock/Target$Type;	POSITION	field_1_2701
FIELD	net/minecraft/world/entity/livingblock/Target$Type	Lnet/minecraft/network/codec/StreamCodec;	STREAM_CODEC	field_1_2702
FIELD	net/minecraft/world/entity/livingblock/Target$Type	Lnet/minecraft/network/codec/StreamCodec;	streamCodec	field_1_2703
METHOD	net/minecraft/world/entity/livingblock/Target$Type	()[Lnet/minecraft/world/entity/livingblock/Target$Type;	$values	method_1_3297
METHOD	net/minecraft/world/entity/livingblock/Target$Type	()Lnet/minecraft/network/codec/StreamCodec;	streamCodec	method_1_3298
CLASS	net/minecraft/world/level/portal/WitherForcer	class_1_519
FIELD	net/minecraft/world/level/portal/WitherForcer	I	CROSS_BAR_HALF_WIDTH	field_1_2704
FIELD	net/minecraft/world/level/portal/WitherForcer	I	NOTHING_FOUND	field_1_2705
FIELD	net/minecraft/world/level/portal/WitherForcer	I	SEARCH_RADIUS	field_1_2706
FIELD	net/minecraft/world/level/portal/WitherForcer	I	STRUCTURE_TOTAL_HEIGHT	field_1_2707
FIELD	net/minecraft/world/level/portal/WitherForcer	Lnet/minecraft/server/level/ServerLevel;	level	field_1_2708
METHOD	net/minecraft/world/level/portal/WitherForcer	(Lnet/minecraft/core/BlockPos;Lnet/minecraft/core/BlockPos$MutableBlockPos;Lnet/minecraft/core/Direction;)Z	canHostWitherCenter	method_1_3299
METHOD	net/minecraft/world/level/portal/WitherForcer	(Lnet/minecraft/core/BlockPos;Lnet/minecraft/core/BlockPos$MutableBlockPos;Lnet/minecraft/core/Direction;)Z	canHostWitherCrossBar	method_1_3300
METHOD	net/minecraft/world/level/portal/WitherForcer	(Lnet/minecraft/core/BlockPos$MutableBlockPos;)Z	canWitherReplaceBlock	method_1_3301
METHOD	net/minecraft/world/level/portal/WitherForcer	(Lnet/minecraft/core/BlockPos;Lnet/minecraft/core/BlockPos$MutableBlockPos;Lnet/minecraft/core/Direction;)V	clearSpaceForWither	method_1_3302
METHOD	net/minecraft/world/level/portal/WitherForcer	(Lnet/minecraft/core/BlockPos;Lnet/minecraft/core/Direction$Axis;)Ljava/util/Optional;	createWither	method_1_3303
METHOD	net/minecraft/world/level/portal/WitherForcer	(Lnet/minecraft/core/BlockPos;Lnet/minecraft/core/BlockPos$MutableBlockPos;Lnet/minecraft/core/Direction;)V	placeWitherStructure	method_1_3304
CLASS	net/minecraft/core/dispenser/LivingBlockSource	class_1_520
FIELD	net/minecraft/core/dispenser/LivingBlockSource	Lnet/minecraft/server/level/ServerLevel;	level	comp_1_421
FIELD	net/minecraft/core/dispenser/LivingBlockSource	Lnet/minecraft/world/entity/livingblock/LivingBlock;	livingBlock	comp_1_422
METHOD	net/minecraft/data/loot/packs/VanillaBlockLoot	(Lnet/minecraft/data/loot/packs/VanillaBlockLoot;Lnet/minecraft/world/level/block/Block;)V	lambda$generate$12	method_1_3305
METHOD	net/minecraft/data/loot/packs/VanillaBlockLoot	(Lnet/minecraft/data/loot/packs/VanillaBlockLoot;Lnet/minecraft/world/level/block/Block;)Lnet/minecraft/world/level/storage/loot/LootTable$Builder;	lambda$generate$4	method_1_3306
CLASS	net/minecraft/world/level/block/CraftingAction	class_1_521
FIELD	net/minecraft/world/level/block/CraftingAction	Lnet/minecraft/network/chat/Component;	CANNOT_PLACE_ERROR	field_1_2709
METHOD	net/minecraft/world/level/block/CraftingAction	(Lnet/minecraft/world/entity/Entity;)Z	lambda$useOn$0	method_1_3307
METHOD	net/minecraft/world/level/block/CraftingAction	(Lnet/minecraft/world/entity/Entity;)Lnet/minecraft/world/entity/CraftingGrid;	lambda$useOn$1	method_1_3308
METHOD	net/minecraft/world/level/block/CraftingAction	(Lnet/minecraft/world/entity/player/Player;Lnet/minecraft/world/entity/CraftingGrid;)Z	lambda$useOn$2	method_1_3309
METHOD	net/minecraft/world/level/block/CraftingAction	(Lnet/minecraft/world/entity/player/Player;Lnet/minecraft/world/entity/CraftingGrid;)Z	lambda$useOn$3	method_1_3310
METHOD	net/minecraft/world/level/block/DispenserBlock	(Lnet/minecraft/world/level/Level;Lnet/minecraft/world/item/ItemStack;)Lnet/minecraft/core/dispenser/DispenseItemBehavior;	getDispenseItemBehavior	method_1_3311
METHOD	net/minecraft/gametest/framework/GameTestHelper	(Lnet/minecraft/world/level/GameType;)Lnet/minecraft/world/entity/player/Player;	makeMockPlayer	method_1_3312
CLASS	net/minecraft/gametest/framework/GameTestHelper$MockPlayer	class_1_522
FIELD	net/minecraft/gametest/framework/GameTestHelper$MockPlayer	Lnet/minecraft/world/level/GameType;	gameType	field_1_2710
METHOD	net/minecraft/world/entity/ai/sensing/MobSensor	(Lnet/minecraft/server/level/ServerLevel;Lnet/minecraft/world/entity/LivingEntity;)V	doTick	method_1_3313
FIELD	net/minecraft/client/gui/components/LogoRenderer	Lnet/minecraft/resources/Identifier;	HERDCRAFT_LOGO	field_1_2711
METHOD	net/minecraft/world/entity/projectile/EyeOfEnder	()V	ded	method_1_3314
CLASS	net/minecraft/world/level/block/TreeGrowingBlock	class_1_523
METHOD	net/minecraft/world/level/block/TreeGrowingBlock	()Lnet/minecraft/world/level/block/grower/TreeGrower;	treeGrower	method_1_3315
METHOD	net/minecraft/world/entity/ai/sensing/AdultSensor	(Lnet/minecraft/server/level/ServerLevel;Lnet/minecraft/world/entity/LivingEntity;)V	doTick	method_1_3316
METHOD	net/minecraft/world/entity/ai/sensing/AdultSensor	(Lnet/minecraft/world/entity/LivingEntity;Lnet/minecraft/world/entity/ai/memory/NearestVisibleLivingEntities;)V	lambda$doTick$0	method_1_3317
METHOD	net/minecraft/world/entity/ai/sensing/AdultSensor	(Lnet/minecraft/world/entity/Entity;)Lnet/minecraft/world/entity/LivingEntity;	lambda$setNearestVisibleAdult$1	method_1_3318
METHOD	net/minecraft/world/entity/ai/sensing/DummySensor	(Lnet/minecraft/server/level/ServerLevel;Lnet/minecraft/world/entity/LivingEntity;)V	doTick	method_1_3319
METHOD	net/minecraft/world/entity/monster/zombie/Drowned	(Lnet/minecraft/world/entity/Entity;Lnet/minecraft/server/level/ServerLevel;)Z	lambda$addBehaviourGoals$1	method_1_3320
METHOD	net/minecraft/world/entity/projectile/FishingHook	(DDDLnet/minecraft/world/entity/livingblock/LivingBlock;)V	lambda$retrieve$0	method_1_3321
METHOD	net/minecraft/world/level/block/grower/TreeGrower	()Ljava/util/Optional;	flowers	method_1_3322
METHOD	net/minecraft/world/level/block/grower/TreeGrower	()Ljava/util/Optional;	megaTree	method_1_3323
METHOD	net/minecraft/world/level/block/grower/TreeGrower	()Ljava/lang/String;	name	method_1_3324
METHOD	net/minecraft/world/level/block/grower/TreeGrower	()F	secondaryChance	method_1_3325
METHOD	net/minecraft/world/level/block/grower/TreeGrower	()Ljava/util/Optional;	secondaryFlowers	method_1_3326
METHOD	net/minecraft/world/level/block/grower/TreeGrower	()Ljava/util/Optional;	secondaryMegaTree	method_1_3327
METHOD	net/minecraft/world/level/block/grower/TreeGrower	()Ljava/util/Optional;	secondaryTree	method_1_3328
METHOD	net/minecraft/world/level/block/grower/TreeGrower	()Ljava/util/Optional;	tree	method_1_3329
CLASS	net/minecraft/world/level/block/grower/TreeGrower$GrowthResult	class_1_524
FIELD	net/minecraft/world/level/block/grower/TreeGrower$GrowthResult	[Lnet/minecraft/world/level/block/grower/TreeGrower$GrowthResult;	$VALUES	field_1_2712
FIELD	net/minecraft/world/level/block/grower/TreeGrower$GrowthResult	Lnet/minecraft/world/level/block/grower/TreeGrower$GrowthResult;	MEGA	field_1_2713
FIELD	net/minecraft/world/level/block/grower/TreeGrower$GrowthResult	Lnet/minecraft/world/level/block/grower/TreeGrower$GrowthResult;	NONE	field_1_2714
FIELD	net/minecraft/world/level/block/grower/TreeGrower$GrowthResult	Lnet/minecraft/world/level/block/grower/TreeGrower$GrowthResult;	NORMAL	field_1_2715
METHOD	net/minecraft/world/level/block/grower/TreeGrower$GrowthResult	()[Lnet/minecraft/world/level/block/grower/TreeGrower$GrowthResult;	$values	method_1_3330
METHOD	net/minecraft/advancements/criterion/PlayerTrigger$TriggerInstance	()Lnet/minecraft/advancements/Criterion;	endPortalCrafted	method_1_3331
METHOD	net/minecraft/advancements/criterion/PlayerTrigger$TriggerInstance	()Lnet/minecraft/advancements/Criterion;	houseBuilt	method_1_3332
METHOD	net/minecraft/advancements/criterion/PlayerTrigger$TriggerInstance	()Lnet/minecraft/advancements/Criterion;	inputOutput	method_1_3333
METHOD	net/minecraft/advancements/criterion/PlayerTrigger$TriggerInstance	()Lnet/minecraft/advancements/Criterion;	netherPortalCrafted	method_1_3334
METHOD	net/minecraft/advancements/criterion/PlayerTrigger$TriggerInstance	()Lnet/minecraft/advancements/Criterion;	trapBuilt	method_1_3335
METHOD	net/minecraft/world/entity/ai/goal/AvoidEntityGoal	(Lnet/minecraft/world/entity/Entity;)Z	lambda$new$0	method_1_3336
METHOD	net/minecraft/world/entity/ai/goal/AvoidEntityGoal	(Lnet/minecraft/world/entity/Entity;)Z	lambda$new$2	method_1_3337
METHOD	net/minecraft/world/entity/ai/sensing/HurtBySensor	(Lnet/minecraft/server/level/ServerLevel;Lnet/minecraft/world/entity/LivingEntity;)V	doTick	method_1_3338
METHOD	net/minecraft/world/entity/ai/sensing/HurtBySensor	(Lnet/minecraft/server/level/ServerLevel;Lnet/minecraft/world/entity/ai/Brain;Lnet/minecraft/world/entity/LivingEntity;)V	lambda$doTick$0	method_1_3339
METHOD	net/minecraft/world/entity/ai/sensing/PlayerSensor	(Lnet/minecraft/server/level/ServerLevel;Lnet/minecraft/world/entity/LivingEntity;)V	doTick	method_1_3340
METHOD	net/minecraft/world/entity/ai/sensing/PlayerSensor	(Lnet/minecraft/world/entity/LivingEntity;Lnet/minecraft/server/level/ServerPlayer;)Z	lambda$doTick$0	method_1_3341
METHOD	net/minecraft/world/entity/ai/sensing/PlayerSensor	(Lnet/minecraft/server/level/ServerLevel;Lnet/minecraft/world/entity/LivingEntity;Lnet/minecraft/world/entity/player/Player;)Z	lambda$doTick$1	method_1_3342
METHOD	net/minecraft/world/entity/ai/sensing/PlayerSensor	(Lnet/minecraft/server/level/ServerLevel;Lnet/minecraft/world/entity/LivingEntity;Lnet/minecraft/world/entity/player/Player;)Z	lambda$doTick$2	method_1_3343
CLASS	net/minecraft/world/entity/livingblock/LivingBlock	class_1_525
FIELD	net/minecraft/world/entity/livingblock/LivingBlock	Lnet/minecraft/world/entity/livingblock/cognition/Action;	BE_MAD_AT	field_1_2716
FIELD	net/minecraft/world/entity/livingblock/LivingBlock	D	BLOCK_SNAP_THRESHOLD	field_1_2717
FIELD	net/minecraft/world/entity/livingblock/LivingBlock	D	COLLISION_NUDGE_OFFSET	field_1_2718
FIELD	net/minecraft/world/entity/livingblock/LivingBlock	I	DAMAGE_SOURCE_TIMEOUT	field_1_2719
FIELD	net/minecraft/world/entity/livingblock/LivingBlock	Lnet/minecraft/network/syncher/EntityDataAccessor;	DATA_CLIMBING_DIRECTION	field_1_2720
FIELD	net/minecraft/world/entity/livingblock/LivingBlock	Lnet/minecraft/network/syncher/EntityDataAccessor;	DATA_COMMANDER	field_1_2721
FIELD	net/minecraft/world/entity/livingblock/LivingBlock	Lnet/minecraft/network/syncher/EntityDataAccessor;	DATA_GROUP	field_1_2722
FIELD	net/minecraft/world/entity/livingblock/LivingBlock	Lnet/minecraft/network/syncher/EntityDataAccessor;	DATA_HEALTH_ID	field_1_2723
FIELD	net/minecraft/world/entity/livingblock/LivingBlock	Lnet/minecraft/network/syncher/EntityDataAccessor;	DATA_ITEM_STACK_ID	field_1_2724
FIELD	net/minecraft/world/entity/livingblock/LivingBlock	Lnet/minecraft/network/syncher/EntityDataAccessor;	DATA_MAX_HEALTH_ID	field_1_2725
FIELD	net/minecraft/world/entity/livingblock/LivingBlock	Lnet/minecraft/network/syncher/EntityDataAccessor;	DATA_OWNER	field_1_2726
FIELD	net/minecraft/world/entity/livingblock/LivingBlock	Lnet/minecraft/network/syncher/EntityDataAccessor;	DATA_PINNED	field_1_2727
FIELD	net/minecraft/world/entity/livingblock/LivingBlock	Lnet/minecraft/network/syncher/EntityDataAccessor;	DATA_PLAYER_INTERACTED	field_1_2728
FIELD	net/minecraft/world/entity/livingblock/LivingBlock	Lnet/minecraft/network/syncher/EntityDataAccessor;	DATA_SELECTED	field_1_2729
FIELD	net/minecraft/world/entity/livingblock/LivingBlock	I	DEATH_DURATION	field_1_2730
FIELD	net/minecraft/world/entity/livingblock/LivingBlock	I	DEFAULT_DESPAWN_TICKS	field_1_2731
FIELD	net/minecraft/world/entity/livingblock/LivingBlock	F	DEFAULT_MAX_HEALTH	field_1_2732
FIELD	net/minecraft/world/entity/livingblock/LivingBlock	F	DEFAULT_MAX_UP_STEP	field_1_2733
FIELD	net/minecraft/world/entity/livingblock/LivingBlock	F	HEALTH_PER_EXPLOSION_RESISTANCE	field_1_2734
FIELD	net/minecraft/world/entity/livingblock/LivingBlock	I	HURT_DURATION	field_1_2735
FIELD	net/minecraft/world/entity/livingblock/LivingBlock	I	MAX_HEALTH_REGEN_COOLDOWN	field_1_2736
FIELD	net/minecraft/world/entity/livingblock/LivingBlock	F	MAX_MAX_HEALTH	field_1_2737
FIELD	net/minecraft/world/entity/livingblock/LivingBlock	I	MINIMUM_DISTANCE_TO_TICK_DESPAWN	field_1_2738
FIELD	net/minecraft/world/entity/livingblock/LivingBlock	F	MIN_MAX_HEALTH	field_1_2739
FIELD	net/minecraft/world/entity/livingblock/LivingBlock	Lnet/minecraft/network/syncher/EntityDataAccessor;	MOVEMENT_DATA	field_1_2740
FIELD	net/minecraft/world/entity/livingblock/LivingBlock	D	MOVEMENT_EPSILON	field_1_2741
FIELD	net/minecraft/world/entity/livingblock/LivingBlock	Lnet/minecraft/network/syncher/EntityDataAccessor;	MOVEMENT_TARGET	field_1_2742
FIELD	net/minecraft/world/entity/livingblock/LivingBlock	Lnet/minecraft/world/entity/livingblock/cognition/Action;	MOVE_TOWARDS	field_1_2743
FIELD	net/minecraft/world/entity/livingblock/LivingBlock	F	ROLL_ROTATION_DELTA_EPSILON	field_1_2744
FIELD	net/minecraft/world/entity/livingblock/LivingBlock	D	ROLL_SOUND_MIN_ANGLE	field_1_2745
FIELD	net/minecraft/world/entity/livingblock/LivingBlock	I	ROLL_SOUND_MIN_TIME	field_1_2746
FIELD	net/minecraft/world/entity/livingblock/LivingBlock	I	SPAWN_MAX_XZ_OFFSET	field_1_2747
FIELD	net/minecraft/world/entity/livingblock/LivingBlock	I	SPAWN_MAX_Y_OFFSET_DOWN	field_1_2748
FIELD	net/minecraft/world/entity/livingblock/LivingBlock	I	SPAWN_MAX_Y_OFFSET_UP	field_1_2749
FIELD	net/minecraft/world/entity/livingblock/LivingBlock	Ljava/lang/String;	TAG_ATTACK_TARGET	field_1_2750
FIELD	net/minecraft/world/entity/livingblock/LivingBlock	Ljava/lang/String;	TAG_COMMANDER	field_1_2751
FIELD	net/minecraft/world/entity/livingblock/LivingBlock	Ljava/lang/String;	TAG_DESPAWN	field_1_2752
FIELD	net/minecraft/world/entity/livingblock/LivingBlock	Ljava/lang/String;	TAG_GROUP	field_1_2753
FIELD	net/minecraft/world/entity/livingblock/LivingBlock	Ljava/lang/String;	TAG_HEALTH	field_1_2754
FIELD	net/minecraft/world/entity/livingblock/LivingBlock	Ljava/lang/String;	TAG_ITEM	field_1_2755
FIELD	net/minecraft/world/entity/livingblock/LivingBlock	Ljava/lang/String;	TAG_MAX_HEALTH	field_1_2756
FIELD	net/minecraft/world/entity/livingblock/LivingBlock	Ljava/lang/String;	TAG_OWNER	field_1_2757
FIELD	net/minecraft/world/entity/livingblock/LivingBlock	Ljava/lang/String;	TAG_PINNED	field_1_2758
FIELD	net/minecraft/world/entity/livingblock/LivingBlock	Ljava/lang/String;	TAG_SELECTED	field_1_2759
FIELD	net/minecraft/world/entity/livingblock/LivingBlock	Lnet/minecraft/world/entity/EntityReference;	attackTarget	field_1_2760
FIELD	net/minecraft/world/entity/livingblock/LivingBlock	Lnet/minecraft/world/entity/player/Player;	attackedBy	field_1_2761
FIELD	net/minecraft/world/entity/livingblock/LivingBlock	Ljava/util/List;	ballons	field_1_2762
FIELD	net/minecraft/world/entity/livingblock/LivingBlock	Lnet/minecraft/world/entity/livingblock/cognition/Intent;	beMadAtIntent	field_1_2763
FIELD	net/minecraft/world/entity/livingblock/LivingBlock	Ljava/util/List;	behaviors	field_1_2764
FIELD	net/minecraft/world/entity/livingblock/LivingBlock	Lnet/minecraft/world/level/block/state/BlockState;	blockStateCache	field_1_2765
FIELD	net/minecraft/world/entity/livingblock/LivingBlock	Lnet/minecraft/world/phys/Vec3;	boundingBoxOffset	field_1_2766
FIELD	net/minecraft/world/entity/livingblock/LivingBlock	Lnet/minecraft/world/entity/livingblock/CollisionInteraction;	collision	field_1_2767
FIELD	net/minecraft/world/entity/livingblock/LivingBlock	I	currentActivities	field_1_2768
FIELD	net/minecraft/world/entity/livingblock/LivingBlock	Lnet/minecraft/world/phys/Vec3;	currentPogoScale	field_1_2769
FIELD	net/minecraft/world/entity/livingblock/LivingBlock	Z	dead	field_1_2770
FIELD	net/minecraft/world/entity/livingblock/LivingBlock	I	deathTime	field_1_2771
FIELD	net/minecraft/world/entity/livingblock/LivingBlock	Z	fireImmune	field_1_2772
FIELD	net/minecraft/world/entity/livingblock/LivingBlock	I	healthRegenCooldown	field_1_2773
FIELD	net/minecraft/world/entity/livingblock/LivingBlock	Lnet/minecraft/world/entity/livingblock/cognition/HopesAndDreams;	hopesAndDreams	field_1_2774
FIELD	net/minecraft/world/entity/livingblock/LivingBlock	I	hurtTime	field_1_2775
FIELD	net/minecraft/world/entity/livingblock/LivingBlock	Lnet/minecraft/world/entity/InterpolationHandler;	interpolationHandler	field_1_2776
FIELD	net/minecraft/world/entity/livingblock/LivingBlock	I	lastAttackedTick	field_1_2777
FIELD	net/minecraft/world/entity/livingblock/LivingBlock	Lnet/minecraft/core/BlockPos;	lastBlockPos	field_1_2778
FIELD	net/minecraft/world/entity/livingblock/LivingBlock	Lnet/minecraft/world/damagesource/DamageSource;	lastDamageSource	field_1_2779
FIELD	net/minecraft/world/entity/livingblock/LivingBlock	J	lastDamageStamp	field_1_2780
FIELD	net/minecraft/world/entity/livingblock/LivingBlock	Lnet/minecraft/world/phys/Vec3;	lastPogoScaleTarget	field_1_2781
FIELD	net/minecraft/world/entity/livingblock/LivingBlock	Lorg/joml/Quaternionf;	lastRotation	field_1_2782
FIELD	net/minecraft/world/entity/livingblock/LivingBlock	I	lastTargetedTick	field_1_2783
FIELD	net/minecraft/world/entity/livingblock/LivingBlock	Lnet/minecraft/world/entity/Leashable$LeashData;	leashData	field_1_2784
FIELD	net/minecraft/world/entity/livingblock/LivingBlock	Lnet/minecraft/world/entity/livingblock/LivingBlock;	livingBlockBeingEnchanted	field_1_2785
FIELD	net/minecraft/world/entity/livingblock/LivingBlock	F	maxUpStep	field_1_2786
FIELD	net/minecraft/world/entity/livingblock/LivingBlock	Lnet/minecraft/world/entity/livingblock/cognition/Intent;	moveTowardsIntent	field_1_2787
FIELD	net/minecraft/world/entity/livingblock/LivingBlock	Lnet/minecraft/world/entity/livingblock/movement/MovementStrategy;	movement	field_1_2788
FIELD	net/minecraft/world/entity/livingblock/LivingBlock	Lnet/minecraft/world/entity/livingblock/hurt/OnHurt;	onHurt	field_1_2789
FIELD	net/minecraft/world/entity/livingblock/LivingBlock	Lnet/minecraft/world/entity/livingblock/interact/OnInteract;	onInteract	field_1_2790
FIELD	net/minecraft/world/entity/livingblock/LivingBlock	Lnet/minecraft/world/phys/Vec3;	pogoScaleTarget	field_1_2791
FIELD	net/minecraft/world/entity/livingblock/LivingBlock	I	pogoScaleTicks	field_1_2792
FIELD	net/minecraft/world/entity/livingblock/LivingBlock	I	pogoScaleTicksRemaining	field_1_2793
FIELD	net/minecraft/world/entity/livingblock/LivingBlock	F	previousHealthAmount	field_1_2794
FIELD	net/minecraft/world/entity/livingblock/LivingBlock	F	rollDeltaX	field_1_2795
FIELD	net/minecraft/world/entity/livingblock/LivingBlock	F	rollDeltaZ	field_1_2796
FIELD	net/minecraft/world/entity/livingblock/LivingBlock	I	rollSoundTime	field_1_2797
FIELD	net/minecraft/world/entity/livingblock/LivingBlock	Lorg/joml/Quaternionf;	rotation	field_1_2798
FIELD	net/minecraft/world/entity/livingblock/LivingBlock	Z	takeDamageOnAttack	field_1_2799
FIELD	net/minecraft/world/entity/livingblock/LivingBlock	I	ticksBeforeDespawn	field_1_2800
FIELD	net/minecraft/world/entity/livingblock/LivingBlock	Lnet/minecraft/world/entity/livingblock/LivingBlockType;	type	field_1_2801
METHOD	net/minecraft/world/entity/livingblock/LivingBlock	(Lnet/minecraft/world/entity/livingblock/LivingBlock;Lnet/minecraft/world/item/ItemStack;)V	addEntityTagsFromItemTags	method_1_3344
METHOD	net/minecraft/world/entity/livingblock/LivingBlock	(FFLorg/joml/Quaternionf;)V	applyMovementRotation	method_1_3345
METHOD	net/minecraft/world/entity/livingblock/LivingBlock	(Lnet/minecraft/world/entity/player/Player;)Z	canBeControlledBy	method_1_3346
METHOD	net/minecraft/world/entity/livingblock/LivingBlock	(Lnet/minecraft/world/level/Level;Lnet/minecraft/world/item/ItemStack;)Lnet/minecraft/world/entity/livingblock/LivingBlock;	create	method_1_3347
METHOD	net/minecraft/world/entity/livingblock/LivingBlock	(Lnet/minecraft/world/level/Level;Lnet/minecraft/world/level/block/state/BlockState;)Lnet/minecraft/world/entity/livingblock/LivingBlock;	create	method_1_3348
METHOD	net/minecraft/world/entity/livingblock/LivingBlock	(Lnet/minecraft/world/level/Level;Lnet/minecraft/core/BlockPos;Lnet/minecraft/world/item/ItemStack;)Lnet/minecraft/world/entity/livingblock/LivingBlock;	createAt	method_1_3349
METHOD	net/minecraft/world/entity/livingblock/LivingBlock	(Lnet/minecraft/world/level/Level;Lnet/minecraft/core/BlockPos;Lnet/minecraft/world/level/block/state/BlockState;)Lnet/minecraft/world/entity/livingblock/LivingBlock;	createAt	method_1_3350
METHOD	net/minecraft/world/entity/livingblock/LivingBlock	(Lnet/minecraft/world/level/Level;Lnet/minecraft/core/BlockPos;Lnet/minecraft/world/entity/Entity;Lnet/minecraft/world/item/ItemStack;)Ljava/util/Collection;	createStack	method_1_3351
METHOD	net/minecraft/world/entity/livingblock/LivingBlock	(Lnet/minecraft/world/level/Level;Lnet/minecraft/core/BlockPos;Lnet/minecraft/world/entity/Entity;Lnet/minecraft/world/item/ItemStack;I)Ljava/util/Collection;	createStack	method_1_3352
METHOD	net/minecraft/world/entity/livingblock/LivingBlock	(Lnet/minecraft/world/damagesource/DamageSource;)V	die	method_1_3353
METHOD	net/minecraft/world/entity/livingblock/LivingBlock	(Lnet/minecraft/world/level/Level;Lnet/minecraft/core/BlockPos;Lnet/minecraft/world/entity/livingblock/LivingBlock;)V	finalizeSpawn	method_1_3354
METHOD	net/minecraft/world/entity/livingblock/LivingBlock	(Lnet/minecraft/world/level/Level;Lnet/minecraft/core/BlockPos;Ljava/util/Set;)Lnet/minecraft/core/BlockPos;	findFreeSpawnInColumn	method_1_3355
METHOD	net/minecraft/world/entity/livingblock/LivingBlock	(Lnet/minecraft/world/level/Level;Lnet/minecraft/core/BlockPos;Ljava/util/Set;)Lnet/minecraft/core/BlockPos;	findFreeSpawnPos	method_1_3356
METHOD	net/minecraft/world/entity/livingblock/LivingBlock	()Lnet/minecraft/world/entity/Targetable;	getAttackTarget	method_1_3357
METHOD	net/minecraft/world/entity/livingblock/LivingBlock	()Lnet/minecraft/world/entity/player/Player;	getAttackedBy	method_1_3358
METHOD	net/minecraft/world/entity/livingblock/LivingBlock	()Lnet/minecraft/server/level/ServerPlayer;	getAttributablePlayer	method_1_3359
METHOD	net/minecraft/world/entity/livingblock/LivingBlock	(Ljava/lang/Class;)Ljava/util/Optional;	getBehaviorOfType	method_1_3360
METHOD	net/minecraft/world/entity/livingblock/LivingBlock	()Lnet/minecraft/world/level/block/state/BlockState;	getBlockState	method_1_3361
METHOD	net/minecraft/world/entity/livingblock/LivingBlock	()Lnet/minecraft/core/Direction;	getClimbingDirection	method_1_3362
METHOD	net/minecraft/world/entity/livingblock/LivingBlock	()Lnet/minecraft/world/entity/player/Player;	getCommander	method_1_3363
METHOD	net/minecraft/world/entity/livingblock/LivingBlock	()Lnet/minecraft/world/entity/livingblock/LivingBlockGroup;	getGroup	method_1_3364
METHOD	net/minecraft/world/entity/livingblock/LivingBlock	()F	getHealth	method_1_3365
METHOD	net/minecraft/world/entity/livingblock/LivingBlock	()Lnet/minecraft/world/item/ItemStack;	getItemStack	method_1_3366
METHOD	net/minecraft/world/entity/livingblock/LivingBlock	()F	getMaxHealth	method_1_3367
METHOD	net/minecraft/world/entity/livingblock/LivingBlock	()Lnet/minecraft/world/entity/livingblock/movement/MovementStrategy;	getMovement	method_1_3368
METHOD	net/minecraft/world/entity/livingblock/LivingBlock	()Lnet/minecraft/world/entity/livingblock/movement/MovementData;	getMovementData	method_1_3369
METHOD	net/minecraft/world/entity/livingblock/LivingBlock	()Lnet/minecraft/world/entity/livingblock/Target;	getMovementTarget	method_1_3370
METHOD	net/minecraft/world/entity/livingblock/LivingBlock	()Lnet/minecraft/world/entity/player/Player;	getOwner	method_1_3371
METHOD	net/minecraft/world/entity/livingblock/LivingBlock	()Ljava/util/UUID;	getOwnerUUID	method_1_3372
METHOD	net/minecraft/world/entity/livingblock/LivingBlock	(F)Lorg/joml/Vector3fc;	getPogoScale	method_1_3373
METHOD	net/minecraft/world/entity/livingblock/LivingBlock	(Lorg/joml/Quaternionf;F)V	getRotation	method_1_3374
METHOD	net/minecraft/world/entity/livingblock/LivingBlock	()Lnet/minecraft/world/phys/Vec3;	getTargetPosition	method_1_3375
METHOD	net/minecraft/world/entity/livingblock/LivingBlock	()Z	hasMovementTarget	method_1_3376
METHOD	net/minecraft/world/entity/livingblock/LivingBlock	()V	interrupt	method_1_3377
METHOD	net/minecraft/world/entity/livingblock/LivingBlock	()Z	isAttacking	method_1_3378
METHOD	net/minecraft/world/entity/livingblock/LivingBlock	(Lnet/minecraft/tags/TagKey;)Z	isBlock	method_1_3379
METHOD	net/minecraft/world/entity/livingblock/LivingBlock	(Lnet/minecraft/world/level/block/Block;)Z	isBlock	method_1_3380
METHOD	net/minecraft/world/entity/livingblock/LivingBlock	()Z	isClimbing	method_1_3381
METHOD	net/minecraft/world/entity/livingblock/LivingBlock	()Z	isIdle	method_1_3382
METHOD	net/minecraft/world/entity/livingblock/LivingBlock	(Lnet/minecraft/tags/TagKey;)Z	isItem	method_1_3383
METHOD	net/minecraft/world/entity/livingblock/LivingBlock	(Lnet/minecraft/world/item/Item;)Z	isItem	method_1_3384
METHOD	net/minecraft/world/entity/livingblock/LivingBlock	()Z	isNonEmptyChest	method_1_3385
METHOD	net/minecraft/world/entity/livingblock/LivingBlock	(Lnet/minecraft/world/entity/player/Player;)Z	isOwnedBy	method_1_3386
METHOD	net/minecraft/world/entity/livingblock/LivingBlock	()Z	isPinned	method_1_3387
METHOD	net/minecraft/world/entity/livingblock/LivingBlock	()Z	isSelected	method_1_3388
METHOD	net/minecraft/world/entity/livingblock/LivingBlock	(Ljava/lang/Class;Lnet/minecraft/world/entity/livingblock/behavior/LivingBlockBehaviorEntry;)Z	lambda$getBehaviorOfType$0	method_1_3389
METHOD	net/minecraft/world/entity/livingblock/LivingBlock	(Lnet/minecraft/world/entity/Targetable;)V	lambda$new$0	method_1_3390
METHOD	net/minecraft/world/entity/livingblock/LivingBlock	(Lnet/minecraft/world/entity/livingblock/Target;)V	lambda$new$1	method_1_3391
METHOD	net/minecraft/world/entity/livingblock/LivingBlock	(Lnet/minecraft/world/entity/player/Player;Lnet/minecraft/world/entity/livingblock/LivingBlock;)Z	lambda$playerChaseTheSkies$0	method_1_3392
METHOD	net/minecraft/world/entity/livingblock/LivingBlock	(Lnet/minecraft/world/entity/livingblock/LivingBlock;)Lnet/minecraft/world/entity/livingblock/cognition/Intent;	lambda$static$0	method_1_3393
METHOD	net/minecraft/world/entity/livingblock/LivingBlock	(Lnet/minecraft/world/entity/livingblock/LivingBlock;)Lnet/minecraft/world/entity/livingblock/cognition/Intent;	lambda$static$1	method_1_3394
METHOD	net/minecraft/world/entity/livingblock/LivingBlock	(Lnet/minecraft/world/entity/Entity;)Z	lambda$tick$0	method_1_3395
METHOD	net/minecraft/world/entity/livingblock/LivingBlock	(Lnet/minecraft/server/level/ServerPlayer;Lnet/minecraft/world/entity/livingblock/LivingBlockGroup;Lnet/minecraft/world/entity/livingblock/LivingBlock;)V	lambda$tryCraft$0	method_1_3396
METHOD	net/minecraft/world/entity/livingblock/LivingBlock	()V	makePoofParticles	method_1_3397
METHOD	net/minecraft/world/entity/livingblock/LivingBlock	(Lnet/minecraft/world/item/ItemStack;)V	onStateChanged	method_1_3398
METHOD	net/minecraft/world/entity/livingblock/LivingBlock	(Lnet/minecraft/world/level/Level;)V	playerChaseTheSkies	method_1_3399
METHOD	net/minecraft/world/entity/livingblock/LivingBlock	(DDDZ)Z	randomTeleport	method_1_3400
METHOD	net/minecraft/world/entity/livingblock/LivingBlock	()V	resetClimbingDirection	method_1_3401
METHOD	net/minecraft/world/entity/livingblock/LivingBlock	()V	resetMaxUpStep	method_1_3402
METHOD	net/minecraft/world/entity/livingblock/LivingBlock	(Lnet/minecraft/world/entity/player/Player;)V	setAttackedBy	method_1_3403
METHOD	net/minecraft/world/entity/livingblock/LivingBlock	(Lnet/minecraft/world/level/block/state/BlockState;)V	setBlockState	method_1_3404
METHOD	net/minecraft/world/entity/livingblock/LivingBlock	(Lnet/minecraft/core/Direction;)V	setClimbingDirection	method_1_3405
METHOD	net/minecraft/world/entity/livingblock/LivingBlock	(Lnet/minecraft/world/entity/player/Player;)V	setCommander	method_1_3406
METHOD	net/minecraft/world/entity/livingblock/LivingBlock	(Lnet/minecraft/world/item/ItemStack;Lnet/minecraft/world/level/block/state/BlockState;)V	setContents	method_1_3407
METHOD	net/minecraft/world/entity/livingblock/LivingBlock	(Z)V	setFireImmune	method_1_3408
METHOD	net/minecraft/world/entity/livingblock/LivingBlock	(Lnet/minecraft/world/entity/livingblock/LivingBlockGroup;)V	setGroup	method_1_3409
METHOD	net/minecraft/world/entity/livingblock/LivingBlock	(F)V	setHealth	method_1_3410
METHOD	net/minecraft/world/entity/livingblock/LivingBlock	(Lnet/minecraft/world/item/ItemStack;)V	setItemStack	method_1_3411
METHOD	net/minecraft/world/entity/livingblock/LivingBlock	(Lnet/minecraft/world/item/ItemStack;)V	setItemStackInternal	method_1_3412
METHOD	net/minecraft/world/entity/livingblock/LivingBlock	(F)V	setMaxUpStep	method_1_3413
METHOD	net/minecraft/world/entity/livingblock/LivingBlock	(Lnet/minecraft/world/entity/livingblock/movement/MovementData;)V	setMovementData	method_1_3414
METHOD	net/minecraft/world/entity/livingblock/LivingBlock	(Lnet/minecraft/world/entity/player/Player;)V	setOwner	method_1_3415
METHOD	net/minecraft/world/entity/livingblock/LivingBlock	(Z)V	setPinned	method_1_3416
METHOD	net/minecraft/world/entity/livingblock/LivingBlock	(Lnet/minecraft/world/phys/Vec3;I)V	setPogoScaleTarget	method_1_3417
METHOD	net/minecraft/world/entity/livingblock/LivingBlock	(Z)V	setSelected	method_1_3418
METHOD	net/minecraft/world/entity/livingblock/LivingBlock	()V	startDespawning	method_1_3419
METHOD	net/minecraft/world/entity/livingblock/LivingBlock	()V	stopAllBehaviors	method_1_3420
METHOD	net/minecraft/world/entity/livingblock/LivingBlock	()Z	takeDamageOnAttack	method_1_3421
METHOD	net/minecraft/world/entity/livingblock/LivingBlock	(Lnet/minecraft/server/level/ServerLevel;)V	tickBehaviors	method_1_3422
METHOD	net/minecraft/world/entity/livingblock/LivingBlock	()V	tickDeath	method_1_3423
METHOD	net/minecraft/world/entity/livingblock/LivingBlock	()V	tickDespawn	method_1_3424
METHOD	net/minecraft/world/entity/livingblock/LivingBlock	(Lnet/minecraft/server/level/ServerLevel;)V	tickHealthRegeneration	method_1_3425
METHOD	net/minecraft/world/entity/livingblock/LivingBlock	(Lnet/minecraft/world/entity/Entity;Lnet/minecraft/world/entity/livingblock/LivingBlockGroup;)V	tryCraft	method_1_3426
CLASS	net/minecraft/world/entity/livingblock/hurt/OnHurt	class_1_526
FIELD	net/minecraft/world/entity/livingblock/hurt/OnHurt	Lnet/minecraft/world/entity/livingblock/hurt/OnHurt;	DO_NOTHING	field_1_2802
METHOD	net/minecraft/world/entity/livingblock/hurt/OnHurt	(Lnet/minecraft/world/entity/livingblock/LivingBlock;Lnet/minecraft/server/level/ServerLevel;Lnet/minecraft/world/damagesource/DamageSource;FZ)V	apply	method_1_3427
METHOD	net/minecraft/world/entity/livingblock/hurt/OnHurt	(Lnet/minecraft/world/entity/livingblock/LivingBlock;Lnet/minecraft/server/level/ServerLevel;Lnet/minecraft/world/damagesource/DamageSource;FZ)V	lambda$static$0	method_1_3428
CLASS	net/minecraft/advancements/criterion/UseItemTrigger	class_1_527
METHOD	net/minecraft/advancements/criterion/UseItemTrigger	(Lnet/minecraft/world/item/Item;Lnet/minecraft/advancements/criterion/UseItemTrigger$TriggerInstance;)Z	lambda$trigger$0	method_1_3429
METHOD	net/minecraft/advancements/criterion/UseItemTrigger	(Lnet/minecraft/server/level/ServerPlayer;Lnet/minecraft/world/item/Item;)V	trigger	method_1_3430
CLASS	net/minecraft/advancements/criterion/UseItemTrigger$TriggerInstance	class_1_528
FIELD	net/minecraft/advancements/criterion/UseItemTrigger$TriggerInstance	Lcom/mojang/serialization/Codec;	CODEC	field_1_2803
FIELD	net/minecraft/advancements/criterion/UseItemTrigger$TriggerInstance	Ljava/util/Optional;	item	comp_1_423
FIELD	net/minecraft/advancements/criterion/UseItemTrigger$TriggerInstance	Ljava/util/Optional;	player	comp_1_424
METHOD	net/minecraft/advancements/criterion/UseItemTrigger$TriggerInstance	(Lcom/mojang/serialization/codecs/RecordCodecBuilder$Instance;)Lcom/mojang/datafixers/kinds/App;	lambda$static$0	method_1_3431
METHOD	net/minecraft/advancements/criterion/UseItemTrigger$TriggerInstance	(Lnet/minecraft/world/item/Item;)Z	matches	method_1_3432
METHOD	net/minecraft/advancements/criterion/UseItemTrigger$TriggerInstance	()Lnet/minecraft/advancements/Criterion;	usedItem	method_1_3433
METHOD	net/minecraft/advancements/criterion/UseItemTrigger$TriggerInstance	(Lnet/minecraft/world/item/Item;)Lnet/minecraft/advancements/Criterion;	usedItem	method_1_3434
FIELD	net/minecraft/network/syncher/EntityDataSerializers	Lnet/minecraft/network/syncher/EntityDataSerializer;	MOVEMENT_DATA	field_1_2804
FIELD	net/minecraft/network/syncher/EntityDataSerializers	Lnet/minecraft/network/syncher/EntityDataSerializer;	SLOT_DISPLAY	field_1_2805
FIELD	net/minecraft/network/syncher/EntityDataSerializers	Lnet/minecraft/network/syncher/EntityDataSerializer;	TARGET	field_1_2806
CLASS	net/minecraft/world/entity/livingblock/package-info	class_1_529
CLASS	net/minecraft/world/entity/player/CraftingPlacement	class_1_530
FIELD	net/minecraft/world/entity/player/CraftingPlacement	Lcom/mojang/serialization/Codec;	CODEC	field_1_2807
FIELD	net/minecraft/world/entity/player/CraftingPlacement	Lnet/minecraft/network/codec/StreamCodec;	STREAM_CODEC	field_1_2808
FIELD	net/minecraft/world/entity/player/CraftingPlacement	Lnet/minecraft/core/BlockPos;	blockPos	comp_1_425
FIELD	net/minecraft/world/entity/player/CraftingPlacement	Z	required	comp_1_426
FIELD	net/minecraft/world/entity/player/CraftingPlacement	Lnet/minecraft/world/level/block/state/BlockState;	state	comp_1_427
METHOD	net/minecraft/world/entity/player/CraftingPlacement	()Z	isFence	method_1_3435
METHOD	net/minecraft/world/entity/player/CraftingPlacement	(Lcom/mojang/serialization/codecs/RecordCodecBuilder$Instance;)Lcom/mojang/datafixers/kinds/App;	lambda$static$0	method_1_3436
CLASS	net/minecraft/world/inventory/tooltip/RecipeTooltip	class_1_531
FIELD	net/minecraft/world/inventory/tooltip/RecipeTooltip	Ljava/util/List;	ingredients	comp_1_428
METHOD	net/minecraft/client/data/models/ItemModelGenerators	()V	generateGroupAction	method_1_3437
FIELD	net/minecraft/client/multiplayer/MultiPlayerGameMode	Z	isActioning	field_1_2809
METHOD	net/minecraft/client/multiplayer/MultiPlayerGameMode	()Z	attackNothing	method_1_3438
METHOD	net/minecraft/client/multiplayer/MultiPlayerGameMode	(I)Lnet/minecraft/network/protocol/Packet;	lambda$attackNothing$0	method_1_3439
METHOD	net/minecraft/client/multiplayer/MultiPlayerGameMode	(Lnet/minecraft/core/BlockPos;Lnet/minecraft/core/Direction;I)Lnet/minecraft/network/protocol/Packet;	lambda$startDestroyBlock$0	method_1_3440
CLASS	net/minecraft/world/entity/livingblock/hurt/PrimeTnt	class_1_532
METHOD	net/minecraft/client/data/models/BlockModelGenerators	(Lnet/minecraft/world/level/block/Block;Lnet/minecraft/world/level/block/Block;)V	createTrivialCubeCopyingTexture	method_1_3441
METHOD	net/minecraft/client/data/models/BlockModelGenerators	(Lnet/minecraft/world/level/block/Block;Lnet/minecraft/client/data/models/model/TextureMapping;)V	lambda$createTrivialCubeCopyingTexture$0	method_1_3442
METHOD	net/minecraft/client/renderer/blockentity/BedRenderer	(Lcom/mojang/blaze3d/vertex/PoseStack;Lnet/minecraft/client/renderer/SubmitNodeCollector;IILnet/minecraft/client/resources/model/sprite/SpriteId;I)V	submitSpecial	method_1_3443
METHOD	net/minecraft/client/renderer/blockentity/BedRenderer	(Lcom/mojang/blaze3d/vertex/PoseStack;)V	translateToFoot	method_1_3444
METHOD	net/minecraft/world/entity/ai/sensing/IsInWaterSensor	(Lnet/minecraft/server/level/ServerLevel;Lnet/minecraft/world/entity/LivingEntity;)V	doTick	method_1_3445
METHOD	net/minecraft/world/item/crafting/display/SlotDisplay	(Lnet/minecraft/world/item/ItemStack;Lnet/minecraft/world/item/ItemStack;)Z	lambda$matches$0	method_1_3446
METHOD	net/minecraft/world/item/crafting/display/SlotDisplay	(Lnet/minecraft/util/context/ContextMap;Lnet/minecraft/world/item/ItemStack;)Z	matches	method_1_3447
CLASS	net/minecraft/advancements/criterion/BarrelRollTrigger	class_1_533
METHOD	net/minecraft/advancements/criterion/BarrelRollTrigger	(Lnet/minecraft/advancements/criterion/BarrelRollTrigger$TriggerInstance;)Z	lambda$trigger$0	method_1_3448
METHOD	net/minecraft/advancements/criterion/BarrelRollTrigger	(Lnet/minecraft/server/level/ServerPlayer;)V	trigger	method_1_3449
CLASS	net/minecraft/advancements/criterion/BarrelRollTrigger$TriggerInstance	class_1_534
FIELD	net/minecraft/advancements/criterion/BarrelRollTrigger$TriggerInstance	Lcom/mojang/serialization/Codec;	CODEC	field_1_2810
FIELD	net/minecraft/advancements/criterion/BarrelRollTrigger$TriggerInstance	Ljava/util/Optional;	player	comp_1_429
METHOD	net/minecraft/advancements/criterion/BarrelRollTrigger$TriggerInstance	()Lnet/minecraft/advancements/Criterion;	barrelRolled	method_1_3450
METHOD	net/minecraft/advancements/criterion/BarrelRollTrigger$TriggerInstance	()Lnet/minecraft/advancements/Criterion;	barrelRolledInEnd	method_1_3451
METHOD	net/minecraft/advancements/criterion/BarrelRollTrigger$TriggerInstance	()Lnet/minecraft/advancements/Criterion;	barrelRolledInNether	method_1_3452
METHOD	net/minecraft/advancements/criterion/BarrelRollTrigger$TriggerInstance	(Lcom/mojang/serialization/codecs/RecordCodecBuilder$Instance;)Lcom/mojang/datafixers/kinds/App;	lambda$static$0	method_1_3453
CLASS	net/minecraft/world/entity/livingblock/LivingBlockType	class_1_535
FIELD	net/minecraft/world/entity/livingblock/LivingBlockType	Ljava/util/List;	behaviors	field_1_2811
FIELD	net/minecraft/world/entity/livingblock/LivingBlockType	Lnet/minecraft/world/entity/livingblock/CollisionInteraction;	collision	field_1_2812
FIELD	net/minecraft/world/entity/livingblock/LivingBlockType	Z	fireImmune	field_1_2813
FIELD	net/minecraft/world/entity/livingblock/LivingBlockType	Ljava/util/function/Supplier;	movement	field_1_2814
FIELD	net/minecraft/world/entity/livingblock/LivingBlockType	Ljava/util/function/Supplier;	onHurt	field_1_2815
FIELD	net/minecraft/world/entity/livingblock/LivingBlockType	Ljava/util/function/Supplier;	onInteract	field_1_2816
METHOD	net/minecraft/world/entity/livingblock/LivingBlockType	()Lnet/minecraft/world/entity/livingblock/LivingBlockType$Builder;	builder	method_1_3454
METHOD	net/minecraft/world/entity/livingblock/LivingBlockType	(Lnet/minecraft/world/level/Level;Lnet/minecraft/world/item/ItemStack;)Lnet/minecraft/world/entity/livingblock/LivingBlock;	create	method_1_3455
METHOD	net/minecraft/world/entity/livingblock/LivingBlockType	(Lnet/minecraft/world/level/Level;Lnet/minecraft/world/level/block/state/BlockState;)Lnet/minecraft/world/entity/livingblock/LivingBlock;	create	method_1_3456
METHOD	net/minecraft/world/entity/livingblock/LivingBlockType	(Lnet/minecraft/world/entity/livingblock/LivingBlock;)Ljava/util/List;	createBehaviorsFor	method_1_3457
METHOD	net/minecraft/world/entity/livingblock/LivingBlockType	()Lnet/minecraft/world/entity/livingblock/CollisionInteraction;	getCollision	method_1_3458
METHOD	net/minecraft/world/entity/livingblock/LivingBlockType	()Lnet/minecraft/world/entity/livingblock/movement/MovementStrategy;	getMovement	method_1_3459
METHOD	net/minecraft/world/entity/livingblock/LivingBlockType	()Lnet/minecraft/world/entity/livingblock/hurt/OnHurt;	getOnHurt	method_1_3460
METHOD	net/minecraft/world/entity/livingblock/LivingBlockType	()Lnet/minecraft/world/entity/livingblock/interact/OnInteract;	getOnInteract	method_1_3461
METHOD	net/minecraft/world/entity/livingblock/LivingBlockType	()Lnet/minecraft/world/entity/livingblock/hurt/OnHurt;	lambda$builder$0	method_1_3462
METHOD	net/minecraft/world/entity/livingblock/LivingBlockType	()Lnet/minecraft/world/entity/livingblock/LivingBlockType$Builder;	toBuilder	method_1_3463
CLASS	net/minecraft/world/entity/livingblock/LivingBlockType$Builder	class_1_536
FIELD	net/minecraft/world/entity/livingblock/LivingBlockType$Builder	Ljava/util/List;	behaviors	field_1_2817
FIELD	net/minecraft/world/entity/livingblock/LivingBlockType$Builder	Lnet/minecraft/world/entity/livingblock/CollisionInteraction;	collision	field_1_2818
FIELD	net/minecraft/world/entity/livingblock/LivingBlockType$Builder	Z	fireImmune	field_1_2819
FIELD	net/minecraft/world/entity/livingblock/LivingBlockType$Builder	Ljava/util/function/Supplier;	movement	field_1_2820
FIELD	net/minecraft/world/entity/livingblock/LivingBlockType$Builder	Ljava/util/function/Supplier;	onHurt	field_1_2821
FIELD	net/minecraft/world/entity/livingblock/LivingBlockType$Builder	Ljava/util/function/Supplier;	onInteract	field_1_2822
METHOD	net/minecraft/world/entity/livingblock/LivingBlockType$Builder	(Ljava/util/function/UnaryOperator;)Lnet/minecraft/world/entity/livingblock/LivingBlockType$Builder;	apply	method_1_3464
METHOD	net/minecraft/world/entity/livingblock/LivingBlockType$Builder	(Lnet/minecraft/world/entity/livingblock/behavior/LivingBlockBehaviorType;)Lnet/minecraft/world/entity/livingblock/LivingBlockType$Builder;	behavior	method_1_3465
METHOD	net/minecraft/world/entity/livingblock/LivingBlockType$Builder	()Lnet/minecraft/world/entity/livingblock/LivingBlockType;	build	method_1_3466
METHOD	net/minecraft/world/entity/livingblock/LivingBlockType$Builder	(Lnet/minecraft/world/entity/livingblock/CollisionInteraction;)Lnet/minecraft/world/entity/livingblock/LivingBlockType$Builder;	collision	method_1_3467
METHOD	net/minecraft/world/entity/livingblock/LivingBlockType$Builder	()Lnet/minecraft/world/entity/livingblock/LivingBlockType$Builder;	fireImmune	method_1_3468
METHOD	net/minecraft/world/entity/livingblock/LivingBlockType$Builder	(Ljava/util/function/Supplier;)Lnet/minecraft/world/entity/livingblock/LivingBlockType$Builder;	moveUsing	method_1_3469
METHOD	net/minecraft/world/entity/livingblock/LivingBlockType$Builder	(Ljava/util/function/Supplier;)Lnet/minecraft/world/entity/livingblock/LivingBlockType$Builder;	onHurt	method_1_3470
METHOD	net/minecraft/world/entity/livingblock/LivingBlockType$Builder	(Ljava/util/function/Supplier;)Lnet/minecraft/world/entity/livingblock/LivingBlockType$Builder;	onInteract	method_1_3471
CLASS	net/minecraft/world/entity/livingblock/cognition/Prize	class_1_537
METHOD	net/minecraft/world/entity/livingblock/cognition/Prize	()Z	exists	method_1_3472
METHOD	net/minecraft/world/entity/livingblock/cognition/Prize	()V	forget	method_1_3473
METHOD	net/minecraft/world/entity/livingblock/cognition/Prize	()Ljava/lang/Object;	get	method_1_3474
CLASS	net/minecraft/world/entity/livingblock/cognition/Prize$None	class_1_538
FIELD	net/minecraft/client/renderer/blockentity/VaultRenderer	F	FLAT_ITEM_DEPTH_THRESHOLD	field_1_2823
FIELD	net/minecraft/client/renderer/blockentity/VaultRenderer	F	ITEM_BUNDLE_OFFSET_SCALE	field_1_2824
METHOD	net/minecraft/client/renderer/blockentity/VaultRenderer	(Lcom/mojang/blaze3d/vertex/PoseStack;Lnet/minecraft/client/renderer/SubmitNodeCollector;ILnet/minecraft/client/renderer/entity/state/ItemClusterRenderState;Lnet/minecraft/util/RandomSource;)V	renderMultipleFromCount	method_1_3475
METHOD	net/minecraft/client/renderer/blockentity/VaultRenderer	(Lcom/mojang/blaze3d/vertex/PoseStack;Lnet/minecraft/client/renderer/SubmitNodeCollector;ILnet/minecraft/client/renderer/entity/state/ItemClusterRenderState;Lnet/minecraft/util/RandomSource;)V	submitMultipleFromCount	method_1_3476
METHOD	net/minecraft/client/renderer/blockentity/VaultRenderer	(Lcom/mojang/blaze3d/vertex/PoseStack;Lnet/minecraft/client/renderer/SubmitNodeCollector;ILnet/minecraft/client/renderer/entity/state/ItemClusterRenderState;Lnet/minecraft/util/RandomSource;Lnet/minecraft/world/phys/AABB;)V	submitMultipleFromCount	method_1_3477
METHOD	net/minecraft/world/entity/ai/behavior/InteractWithDoor	(Lnet/minecraft/world/entity/Entity;)Z	lambda$areOtherMobsComingThroughDoor$2	method_1_3478
CLASS	net/minecraft/world/entity/livingblock/LivingBlockGroup	class_1_539
FIELD	net/minecraft/world/entity/livingblock/LivingBlockGroup	[Lnet/minecraft/world/entity/livingblock/LivingBlockGroup;	$VALUES	field_1_2825
FIELD	net/minecraft/world/entity/livingblock/LivingBlockGroup	Lnet/minecraft/world/entity/livingblock/LivingBlockGroup;	ALL	field_1_2826
FIELD	net/minecraft/world/entity/livingblock/LivingBlockGroup	Lnet/minecraft/world/entity/livingblock/LivingBlockGroup;	AQUA	field_1_2827
FIELD	net/minecraft/world/entity/livingblock/LivingBlockGroup	Lnet/minecraft/world/entity/livingblock/LivingBlockGroup;	BLUE	field_1_2828
FIELD	net/minecraft/world/entity/livingblock/LivingBlockGroup	Ljava/util/function/IntFunction;	BY_ID	field_1_2829
FIELD	net/minecraft/world/entity/livingblock/LivingBlockGroup	Lnet/minecraft/util/StringRepresentable$EnumCodec;	CODEC	field_1_2830
FIELD	net/minecraft/world/entity/livingblock/LivingBlockGroup	Lnet/minecraft/world/entity/livingblock/LivingBlockGroup;	LIME	field_1_2831
FIELD	net/minecraft/world/entity/livingblock/LivingBlockGroup	Lnet/minecraft/world/entity/livingblock/LivingBlockGroup;	NONE	field_1_2832
FIELD	net/minecraft/world/entity/livingblock/LivingBlockGroup	Lnet/minecraft/world/entity/livingblock/LivingBlockGroup;	PURPLE	field_1_2833
FIELD	net/minecraft/world/entity/livingblock/LivingBlockGroup	Lnet/minecraft/world/entity/livingblock/LivingBlockGroup;	RED	field_1_2834
FIELD	net/minecraft/world/entity/livingblock/LivingBlockGroup	Lnet/minecraft/world/entity/livingblock/LivingBlockGroup;	YELLOW	field_1_2835
FIELD	net/minecraft/world/entity/livingblock/LivingBlockGroup	I	color	field_1_2836
FIELD	net/minecraft/world/entity/livingblock/LivingBlockGroup	I	id	field_1_2837
FIELD	net/minecraft/world/entity/livingblock/LivingBlockGroup	Ljava/lang/String;	name	field_1_2838
METHOD	net/minecraft/world/entity/livingblock/LivingBlockGroup	()[Lnet/minecraft/world/entity/livingblock/LivingBlockGroup;	$values	method_1_3479
METHOD	net/minecraft/world/entity/livingblock/LivingBlockGroup	()I	color	method_1_3480
METHOD	net/minecraft/world/entity/livingblock/LivingBlockGroup	()I	id	method_1_3481
CLASS	net/minecraft/world/entity/livingblock/LivingBlockTypes	class_1_540
FIELD	net/minecraft/world/entity/livingblock/LivingBlockTypes	Lnet/minecraft/world/entity/livingblock/LivingBlockTypes$Preset;	BLOCK	field_1_2839
FIELD	net/minecraft/world/entity/livingblock/LivingBlockTypes	Lnet/minecraft/world/entity/livingblock/LivingBlockType;	BUCKET_TYPE	field_1_2840
FIELD	net/minecraft/world/entity/livingblock/LivingBlockTypes	Lnet/minecraft/world/entity/livingblock/LivingBlockTypes$Preset;	CONTAINER	field_1_2841
FIELD	net/minecraft/world/entity/livingblock/LivingBlockTypes	Lnet/minecraft/world/entity/livingblock/LivingBlockTypes$Preset;	DEFAULT	field_1_2842
FIELD	net/minecraft/world/entity/livingblock/LivingBlockTypes	Lnet/minecraft/world/entity/livingblock/LivingBlockType;	DEFAULT_BLOCK	field_1_2843
FIELD	net/minecraft/world/entity/livingblock/LivingBlockTypes	Lnet/minecraft/world/entity/livingblock/LivingBlockType;	DEFAULT_ITEM	field_1_2844
FIELD	net/minecraft/world/entity/livingblock/LivingBlockTypes	Lnet/minecraft/world/entity/livingblock/LivingBlockTypes$Preset;	DEFAULT_MELEE	field_1_2845
FIELD	net/minecraft/world/entity/livingblock/LivingBlockTypes	Lnet/minecraft/world/entity/livingblock/LivingBlockType;	DEFAULT_NON_COLLIDABLE_BLOCK	field_1_2846
FIELD	net/minecraft/world/entity/livingblock/LivingBlockTypes	Lnet/minecraft/world/entity/livingblock/LivingBlockTypes$Preset;	DEFAULT_RANGED	field_1_2847
FIELD	net/minecraft/world/entity/livingblock/LivingBlockTypes	Lnet/minecraft/world/entity/livingblock/LivingBlockTypes$Preset;	DEFEND	field_1_2848
FIELD	net/minecraft/world/entity/livingblock/LivingBlockTypes	Lnet/minecraft/world/entity/livingblock/LivingBlockTypes$Preset;	ITEM	field_1_2849
FIELD	net/minecraft/world/entity/livingblock/LivingBlockTypes	Lnet/minecraft/world/entity/livingblock/LivingBlockTypes$Preset;	MELEE	field_1_2850
FIELD	net/minecraft/world/entity/livingblock/LivingBlockTypes	Lnet/minecraft/world/entity/livingblock/LivingBlockTypes$Preset;	MINING	field_1_2851
FIELD	net/minecraft/world/entity/livingblock/LivingBlockTypes	Lnet/minecraft/world/entity/livingblock/LivingBlockTypes$Preset;	PASSIVE	field_1_2852
FIELD	net/minecraft/world/entity/livingblock/LivingBlockTypes	Lnet/minecraft/world/entity/livingblock/LivingBlockTypes$Preset;	RANGED	field_1_2853
FIELD	net/minecraft/world/entity/livingblock/LivingBlockTypes	Lnet/minecraft/world/entity/livingblock/LivingBlockTypeRegistry;	REGISTRY	field_1_2854
FIELD	net/minecraft/world/entity/livingblock/LivingBlockTypes	Lnet/minecraft/world/entity/livingblock/LivingBlockTypes$Preset;	SMELTING	field_1_2855
FIELD	net/minecraft/world/entity/livingblock/LivingBlockTypes	Lnet/minecraft/world/entity/livingblock/LivingBlockTypes$Preset;	TOOL	field_1_2856
METHOD	net/minecraft/world/entity/livingblock/LivingBlockTypes	(Lnet/minecraft/world/entity/livingblock/LivingBlockTypeRegistry$Builder;Lnet/minecraft/world/level/block/Block;Lnet/minecraft/world/level/block/Block;)V	barsAndTrap	method_1_3482
METHOD	net/minecraft/world/entity/livingblock/LivingBlockTypes	()Lnet/minecraft/world/entity/livingblock/LivingBlockTypeRegistry;	buildRegistry	method_1_3483
METHOD	net/minecraft/world/entity/livingblock/LivingBlockTypes	(Lnet/minecraft/world/level/block/Block;Lnet/minecraft/world/entity/livingblock/LivingBlock;)Z	lambda$barsAndTrap$0	method_1_3484
METHOD	net/minecraft/world/entity/livingblock/LivingBlockTypes	(Lnet/minecraft/world/level/block/Block;Lnet/minecraft/world/level/block/state/BlockState;)Lnet/minecraft/world/level/block/state/BlockState;	lambda$barsAndTrap$1	method_1_3485
METHOD	net/minecraft/world/entity/livingblock/LivingBlockTypes	(Lnet/minecraft/world/level/Level;Lnet/minecraft/core/BlockPos;Lnet/minecraft/world/level/block/state/BlockState;)Z	lambda$buildRegistry$0	method_1_3486
METHOD	net/minecraft/world/entity/livingblock/LivingBlockTypes	(Lnet/minecraft/world/level/Level;Lnet/minecraft/core/BlockPos;Lnet/minecraft/world/level/block/state/BlockState;)Z	lambda$buildRegistry$1	method_1_3487
METHOD	net/minecraft/world/entity/livingblock/LivingBlockTypes	()Lnet/minecraft/world/entity/livingblock/movement/MovementStrategy;	lambda$buildRegistry$10	method_1_3488
METHOD	net/minecraft/world/entity/livingblock/LivingBlockTypes	()Lnet/minecraft/world/entity/livingblock/hurt/OnHurt;	lambda$buildRegistry$11	method_1_3489
METHOD	net/minecraft/world/entity/livingblock/LivingBlockTypes	(Lnet/minecraft/world/entity/player/Player;)Z	lambda$buildRegistry$12	method_1_3490
METHOD	net/minecraft/world/entity/livingblock/LivingBlockTypes	(Lnet/minecraft/world/level/Level;Lnet/minecraft/core/BlockPos;Lnet/minecraft/world/level/block/state/BlockState;)Z	lambda$buildRegistry$2	method_1_3491
METHOD	net/minecraft/world/entity/livingblock/LivingBlockTypes	(Lnet/minecraft/world/entity/livingblock/LivingBlock;)Z	lambda$buildRegistry$3	method_1_3492
METHOD	net/minecraft/world/entity/livingblock/LivingBlockTypes	(Lnet/minecraft/world/entity/livingblock/LivingBlock;)Z	lambda$buildRegistry$4	method_1_3493
METHOD	net/minecraft/world/entity/livingblock/LivingBlockTypes	(Lnet/minecraft/world/entity/livingblock/LivingBlock;)Z	lambda$buildRegistry$5	method_1_3494
METHOD	net/minecraft/world/entity/livingblock/LivingBlockTypes	(Lnet/minecraft/world/entity/livingblock/LivingBlock;)V	lambda$buildRegistry$6	method_1_3495
METHOD	net/minecraft/world/entity/livingblock/LivingBlockTypes	(Lnet/minecraft/world/entity/livingblock/LivingBlock;)Z	lambda$buildRegistry$7	method_1_3496
METHOD	net/minecraft/world/entity/livingblock/LivingBlockTypes	(Lnet/minecraft/world/entity/livingblock/LivingBlock;)Z	lambda$buildRegistry$8	method_1_3497
METHOD	net/minecraft/world/entity/livingblock/LivingBlockTypes	(Lnet/minecraft/world/entity/livingblock/LivingBlock;)V	lambda$buildRegistry$9	method_1_3498
METHOD	net/minecraft/world/entity/livingblock/LivingBlockTypes	(Lnet/minecraft/world/entity/livingblock/LivingBlockType$Builder;)Lnet/minecraft/world/entity/livingblock/LivingBlockType$Builder;	lambda$static$0	method_1_3499
METHOD	net/minecraft/world/entity/livingblock/LivingBlockTypes	(Lnet/minecraft/world/entity/livingblock/LivingBlockType$Builder;)Lnet/minecraft/world/entity/livingblock/LivingBlockType$Builder;	lambda$static$1	method_1_3500
METHOD	net/minecraft/world/entity/livingblock/LivingBlockTypes	(Lnet/minecraft/world/entity/livingblock/LivingBlockType$Builder;)Lnet/minecraft/world/entity/livingblock/LivingBlockType$Builder;	lambda$static$10	method_1_3501
METHOD	net/minecraft/world/entity/livingblock/LivingBlockTypes	(Lnet/minecraft/world/entity/livingblock/LivingBlockType$Builder;)Lnet/minecraft/world/entity/livingblock/LivingBlockType$Builder;	lambda$static$2	method_1_3502
METHOD	net/minecraft/world/entity/livingblock/LivingBlockTypes	(Lnet/minecraft/world/entity/livingblock/LivingBlockType$Builder;)Lnet/minecraft/world/entity/livingblock/LivingBlockType$Builder;	lambda$static$3	method_1_3503
METHOD	net/minecraft/world/entity/livingblock/LivingBlockTypes	(Lnet/minecraft/world/entity/livingblock/LivingBlockType$Builder;)Lnet/minecraft/world/entity/livingblock/LivingBlockType$Builder;	lambda$static$4	method_1_3504
METHOD	net/minecraft/world/entity/livingblock/LivingBlockTypes	(Lnet/minecraft/world/entity/livingblock/LivingBlockType$Builder;)Lnet/minecraft/world/entity/livingblock/LivingBlockType$Builder;	lambda$static$5	method_1_3505
METHOD	net/minecraft/world/entity/livingblock/LivingBlockTypes	(Lnet/minecraft/world/entity/livingblock/LivingBlockType$Builder;)Lnet/minecraft/world/entity/livingblock/LivingBlockType$Builder;	lambda$static$6	method_1_3506
METHOD	net/minecraft/world/entity/livingblock/LivingBlockTypes	(Lnet/minecraft/world/entity/livingblock/LivingBlockType$Builder;)Lnet/minecraft/world/entity/livingblock/LivingBlockType$Builder;	lambda$static$7	method_1_3507
METHOD	net/minecraft/world/entity/livingblock/LivingBlockTypes	(Lnet/minecraft/world/entity/livingblock/LivingBlockType$Builder;)Lnet/minecraft/world/entity/livingblock/LivingBlockType$Builder;	lambda$static$8	method_1_3508
METHOD	net/minecraft/world/entity/livingblock/LivingBlockTypes	(Lnet/minecraft/world/entity/livingblock/LivingBlockType$Builder;)Lnet/minecraft/world/entity/livingblock/LivingBlockType$Builder;	lambda$static$9	method_1_3509
CLASS	net/minecraft/world/entity/livingblock/LivingBlockTypes$Preset	class_1_541
METHOD	net/minecraft/world/entity/livingblock/LivingBlockTypes$Preset	(Lnet/minecraft/world/entity/livingblock/LivingBlockTypes$Preset;)Lnet/minecraft/world/entity/livingblock/LivingBlockTypes$Preset;	and	method_1_3510
METHOD	net/minecraft/world/entity/livingblock/LivingBlockTypes$Preset	(Lnet/minecraft/world/entity/livingblock/LivingBlockTypes$Preset;Lnet/minecraft/world/entity/livingblock/LivingBlockType$Builder;)Lnet/minecraft/world/entity/livingblock/LivingBlockType$Builder;	lambda$and$0	method_1_3511
CLASS	net/minecraft/world/entity/livingblock/cognition/Action	class_1_542
FIELD	net/minecraft/world/entity/livingblock/cognition/Action	I	index	comp_1_430
FIELD	net/minecraft/world/entity/livingblock/cognition/Action	Ljava/util/function/Function;	intent	comp_1_431
FIELD	net/minecraft/world/entity/livingblock/cognition/Action	I	nextIndex	field_1_2857
METHOD	net/minecraft/world/entity/livingblock/cognition/Action	(Ljava/util/function/Function;)Lnet/minecraft/world/entity/livingblock/cognition/Action;	of	method_1_3512
CLASS	net/minecraft/world/entity/livingblock/cognition/Agency	class_1_543
METHOD	net/minecraft/world/entity/livingblock/cognition/Agency	(Lnet/minecraft/world/entity/livingblock/cognition/Desire;)Lnet/minecraft/world/entity/livingblock/cognition/Prize;	inPursuitOf	method_1_3513
METHOD	net/minecraft/world/entity/livingblock/cognition/Agency	(Lnet/minecraft/world/entity/livingblock/cognition/Action;)Lnet/minecraft/world/entity/livingblock/cognition/Intent;	withIntentTo	method_1_3514
CLASS	net/minecraft/world/entity/livingblock/cognition/Desire	class_1_544
FIELD	net/minecraft/world/entity/livingblock/cognition/Desire	I	index	comp_1_432
FIELD	net/minecraft/world/entity/livingblock/cognition/Desire	I	nextIndex	field_1_2858
METHOD	net/minecraft/world/entity/livingblock/cognition/Desire	()Lnet/minecraft/world/entity/livingblock/cognition/Desire;	of	method_1_3515
CLASS	net/minecraft/world/entity/livingblock/cognition/Intent	class_1_545
METHOD	net/minecraft/world/entity/livingblock/cognition/Intent	()V	clear	method_1_3516
METHOD	net/minecraft/world/entity/livingblock/cognition/Intent	(Ljava/util/function/Consumer;Ljava/lang/Object;)Lnet/minecraft/world/entity/livingblock/cognition/Intent;	consuming	method_1_3517
METHOD	net/minecraft/world/entity/livingblock/cognition/Intent	(Ljava/lang/Object;)V	update	method_1_3518
FIELD	net/minecraft/world/entity/livingblock/cognition/Intent$1	Ljava/lang/Object;	val$clearValue	field_1_2859
FIELD	net/minecraft/world/entity/livingblock/cognition/Intent$1	Ljava/util/function/Consumer;	val$update	field_1_2860
CLASS	net/minecraft/world/entity/livingblock/cognition/Intent$None	class_1_546
FIELD	net/minecraft/advancements/criterion/EntitySubPredicates	Lcom/mojang/serialization/MapCodec;	LIVING_BLOCK	field_1_2861
FIELD	net/minecraft/client/gui/screens/recipebook/RecipeButton	Lnet/minecraft/util/context/ContextMap;	context	field_1_2862
METHOD	net/minecraft/client/gui/screens/recipebook/RecipeButton	()Ljava/util/List;	getCurrentRecipeIngredients	method_1_3519
METHOD	net/minecraft/client/gui/screens/recipebook/RecipeButton	()Ljava/util/Optional;	getTooltipImage	method_1_3520
FIELD	net/minecraft/client/gui/screens/recipebook/RecipeButton$ResolvedEntry	Lnet/minecraft/world/item/crafting/display/RecipeDisplay;	recipe	comp_1_433
METHOD	net/minecraft/client/gui/screens/recipebook/RecipeButton$ResolvedEntry	(Lnet/minecraft/util/context/ContextMap;)Ljava/util/List;	getIngredients	method_1_3521
METHOD	net/minecraft/client/gui/screens/recipebook/RecipeButton$ResolvedEntry	(Ljava/util/List;Lnet/minecraft/util/context/ContextMap;Lnet/minecraft/world/item/crafting/display/SlotDisplay;)V	lambda$getIngredients$0	method_1_3522
CLASS	net/minecraft/client/renderer/entity/LivingBlockRenderer	class_1_547
FIELD	net/minecraft/client/renderer/entity/LivingBlockRenderer	Lnet/minecraft/client/renderer/block/model/BlockDisplayContext;	BLOCK_DISPLAY_CONTEXT	field_1_2863
FIELD	net/minecraft/client/renderer/entity/LivingBlockRenderer	I	OTHER_PLAYER_COLOR	field_1_2864
FIELD	net/minecraft/client/renderer/entity/LivingBlockRenderer	I	SELECTED_COLOR	field_1_2865
FIELD	net/minecraft/client/renderer/entity/LivingBlockRenderer	Lnet/minecraft/client/renderer/block/BlockModelResolver;	blockModelResolver	field_1_2866
FIELD	net/minecraft/client/renderer/entity/LivingBlockRenderer	Lnet/minecraft/client/renderer/item/ItemModelResolver;	itemModelResolver	field_1_2867
METHOD	net/minecraft/client/renderer/entity/LivingBlockRenderer	(FLcom/mojang/blaze3d/vertex/PoseStack;)V	applyDeathFall	method_1_3523
METHOD	net/minecraft/client/renderer/entity/LivingBlockRenderer	(Lcom/mojang/blaze3d/vertex/PoseStack;FZLnet/minecraft/world/phys/Vec3;Lorg/joml/Quaternionf;F)V	applyRotation	method_1_3524
METHOD	net/minecraft/client/renderer/entity/LivingBlockRenderer	(Lnet/minecraft/world/entity/livingblock/LivingBlock;)I	computeOutlineColor	method_1_3525
METHOD	net/minecraft/client/renderer/entity/LivingBlockRenderer	()Lnet/minecraft/client/renderer/entity/state/LivingBlockRenderState;	createRenderState	method_1_3526
METHOD	net/minecraft/client/renderer/entity/LivingBlockRenderer	(Lnet/minecraft/world/entity/livingblock/LivingBlock;Lnet/minecraft/client/renderer/entity/state/LivingBlockRenderState;F)V	extractRenderState	method_1_3527
METHOD	net/minecraft/client/renderer/entity/LivingBlockRenderer	(Lnet/minecraft/world/entity/livingblock/LivingBlock;Lnet/minecraft/client/renderer/entity/state/LivingBlockRenderState;F)V	extractRotation	method_1_3528
METHOD	net/minecraft/client/renderer/entity/LivingBlockRenderer	(FFF)[Lorg/joml/Vector3f;	getCorners	method_1_3529
METHOD	net/minecraft/client/renderer/entity/LivingBlockRenderer	(Lnet/minecraft/client/renderer/entity/state/LivingBlockRenderState;Lcom/mojang/blaze3d/vertex/PoseStack;Lnet/minecraft/client/renderer/SubmitNodeCollector;Lnet/minecraft/client/renderer/state/level/CameraRenderState;)V	submit	method_1_3530
METHOD	net/minecraft/world/entity/ai/sensing/AdultSensorAnyType	(Lnet/minecraft/world/entity/Entity;)Lnet/minecraft/world/entity/LivingEntity;	lambda$setNearestVisibleAdult$1	method_1_3531
METHOD	net/minecraft/world/entity/ai/sensing/WardenEntitySensor	(Lnet/minecraft/world/entity/Entity;)Z	lambda$doTick$0	method_1_3532
METHOD	net/minecraft/world/entity/ai/sensing/WardenEntitySensor	(Lnet/minecraft/world/entity/Entity;)Z	lambda$doTick$2	method_1_3533
CLASS	net/minecraft/world/entity/livingblock/cognition/Desires	class_1_548
FIELD	net/minecraft/world/entity/livingblock/cognition/Desires	Lnet/minecraft/world/entity/livingblock/cognition/Desire;	APPROACH	field_1_2868
FIELD	net/minecraft/world/entity/livingblock/cognition/Desires	Lnet/minecraft/world/entity/livingblock/cognition/Desire;	ATTACK	field_1_2869
FIELD	net/minecraft/world/entity/livingblock/cognition/Desires	Lnet/minecraft/world/entity/livingblock/cognition/Desire;	BUILD	field_1_2870
FIELD	net/minecraft/world/entity/livingblock/cognition/Desires	Lnet/minecraft/world/entity/livingblock/cognition/Desire;	MINE	field_1_2871
FIELD	net/minecraft/world/entity/livingblock/cognition/Desires	Lnet/minecraft/world/entity/livingblock/cognition/Desire;	PROTECT	field_1_2872
CLASS	net/minecraft/world/entity/livingblock/hurt/package-info	class_1_549
CLASS	net/minecraft/advancements/criterion/LivingBlockPredicate	class_1_550
FIELD	net/minecraft/advancements/criterion/LivingBlockPredicate	Lcom/mojang/serialization/MapCodec;	CODEC	field_1_2873
FIELD	net/minecraft/advancements/criterion/LivingBlockPredicate	Lnet/minecraft/advancements/criterion/ItemPredicate;	item	comp_1_434
METHOD	net/minecraft/advancements/criterion/LivingBlockPredicate	(Lcom/mojang/serialization/codecs/RecordCodecBuilder$Instance;)Lcom/mojang/datafixers/kinds/App;	lambda$static$0	method_1_3534
METHOD	net/minecraft/advancements/criterion/LivingBlockPredicate	(Lnet/minecraft/advancements/criterion/ItemPredicate;)Lnet/minecraft/advancements/criterion/LivingBlockPredicate;	ofItem	method_1_3535
CLASS	net/minecraft/client/renderer/entity/CraftingGridRenderer	class_1_551
FIELD	net/minecraft/client/renderer/entity/CraftingGridRenderer	Lnet/minecraft/client/renderer/rendertype/RenderType;	RENDER_TYPE_2X2	field_1_2874
FIELD	net/minecraft/client/renderer/entity/CraftingGridRenderer	Lnet/minecraft/client/renderer/rendertype/RenderType;	RENDER_TYPE_3X3	field_1_2875
FIELD	net/minecraft/client/renderer/entity/CraftingGridRenderer	Lnet/minecraft/resources/Identifier;	TEXTURE_LOCATION_2X2	field_1_2876
FIELD	net/minecraft/client/renderer/entity/CraftingGridRenderer	Lnet/minecraft/resources/Identifier;	TEXTURE_LOCATION_3X3	field_1_2877
FIELD	net/minecraft/client/renderer/entity/CraftingGridRenderer	I	TICKS_PER_GHOST_ITEM	field_1_2878
FIELD	net/minecraft/client/renderer/entity/CraftingGridRenderer	Lnet/minecraft/client/renderer/item/ItemModelResolver;	itemModelResolver	field_1_2879
METHOD	net/minecraft/client/renderer/entity/CraftingGridRenderer	()Lnet/minecraft/client/renderer/entity/state/CraftingGridRenderState;	createRenderState	method_1_3536
METHOD	net/minecraft/client/renderer/entity/CraftingGridRenderer	(Lnet/minecraft/world/entity/CraftingGrid;Lnet/minecraft/client/renderer/entity/state/CraftingGridRenderState;F)V	extractRenderState	method_1_3537
METHOD	net/minecraft/client/renderer/entity/CraftingGridRenderer	(Lcom/mojang/blaze3d/vertex/PoseStack$Pose;Lcom/mojang/blaze3d/vertex/VertexConsumer;)V	lambda$submit$0	method_1_3538
METHOD	net/minecraft/client/renderer/entity/CraftingGridRenderer	(Lnet/minecraft/client/renderer/entity/state/CraftingGridRenderState;Lcom/mojang/blaze3d/vertex/PoseStack;Lnet/minecraft/client/renderer/SubmitNodeCollector;Lnet/minecraft/client/renderer/state/level/CameraRenderState;)V	submit	method_1_3539
METHOD	net/minecraft/client/renderer/entity/CraftingGridRenderer	(Lcom/mojang/blaze3d/vertex/VertexConsumer;Lcom/mojang/blaze3d/vertex/PoseStack$Pose;FIII)V	vertex	method_1_3540
FIELD	net/minecraft/client/renderer/entity/HoveringItemRenderer	F	ITEM_RENDER_SCALE	field_1_2880
FIELD	net/minecraft/world/entity/projectile/arrow/AbstractArrow	I	LIFETIME	field_1_2881
METHOD	net/minecraft/world/entity/projectile/arrow/AbstractArrow	(I)V	setLife	method_1_3541
METHOD	net/minecraft/world/level/block/entity/SpawnerBlockEntity	(I)V	setMaxNearbyEntities	method_1_3542
METHOD	net/minecraft/advancements/criterion/SummonedEntityTrigger	(Lnet/minecraft/server/level/ServerPlayer;Lnet/minecraft/world/entity/Entity;)V	lambda$trigger$1	method_1_3543
METHOD	net/minecraft/advancements/criterion/SummonedEntityTrigger	(Lnet/minecraft/server/level/ServerPlayer;Ljava/util/Collection;)V	trigger	method_1_3544
FIELD	net/minecraft/client/gui/screens/inventory/InventoryScreen	Lnet/minecraft/client/gui/components/SpriteIconButton;	advancements	field_1_2882
METHOD	net/minecraft/client/gui/screens/inventory/InventoryScreen	(Lnet/minecraft/client/gui/components/Button;)V	openAdvancementsScreen	method_1_3545
METHOD	net/minecraft/world/entity/ai/sensing/PiglinSpecificSensor	(Lnet/minecraft/server/level/ServerLevel;Lnet/minecraft/world/entity/LivingEntity;)V	doTick	method_1_3546
METHOD	net/minecraft/world/entity/ai/sensing/PiglinSpecificSensor	(Lnet/minecraft/world/entity/Entity;)Z	lambda$doTick$0	method_1_3547
METHOD	net/minecraft/world/entity/ai/sensing/VillagerBabiesSensor	(Lnet/minecraft/server/level/ServerLevel;Lnet/minecraft/world/entity/LivingEntity;)V	doTick	method_1_3548
METHOD	net/minecraft/world/entity/ai/sensing/VillagerBabiesSensor	(Lnet/minecraft/world/entity/Entity;)Lnet/minecraft/world/entity/LivingEntity;	lambda$getNearestVillagerBabies$0	method_1_3549
CLASS	net/minecraft/world/entity/livingblock/interact/OnInteract	class_1_552
METHOD	net/minecraft/world/entity/livingblock/interact/OnInteract	(Lnet/minecraft/world/entity/player/Player;Lnet/minecraft/world/InteractionHand;Lnet/minecraft/world/phys/Vec3;Lnet/minecraft/world/entity/livingblock/LivingBlock;)Lnet/minecraft/world/InteractionResult;	apply	method_1_3550
CLASS	net/minecraft/world/entity/ai/goal/TemptedByLivingBlockGoal	class_1_553
FIELD	net/minecraft/world/entity/ai/goal/TemptedByLivingBlockGoal	D	DEFAULT_STOP_DISTANCE	field_1_2883
FIELD	net/minecraft/world/entity/ai/goal/TemptedByLivingBlockGoal	Lnet/minecraft/world/entity/ai/targeting/TargetingConditions;	TEMPT_TARGETING	field_1_2884
FIELD	net/minecraft/world/entity/ai/goal/TemptedByLivingBlockGoal	Lnet/minecraft/tags/TagKey;	blockTag	field_1_2885
FIELD	net/minecraft/world/entity/ai/goal/TemptedByLivingBlockGoal	Lnet/minecraft/world/entity/livingblock/LivingBlock;	blockToFollow	field_1_2886
FIELD	net/minecraft/world/entity/ai/goal/TemptedByLivingBlockGoal	I	calmDown	field_1_2887
FIELD	net/minecraft/world/entity/ai/goal/TemptedByLivingBlockGoal	Z	canScare	field_1_2888
FIELD	net/minecraft/world/entity/ai/goal/TemptedByLivingBlockGoal	Z	isRunning	field_1_2889
FIELD	net/minecraft/world/entity/ai/goal/TemptedByLivingBlockGoal	I	looseInterestTimer	field_1_2890
FIELD	net/minecraft/world/entity/ai/goal/TemptedByLivingBlockGoal	Lnet/minecraft/world/entity/Mob;	mob	field_1_2891
FIELD	net/minecraft/world/entity/ai/goal/TemptedByLivingBlockGoal	Lnet/minecraft/world/entity/player/Player;	player	field_1_2892
FIELD	net/minecraft/world/entity/ai/goal/TemptedByLivingBlockGoal	D	speedModifier	field_1_2893
FIELD	net/minecraft/world/entity/ai/goal/TemptedByLivingBlockGoal	D	stopDistance	field_1_2894
FIELD	net/minecraft/world/entity/ai/goal/TemptedByLivingBlockGoal	Lnet/minecraft/world/entity/ai/targeting/TargetingConditions;	targetingConditions	field_1_2895
METHOD	net/minecraft/world/entity/ai/goal/TemptedByLivingBlockGoal	()Z	isRunning	method_1_3551
METHOD	net/minecraft/world/entity/ai/goal/TemptedByLivingBlockGoal	(Lnet/minecraft/world/entity/Entity;Lnet/minecraft/server/level/ServerLevel;)Z	lambda$new$0	method_1_3552
METHOD	net/minecraft/world/entity/ai/goal/TemptedByLivingBlockGoal	(Lnet/minecraft/world/entity/livingblock/LivingBlock;)Z	lambda$shouldFollow$0	method_1_3553
METHOD	net/minecraft/world/entity/ai/goal/TemptedByLivingBlockGoal	(Lnet/minecraft/world/entity/livingblock/LivingBlock;)V	navigateTowards	method_1_3554
METHOD	net/minecraft/world/entity/ai/goal/TemptedByLivingBlockGoal	(Lnet/minecraft/world/entity/LivingEntity;)Z	shouldFollow	method_1_3555
METHOD	net/minecraft/world/entity/ai/goal/TemptedByLivingBlockGoal	()V	stopNavigation	method_1_3556
CLASS	net/minecraft/world/entity/ai/goal/TemptedByLivingBlockGoal$ForNonPathfinders	class_1_554
METHOD	net/minecraft/world/entity/ai/targeting/TargetingConditions	()Lnet/minecraft/world/entity/ai/targeting/TargetingConditions;	livingBlock	method_1_3557
CLASS	net/minecraft/world/entity/livingblock/CollisionInteraction	class_1_555
FIELD	net/minecraft/world/entity/livingblock/CollisionInteraction	[Lnet/minecraft/world/entity/livingblock/CollisionInteraction;	$VALUES	field_1_2896
FIELD	net/minecraft/world/entity/livingblock/CollisionInteraction	Lnet/minecraft/world/entity/livingblock/CollisionInteraction;	BLOCK	field_1_2897
FIELD	net/minecraft/world/entity/livingblock/CollisionInteraction	Lnet/minecraft/world/entity/livingblock/CollisionInteraction;	ENTITY	field_1_2898
FIELD	net/minecraft/world/entity/livingblock/CollisionInteraction	Lnet/minecraft/world/entity/livingblock/CollisionInteraction;	NONE	field_1_2899
METHOD	net/minecraft/world/entity/livingblock/CollisionInteraction	()[Lnet/minecraft/world/entity/livingblock/CollisionInteraction;	$values	method_1_3558
METHOD	net/minecraft/world/entity/livingblock/CollisionInteraction	()Z	canBeCollidedWith	method_1_3559
METHOD	net/minecraft/world/entity/livingblock/CollisionInteraction	()Z	canBeNudged	method_1_3560
METHOD	net/minecraft/world/entity/livingblock/CollisionInteraction	()Z	isPushable	method_1_3561
CLASS	net/minecraft/world/entity/livingblock/cognition/MineTarget	class_1_556
FIELD	net/minecraft/world/entity/livingblock/cognition/MineTarget	Lnet/minecraft/world/level/block/Block;	block	comp_1_435
FIELD	net/minecraft/world/entity/livingblock/cognition/MineTarget	Lnet/minecraft/core/BlockPos;	pos	comp_1_436
CLASS	net/minecraft/world/entity/livingblock/interact/ConsumeItem	class_1_557
METHOD	net/minecraft/world/item/component/BlockItemStateProperties	(Lnet/minecraft/world/level/block/state/BlockState;)Lnet/minecraft/world/item/component/BlockItemStateProperties;	from	method_1_3562
METHOD	net/minecraft/world/item/component/BlockItemStateProperties	(Lnet/minecraft/world/level/block/state/BlockState;Lnet/minecraft/world/level/block/state/properties/Property;)Ljava/lang/String;	getName	method_1_3563
METHOD	net/minecraft/world/item/component/BlockItemStateProperties	(Lnet/minecraft/world/level/block/state/properties/Property;Ljava/lang/Comparable;)Ljava/lang/Comparable;	getOrDefault	method_1_3564
METHOD	net/minecraft/world/item/component/BlockItemStateProperties	(Lnet/minecraft/world/level/block/state/BlockState;Lnet/minecraft/world/level/block/state/properties/Property;)Ljava/lang/String;	lambda$from$0	method_1_3565
METHOD	net/minecraft/world/level/block/entity/BrushableBlockEntity	(Lnet/minecraft/world/entity/livingblock/LivingBlock;)V	lambda$dropContent$0	method_1_3566
CLASS	net/minecraft/world/entity/livingblock/behavior/package-info	class_1_558
CLASS	net/minecraft/world/entity/livingblock/cognition/AgencyProbe	class_1_559
FIELD	net/minecraft/world/entity/livingblock/cognition/AgencyProbe	I	mutex	field_1_2900
FIELD	net/minecraft/world/entity/livingblock/cognition/AgencyProbe	I	pursuedDesires	field_1_2901
METHOD	net/minecraft/world/entity/livingblock/cognition/AgencyProbe	()I	getMutex	method_1_3567
METHOD	net/minecraft/world/entity/livingblock/cognition/AgencyProbe	()I	getPursuedDesires	method_1_3568
CLASS	net/minecraft/world/entity/livingblock/cognition/BuildTarget	class_1_560
FIELD	net/minecraft/world/entity/livingblock/cognition/BuildTarget	Lnet/minecraft/core/Direction;	direction	comp_1_437
FIELD	net/minecraft/world/entity/livingblock/cognition/BuildTarget	Lnet/minecraft/core/BlockPos;	pos	comp_1_438
CLASS	net/minecraft/world/entity/livingblock/interact/package-info	class_1_561
CLASS	net/minecraft/world/entity/livingblock/movement/MovementData	class_1_562
FIELD	net/minecraft/world/entity/livingblock/movement/MovementData	Lnet/minecraft/world/entity/livingblock/movement/MovementData;	EMPTY	field_1_2902
FIELD	net/minecraft/world/entity/livingblock/movement/MovementData	Lnet/minecraft/network/codec/StreamCodec;	STREAM_CODEC	field_1_2903
METHOD	net/minecraft/world/entity/livingblock/movement/MovementData$2	(Lio/netty/buffer/ByteBuf;)Lnet/minecraft/world/entity/livingblock/movement/MovementData;	decode	method_1_3569
METHOD	net/minecraft/world/entity/livingblock/movement/MovementData$2	(Lio/netty/buffer/ByteBuf;Lnet/minecraft/world/entity/livingblock/movement/MovementData;)V	encode	method_1_3570
CLASS	net/minecraft/world/entity/livingblock/movement/package-info	class_1_563
CLASS	net/minecraft/world/level/block/grower/LivingBlockTreeGrower	class_1_564
FIELD	net/minecraft/world/level/block/grower/LivingBlockTreeGrower	Lnet/minecraft/world/level/block/TreeGrowingBlock;	sapling	field_1_2904
METHOD	net/minecraft/world/level/block/grower/LivingBlockTreeGrower	(Lnet/minecraft/core/BlockPos;Lnet/minecraft/server/level/ServerLevel;)Ljava/util/List;	getFlowersAround	method_1_3571
METHOD	net/minecraft/world/level/block/grower/LivingBlockTreeGrower	(Lnet/minecraft/core/BlockPos;Lnet/minecraft/server/level/ServerLevel;)Ljava/util/List;	getSaplingsAround	method_1_3572
METHOD	net/minecraft/world/level/block/grower/LivingBlockTreeGrower	(Lnet/minecraft/world/entity/livingblock/LivingBlock;)Z	lambda$getFlowersAround$0	method_1_3573
METHOD	net/minecraft/world/level/block/grower/LivingBlockTreeGrower	(Lnet/minecraft/world/entity/livingblock/LivingBlock;)Z	lambda$getSaplingsAround$0	method_1_3574
METHOD	net/minecraft/world/level/block/grower/LivingBlockTreeGrower	()Lnet/minecraft/world/level/block/TreeGrowingBlock;	sapling	method_1_3575
CLASS	net/minecraft/world/entity/livingblock/behavior/BuildBehavior	class_1_565
FIELD	net/minecraft/world/entity/livingblock/behavior/BuildBehavior	Lnet/minecraft/world/entity/livingblock/behavior/LivingBlockBehaviorType;	BUILD	field_1_2905
FIELD	net/minecraft/world/entity/livingblock/behavior/BuildBehavior	F	GOOD_ENOUGH_DISTANCE	field_1_2906
FIELD	net/minecraft/world/entity/livingblock/behavior/BuildBehavior	F	INSTANT_BUILD_DISTANCE	field_1_2907
FIELD	net/minecraft/world/entity/livingblock/behavior/BuildBehavior	I	MAX_BUILD_OFFSET	field_1_2908
FIELD	net/minecraft/world/entity/livingblock/behavior/BuildBehavior	Lnet/minecraft/core/BlockPos;	currentTarget	field_1_2909
FIELD	net/minecraft/world/entity/livingblock/behavior/BuildBehavior	D	lastDistance	field_1_2910
FIELD	net/minecraft/world/entity/livingblock/behavior/BuildBehavior	Lnet/minecraft/world/entity/livingblock/cognition/Intent;	move	field_1_2911
FIELD	net/minecraft/world/entity/livingblock/behavior/BuildBehavior	Lnet/minecraft/world/entity/livingblock/cognition/Prize;	target	field_1_2912
METHOD	net/minecraft/world/entity/livingblock/behavior/BuildBehavior	(Lnet/minecraft/world/entity/livingblock/LivingBlock;Lnet/minecraft/world/level/block/state/BlockState;Lnet/minecraft/server/level/ServerLevel;Lnet/minecraft/core/BlockPos;)V	build	method_1_3576
METHOD	net/minecraft/world/entity/livingblock/behavior/BuildBehavior	(Lnet/minecraft/server/level/ServerLevel;)Lnet/minecraft/core/BlockPos;	findTarget	method_1_3577
METHOD	net/minecraft/world/entity/livingblock/behavior/BuildBehavior	(Lnet/minecraft/world/entity/livingblock/cognition/Agency;)Lnet/minecraft/world/entity/livingblock/behavior/LivingBlockBehavior;	lambda$static$0	method_1_3578
CLASS	net/minecraft/world/entity/livingblock/behavior/SmeltBehavior	class_1_566
FIELD	net/minecraft/world/entity/livingblock/behavior/SmeltBehavior	Lnet/minecraft/world/entity/livingblock/behavior/LivingBlockBehaviorType;	FIRE	field_1_2913
FIELD	net/minecraft/world/entity/livingblock/behavior/SmeltBehavior	Lnet/minecraft/world/entity/livingblock/behavior/LivingBlockBehaviorType;	LAVA	field_1_2914
FIELD	net/minecraft/world/entity/livingblock/behavior/SmeltBehavior	Ljava/util/Optional;	result	field_1_2915
METHOD	net/minecraft/world/entity/livingblock/behavior/SmeltBehavior	()Lnet/minecraft/world/item/ItemStack;	getTransformInto	method_1_3579
METHOD	net/minecraft/world/entity/livingblock/behavior/SmeltBehavior	(Lnet/minecraft/world/item/crafting/SingleRecipeInput;Lnet/minecraft/world/item/crafting/RecipeHolder;)Lnet/minecraft/world/item/ItemStack;	lambda$checkInside$0	method_1_3580
METHOD	net/minecraft/world/entity/livingblock/behavior/SmeltBehavior	()Ljava/util/Optional;	lambda$checkInside$1	method_1_3581
METHOD	net/minecraft/world/entity/livingblock/behavior/SmeltBehavior	(Lnet/minecraft/world/entity/livingblock/cognition/Agency;)Lnet/minecraft/world/entity/livingblock/behavior/LivingBlockBehavior;	lambda$static$0	method_1_3582
METHOD	net/minecraft/world/entity/livingblock/behavior/SmeltBehavior	(Lnet/minecraft/world/entity/livingblock/cognition/Agency;)Lnet/minecraft/world/entity/livingblock/behavior/LivingBlockBehavior;	lambda$static$1	method_1_3583
CLASS	net/minecraft/world/entity/livingblock/cognition/EntityAgency	class_1_567
FIELD	net/minecraft/world/entity/livingblock/cognition/EntityAgency	Lnet/minecraft/world/entity/livingblock/LivingBlock;	entity	comp_1_439
FIELD	net/minecraft/world/entity/livingblock/cognition/EntityAgency$1	Lnet/minecraft/world/entity/livingblock/cognition/EntityAgency;	this$0	field_1_2916
FIELD	net/minecraft/world/entity/livingblock/cognition/EntityAgency$1	Lnet/minecraft/world/entity/livingblock/cognition/Desire;	val$desire	field_1_2917
CLASS	net/minecraft/world/entity/livingblock/cognition/package-info	class_1_568
CLASS	net/minecraft/world/entity/livingblock/hurt/PlaceBlockOnDeath	class_1_569
FIELD	net/minecraft/world/entity/livingblock/hurt/PlaceBlockOnDeath	Lnet/minecraft/world/level/block/state/BlockState;	blockState	field_1_2918
CLASS	net/minecraft/world/entity/livingblock/interact/LeashToPlayer	class_1_570
FIELD	net/minecraft/client/renderer/blockentity/state/BedRenderState	Z	isHead	field_1_2919
CLASS	net/minecraft/world/entity/livingblock/LivingBlockTypeRegistry	class_1_571
FIELD	net/minecraft/world/entity/livingblock/LivingBlockTypeRegistry	Lnet/minecraft/world/entity/livingblock/LivingBlockType;	defaultBlockType	field_1_2920
FIELD	net/minecraft/world/entity/livingblock/LivingBlockTypeRegistry	Lnet/minecraft/world/entity/livingblock/LivingBlockType;	defaultItemType	field_1_2921
FIELD	net/minecraft/world/entity/livingblock/LivingBlockTypeRegistry	Ljava/util/List;	itemLookup	field_1_2922
METHOD	net/minecraft/world/entity/livingblock/LivingBlockTypeRegistry	(Lnet/minecraft/world/entity/livingblock/LivingBlockType;Lnet/minecraft/world/entity/livingblock/LivingBlockType;)Lnet/minecraft/world/entity/livingblock/LivingBlockTypeRegistry$Builder;	builderWithDefaultType	method_1_3584
METHOD	net/minecraft/world/entity/livingblock/LivingBlockTypeRegistry	(Lnet/minecraft/world/item/Item;)Lnet/minecraft/world/entity/livingblock/LivingBlockType;	get	method_1_3585
METHOD	net/minecraft/world/entity/livingblock/LivingBlockTypeRegistry	(Lnet/minecraft/world/item/ItemStack;)Lnet/minecraft/world/entity/livingblock/LivingBlockType;	get	method_1_3586
METHOD	net/minecraft/world/entity/livingblock/LivingBlockTypeRegistry	(Lnet/minecraft/world/level/block/state/BlockState;)Lnet/minecraft/world/entity/livingblock/LivingBlockType;	get	method_1_3587
CLASS	net/minecraft/world/entity/livingblock/LivingBlockTypeRegistry$Builder	class_1_572
FIELD	net/minecraft/world/entity/livingblock/LivingBlockTypeRegistry$Builder	Lnet/minecraft/world/entity/livingblock/LivingBlockType;	defaultBlockType	field_1_2923
FIELD	net/minecraft/world/entity/livingblock/LivingBlockTypeRegistry$Builder	Lnet/minecraft/world/entity/livingblock/LivingBlockType;	defaultItemType	field_1_2924
FIELD	net/minecraft/world/entity/livingblock/LivingBlockTypeRegistry$Builder	Ljava/util/List;	itemLookup	field_1_2925
METHOD	net/minecraft/world/entity/livingblock/LivingBlockTypeRegistry$Builder	()Lnet/minecraft/world/entity/livingblock/LivingBlockTypeRegistry;	build	method_1_3588
METHOD	net/minecraft/world/entity/livingblock/LivingBlockTypeRegistry$Builder	(Lnet/minecraft/world/entity/livingblock/LivingBlockType;Lnet/minecraft/world/item/Item;)V	lambda$register$0	method_1_3589
METHOD	net/minecraft/world/entity/livingblock/LivingBlockTypeRegistry$Builder	(Lnet/minecraft/world/entity/livingblock/LivingBlockType;Lnet/minecraft/world/level/block/Block;)V	lambda$registerBlocks$0	method_1_3590
METHOD	net/minecraft/world/entity/livingblock/LivingBlockTypeRegistry$Builder	(Ljava/lang/Iterable;Lnet/minecraft/world/entity/livingblock/LivingBlockType$Builder;)Lnet/minecraft/world/entity/livingblock/LivingBlockTypeRegistry$Builder;	register	method_1_3591
METHOD	net/minecraft/world/entity/livingblock/LivingBlockTypeRegistry$Builder	(Ljava/lang/Iterable;Lnet/minecraft/world/entity/livingblock/LivingBlockType;)Lnet/minecraft/world/entity/livingblock/LivingBlockTypeRegistry$Builder;	register	method_1_3592
METHOD	net/minecraft/world/entity/livingblock/LivingBlockTypeRegistry$Builder	(Lnet/minecraft/world/item/Item;Lnet/minecraft/world/entity/livingblock/LivingBlockType$Builder;)Lnet/minecraft/world/entity/livingblock/LivingBlockTypeRegistry$Builder;	register	method_1_3593
METHOD	net/minecraft/world/entity/livingblock/LivingBlockTypeRegistry$Builder	(Lnet/minecraft/world/item/Item;Lnet/minecraft/world/entity/livingblock/LivingBlockType;)Lnet/minecraft/world/entity/livingblock/LivingBlockTypeRegistry$Builder;	register	method_1_3594
METHOD	net/minecraft/world/entity/livingblock/LivingBlockTypeRegistry$Builder	(Lnet/minecraft/world/level/block/Block;Lnet/minecraft/world/entity/livingblock/LivingBlockType$Builder;)Lnet/minecraft/world/entity/livingblock/LivingBlockTypeRegistry$Builder;	register	method_1_3595
METHOD	net/minecraft/world/entity/livingblock/LivingBlockTypeRegistry$Builder	(Lnet/minecraft/world/level/block/Block;Lnet/minecraft/world/entity/livingblock/LivingBlockType;)Lnet/minecraft/world/entity/livingblock/LivingBlockTypeRegistry$Builder;	register	method_1_3596
METHOD	net/minecraft/world/entity/livingblock/LivingBlockTypeRegistry$Builder	(Ljava/lang/Iterable;Lnet/minecraft/world/entity/livingblock/LivingBlockType$Builder;)Lnet/minecraft/world/entity/livingblock/LivingBlockTypeRegistry$Builder;	registerBlocks	method_1_3597
CLASS	net/minecraft/client/renderer/entity/LivingBlockCommandRenderer	class_1_573
FIELD	net/minecraft/client/renderer/entity/LivingBlockCommandRenderer	Ljava/util/EnumMap;	renderTypes	field_1_2926
METHOD	net/minecraft/client/renderer/entity/LivingBlockCommandRenderer	()Lnet/minecraft/client/renderer/entity/state/LivingBlockCommandRenderState;	createRenderState	method_1_3598
METHOD	net/minecraft/client/renderer/entity/LivingBlockCommandRenderer	(Lnet/minecraft/world/entity/LivingBlockCommand;Lnet/minecraft/client/renderer/entity/state/LivingBlockCommandRenderState;F)V	extractRenderState	method_1_3599
METHOD	net/minecraft/client/renderer/entity/LivingBlockCommandRenderer	(Lnet/minecraft/world/entity/LivingBlockCommand$Type;)Lnet/minecraft/client/renderer/rendertype/RenderType;	lambda$submit$0	method_1_3600
METHOD	net/minecraft/client/renderer/entity/LivingBlockCommandRenderer	(Lnet/minecraft/client/renderer/entity/state/LivingBlockCommandRenderState;Lcom/mojang/blaze3d/vertex/PoseStack$Pose;Lcom/mojang/blaze3d/vertex/VertexConsumer;)V	lambda$submit$1	method_1_3601
METHOD	net/minecraft/client/renderer/entity/LivingBlockCommandRenderer	(Lnet/minecraft/client/renderer/entity/state/LivingBlockCommandRenderState;Lcom/mojang/blaze3d/vertex/PoseStack;Lnet/minecraft/client/renderer/SubmitNodeCollector;Lnet/minecraft/client/renderer/state/level/CameraRenderState;)V	submit	method_1_3602
METHOD	net/minecraft/client/renderer/entity/LivingBlockCommandRenderer	(Lcom/mojang/blaze3d/vertex/VertexConsumer;Lcom/mojang/blaze3d/vertex/PoseStack$Pose;FIIIF)V	vertex	method_1_3603
METHOD	net/minecraft/world/entity/ai/sensing/NearestLivingEntitySensor	(Lnet/minecraft/server/level/ServerLevel;Lnet/minecraft/world/entity/LivingEntity;)V	doTick	method_1_3604
METHOD	net/minecraft/world/entity/ai/sensing/NearestLivingEntitySensor	(Lnet/minecraft/world/entity/Entity;)Lnet/minecraft/world/entity/Entity;	lambda$doTick$1	method_1_3605
METHOD	net/minecraft/world/entity/ai/sensing/PiglinBruteSpecificSensor	(Lnet/minecraft/server/level/ServerLevel;Lnet/minecraft/world/entity/LivingEntity;)V	doTick	method_1_3606
METHOD	net/minecraft/world/entity/ai/sensing/PiglinBruteSpecificSensor	(Lnet/minecraft/world/entity/Entity;)Z	lambda$doTick$0	method_1_3607
CLASS	net/minecraft/world/entity/livingblock/cognition/HopesAndDreams	class_1_574
FIELD	net/minecraft/world/entity/livingblock/cognition/HopesAndDreams	Lit/unimi/dsi/fastutil/ints/Int2ObjectMap;	desires	field_1_2927
FIELD	net/minecraft/world/entity/livingblock/cognition/HopesAndDreams	I	mask	field_1_2928
METHOD	net/minecraft/world/entity/livingblock/cognition/HopesAndDreams	(Lnet/minecraft/world/entity/livingblock/cognition/Desire;)V	desire	method_1_3608
METHOD	net/minecraft/world/entity/livingblock/cognition/HopesAndDreams	(Lnet/minecraft/world/entity/livingblock/cognition/Desire;Ljava/lang/Object;)V	desire	method_1_3609
METHOD	net/minecraft/world/entity/livingblock/cognition/HopesAndDreams	(Lnet/minecraft/world/entity/livingblock/cognition/Desire;)V	forget	method_1_3610
METHOD	net/minecraft/world/entity/livingblock/cognition/HopesAndDreams	(Lnet/minecraft/world/entity/livingblock/cognition/Desire;)Ljava/lang/Object;	getDesire	method_1_3611
METHOD	net/minecraft/world/entity/livingblock/cognition/HopesAndDreams	(Lnet/minecraft/world/entity/livingblock/cognition/Desire;)Z	hasDesire	method_1_3612
METHOD	net/minecraft/world/entity/livingblock/cognition/HopesAndDreams	(I)Z	hasDesires	method_1_3613
METHOD	net/minecraft/world/entity/livingblock/cognition/HopesAndDreams	()V	stopDesiringAnything	method_1_3614
CLASS	net/minecraft/world/entity/livingblock/hurt/EmptyContentOnDeath	class_1_575
CLASS	net/minecraft/world/entity/livingblock/interact/ThrowEyeOfEnder	class_1_576
CLASS	net/minecraft/world/entity/livingblock/movement/RollingMovement	class_1_577
FIELD	net/minecraft/world/entity/livingblock/movement/RollingMovement	I	FORGET_MOVE_TARGET_CHESSBOARD_DISTANCE	field_1_2929
FIELD	net/minecraft/world/entity/livingblock/movement/RollingMovement	I	MOVE_ATTEMPTS_UNTIL_NOT_INTERESTED	field_1_2930
FIELD	net/minecraft/world/entity/livingblock/movement/RollingMovement	I	TICKS_BEFORE_MOVING_AFTER_FAIL	field_1_2931
METHOD	net/minecraft/world/entity/livingblock/movement/RollingMovement	(Lnet/minecraft/world/entity/livingblock/LivingBlock;)Z	checkIsMovementDisabled	method_1_3615
METHOD	net/minecraft/world/entity/livingblock/movement/RollingMovement	()Lnet/minecraft/world/entity/livingblock/movement/RollingMovement$Data;	initData	method_1_3616
METHOD	net/minecraft/world/entity/livingblock/movement/RollingMovement	(Lnet/minecraft/world/entity/livingblock/LivingBlock;)Z	isAnyEntityStandingOn	method_1_3617
METHOD	net/minecraft/world/entity/livingblock/movement/RollingMovement	(Lnet/minecraft/world/entity/livingblock/LivingBlock;Lnet/minecraft/world/entity/Entity;)Z	lambda$isAnyEntityStandingOn$0	method_1_3618
METHOD	net/minecraft/world/entity/livingblock/movement/RollingMovement	(Lnet/minecraft/world/entity/livingblock/LivingBlock;Lnet/minecraft/world/entity/livingblock/movement/RollingMovement$MoveType;Lnet/minecraft/core/BlockPos;Lnet/minecraft/core/Direction;)V	setMoveStep	method_1_3619
METHOD	net/minecraft/world/entity/livingblock/movement/RollingMovement	(Lnet/minecraft/world/entity/livingblock/LivingBlock;Lnet/minecraft/world/entity/livingblock/movement/RollingMovement$MoveType;Lnet/minecraft/world/phys/Vec3;Lnet/minecraft/core/Direction;)V	setMoveStep	method_1_3620
METHOD	net/minecraft/world/entity/livingblock/movement/RollingMovement	(Lnet/minecraft/world/entity/livingblock/LivingBlock;Lnet/minecraft/core/Direction;)Z	tryFindNextMoveStep	method_1_3621
CLASS	net/minecraft/world/entity/livingblock/movement/RollingMovement$Data	class_1_578
FIELD	net/minecraft/world/entity/livingblock/movement/RollingMovement$Data	Lnet/minecraft/network/codec/StreamCodec;	STREAM_CODEC	field_1_2932
FIELD	net/minecraft/world/entity/livingblock/movement/RollingMovement$Data	I	failedMoveAttempts	field_1_2933
FIELD	net/minecraft/world/entity/livingblock/movement/RollingMovement$Data	I	moveTicks	field_1_2934
FIELD	net/minecraft/world/entity/livingblock/movement/RollingMovement$Data	Lnet/minecraft/world/entity/livingblock/movement/RollingMovement$MoveStep;	movingTo	field_1_2935
METHOD	net/minecraft/world/entity/livingblock/movement/RollingMovement$Data	(Lnet/minecraft/world/entity/livingblock/movement/RollingMovement$Data;)Ljava/util/Optional;	lambda$static$0	method_1_3622
METHOD	net/minecraft/world/entity/livingblock/movement/RollingMovement$Data	(Lnet/minecraft/world/entity/livingblock/movement/RollingMovement$Data;)Ljava/lang/Integer;	lambda$static$1	method_1_3623
METHOD	net/minecraft/world/entity/livingblock/movement/RollingMovement$Data	(Lnet/minecraft/world/entity/livingblock/movement/RollingMovement$Data;)Ljava/lang/Integer;	lambda$static$2	method_1_3624
METHOD	net/minecraft/world/entity/livingblock/movement/RollingMovement$Data	(Ljava/util/Optional;Ljava/lang/Integer;Ljava/lang/Integer;)Lnet/minecraft/world/entity/livingblock/movement/RollingMovement$Data;	lambda$static$3	method_1_3625
CLASS	net/minecraft/world/entity/livingblock/movement/RollingMovement$MoveStep	class_1_579
FIELD	net/minecraft/world/entity/livingblock/movement/RollingMovement$MoveStep	Lnet/minecraft/network/codec/StreamCodec;	STREAM_CODEC	field_1_2936
FIELD	net/minecraft/world/entity/livingblock/movement/RollingMovement$MoveStep	Lnet/minecraft/core/Direction;	direction	comp_1_440
FIELD	net/minecraft/world/entity/livingblock/movement/RollingMovement$MoveStep	Lnet/minecraft/world/phys/Vec3;	position	comp_1_441
FIELD	net/minecraft/world/entity/livingblock/movement/RollingMovement$MoveStep	Lnet/minecraft/world/entity/livingblock/movement/RollingMovement$MoveType;	type	comp_1_442
METHOD	net/minecraft/world/entity/livingblock/movement/RollingMovement$MoveStep	(Lnet/minecraft/world/entity/livingblock/LivingBlock;D)V	applyMovement	method_1_3626
METHOD	net/minecraft/world/entity/livingblock/movement/RollingMovement$MoveStep	(Lnet/minecraft/world/entity/livingblock/LivingBlock;)V	setOn	method_1_3627
CLASS	net/minecraft/world/entity/livingblock/movement/RollingMovement$MoveType	class_1_580
FIELD	net/minecraft/world/entity/livingblock/movement/RollingMovement$MoveType	[Lnet/minecraft/world/entity/livingblock/movement/RollingMovement$MoveType;	$VALUES	field_1_2937
FIELD	net/minecraft/world/entity/livingblock/movement/RollingMovement$MoveType	Lnet/minecraft/world/entity/livingblock/movement/RollingMovement$MoveType;	CLIMB	field_1_2938
FIELD	net/minecraft/world/entity/livingblock/movement/RollingMovement$MoveType	Lnet/minecraft/world/entity/livingblock/movement/RollingMovement$MoveType;	DEFAULT	field_1_2939
FIELD	net/minecraft/world/entity/livingblock/movement/RollingMovement$MoveType	Lnet/minecraft/world/entity/livingblock/movement/RollingMovement$MoveType;	IDLE_CLING	field_1_2940
FIELD	net/minecraft/world/entity/livingblock/movement/RollingMovement$MoveType	Lnet/minecraft/world/entity/livingblock/movement/RollingMovement$MoveType;	STEP_UP	field_1_2941
FIELD	net/minecraft/world/entity/livingblock/movement/RollingMovement$MoveType	Lnet/minecraft/network/codec/StreamCodec;	STREAM_CODEC	field_1_2942
METHOD	net/minecraft/world/entity/livingblock/movement/RollingMovement$MoveType	()[Lnet/minecraft/world/entity/livingblock/movement/RollingMovement$MoveType;	$values	method_1_3628
METHOD	net/minecraft/world/entity/livingblock/movement/RollingMovement$MoveType	()Z	isAttachedVertically	method_1_3629
METHOD	net/minecraft/world/entity/livingblock/movement/RollingMovement$MoveType	(I)Lnet/minecraft/world/entity/livingblock/movement/RollingMovement$MoveType;	lambda$static$0	method_1_3630
CLASS	net/minecraft/world/entity/livingblock/behavior/GrowTreeBehavior	class_1_581
FIELD	net/minecraft/world/entity/livingblock/behavior/GrowTreeBehavior	D	CHECK_RADIUS	field_1_2943
FIELD	net/minecraft/world/entity/livingblock/behavior/GrowTreeBehavior	I	REEVALUATION_TICKS	field_1_2944
FIELD	net/minecraft/world/entity/livingblock/behavior/GrowTreeBehavior	I	lastTriggeredTick	field_1_2945
FIELD	net/minecraft/world/entity/livingblock/behavior/GrowTreeBehavior	Lnet/minecraft/world/level/block/grower/LivingBlockTreeGrower;	treeGrower	field_1_2946
METHOD	net/minecraft/world/entity/livingblock/behavior/GrowTreeBehavior	(Lnet/minecraft/world/level/block/Block;)Lnet/minecraft/world/entity/livingblock/behavior/LivingBlockBehaviorType;	growTree	method_1_3631
METHOD	net/minecraft/world/entity/livingblock/behavior/GrowTreeBehavior	(Lnet/minecraft/world/level/block/TreeGrowingBlock;)Lnet/minecraft/world/entity/livingblock/behavior/LivingBlockBehavior;	lambda$growTree$0	method_1_3632
METHOD	net/minecraft/world/entity/livingblock/behavior/GrowTreeBehavior	(Lnet/minecraft/world/level/block/TreeGrowingBlock;Lnet/minecraft/world/entity/livingblock/LivingBlock;)Z	lambda$tick$0	method_1_3633
FIELD	net/minecraft/world/entity/livingblock/behavior/GrowTreeBehavior$1	[I	$SwitchMap$net$minecraft$world$level$block$grower$TreeGrower$GrowthResult	field_1_2947
CLASS	net/minecraft/world/entity/livingblock/movement/BouncingMovement	class_1_582
FIELD	net/minecraft/world/entity/livingblock/movement/BouncingMovement	Lnet/minecraft/world/phys/Vec3;	POGO_ANIM_SCALE_DEFAULT	field_1_2948
FIELD	net/minecraft/world/entity/livingblock/movement/BouncingMovement	Lnet/minecraft/world/phys/Vec3;	POGO_ANIM_SCALE_SQUISH	field_1_2949
FIELD	net/minecraft/world/entity/livingblock/movement/BouncingMovement	Lnet/minecraft/world/phys/Vec3;	POGO_ANIM_SCALE_STRETCH	field_1_2950
FIELD	net/minecraft/world/entity/livingblock/movement/BouncingMovement	I	POGO_ANIM_TICKS	field_1_2951
FIELD	net/minecraft/world/entity/livingblock/movement/BouncingMovement	D	horizontalMovementSpeed	field_1_2952
FIELD	net/minecraft/world/entity/livingblock/movement/BouncingMovement	D	jumpHeight	field_1_2953
FIELD	net/minecraft/world/entity/livingblock/movement/BouncingMovement	I	ticksBetweenJumps	field_1_2954
METHOD	net/minecraft/world/entity/livingblock/movement/BouncingMovement	()Lnet/minecraft/world/entity/livingblock/movement/BouncingMovement$Data;	initData	method_1_3634
CLASS	net/minecraft/world/entity/livingblock/movement/BouncingMovement$Data	class_1_583
FIELD	net/minecraft/world/entity/livingblock/movement/BouncingMovement$Data	Lnet/minecraft/network/codec/StreamCodec;	STREAM_CODEC	field_1_2955
FIELD	net/minecraft/world/entity/livingblock/movement/BouncingMovement$Data	Z	isMidAir	field_1_2956
FIELD	net/minecraft/world/entity/livingblock/movement/BouncingMovement$Data	I	jumpCooldown	field_1_2957
FIELD	net/minecraft/world/entity/livingblock/movement/BouncingMovement$Data	Lnet/minecraft/world/phys/Vec3;	movingTo	field_1_2958
FIELD	net/minecraft/world/entity/livingblock/movement/BouncingMovement$Data	I	stretchCooldown	field_1_2959
METHOD	net/minecraft/world/entity/livingblock/movement/BouncingMovement$Data	(Lnet/minecraft/world/entity/livingblock/movement/BouncingMovement$Data;)Ljava/lang/Boolean;	lambda$static$0	method_1_3635
METHOD	net/minecraft/world/entity/livingblock/movement/BouncingMovement$Data	(Lnet/minecraft/world/entity/livingblock/movement/BouncingMovement$Data;)Ljava/lang/Integer;	lambda$static$1	method_1_3636
METHOD	net/minecraft/world/entity/livingblock/movement/BouncingMovement$Data	(Lnet/minecraft/world/entity/livingblock/movement/BouncingMovement$Data;)Ljava/util/Optional;	lambda$static$2	method_1_3637
METHOD	net/minecraft/world/entity/livingblock/movement/BouncingMovement$Data	(Lnet/minecraft/world/entity/livingblock/movement/BouncingMovement$Data;)Ljava/lang/Integer;	lambda$static$3	method_1_3638
METHOD	net/minecraft/world/entity/livingblock/movement/BouncingMovement$Data	(Ljava/lang/Boolean;Ljava/lang/Integer;Ljava/util/Optional;Ljava/lang/Integer;)Lnet/minecraft/world/entity/livingblock/movement/BouncingMovement$Data;	lambda$static$4	method_1_3639
CLASS	net/minecraft/world/entity/livingblock/movement/FloatingMovement	class_1_584
FIELD	net/minecraft/world/entity/livingblock/movement/FloatingMovement	D	ARBITRARY_STUCK_SPEED_THRESHOLD	field_1_2960
FIELD	net/minecraft/world/entity/livingblock/movement/FloatingMovement	D	SPEED	field_1_2961
METHOD	net/minecraft/world/entity/livingblock/movement/FloatingMovement	()Lnet/minecraft/world/entity/livingblock/movement/FloatingMovement$Data;	initData	method_1_3640
CLASS	net/minecraft/world/entity/livingblock/movement/FloatingMovement$Data	class_1_585
FIELD	net/minecraft/world/entity/livingblock/movement/FloatingMovement$Data	Lnet/minecraft/network/codec/StreamCodec;	STREAM_CODEC	field_1_2962
FIELD	net/minecraft/world/entity/livingblock/movement/FloatingMovement$Data	D	wantedHorizontalSpeed	field_1_2963
METHOD	net/minecraft/world/entity/livingblock/movement/FloatingMovement$Data	(Lnet/minecraft/world/entity/livingblock/movement/FloatingMovement$Data;)Ljava/lang/Double;	lambda$static$0	method_1_3641
CLASS	net/minecraft/world/entity/livingblock/movement/MovementStrategy	class_1_586
METHOD	net/minecraft/world/entity/livingblock/movement/MovementStrategy	(Lnet/minecraft/world/entity/livingblock/LivingBlock;Lnet/minecraft/world/phys/Vec3;)Lnet/minecraft/world/phys/Vec3;	adjustStepUpMovement	method_1_3642
METHOD	net/minecraft/world/entity/livingblock/movement/MovementStrategy	(Lnet/minecraft/world/entity/livingblock/LivingBlock;)Lnet/minecraft/world/entity/livingblock/movement/MovementData;	getData	method_1_3643
METHOD	net/minecraft/world/entity/livingblock/movement/MovementStrategy	()Lnet/minecraft/world/entity/livingblock/movement/MovementData;	initData	method_1_3644
METHOD	net/minecraft/world/entity/livingblock/movement/MovementStrategy	(Lnet/minecraft/world/entity/livingblock/LivingBlock;Lnet/minecraft/world/entity/livingblock/Target;Lnet/minecraft/world/phys/Vec3;)Z	moveTowardsTarget	method_1_3645
METHOD	net/minecraft/world/entity/livingblock/movement/MovementStrategy	()Z	normalStepSounds	method_1_3646
METHOD	net/minecraft/world/entity/livingblock/movement/MovementStrategy	(Lnet/minecraft/world/entity/livingblock/LivingBlock;)V	resetMovement	method_1_3647
METHOD	net/minecraft/world/entity/livingblock/movement/MovementStrategy	(Lnet/minecraft/world/entity/livingblock/LivingBlock;Z)V	resetVelocity	method_1_3648
CLASS	net/minecraft/client/renderer/entity/state/LivingBlockRenderState	class_1_587
FIELD	net/minecraft/client/renderer/entity/state/LivingBlockRenderState	Lnet/minecraft/client/renderer/block/BlockModelRenderState;	blockModel	field_1_2964
FIELD	net/minecraft/client/renderer/entity/state/LivingBlockRenderState	Lnet/minecraft/world/level/block/state/BlockState;	blockState	field_1_2965
FIELD	net/minecraft/client/renderer/entity/state/LivingBlockRenderState	F	deathTime	field_1_2966
FIELD	net/minecraft/client/renderer/entity/state/LivingBlockRenderState	Z	hasRedOverlay	field_1_2967
FIELD	net/minecraft/client/renderer/entity/state/LivingBlockRenderState	Z	hasRotation	field_1_2968
FIELD	net/minecraft/client/renderer/entity/state/LivingBlockRenderState	Lnet/minecraft/client/renderer/item/ItemStackRenderState;	item	field_1_2969
FIELD	net/minecraft/client/renderer/entity/state/LivingBlockRenderState	Lorg/joml/Vector3fc;	pogoScale	field_1_2970
FIELD	net/minecraft/client/renderer/entity/state/LivingBlockRenderState	Lorg/joml/Quaternionf;	rotation	field_1_2971
FIELD	net/minecraft/client/renderer/entity/state/LivingBlockRenderState	Lnet/minecraft/world/phys/Vec3;	rotationPivot	field_1_2972
FIELD	net/minecraft/network/protocol/game/ServerboundPlayerActionPacket$Action	Lnet/minecraft/network/protocol/game/ServerboundPlayerActionPacket$Action;	COMMAND	field_1_2973
FIELD	net/minecraft/network/protocol/game/ServerboundPlayerActionPacket$Action	Lnet/minecraft/network/protocol/game/ServerboundPlayerActionPacket$Action;	COMMAND_POS	field_1_2974
METHOD	net/minecraft/world/entity/ai/behavior/StopBeingAngryIfTargetDead	(Lnet/minecraft/world/entity/Entity;)Z	lambda$create$4	method_1_3649
METHOD	net/minecraft/world/entity/ai/memory/NearestVisibleLivingEntities	(Ljava/util/function/Predicate;)Ljava/lang/Iterable;	findAllEntitiesMatchingLivingEntityPredicate	method_1_3650
METHOD	net/minecraft/world/entity/ai/memory/NearestVisibleLivingEntities	(Ljava/util/function/Predicate;)Ljava/util/Optional;	findClosestMatchingLivingEntityPredicate	method_1_3651
METHOD	net/minecraft/world/entity/ai/memory/NearestVisibleLivingEntities	(Ljava/util/function/Predicate;Lnet/minecraft/world/entity/Entity;)Z	lambda$findAllEntitiesMatchingLivingEntityPredicate$0	method_1_3652
CLASS	net/minecraft/world/entity/livingblock/behavior/PrimesTntBehavior	class_1_588
FIELD	net/minecraft/world/entity/livingblock/behavior/PrimesTntBehavior	I	REEVALUATION_TICKS	field_1_2975
FIELD	net/minecraft/world/entity/livingblock/behavior/PrimesTntBehavior	I	lastTriggeredTick	field_1_2976
FIELD	net/minecraft/world/entity/livingblock/behavior/PrimesTntBehavior	D	minDistance	field_1_2977
METHOD	net/minecraft/world/entity/livingblock/behavior/PrimesTntBehavior	(D)Lnet/minecraft/world/entity/livingblock/behavior/LivingBlockBehavior;	lambda$primesTnt$0	method_1_3653
METHOD	net/minecraft/world/entity/livingblock/behavior/PrimesTntBehavior	(Lnet/minecraft/world/entity/livingblock/LivingBlock;)Z	lambda$tick$0	method_1_3654
METHOD	net/minecraft/world/entity/livingblock/behavior/PrimesTntBehavior	(D)Lnet/minecraft/world/entity/livingblock/behavior/LivingBlockBehaviorType;	primesTnt	method_1_3655
CLASS	net/minecraft/client/renderer/entity/state/CraftingGridRenderState	class_1_589
FIELD	net/minecraft/client/renderer/entity/state/CraftingGridRenderState	[Lnet/minecraft/client/renderer/item/ItemStackRenderState;	ghosts	field_1_2978
FIELD	net/minecraft/client/renderer/entity/state/CraftingGridRenderState	F	rotation	field_1_2979
FIELD	net/minecraft/client/renderer/entity/state/CraftingGridRenderState	I	size	field_1_2980
CLASS	net/minecraft/client/renderer/state/LivingBlockBreakingRenderState	class_1_590
FIELD	net/minecraft/client/renderer/state/LivingBlockBreakingRenderState	F	ageInTicks	field_1_2981
FIELD	net/minecraft/client/renderer/state/LivingBlockBreakingRenderState	F	deathTime	field_1_2982
FIELD	net/minecraft/client/renderer/state/LivingBlockBreakingRenderState	Z	hasRotation	field_1_2983
FIELD	net/minecraft/client/renderer/state/LivingBlockBreakingRenderState	Lorg/joml/Quaternionf;	rotation	field_1_2984
FIELD	net/minecraft/client/renderer/state/LivingBlockBreakingRenderState	Lnet/minecraft/world/phys/Vec3;	rotationPivot	field_1_2985
CLASS	net/minecraft/client/renderer/state/level/BlockBreakingRenderState	class_1_591
FIELD	net/minecraft/client/renderer/state/level/BlockBreakingRenderState	Lnet/minecraft/world/level/block/state/BlockState;	blockState	field_1_2986
FIELD	net/minecraft/client/renderer/state/level/BlockBreakingRenderState	Lnet/minecraft/world/phys/Vec3;	pos	field_1_2987
FIELD	net/minecraft/client/renderer/state/level/BlockBreakingRenderState	I	progress	field_1_2988
METHOD	net/minecraft/client/renderer/state/level/BlockBreakingRenderState	(Lcom/mojang/blaze3d/vertex/PoseStack;)V	applyRotation	method_1_3656
METHOD	net/minecraft/client/renderer/state/level/BlockBreakingRenderState	()Lnet/minecraft/world/level/block/state/BlockState;	blockState	method_1_3657
METHOD	net/minecraft/client/renderer/state/level/BlockBreakingRenderState	()Lnet/minecraft/world/phys/Vec3;	pos	method_1_3658
METHOD	net/minecraft/client/renderer/state/level/BlockBreakingRenderState	()I	progress	method_1_3659
CLASS	net/minecraft/data/advancements/packs/VanillaAdventureAdvancements	class_1_592
FIELD	net/minecraft/data/advancements/packs/VanillaAdventureAdvancements	Ljava/util/Map;	EXCEPTIONS_BY_EXPECTED_CATEGORIES	field_1_2989
FIELD	net/minecraft/data/advancements/packs/VanillaAdventureAdvancements	Lorg/slf4j/Logger;	LOGGER	field_1_2990
FIELD	net/minecraft/data/advancements/packs/VanillaAdventureAdvancements	Ljava/util/List;	MOBS_TO_KILL	field_1_2991
METHOD	net/minecraft/data/advancements/packs/VanillaAdventureAdvancements	(Lnet/minecraft/advancements/Advancement$Builder;Lnet/minecraft/core/HolderGetter;Ljava/util/List;)Lnet/minecraft/advancements/Advancement$Builder;	addMobsToKill	method_1_3660
METHOD	net/minecraft/data/advancements/packs/VanillaAdventureAdvancements	(Lnet/minecraft/advancements/AdvancementHolder;Ljava/util/function/Consumer;Lnet/minecraft/core/HolderGetter;Ljava/util/List;)Lnet/minecraft/advancements/AdvancementHolder;	createMonsterHunterAdvancement	method_1_3661
METHOD	net/minecraft/data/advancements/packs/VanillaAdventureAdvancements	(Lnet/minecraft/advancements/Advancement$Builder;Lnet/minecraft/core/HolderGetter;Lnet/minecraft/world/entity/EntityType;)V	lambda$addMobsToKill$0	method_1_3662
METHOD	net/minecraft/data/advancements/packs/VanillaAdventureAdvancements	(Ljava/util/Map;Ljava/util/List;Lnet/minecraft/world/entity/MobCategory;Ljava/util/Set;)V	lambda$validateMobsToKill$0	method_1_3663
METHOD	net/minecraft/data/advancements/packs/VanillaAdventureAdvancements	(Ljava/util/List;Lnet/minecraft/core/HolderLookup;)Ljava/util/List;	validateMobsToKill	method_1_3664
CLASS	net/minecraft/world/entity/livingblock/behavior/AbsorbSnowBehavior	class_1_593
FIELD	net/minecraft/world/entity/livingblock/behavior/AbsorbSnowBehavior	I	REEVALUATION_TICKS	field_1_2992
FIELD	net/minecraft/world/entity/livingblock/behavior/AbsorbSnowBehavior	Lnet/minecraft/core/BlockPos;	lastEntityPos	field_1_2993
FIELD	net/minecraft/world/entity/livingblock/behavior/AbsorbSnowBehavior	I	lastTriggeredTick	field_1_2994
METHOD	net/minecraft/world/entity/livingblock/behavior/AbsorbSnowBehavior	(Lnet/minecraft/server/level/ServerLevel;Lnet/minecraft/world/entity/livingblock/LivingBlock;Lnet/minecraft/core/BlockPos;Lnet/minecraft/world/level/block/state/BlockState;I)V	AddSnowLayer	method_1_3665
METHOD	net/minecraft/world/entity/livingblock/behavior/AbsorbSnowBehavior	()Lnet/minecraft/world/entity/livingblock/behavior/LivingBlockBehaviorType;	absorbSnow	method_1_3666
CLASS	net/minecraft/world/entity/livingblock/behavior/BarrelRollBehavior	class_1_594
FIELD	net/minecraft/world/entity/livingblock/behavior/BarrelRollBehavior	Lnet/minecraft/world/entity/livingblock/behavior/LivingBlockBehaviorType;	BEHAVIOR	field_1_2995
FIELD	net/minecraft/world/entity/livingblock/behavior/BarrelRollBehavior	I	REEVALUATION_TICKS	field_1_2996
FIELD	net/minecraft/world/entity/livingblock/behavior/BarrelRollBehavior	Lnet/minecraft/core/BlockPos;	lastBlockPos	field_1_2997
FIELD	net/minecraft/world/entity/livingblock/behavior/BarrelRollBehavior	I	lastTriggeredTick	field_1_2998
METHOD	net/minecraft/world/entity/livingblock/behavior/BarrelRollBehavior	(Lnet/minecraft/world/entity/livingblock/LivingBlock;Lnet/minecraft/server/level/ServerLevel;)V	triggerForPlayer	method_1_3667
CLASS	net/minecraft/world/entity/livingblock/behavior/TrapPlayerBehavior	class_1_595
FIELD	net/minecraft/world/entity/livingblock/behavior/TrapPlayerBehavior	I	CHECK_INTERVAL	field_1_2999
FIELD	net/minecraft/world/entity/livingblock/behavior/TrapPlayerBehavior	Lnet/minecraft/world/level/block/state/BlockState;	bars	field_1_3000
FIELD	net/minecraft/world/entity/livingblock/behavior/TrapPlayerBehavior	I	lastTriggeredTick	field_1_3001
FIELD	net/minecraft/world/entity/livingblock/behavior/TrapPlayerBehavior	D	maxDistance	field_1_3002
METHOD	net/minecraft/world/entity/livingblock/behavior/TrapPlayerBehavior	(Lnet/minecraft/world/entity/Entity;)Z	lambda$tick$0	method_1_3668
METHOD	net/minecraft/world/entity/livingblock/behavior/TrapPlayerBehavior	(DLnet/minecraft/world/level/block/Block;)Lnet/minecraft/world/entity/livingblock/behavior/LivingBlockBehavior;	lambda$trapPlayer$0	method_1_3669
METHOD	net/minecraft/world/entity/livingblock/behavior/TrapPlayerBehavior	(DLnet/minecraft/world/level/block/Block;)Lnet/minecraft/world/entity/livingblock/behavior/LivingBlockBehaviorType;	trapPlayer	method_1_3670
CLASS	net/minecraft/world/entity/livingblock/behavior/ActOnDesireBehavior	class_1_596
FIELD	net/minecraft/world/entity/livingblock/behavior/ActOnDesireBehavior	Ljava/util/function/Function;	adapter	comp_1_443
FIELD	net/minecraft/world/entity/livingblock/behavior/ActOnDesireBehavior	Ljava/util/function/BiPredicate;	conditions	comp_1_444
FIELD	net/minecraft/world/entity/livingblock/behavior/ActOnDesireBehavior	Lnet/minecraft/world/entity/livingblock/cognition/Intent;	intent	comp_1_445
FIELD	net/minecraft/world/entity/livingblock/behavior/ActOnDesireBehavior	Z	isFinal	comp_1_446
FIELD	net/minecraft/world/entity/livingblock/behavior/ActOnDesireBehavior	Lnet/minecraft/world/entity/livingblock/cognition/Prize;	prize	comp_1_447
METHOD	net/minecraft/world/entity/livingblock/behavior/ActOnDesireBehavior	(Lnet/minecraft/world/entity/livingblock/cognition/Desire;Lnet/minecraft/world/entity/livingblock/cognition/Action;)Lnet/minecraft/world/entity/livingblock/behavior/LivingBlockBehaviorType;	actOnDesire	method_1_3671
METHOD	net/minecraft/world/entity/livingblock/behavior/ActOnDesireBehavior	(Lnet/minecraft/world/entity/livingblock/cognition/Desire;Lnet/minecraft/world/entity/livingblock/cognition/Action;Ljava/util/function/Function;)Lnet/minecraft/world/entity/livingblock/behavior/LivingBlockBehaviorType;	actOnDesire	method_1_3672
METHOD	net/minecraft/world/entity/livingblock/behavior/ActOnDesireBehavior	(Lnet/minecraft/world/entity/livingblock/cognition/Desire;Lnet/minecraft/world/entity/livingblock/cognition/Action;Ljava/util/function/Function;Ljava/util/function/BiPredicate;)Lnet/minecraft/world/entity/livingblock/behavior/LivingBlockBehaviorType;	actOnDesire	method_1_3673
METHOD	net/minecraft/world/entity/livingblock/behavior/ActOnDesireBehavior	(Lnet/minecraft/world/entity/livingblock/cognition/Desire;Lnet/minecraft/world/entity/livingblock/cognition/Action;Ljava/util/function/Function;Ljava/util/function/BiPredicate;Z)Lnet/minecraft/world/entity/livingblock/behavior/LivingBlockBehaviorType;	actOnDesire	method_1_3674
METHOD	net/minecraft/world/entity/livingblock/behavior/ActOnDesireBehavior	(Lnet/minecraft/world/entity/livingblock/LivingBlock;Ljava/lang/Object;)Z	lambda$actOnDesire$0	method_1_3675
METHOD	net/minecraft/world/entity/livingblock/behavior/ActOnDesireBehavior	(Lnet/minecraft/world/entity/livingblock/cognition/Desire;Lnet/minecraft/world/entity/livingblock/cognition/Action;Ljava/util/function/Function;Ljava/util/function/BiPredicate;ZLnet/minecraft/world/entity/livingblock/cognition/Agency;)Lnet/minecraft/world/entity/livingblock/behavior/LivingBlockBehavior;	lambda$actOnDesire$1	method_1_3676
CLASS	net/minecraft/world/entity/livingblock/behavior/BlockMiningBehavior	class_1_597
FIELD	net/minecraft/world/entity/livingblock/behavior/BlockMiningBehavior	I	breakTime	field_1_3003
FIELD	net/minecraft/world/entity/livingblock/behavior/BlockMiningBehavior	F	lastBreakProgress	field_1_3004
METHOD	net/minecraft/world/entity/livingblock/behavior/BlockMiningBehavior	(Lnet/minecraft/world/entity/livingblock/LivingBlock;Lnet/minecraft/core/BlockPos;)Z	canMine	method_1_3677
METHOD	net/minecraft/world/entity/livingblock/behavior/BlockMiningBehavior	(Lnet/minecraft/world/entity/livingblock/LivingBlock;Lnet/minecraft/world/level/block/state/BlockState;)Z	canMine	method_1_3678
METHOD	net/minecraft/world/entity/livingblock/behavior/BlockMiningBehavior	(Lnet/minecraft/world/entity/livingblock/LivingBlock;Lnet/minecraft/world/level/block/state/BlockState;)Z	canMineEfficiently	method_1_3679
METHOD	net/minecraft/world/entity/livingblock/behavior/BlockMiningBehavior	(Lnet/minecraft/world/entity/livingblock/LivingBlock;Lnet/minecraft/world/level/block/state/BlockState;)F	getDestroyProgress	method_1_3680
METHOD	net/minecraft/world/entity/livingblock/behavior/BlockMiningBehavior	(Lnet/minecraft/world/entity/livingblock/LivingBlock;Lnet/minecraft/world/level/block/state/BlockState;)F	getDestroySpeed	method_1_3681
METHOD	net/minecraft/world/entity/livingblock/behavior/BlockMiningBehavior	(F)I	getDestroyStage	method_1_3682
METHOD	net/minecraft/world/entity/livingblock/behavior/BlockMiningBehavior	(Lnet/minecraft/world/entity/livingblock/LivingBlock;Lnet/minecraft/world/level/block/state/BlockState;)Z	hasCorrectToolForDrops	method_1_3683
METHOD	net/minecraft/world/entity/livingblock/behavior/BlockMiningBehavior	(Lnet/minecraft/world/entity/livingblock/LivingBlock;Lnet/minecraft/server/level/ServerLevel;Lnet/minecraft/core/BlockPos;)Z	mineBlockTick	method_1_3684
METHOD	net/minecraft/world/entity/livingblock/behavior/BlockMiningBehavior	()V	startMining	method_1_3685
CLASS	net/minecraft/world/entity/livingblock/behavior/CombineWithBehavior	class_1_598
FIELD	net/minecraft/world/entity/livingblock/behavior/CombineWithBehavior	I	REEVALUATION_TICKS	field_1_3005
FIELD	net/minecraft/world/entity/livingblock/behavior/CombineWithBehavior	Lnet/minecraft/advancements/criterion/PlayerTrigger;	advancementTrigger	field_1_3006
FIELD	net/minecraft/world/entity/livingblock/behavior/CombineWithBehavior	I	amount	field_1_3007
FIELD	net/minecraft/world/entity/livingblock/behavior/CombineWithBehavior	D	chance	field_1_3008
FIELD	net/minecraft/world/entity/livingblock/behavior/CombineWithBehavior	I	lastTriggeredTick	field_1_3009
FIELD	net/minecraft/world/entity/livingblock/behavior/CombineWithBehavior	D	maxDistance	field_1_3010
FIELD	net/minecraft/world/entity/livingblock/behavior/CombineWithBehavior	Ljava/util/function/UnaryOperator;	output	field_1_3011
FIELD	net/minecraft/world/entity/livingblock/behavior/CombineWithBehavior	Ljava/util/function/Predicate;	selector	field_1_3012
FIELD	net/minecraft/world/entity/livingblock/behavior/CombineWithBehavior	Z	spawnAtTarget	field_1_3013
METHOD	net/minecraft/world/entity/livingblock/behavior/CombineWithBehavior	(DLjava/util/function/Predicate;Ljava/util/function/UnaryOperator;)Lnet/minecraft/world/entity/livingblock/behavior/LivingBlockBehaviorType;	combineWith	method_1_3686
METHOD	net/minecraft/world/entity/livingblock/behavior/CombineWithBehavior	(DLjava/util/function/Predicate;Ljava/util/function/UnaryOperator;IDLnet/minecraft/advancements/criterion/PlayerTrigger;)Lnet/minecraft/world/entity/livingblock/behavior/LivingBlockBehaviorType;	combineWith	method_1_3687
METHOD	net/minecraft/world/entity/livingblock/behavior/CombineWithBehavior	(DLjava/util/function/Predicate;Ljava/util/function/UnaryOperator;ZLnet/minecraft/advancements/criterion/PlayerTrigger;)Lnet/minecraft/world/entity/livingblock/behavior/LivingBlockBehaviorType;	combineWith	method_1_3688
METHOD	net/minecraft/world/entity/livingblock/behavior/CombineWithBehavior	(DLnet/minecraft/tags/TagKey;Ljava/util/function/UnaryOperator;)Lnet/minecraft/world/entity/livingblock/behavior/LivingBlockBehaviorType;	combineWithBlock	method_1_3689
METHOD	net/minecraft/world/entity/livingblock/behavior/CombineWithBehavior	(D)Lnet/minecraft/world/entity/livingblock/behavior/LivingBlockBehaviorType;	combineWithEndPortalFrame	method_1_3690
METHOD	net/minecraft/world/entity/livingblock/behavior/CombineWithBehavior	(DLjava/util/function/Predicate;Ljava/util/function/UnaryOperator;)Lnet/minecraft/world/entity/livingblock/behavior/LivingBlockBehavior;	lambda$combineWith$0	method_1_3691
METHOD	net/minecraft/world/entity/livingblock/behavior/CombineWithBehavior	(DLjava/util/function/Predicate;Ljava/util/function/UnaryOperator;IDLnet/minecraft/advancements/criterion/PlayerTrigger;)Lnet/minecraft/world/entity/livingblock/behavior/LivingBlockBehavior;	lambda$combineWith$1	method_1_3692
METHOD	net/minecraft/world/entity/livingblock/behavior/CombineWithBehavior	(DLjava/util/function/Predicate;Ljava/util/function/UnaryOperator;ZLnet/minecraft/advancements/criterion/PlayerTrigger;)Lnet/minecraft/world/entity/livingblock/behavior/LivingBlockBehavior;	lambda$combineWith$2	method_1_3693
METHOD	net/minecraft/world/entity/livingblock/behavior/CombineWithBehavior	(Lnet/minecraft/tags/TagKey;Lnet/minecraft/world/entity/livingblock/LivingBlock;)Z	lambda$combineWithBlock$0	method_1_3694
METHOD	net/minecraft/world/entity/livingblock/behavior/CombineWithBehavior	(Lnet/minecraft/world/entity/livingblock/LivingBlock;)Z	lambda$combineWithEndPortalFrame$0	method_1_3695
METHOD	net/minecraft/world/entity/livingblock/behavior/CombineWithBehavior	(Lnet/minecraft/world/level/block/state/BlockState;)Lnet/minecraft/world/level/block/state/BlockState;	lambda$combineWithEndPortalFrame$1	method_1_3696
METHOD	net/minecraft/world/entity/livingblock/behavior/CombineWithBehavior	(Ljava/util/Set;Lnet/minecraft/world/entity/livingblock/LivingBlock;)V	lambda$tick$0	method_1_3697
METHOD	net/minecraft/world/entity/livingblock/behavior/CombineWithBehavior	(Lnet/minecraft/world/entity/livingblock/LivingBlock;Lnet/minecraft/server/level/ServerPlayer;)V	lambda$tick$1	method_1_3698
CLASS	net/minecraft/world/entity/livingblock/behavior/LivingBlockBehavior	class_1_599
METHOD	net/minecraft/world/entity/livingblock/behavior/LivingBlockBehavior	(Lnet/minecraft/world/entity/livingblock/LivingBlock;)Z	canStartUsing	method_1_3699
METHOD	net/minecraft/world/entity/livingblock/behavior/LivingBlockBehavior	()Ljava/lang/String;	getDataTag	method_1_3700
METHOD	net/minecraft/world/entity/livingblock/behavior/LivingBlockBehavior	(Lnet/minecraft/world/level/storage/ValueInput;)V	loadData	method_1_3701
METHOD	net/minecraft/world/entity/livingblock/behavior/LivingBlockBehavior	(Lnet/minecraft/world/entity/livingblock/LivingBlock;Lnet/minecraft/server/level/ServerLevel;)V	onDeath	method_1_3702
METHOD	net/minecraft/world/entity/livingblock/behavior/LivingBlockBehavior	(Lnet/minecraft/world/entity/livingblock/LivingBlock;Lnet/minecraft/server/level/ServerLevel;)V	onRemoval	method_1_3703
METHOD	net/minecraft/world/entity/livingblock/behavior/LivingBlockBehavior	(Lnet/minecraft/world/entity/livingblock/LivingBlock;)V	onStart	method_1_3704
METHOD	net/minecraft/world/entity/livingblock/behavior/LivingBlockBehavior	(Lnet/minecraft/world/entity/livingblock/LivingBlock;)V	onStop	method_1_3705
METHOD	net/minecraft/world/entity/livingblock/behavior/LivingBlockBehavior	(Lnet/minecraft/world/level/storage/ValueOutput;Lnet/minecraft/world/entity/livingblock/LivingBlock;)V	save	method_1_3706
METHOD	net/minecraft/world/entity/livingblock/behavior/LivingBlockBehavior	(Lnet/minecraft/world/entity/livingblock/LivingBlock;Lnet/minecraft/server/level/ServerLevel;I)Z	tick	method_1_3707
CLASS	net/minecraft/world/entity/livingblock/behavior/AttackEntityBehavior	class_1_600
FIELD	net/minecraft/world/entity/livingblock/behavior/AttackEntityBehavior	I	ATTACK_COOLDOWN_TICKS	field_1_3014
FIELD	net/minecraft/world/entity/livingblock/behavior/AttackEntityBehavior	D	ATTACK_DISTANCE	field_1_3015
FIELD	net/minecraft/world/entity/livingblock/behavior/AttackEntityBehavior	F	BASE_DAMAGE	field_1_3016
FIELD	net/minecraft/world/entity/livingblock/behavior/AttackEntityBehavior	Lnet/minecraft/world/entity/livingblock/behavior/LivingBlockBehaviorType;	BEHAVIOR	field_1_3017
FIELD	net/minecraft/world/entity/livingblock/behavior/AttackEntityBehavior	D	RETREAT_DISTANCE	field_1_3018
FIELD	net/minecraft/world/entity/livingblock/behavior/AttackEntityBehavior	I	lastAttackTick	field_1_3019
FIELD	net/minecraft/world/entity/livingblock/behavior/AttackEntityBehavior	Lnet/minecraft/world/entity/livingblock/cognition/Intent;	moveTowards	field_1_3020
METHOD	net/minecraft/world/entity/livingblock/behavior/AttackEntityBehavior	(Lnet/minecraft/world/entity/livingblock/LivingBlock;)F	calculateDamage	method_1_3708
METHOD	net/minecraft/world/entity/livingblock/behavior/AttackEntityBehavior	(Lnet/minecraft/world/entity/livingblock/cognition/Agency;)Lnet/minecraft/world/entity/livingblock/behavior/LivingBlockBehavior;	lambda$static$0	method_1_3709
METHOD	net/minecraft/world/entity/livingblock/behavior/AttackEntityBehavior	(Lnet/minecraft/world/entity/livingblock/LivingBlock;Lnet/minecraft/server/level/ServerLevel;Lnet/minecraft/world/entity/Entity;)V	performAttack	method_1_3710
CLASS	net/minecraft/world/entity/livingblock/behavior/BeCraftingIngredient	class_1_601
FIELD	net/minecraft/world/entity/livingblock/behavior/BeCraftingIngredient	Lnet/minecraft/world/entity/livingblock/behavior/LivingBlockBehaviorType;	BECOME_CRAFTING_INGREDIENT	field_1_3021
FIELD	net/minecraft/world/entity/livingblock/behavior/BeCraftingIngredient	D	MOVE_THRESHOLD	field_1_3022
FIELD	net/minecraft/world/entity/livingblock/behavior/BeCraftingIngredient	I	STUCK_TICK_THRESHOLD	field_1_3023
FIELD	net/minecraft/world/entity/livingblock/behavior/BeCraftingIngredient	Lnet/minecraft/world/entity/CraftingGrid;	grid	field_1_3024
FIELD	net/minecraft/world/entity/livingblock/behavior/BeCraftingIngredient	Lnet/minecraft/world/phys/Vec3;	lastMovePos	field_1_3025
FIELD	net/minecraft/world/entity/livingblock/behavior/BeCraftingIngredient	I	lastMoveTick	field_1_3026
FIELD	net/minecraft/world/entity/livingblock/behavior/BeCraftingIngredient	Lnet/minecraft/world/entity/livingblock/cognition/Intent;	move	field_1_3027
FIELD	net/minecraft/world/entity/livingblock/behavior/BeCraftingIngredient	Lnet/minecraft/core/BlockPos;	pos	field_1_3028
FIELD	net/minecraft/world/entity/livingblock/behavior/BeCraftingIngredient	I	slotX	field_1_3029
FIELD	net/minecraft/world/entity/livingblock/behavior/BeCraftingIngredient	I	slotY	field_1_3030
METHOD	net/minecraft/world/entity/livingblock/behavior/BeCraftingIngredient	(Lnet/minecraft/world/entity/livingblock/cognition/Agency;)Lnet/minecraft/world/entity/livingblock/behavior/LivingBlockBehavior;	lambda$static$0	method_1_3711
CLASS	net/minecraft/world/entity/livingblock/behavior/FireAtEntityBehavior	class_1_602
FIELD	net/minecraft/world/entity/livingblock/behavior/FireAtEntityBehavior	I	ATTACK_COOLDOWN_TICKS	field_1_3031
FIELD	net/minecraft/world/entity/livingblock/behavior/FireAtEntityBehavior	F	ATTACK_DISTANCE	field_1_3032
FIELD	net/minecraft/world/entity/livingblock/behavior/FireAtEntityBehavior	F	BASE_DAMAGE	field_1_3033
FIELD	net/minecraft/world/entity/livingblock/behavior/FireAtEntityBehavior	Lnet/minecraft/world/entity/livingblock/behavior/LivingBlockBehaviorType;	BEHAVIOR	field_1_3034
FIELD	net/minecraft/world/entity/livingblock/behavior/FireAtEntityBehavior	D	RETREAT_DISTANCE	field_1_3035
FIELD	net/minecraft/world/entity/livingblock/behavior/FireAtEntityBehavior	I	lastAttackTick	field_1_3036
FIELD	net/minecraft/world/entity/livingblock/behavior/FireAtEntityBehavior	Lnet/minecraft/world/entity/livingblock/cognition/Intent;	moveTowards	field_1_3037
METHOD	net/minecraft/world/entity/livingblock/behavior/FireAtEntityBehavior	(Lnet/minecraft/world/entity/livingblock/LivingBlock;Lnet/minecraft/server/level/ServerLevel;Lnet/minecraft/world/entity/Entity;)V	fire	method_1_3712
METHOD	net/minecraft/world/entity/livingblock/behavior/FireAtEntityBehavior	(Lnet/minecraft/world/entity/livingblock/cognition/Agency;)Lnet/minecraft/world/entity/livingblock/behavior/LivingBlockBehavior;	lambda$static$0	method_1_3713
CLASS	net/minecraft/world/entity/livingblock/interact/FlipLeverInteraction	class_1_603
CLASS	net/minecraft/world/entity/livingblock/behavior/EquipOnEntityBehavior	class_1_604
FIELD	net/minecraft/world/entity/livingblock/behavior/EquipOnEntityBehavior	Lnet/minecraft/world/entity/livingblock/behavior/LivingBlockBehaviorType;	BEHAVIOR	field_1_3038
FIELD	net/minecraft/world/entity/livingblock/behavior/EquipOnEntityBehavior	I	EQUIP_INTERVAL	field_1_3039
FIELD	net/minecraft/world/entity/livingblock/behavior/EquipOnEntityBehavior	I	lastTriggeredTick	field_1_3040
METHOD	net/minecraft/world/entity/livingblock/behavior/EquipOnEntityBehavior	(Lnet/minecraft/world/entity/livingblock/cognition/Agency;)Lnet/minecraft/world/entity/livingblock/behavior/LivingBlockBehavior;	lambda$static$0	method_1_3714
CLASS	net/minecraft/world/entity/livingblock/behavior/FallingAttackBehavior	class_1_605
FIELD	net/minecraft/world/entity/livingblock/behavior/FallingAttackBehavior	D	ATTACK_DISTANCE	field_1_3041
FIELD	net/minecraft/world/entity/livingblock/behavior/FallingAttackBehavior	I	fallHeight	field_1_3042
METHOD	net/minecraft/world/entity/livingblock/behavior/FallingAttackBehavior	(ILnet/minecraft/world/entity/livingblock/cognition/Agency;)Lnet/minecraft/world/entity/livingblock/behavior/LivingBlockBehavior;	lambda$setFallingAttackBehavior$0	method_1_3715
METHOD	net/minecraft/world/entity/livingblock/behavior/FallingAttackBehavior	(I)Lnet/minecraft/world/entity/livingblock/behavior/LivingBlockBehaviorType;	setFallingAttackBehavior	method_1_3716
CLASS	net/minecraft/world/entity/livingblock/interact/SleepOnBedInteraction	class_1_606
METHOD	net/minecraft/world/entity/livingblock/interact/SleepOnBedInteraction	(Lnet/minecraft/server/level/ServerLevel;Lnet/minecraft/world/entity/player/Player;Lnet/minecraft/world/entity/monster/Monster;)Z	lambda$apply$0	method_1_3717
CLASS	net/minecraft/world/entity/livingblock/movement/WaterFloatingMovement	class_1_607
FIELD	net/minecraft/world/entity/livingblock/movement/WaterFloatingMovement	D	FLOAT_IMPULSE	field_1_3043
FIELD	net/minecraft/world/entity/livingblock/movement/WaterFloatingMovement	D	LANDING_IMPULSE	field_1_3044
FIELD	net/minecraft/world/entity/livingblock/movement/WaterFloatingMovement	D	LANDING_SPEED	field_1_3045
FIELD	net/minecraft/world/entity/livingblock/movement/WaterFloatingMovement	D	WATER_SPEED	field_1_3046
METHOD	net/minecraft/world/entity/livingblock/movement/WaterFloatingMovement	(Lnet/minecraft/world/entity/livingblock/LivingBlock;Lnet/minecraft/world/entity/livingblock/Target;Lnet/minecraft/world/phys/Vec3;)V	moveInWater	method_1_3718
CLASS	net/minecraft/client/gui/screens/inventory/tooltip/ClientRecipeTooltip	class_1_608
FIELD	net/minecraft/client/gui/screens/inventory/tooltip/ClientRecipeTooltip	I	GRID_SIZE	field_1_3047
FIELD	net/minecraft/client/gui/screens/inventory/tooltip/ClientRecipeTooltip	I	ITEM_MARGIN	field_1_3048
FIELD	net/minecraft/client/gui/screens/inventory/tooltip/ClientRecipeTooltip	Lnet/minecraft/resources/Identifier;	SLOT_BACKGROUND_SPRITE	field_1_3049
FIELD	net/minecraft/client/gui/screens/inventory/tooltip/ClientRecipeTooltip	I	SLOT_SIZE	field_1_3050
FIELD	net/minecraft/client/gui/screens/inventory/tooltip/ClientRecipeTooltip	Ljava/util/List;	ingredients	comp_1_448
FIELD	net/minecraft/network/protocol/game/ServerboundPickItemFromBlockPacket	Lnet/minecraft/world/phys/BlockHitResult;	hitResult	comp_1_449
METHOD	net/minecraft/network/protocol/game/ServerboundPickItemFromBlockPacket	(Lnet/minecraft/network/FriendlyByteBuf;)V	write	method_1_3719
METHOD	net/minecraft/world/entity/ai/sensing/NearestVisibleLivingEntitySensor	(Lnet/minecraft/server/level/ServerLevel;Lnet/minecraft/world/entity/LivingEntity;)V	doTick	method_1_3720
CLASS	net/minecraft/world/entity/ai/targeting/LivingBlockTargetingConditions	class_1_609
CLASS	net/minecraft/world/entity/livingblock/behavior/CombineInto9x9Behavior	class_1_610
FIELD	net/minecraft/world/entity/livingblock/behavior/CombineInto9x9Behavior	I	CHECK_INTERVAL	field_1_3051
FIELD	net/minecraft/world/entity/livingblock/behavior/CombineInto9x9Behavior	Lorg/slf4j/Logger;	LOGGER	field_1_3052
FIELD	net/minecraft/world/entity/livingblock/behavior/CombineInto9x9Behavior	I	NEEDED_COBBLESTONES	field_1_3053
FIELD	net/minecraft/world/entity/livingblock/behavior/CombineInto9x9Behavior	I	NEEDED_GLASS_BLOCKS	field_1_3054
FIELD	net/minecraft/world/entity/livingblock/behavior/CombineInto9x9Behavior	I	NEEDED_TORCHES	field_1_3055
FIELD	net/minecraft/world/entity/livingblock/behavior/CombineInto9x9Behavior	I	lastTriggeredTick	field_1_3056
FIELD	net/minecraft/world/entity/livingblock/behavior/CombineInto9x9Behavior	Lnet/minecraft/resources/Identifier;	nineByNine	field_1_3057
FIELD	net/minecraft/world/entity/livingblock/behavior/CombineInto9x9Behavior	Lnet/minecraft/world/level/block/Block;	torch	field_1_3058
METHOD	net/minecraft/world/entity/livingblock/behavior/CombineInto9x9Behavior	(Lnet/minecraft/world/level/block/Block;Lnet/minecraft/resources/Identifier;)Lnet/minecraft/world/entity/livingblock/behavior/LivingBlockBehavior;	lambda$nineByNine$0	method_1_3721
METHOD	net/minecraft/world/entity/livingblock/behavior/CombineInto9x9Behavior	(Lnet/minecraft/world/entity/livingblock/LivingBlock;)Z	lambda$tick$0	method_1_3722
METHOD	net/minecraft/world/entity/livingblock/behavior/CombineInto9x9Behavior	(Lnet/minecraft/world/entity/livingblock/LivingBlock;)Z	lambda$tick$1	method_1_3723
METHOD	net/minecraft/world/entity/livingblock/behavior/CombineInto9x9Behavior	(Lnet/minecraft/world/entity/livingblock/LivingBlock;)Z	lambda$tick$2	method_1_3724
METHOD	net/minecraft/world/entity/livingblock/behavior/CombineInto9x9Behavior	(Lnet/minecraft/world/entity/livingblock/LivingBlock;)Z	lambda$tick$3	method_1_3725
METHOD	net/minecraft/world/entity/livingblock/behavior/CombineInto9x9Behavior	(Lnet/minecraft/world/level/block/Block;Lnet/minecraft/resources/Identifier;)Lnet/minecraft/world/entity/livingblock/behavior/LivingBlockBehaviorType;	nineByNine	method_1_3726
METHOD	net/minecraft/world/entity/livingblock/behavior/CombineInto9x9Behavior	(Lnet/minecraft/core/Direction;)Lnet/minecraft/world/level/block/Rotation;	rotationFromDirection	method_1_3727
FIELD	net/minecraft/world/entity/livingblock/behavior/CombineInto9x9Behavior$1	[I	$SwitchMap$net$minecraft$core$Direction	field_1_3059
CLASS	net/minecraft/world/entity/livingblock/behavior/RandomIgnitionBehavior	class_1_611
FIELD	net/minecraft/world/entity/livingblock/behavior/RandomIgnitionBehavior	I	REEVALUATION_TICKS	field_1_3060
FIELD	net/minecraft/world/entity/livingblock/behavior/RandomIgnitionBehavior	I	lastTriggeredTick	field_1_3061
METHOD	net/minecraft/world/entity/livingblock/behavior/RandomIgnitionBehavior	()Lnet/minecraft/world/entity/livingblock/behavior/LivingBlockBehavior;	lambda$randomIgnition$0	method_1_3728
METHOD	net/minecraft/world/entity/livingblock/behavior/RandomIgnitionBehavior	()Lnet/minecraft/world/entity/livingblock/behavior/LivingBlockBehaviorType;	randomIgnition	method_1_3729
CLASS	net/minecraft/world/entity/livingblock/interact/EmptyBucketInteraction	class_1_612
CLASS	net/minecraft/world/entity/livingblock/interact/TeleportPlayerRandomly	class_1_613
CLASS	net/minecraft/world/entity/livingblock/behavior/LivingBlockBehaviorType	class_1_614
FIELD	net/minecraft/world/entity/livingblock/behavior/LivingBlockBehaviorType	Ljava/util/function/Function;	factory	comp_1_450
METHOD	net/minecraft/world/entity/livingblock/behavior/LivingBlockBehaviorType	(Lnet/minecraft/world/entity/livingblock/LivingBlock;Ljava/util/Collection;)V	addToBehaviorList	method_1_3730
METHOD	net/minecraft/world/entity/livingblock/behavior/LivingBlockBehaviorType	(Ljava/util/function/Function;)Lnet/minecraft/world/entity/livingblock/behavior/LivingBlockBehaviorType;	behaviorType	method_1_3731
METHOD	net/minecraft/world/entity/livingblock/behavior/LivingBlockBehaviorType	(Ljava/util/function/Supplier;)Lnet/minecraft/world/entity/livingblock/behavior/LivingBlockBehaviorType;	behaviorType	method_1_3732
METHOD	net/minecraft/world/entity/livingblock/behavior/LivingBlockBehaviorType	(Ljava/util/function/Supplier;Lnet/minecraft/world/entity/livingblock/LivingBlock;)Lnet/minecraft/world/entity/livingblock/behavior/LivingBlockBehaviorEntry;	lambda$behaviorType$0	method_1_3733
METHOD	net/minecraft/world/entity/livingblock/behavior/LivingBlockBehaviorType	(Ljava/util/function/Function;IILnet/minecraft/world/entity/livingblock/LivingBlock;)Lnet/minecraft/world/entity/livingblock/behavior/LivingBlockBehaviorEntry;	lambda$behaviorType$1	method_1_3734
CLASS	net/minecraft/world/entity/livingblock/behavior/ProtectPositionBehavior	class_1_615
FIELD	net/minecraft/world/entity/livingblock/behavior/ProtectPositionBehavior	Lnet/minecraft/world/entity/livingblock/behavior/LivingBlockBehaviorType;	BE_MAD_AT_INTRUDERS	field_1_3062
FIELD	net/minecraft/world/entity/livingblock/behavior/ProtectPositionBehavior	Lnet/minecraft/world/entity/livingblock/behavior/LivingBlockBehaviorType;	RETURN_HOME_WHEN_ABLE	field_1_3063
FIELD	net/minecraft/world/entity/livingblock/behavior/ProtectPositionBehavior	Lnet/minecraft/world/entity/livingblock/cognition/Prize;	protectedPosition	field_1_3064
METHOD	net/minecraft/world/entity/livingblock/behavior/ProtectPositionBehavior	(Lnet/minecraft/world/entity/livingblock/cognition/Agency;)Lnet/minecraft/world/entity/livingblock/behavior/LivingBlockBehavior;	lambda$static$0	method_1_3735
METHOD	net/minecraft/world/entity/livingblock/behavior/ProtectPositionBehavior	(Lnet/minecraft/world/entity/livingblock/cognition/Agency;)Lnet/minecraft/world/entity/livingblock/behavior/LivingBlockBehavior;	lambda$static$1	method_1_3736
CLASS	net/minecraft/world/entity/livingblock/behavior/ProtectPositionBehavior$BeMadAtIntruders	class_1_616
FIELD	net/minecraft/world/entity/livingblock/behavior/ProtectPositionBehavior$BeMadAtIntruders	D	PROTECTION_RADIUS	field_1_3065
FIELD	net/minecraft/world/entity/livingblock/behavior/ProtectPositionBehavior$BeMadAtIntruders	I	TARGET_SCAN_INTERVAL_TICKS	field_1_3066
FIELD	net/minecraft/world/entity/livingblock/behavior/ProtectPositionBehavior$BeMadAtIntruders	Lnet/minecraft/world/entity/livingblock/cognition/Intent;	beMadAt	field_1_3067
FIELD	net/minecraft/world/entity/livingblock/behavior/ProtectPositionBehavior$BeMadAtIntruders	I	lastScanTick	field_1_3068
METHOD	net/minecraft/world/entity/livingblock/behavior/ProtectPositionBehavior$BeMadAtIntruders	(Lnet/minecraft/world/entity/Targetable;)Z	isStillAttackable	method_1_3737
METHOD	net/minecraft/world/entity/livingblock/behavior/ProtectPositionBehavior$BeMadAtIntruders	(Lnet/minecraft/world/entity/Targetable;Lnet/minecraft/world/entity/Entity;)Z	isValidTarget	method_1_3738
METHOD	net/minecraft/world/entity/livingblock/behavior/ProtectPositionBehavior$BeMadAtIntruders	(Lnet/minecraft/world/entity/Targetable;)Z	isWithinProtectionRadius	method_1_3739
METHOD	net/minecraft/world/entity/livingblock/behavior/ProtectPositionBehavior$BeMadAtIntruders	(Lnet/minecraft/world/entity/Entity;Lnet/minecraft/world/entity/LivingEntity;)Z	lambda$scanForTargets$0	method_1_3740
METHOD	net/minecraft/world/entity/livingblock/behavior/ProtectPositionBehavior$BeMadAtIntruders	(Lnet/minecraft/world/entity/LivingEntity;)Z	lambda$scanForTargets$1	method_1_3741
METHOD	net/minecraft/world/entity/livingblock/behavior/ProtectPositionBehavior$BeMadAtIntruders	(Lnet/minecraft/world/phys/Vec3;Lnet/minecraft/world/entity/LivingEntity;)D	lambda$scanForTargets$2	method_1_3742
METHOD	net/minecraft/world/entity/livingblock/behavior/ProtectPositionBehavior$BeMadAtIntruders	(Lnet/minecraft/world/entity/livingblock/LivingBlock;)Ljava/util/Optional;	scanForTargets	method_1_3743
CLASS	net/minecraft/world/entity/livingblock/behavior/ProtectPositionBehavior$ReturnHome	class_1_617
FIELD	net/minecraft/world/entity/livingblock/behavior/ProtectPositionBehavior$ReturnHome	D	HOME_RADIUS	field_1_3069
FIELD	net/minecraft/world/entity/livingblock/behavior/ProtectPositionBehavior$ReturnHome	Lnet/minecraft/world/entity/livingblock/cognition/Intent;	moveTowards	field_1_3070
METHOD	net/minecraft/world/entity/livingblock/behavior/ProtectPositionBehavior$ReturnHome	(Lnet/minecraft/world/entity/livingblock/LivingBlock;)Z	isFarFromHome	method_1_3744
CLASS	net/minecraft/world/entity/livingblock/behavior/RandomlyUseItemBehavior	class_1_618
FIELD	net/minecraft/world/entity/livingblock/behavior/RandomlyUseItemBehavior	F	chance	field_1_3071
FIELD	net/minecraft/world/entity/livingblock/behavior/RandomlyUseItemBehavior	F	reach	field_1_3072
FIELD	net/minecraft/world/entity/livingblock/behavior/RandomlyUseItemBehavior	Lnet/minecraft/world/entity/livingblock/behavior/RandomlyUseItemBehavior$ValidBlockTest;	validBlocks	field_1_3073
METHOD	net/minecraft/world/entity/livingblock/behavior/RandomlyUseItemBehavior	(FFLnet/minecraft/world/entity/livingblock/behavior/RandomlyUseItemBehavior$ValidBlockTest;)Lnet/minecraft/world/entity/livingblock/behavior/LivingBlockBehavior;	lambda$randomlyUseOn$0	method_1_3745
METHOD	net/minecraft/world/entity/livingblock/behavior/RandomlyUseItemBehavior	(Lnet/minecraft/server/level/ServerLevel;Lnet/minecraft/core/BlockPos;)Z	lambda$tick$0	method_1_3746
METHOD	net/minecraft/world/entity/livingblock/behavior/RandomlyUseItemBehavior	(FFLnet/minecraft/world/entity/livingblock/behavior/RandomlyUseItemBehavior$ValidBlockTest;)Lnet/minecraft/world/entity/livingblock/behavior/LivingBlockBehaviorType;	randomlyUseOn	method_1_3747
CLASS	net/minecraft/world/entity/livingblock/behavior/RandomlyUseItemBehavior$ValidBlockTest	class_1_619
METHOD	net/minecraft/world/entity/livingblock/behavior/RandomlyUseItemBehavior$ValidBlockTest	(Lnet/minecraft/tags/TagKey;Lnet/minecraft/world/level/Level;Lnet/minecraft/core/BlockPos;Lnet/minecraft/world/level/block/state/BlockState;)Z	lambda$tag$0	method_1_3748
METHOD	net/minecraft/world/entity/livingblock/behavior/RandomlyUseItemBehavior$ValidBlockTest	(Lnet/minecraft/tags/TagKey;)Lnet/minecraft/world/entity/livingblock/behavior/RandomlyUseItemBehavior$ValidBlockTest;	tag	method_1_3749
METHOD	net/minecraft/world/entity/livingblock/behavior/RandomlyUseItemBehavior$ValidBlockTest	(Lnet/minecraft/world/level/Level;Lnet/minecraft/core/BlockPos;Lnet/minecraft/world/level/block/state/BlockState;)Z	test	method_1_3750
CLASS	net/minecraft/world/entity/livingblock/behavior/SimpleContainerBehavior	class_1_620
METHOD	net/minecraft/world/entity/livingblock/behavior/SimpleContainerBehavior	(Lnet/minecraft/world/entity/livingblock/LivingBlock;)Lnet/minecraft/network/chat/Component;	displayName	method_1_3751
METHOD	net/minecraft/world/entity/livingblock/behavior/SimpleContainerBehavior	()Lnet/minecraft/world/SimpleContainer;	getContainer	method_1_3752
CLASS	net/minecraft/world/entity/livingblock/interact/CraftingMenuInteraction	class_1_621
FIELD	net/minecraft/world/entity/livingblock/interact/CraftingMenuInteraction	Lnet/minecraft/network/chat/Component;	CONTAINER_TITLE	field_1_3074
METHOD	net/minecraft/world/entity/livingblock/interact/CraftingMenuInteraction	(Lnet/minecraft/world/entity/livingblock/LivingBlock;Lnet/minecraft/world/entity/CraftingGrid;)Z	lambda$apply$0	method_1_3753
METHOD	net/minecraft/world/entity/livingblock/interact/CraftingMenuInteraction	(Lnet/minecraft/server/level/ServerLevel;Lnet/minecraft/world/entity/CraftingGrid;ILnet/minecraft/world/entity/player/Inventory;Lnet/minecraft/world/entity/player/Player;)Lnet/minecraft/world/inventory/AbstractContainerMenu;	lambda$apply$1	method_1_3754
CLASS	net/minecraft/client/renderer/entity/state/LivingBlockCommandRenderState	class_1_622
FIELD	net/minecraft/client/renderer/entity/state/LivingBlockCommandRenderState	Lnet/minecraft/world/entity/LivingBlockCommand$Type;	commandType	field_1_3075
FIELD	net/minecraft/client/renderer/entity/state/LivingBlockCommandRenderState	F	visibility	field_1_3076
CLASS	net/minecraft/world/entity/livingblock/behavior/CombineIntoHouseBehavior	class_1_623
FIELD	net/minecraft/world/entity/livingblock/behavior/CombineIntoHouseBehavior	I	HOUSE_SIZE	field_1_3077
FIELD	net/minecraft/world/entity/livingblock/behavior/CombineIntoHouseBehavior	I	REEVALUATION_TICKS	field_1_3078
FIELD	net/minecraft/world/entity/livingblock/behavior/CombineIntoHouseBehavior	I	lastTriggeredTick	field_1_3079
FIELD	net/minecraft/world/entity/livingblock/behavior/CombineIntoHouseBehavior	D	minDistance	field_1_3080
METHOD	net/minecraft/world/entity/livingblock/behavior/CombineIntoHouseBehavior	(D)Lnet/minecraft/world/entity/livingblock/behavior/LivingBlockBehaviorType;	combineIntoHouse	method_1_3755
METHOD	net/minecraft/world/entity/livingblock/behavior/CombineIntoHouseBehavior	(D)Lnet/minecraft/world/entity/livingblock/behavior/LivingBlockBehavior;	lambda$combineIntoHouse$0	method_1_3756
METHOD	net/minecraft/world/entity/livingblock/behavior/CombineIntoHouseBehavior	(Lnet/minecraft/world/entity/livingblock/LivingBlock;)Z	lambda$tick$0	method_1_3757
CLASS	net/minecraft/world/entity/livingblock/behavior/EnchantmentTableBehavior	class_1_624
FIELD	net/minecraft/world/entity/livingblock/behavior/EnchantmentTableBehavior	I	ENCHANTING_TIMEOUT_DURATION	field_1_3081
FIELD	net/minecraft/world/entity/livingblock/behavior/EnchantmentTableBehavior	I	waitingTicks	field_1_3082
METHOD	net/minecraft/world/entity/livingblock/behavior/EnchantmentTableBehavior	(Lnet/minecraft/world/entity/livingblock/LivingBlock;)V	cleanupEnchantingAttempt	method_1_3758
METHOD	net/minecraft/world/entity/livingblock/behavior/EnchantmentTableBehavior	()Lnet/minecraft/world/entity/livingblock/behavior/LivingBlockBehaviorType;	enchantmentTable	method_1_3759
METHOD	net/minecraft/world/entity/livingblock/behavior/EnchantmentTableBehavior	(Lnet/minecraft/util/RandomSource;Lnet/minecraft/core/RegistryAccess;Lnet/minecraft/world/item/ItemStack;I)Ljava/util/List;	getEnchantmentList	method_1_3760
METHOD	net/minecraft/world/entity/livingblock/behavior/EnchantmentTableBehavior	(Lnet/minecraft/world/entity/livingblock/LivingBlock;)Z	lambda$cleanupEnchantingAttempt$0	method_1_3761
METHOD	net/minecraft/world/entity/livingblock/behavior/EnchantmentTableBehavior	(Lnet/minecraft/world/entity/livingblock/LivingBlock;)V	lambda$cleanupEnchantingAttempt$1	method_1_3762
METHOD	net/minecraft/world/entity/livingblock/behavior/EnchantmentTableBehavior	(Lnet/minecraft/world/entity/livingblock/LivingBlock;)Z	lambda$tick$0	method_1_3763
METHOD	net/minecraft/world/entity/livingblock/behavior/EnchantmentTableBehavior	(Lnet/minecraft/world/entity/livingblock/LivingBlock;Lnet/minecraft/world/entity/livingblock/LivingBlock;)Z	lambda$tick$1	method_1_3764
CLASS	net/minecraft/world/entity/livingblock/behavior/LivingBlockBehaviorEntry	class_1_625
FIELD	net/minecraft/world/entity/livingblock/behavior/LivingBlockBehaviorEntry	Z	active	field_1_3083
FIELD	net/minecraft/world/entity/livingblock/behavior/LivingBlockBehaviorEntry	Lnet/minecraft/world/entity/livingblock/LivingBlock;	entity	field_1_3084
FIELD	net/minecraft/world/entity/livingblock/behavior/LivingBlockBehaviorEntry	Lnet/minecraft/world/entity/livingblock/behavior/LivingBlockBehavior;	instance	field_1_3085
FIELD	net/minecraft/world/entity/livingblock/behavior/LivingBlockBehaviorEntry	I	mutex	field_1_3086
FIELD	net/minecraft/world/entity/livingblock/behavior/LivingBlockBehaviorEntry	I	pursuedDesires	field_1_3087
METHOD	net/minecraft/world/entity/livingblock/behavior/LivingBlockBehaviorEntry	()Z	isActive	method_1_3765
METHOD	net/minecraft/world/entity/livingblock/behavior/LivingBlockBehaviorEntry	(Lnet/minecraft/world/level/storage/ValueInput;)V	loadData	method_1_3766
METHOD	net/minecraft/world/entity/livingblock/behavior/LivingBlockBehaviorEntry	()I	mutex	method_1_3767
METHOD	net/minecraft/world/entity/livingblock/behavior/LivingBlockBehaviorEntry	(Lnet/minecraft/server/level/ServerLevel;)V	onDeath	method_1_3768
METHOD	net/minecraft/world/entity/livingblock/behavior/LivingBlockBehaviorEntry	(Lnet/minecraft/server/level/ServerLevel;)V	onRemoval	method_1_3769
METHOD	net/minecraft/world/entity/livingblock/behavior/LivingBlockBehaviorEntry	(Lnet/minecraft/world/level/storage/ValueOutput;)V	save	method_1_3770
METHOD	net/minecraft/world/entity/livingblock/behavior/LivingBlockBehaviorEntry	()Z	start	method_1_3771
METHOD	net/minecraft/world/entity/livingblock/behavior/LivingBlockBehaviorEntry	()V	stop	method_1_3772
METHOD	net/minecraft/world/entity/livingblock/behavior/LivingBlockBehaviorEntry	(Lnet/minecraft/server/level/ServerLevel;I)Z	tick	method_1_3773
CLASS	net/minecraft/world/entity/livingblock/behavior/ShowCraftingGridBehavior	class_1_626
FIELD	net/minecraft/world/entity/livingblock/behavior/ShowCraftingGridBehavior	I	NO_SPACE_PARTICLE_TIME	field_1_3088
FIELD	net/minecraft/world/entity/livingblock/behavior/ShowCraftingGridBehavior	I	STATIONARY_WAIT_TIME	field_1_3089
FIELD	net/minecraft/world/entity/livingblock/behavior/ShowCraftingGridBehavior	I	stationaryTicks	field_1_3090
METHOD	net/minecraft/world/entity/livingblock/behavior/ShowCraftingGridBehavior	(Lnet/minecraft/world/entity/livingblock/LivingBlock;Lnet/minecraft/server/level/ServerLevel;)Ljava/util/List;	getOwnedCraftingGrids	method_1_3774
METHOD	net/minecraft/world/entity/livingblock/behavior/ShowCraftingGridBehavior	(Lnet/minecraft/world/entity/livingblock/LivingBlock;Lnet/minecraft/world/entity/CraftingGrid;)Z	lambda$getOwnedCraftingGrids$0	method_1_3775
METHOD	net/minecraft/world/entity/livingblock/behavior/ShowCraftingGridBehavior	(Lnet/minecraft/world/entity/livingblock/LivingBlock;)Z	shouldRun	method_1_3776
METHOD	net/minecraft/world/entity/livingblock/behavior/ShowCraftingGridBehavior	()Lnet/minecraft/world/entity/livingblock/behavior/LivingBlockBehaviorType;	showCraftingTable	method_1_3777
CLASS	net/minecraft/world/entity/livingblock/interact/OpenContainerInteraction	class_1_627
METHOD	net/minecraft/world/entity/livingblock/interact/OpenContainerInteraction	(Lnet/minecraft/world/entity/livingblock/LivingBlock;)Ljava/util/Optional;	lambda$apply$0	method_1_3778
METHOD	net/minecraft/world/entity/livingblock/interact/OpenContainerInteraction	(Lnet/minecraft/world/entity/livingblock/behavior/LivingBlockBehaviorEntry;)Ljava/util/Optional;	lambda$apply$1	method_1_3779
FIELD	net/minecraft/world/entity/livingblock/interact/OpenContainerInteraction$1	Lnet/minecraft/world/entity/livingblock/behavior/SimpleContainerBehavior;	val$behavior	field_1_3091
FIELD	net/minecraft/world/entity/livingblock/interact/OpenContainerInteraction$1	Lnet/minecraft/world/entity/livingblock/LivingBlock;	val$entity	field_1_3092
FIELD	net/minecraft/world/entity/livingblock/interact/OpenContainerInteraction$1	Z	val$isShulker	field_1_3093
CLASS	net/minecraft/world/entity/livingblock/interact/SummonVehicleInteraction	class_1_628
CLASS	net/minecraft/world/entity/livingblock/behavior/CombineIntoPortalBehavior	class_1_629
FIELD	net/minecraft/world/entity/livingblock/behavior/CombineIntoPortalBehavior	I	PORTAL_SIZE	field_1_3094
FIELD	net/minecraft/world/entity/livingblock/behavior/CombineIntoPortalBehavior	I	REEVALUATION_TICKS	field_1_3095
FIELD	net/minecraft/world/entity/livingblock/behavior/CombineIntoPortalBehavior	I	lastTriggeredTick	field_1_3096
FIELD	net/minecraft/world/entity/livingblock/behavior/CombineIntoPortalBehavior	D	minDistance	field_1_3097
METHOD	net/minecraft/world/entity/livingblock/behavior/CombineIntoPortalBehavior	(D)Lnet/minecraft/world/entity/livingblock/behavior/LivingBlockBehaviorType;	combineIntoPortal	method_1_3780
METHOD	net/minecraft/world/entity/livingblock/behavior/CombineIntoPortalBehavior	(D)Lnet/minecraft/world/entity/livingblock/behavior/LivingBlockBehavior;	lambda$combineIntoPortal$0	method_1_3781
METHOD	net/minecraft/world/entity/livingblock/behavior/CombineIntoPortalBehavior	(Lnet/minecraft/world/entity/livingblock/LivingBlock;)Z	lambda$tick$0	method_1_3782
CLASS	net/minecraft/world/entity/livingblock/behavior/MineSpecificBlockBehavior	class_1_630
FIELD	net/minecraft/world/entity/livingblock/behavior/MineSpecificBlockBehavior	F	APPROACH_DISTANCE	field_1_3098
FIELD	net/minecraft/world/entity/livingblock/behavior/MineSpecificBlockBehavior	F	MAX_DISTANCE_FROM_BLOCK	field_1_3099
FIELD	net/minecraft/world/entity/livingblock/behavior/MineSpecificBlockBehavior	Lnet/minecraft/world/entity/livingblock/behavior/LivingBlockBehaviorType;	MINE_THE_BLOCK	field_1_3100
FIELD	net/minecraft/world/entity/livingblock/behavior/MineSpecificBlockBehavior	Lnet/minecraft/world/entity/livingblock/behavior/LivingBlockBehaviorType;	MOVE_TO_BLOCK_TO_MINE	field_1_3101
FIELD	net/minecraft/world/entity/livingblock/behavior/MineSpecificBlockBehavior	Lnet/minecraft/world/entity/livingblock/cognition/Intent;	moveTowards	field_1_3102
FIELD	net/minecraft/world/entity/livingblock/behavior/MineSpecificBlockBehavior	Lnet/minecraft/world/entity/livingblock/cognition/Prize;	target	field_1_3103
METHOD	net/minecraft/world/entity/livingblock/behavior/MineSpecificBlockBehavior	(Lnet/minecraft/core/BlockPos;)Lnet/minecraft/world/entity/livingblock/Target;	lambda$static$0	method_1_3783
METHOD	net/minecraft/world/entity/livingblock/behavior/MineSpecificBlockBehavior	(Lnet/minecraft/world/entity/livingblock/LivingBlock;Lnet/minecraft/core/BlockPos;)Z	lambda$static$1	method_1_3784
METHOD	net/minecraft/world/entity/livingblock/behavior/MineSpecificBlockBehavior	(Lnet/minecraft/world/entity/livingblock/cognition/Agency;)Lnet/minecraft/world/entity/livingblock/behavior/LivingBlockBehavior;	lambda$static$2	method_1_3785
CLASS	net/minecraft/world/entity/livingblock/behavior/AnnoyingClickClackBehavior	class_1_631
FIELD	net/minecraft/world/entity/livingblock/behavior/AnnoyingClickClackBehavior	Lnet/minecraft/world/entity/livingblock/behavior/LivingBlockBehaviorType;	BEHAVIOR	field_1_3104
FIELD	net/minecraft/world/entity/livingblock/behavior/AnnoyingClickClackBehavior	I	CLICK_CLACK_INTERVAL	field_1_3105
FIELD	net/minecraft/world/entity/livingblock/behavior/AnnoyingClickClackBehavior	I	lastTriggeredTick	field_1_3106
CLASS	net/minecraft/world/entity/livingblock/behavior/BackAwayFromAttackBehavior	class_1_632
FIELD	net/minecraft/world/entity/livingblock/behavior/BackAwayFromAttackBehavior	I	BACK_AWAY_COOLDOWN_TICKS	field_1_3107
FIELD	net/minecraft/world/entity/livingblock/behavior/BackAwayFromAttackBehavior	D	BACK_AWAY_DISTANCE	field_1_3108
FIELD	net/minecraft/world/entity/livingblock/behavior/BackAwayFromAttackBehavior	Lnet/minecraft/world/entity/livingblock/behavior/LivingBlockBehaviorType;	BEHAVIOR	field_1_3109
FIELD	net/minecraft/world/entity/livingblock/behavior/BackAwayFromAttackBehavior	Lnet/minecraft/world/entity/livingblock/cognition/Intent;	moveTowards	comp_1_451
METHOD	net/minecraft/world/entity/livingblock/behavior/BackAwayFromAttackBehavior	(Lnet/minecraft/world/phys/Vec3;Lnet/minecraft/world/phys/Vec3;)Lnet/minecraft/world/phys/Vec3;	getTargetPosition	method_1_3786
METHOD	net/minecraft/world/entity/livingblock/behavior/BackAwayFromAttackBehavior	(Lnet/minecraft/world/entity/livingblock/cognition/Agency;)Lnet/minecraft/world/entity/livingblock/behavior/LivingBlockBehavior;	lambda$static$0	method_1_3787
CLASS	net/minecraft/world/entity/livingblock/behavior/UseItemOnConditionBehavior	class_1_633
FIELD	net/minecraft/world/entity/livingblock/behavior/UseItemOnConditionBehavior	I	CHECK_INTERVAL	field_1_3110
FIELD	net/minecraft/world/entity/livingblock/behavior/UseItemOnConditionBehavior	I	lastTriggeredTick	field_1_3111
FIELD	net/minecraft/world/entity/livingblock/behavior/UseItemOnConditionBehavior	D	maxDistance	field_1_3112
FIELD	net/minecraft/world/entity/livingblock/behavior/UseItemOnConditionBehavior	Lnet/minecraft/world/item/ItemStack;	overrideItemStack	field_1_3113
FIELD	net/minecraft/world/entity/livingblock/behavior/UseItemOnConditionBehavior	Ljava/util/function/Predicate;	selector	field_1_3114
METHOD	net/minecraft/world/entity/livingblock/behavior/UseItemOnConditionBehavior	(DLjava/util/function/Predicate;Lnet/minecraft/world/entity/livingblock/cognition/Agency;)Lnet/minecraft/world/entity/livingblock/behavior/LivingBlockBehavior;	lambda$useItemIf$0	method_1_3788
METHOD	net/minecraft/world/entity/livingblock/behavior/UseItemOnConditionBehavior	(DLjava/util/function/Predicate;Lnet/minecraft/world/item/ItemStack;Lnet/minecraft/world/entity/livingblock/cognition/Agency;)Lnet/minecraft/world/entity/livingblock/behavior/LivingBlockBehavior;	lambda$useItemIf$1	method_1_3789
METHOD	net/minecraft/world/entity/livingblock/behavior/UseItemOnConditionBehavior	(DLjava/util/function/Predicate;)Lnet/minecraft/world/entity/livingblock/behavior/LivingBlockBehaviorType;	useItemIf	method_1_3790
METHOD	net/minecraft/world/entity/livingblock/behavior/UseItemOnConditionBehavior	(DLjava/util/function/Predicate;Lnet/minecraft/world/item/ItemStack;)Lnet/minecraft/world/entity/livingblock/behavior/LivingBlockBehaviorType;	useItemIf	method_1_3791
CLASS	net/minecraft/world/entity/livingblock/interact/DropLivingBlockInteraction	class_1_634
CLASS	net/minecraft/world/entity/livingblock/behavior/TargetNearestPlayerBehavior	class_1_635
FIELD	net/minecraft/world/entity/livingblock/behavior/TargetNearestPlayerBehavior	D	PLAYER_DISTANCE	field_1_3115
FIELD	net/minecraft/world/entity/livingblock/behavior/TargetNearestPlayerBehavior	I	PLAYER_REEVALUATION_TICKS	field_1_3116
FIELD	net/minecraft/world/entity/livingblock/behavior/TargetNearestPlayerBehavior	I	lastTargetedTick	field_1_3117
FIELD	net/minecraft/world/entity/livingblock/behavior/TargetNearestPlayerBehavior	D	maxDistance	field_1_3118
FIELD	net/minecraft/world/entity/livingblock/behavior/TargetNearestPlayerBehavior	Lnet/minecraft/world/entity/livingblock/cognition/Intent;	moveTowards	field_1_3119
FIELD	net/minecraft/world/entity/livingblock/behavior/TargetNearestPlayerBehavior	Z	targetEntity	field_1_3120
METHOD	net/minecraft/world/entity/livingblock/behavior/TargetNearestPlayerBehavior	(DZLnet/minecraft/world/entity/livingblock/cognition/Agency;)Lnet/minecraft/world/entity/livingblock/behavior/LivingBlockBehavior;	lambda$targetNearestPlayer$0	method_1_3792
METHOD	net/minecraft/world/entity/livingblock/behavior/TargetNearestPlayerBehavior	()D	maxDistance	method_1_3793
METHOD	net/minecraft/world/entity/livingblock/behavior/TargetNearestPlayerBehavior	(Lnet/minecraft/world/entity/Entity;Lnet/minecraft/world/entity/livingblock/LivingBlock;)Z	targetCondition	method_1_3794
METHOD	net/minecraft/world/entity/livingblock/behavior/TargetNearestPlayerBehavior	(DZ)Lnet/minecraft/world/entity/livingblock/behavior/LivingBlockBehaviorType;	targetNearestPlayer	method_1_3795
CLASS	net/minecraft/world/entity/livingblock/behavior/AvoidBeingInTheWayOfCrafting	class_1_636
FIELD	net/minecraft/world/entity/livingblock/behavior/AvoidBeingInTheWayOfCrafting	Lnet/minecraft/world/entity/livingblock/behavior/LivingBlockBehaviorType;	AVOID_DISRUPTING_CRAFTING	field_1_3121
FIELD	net/minecraft/world/entity/livingblock/behavior/AvoidBeingInTheWayOfCrafting	D	BACK_AWAY_DISTANCE	field_1_3122
FIELD	net/minecraft/world/entity/livingblock/behavior/AvoidBeingInTheWayOfCrafting	Lnet/minecraft/world/entity/livingblock/cognition/Intent;	move	field_1_3123
FIELD	net/minecraft/world/entity/livingblock/behavior/AvoidBeingInTheWayOfCrafting	Lnet/minecraft/world/phys/Vec3;	pos	field_1_3124
METHOD	net/minecraft/world/entity/livingblock/behavior/AvoidBeingInTheWayOfCrafting	(Lnet/minecraft/world/phys/Vec3;Lnet/minecraft/world/phys/Vec3;)Lnet/minecraft/world/phys/Vec3;	getTargetPosition	method_1_3796
METHOD	net/minecraft/world/entity/livingblock/behavior/AvoidBeingInTheWayOfCrafting	(Lnet/minecraft/world/entity/livingblock/cognition/Agency;)Lnet/minecraft/world/entity/livingblock/behavior/LivingBlockBehavior;	lambda$static$0	method_1_3797
CLASS	net/minecraft/world/entity/livingblock/behavior/CombineIntoEndPortalBehavior	class_1_637
FIELD	net/minecraft/world/entity/livingblock/behavior/CombineIntoEndPortalBehavior	I	PORTAL_SIZE	field_1_3125
FIELD	net/minecraft/world/entity/livingblock/behavior/CombineIntoEndPortalBehavior	I	REEVALUATION_TICKS	field_1_3126
FIELD	net/minecraft/world/entity/livingblock/behavior/CombineIntoEndPortalBehavior	I	lastTriggeredTick	field_1_3127
FIELD	net/minecraft/world/entity/livingblock/behavior/CombineIntoEndPortalBehavior	D	minDistance	field_1_3128
METHOD	net/minecraft/world/entity/livingblock/behavior/CombineIntoEndPortalBehavior	(D)Lnet/minecraft/world/entity/livingblock/behavior/LivingBlockBehaviorType;	combineIntoEndPortal	method_1_3798
METHOD	net/minecraft/world/entity/livingblock/behavior/CombineIntoEndPortalBehavior	(D)Lnet/minecraft/world/entity/livingblock/behavior/LivingBlockBehavior;	lambda$combineIntoEndPortal$0	method_1_3799
METHOD	net/minecraft/world/entity/livingblock/behavior/CombineIntoEndPortalBehavior	(Lnet/minecraft/world/entity/livingblock/LivingBlock;)Z	lambda$tick$0	method_1_3800
METHOD	net/minecraft/world/entity/livingblock/behavior/CombineIntoEndPortalBehavior	(Lnet/minecraft/core/BlockPos;Lnet/minecraft/world/level/Level;)V	spawnPortal	method_1_3801
CLASS	net/minecraft/world/entity/livingblock/behavior/LaunchCollidingBlockBehavior	class_1_638
FIELD	net/minecraft/world/entity/livingblock/behavior/LaunchCollidingBlockBehavior	D	launchVelocity	field_1_3129
FIELD	net/minecraft/world/entity/livingblock/behavior/LaunchCollidingBlockBehavior	Ljava/util/List;	launchedBlocks	field_1_3130
FIELD	net/minecraft/world/entity/livingblock/behavior/LaunchCollidingBlockBehavior	D	minDistance	field_1_3131
METHOD	net/minecraft/world/entity/livingblock/behavior/LaunchCollidingBlockBehavior	(DD)Lnet/minecraft/world/entity/livingblock/behavior/LivingBlockBehavior;	lambda$launchCollidingBlocks$0	method_1_3802
METHOD	net/minecraft/world/entity/livingblock/behavior/LaunchCollidingBlockBehavior	(Lnet/minecraft/world/entity/livingblock/LivingBlock;Lnet/minecraft/world/entity/livingblock/LivingBlock;)Z	lambda$tick$0	method_1_3803
METHOD	net/minecraft/world/entity/livingblock/behavior/LaunchCollidingBlockBehavior	(DD)Lnet/minecraft/world/entity/livingblock/behavior/LivingBlockBehaviorType;	launchCollidingBlocks	method_1_3804
CLASS	net/minecraft/world/entity/livingblock/behavior/LivingBlockContainerBehavior	class_1_639
FIELD	net/minecraft/world/entity/livingblock/behavior/LivingBlockContainerBehavior	I	BACK_AWAY_COOLDOWN_TICKS	field_1_3132
FIELD	net/minecraft/world/entity/livingblock/behavior/LivingBlockContainerBehavior	I	REEVALUATION_TICKS	field_1_3133
FIELD	net/minecraft/world/entity/livingblock/behavior/LivingBlockContainerBehavior	Lnet/minecraft/sounds/SoundEvent;	burpSound	field_1_3134
FIELD	net/minecraft/world/entity/livingblock/behavior/LivingBlockContainerBehavior	Lnet/minecraft/sounds/SoundEvent;	eatSound	field_1_3135
FIELD	net/minecraft/world/entity/livingblock/behavior/LivingBlockContainerBehavior	Z	inventoryInitialized	field_1_3136
FIELD	net/minecraft/world/entity/livingblock/behavior/LivingBlockContainerBehavior	Lnet/minecraft/world/BehaviorSimpleContainer;	inventory	field_1_3137
FIELD	net/minecraft/world/entity/livingblock/behavior/LivingBlockContainerBehavior	I	lastTriggeredTick	field_1_3138
FIELD	net/minecraft/world/entity/livingblock/behavior/LivingBlockContainerBehavior	Z	onlySame	field_1_3139
FIELD	net/minecraft/world/entity/livingblock/behavior/LivingBlockContainerBehavior	Z	triggeredAttackResponse	field_1_3140
METHOD	net/minecraft/world/entity/livingblock/behavior/LivingBlockContainerBehavior	(ILnet/minecraft/sounds/SoundEvent;Lnet/minecraft/sounds/SoundEvent;)Lnet/minecraft/world/entity/livingblock/behavior/LivingBlockBehaviorType;	containerBlockEntity	method_1_3805
METHOD	net/minecraft/world/entity/livingblock/behavior/LivingBlockContainerBehavior	(ILnet/minecraft/sounds/SoundEvent;Lnet/minecraft/sounds/SoundEvent;Z)Lnet/minecraft/world/entity/livingblock/behavior/LivingBlockBehaviorType;	containerBlockEntity	method_1_3806
METHOD	net/minecraft/world/entity/livingblock/behavior/LivingBlockContainerBehavior	(Lnet/minecraft/server/level/ServerLevel;Lnet/minecraft/core/BlockPos;)Z	dropLastItem	method_1_3807
METHOD	net/minecraft/world/entity/livingblock/behavior/LivingBlockContainerBehavior	(Lnet/minecraft/world/item/ItemStack;Lnet/minecraft/world/entity/livingblock/LivingBlock;)Lnet/minecraft/world/item/ItemStack;	eatItem	method_1_3808
METHOD	net/minecraft/world/entity/livingblock/behavior/LivingBlockContainerBehavior	(Lnet/minecraft/world/phys/Vec3;Lnet/minecraft/world/phys/Vec3;)Lnet/minecraft/world/phys/Vec3;	getTargetPosition	method_1_3809
METHOD	net/minecraft/world/entity/livingblock/behavior/LivingBlockContainerBehavior	()Z	isEmptyContainer	method_1_3810
METHOD	net/minecraft/world/entity/livingblock/behavior/LivingBlockContainerBehavior	(ILnet/minecraft/sounds/SoundEvent;Lnet/minecraft/sounds/SoundEvent;Z)Lnet/minecraft/world/entity/livingblock/behavior/LivingBlockBehavior;	lambda$containerBlockEntity$0	method_1_3811
METHOD	net/minecraft/world/entity/livingblock/behavior/LivingBlockContainerBehavior	(Lnet/minecraft/world/level/storage/ValueInput$TypedInputList;)V	lambda$loadData$0	method_1_3812
METHOD	net/minecraft/world/entity/livingblock/behavior/LivingBlockContainerBehavior	(Lnet/minecraft/world/item/ItemStack;)Z	lambda$tick$0	method_1_3813
METHOD	net/minecraft/world/entity/livingblock/behavior/LivingBlockContainerBehavior	(Lnet/minecraft/world/item/ItemStack;Lnet/minecraft/world/entity/livingblock/LivingBlock;)Z	lambda$tick$1	method_1_3814
METHOD	net/minecraft/world/entity/livingblock/behavior/LivingBlockContainerBehavior	(Lnet/minecraft/world/entity/livingblock/LivingBlock;)Z	lambda$tick$2	method_1_3815
METHOD	net/minecraft/world/entity/livingblock/behavior/LivingBlockContainerBehavior	(Lnet/minecraft/world/entity/livingblock/LivingBlock;)Z	lambda$tick$3	method_1_3816
METHOD	net/minecraft/world/entity/livingblock/behavior/LivingBlockContainerBehavior	(Lnet/minecraft/world/entity/livingblock/behavior/LivingBlockBehaviorEntry;)Ljava/util/Optional;	lambda$tick$4	method_1_3817
METHOD	net/minecraft/world/entity/livingblock/behavior/LivingBlockContainerBehavior	(Lnet/minecraft/world/item/ItemStack;Lnet/minecraft/world/entity/livingblock/behavior/SimpleContainerBehavior;)V	lambda$tick$5	method_1_3818
METHOD	net/minecraft/world/entity/livingblock/behavior/LivingBlockContainerBehavior	(Lnet/minecraft/world/entity/livingblock/LivingBlock;)V	saveItems	method_1_3819
CLASS	net/minecraft/world/entity/livingblock/interact/EnchantRandomItemInteraction	class_1_640
METHOD	net/minecraft/world/entity/livingblock/interact/EnchantRandomItemInteraction	(Lnet/minecraft/world/entity/livingblock/LivingBlock;)Z	lambda$apply$0	method_1_3820
METHOD	net/minecraft/world/entity/livingblock/interact/EnchantRandomItemInteraction	(Lnet/minecraft/world/entity/livingblock/LivingBlock;)Z	lambda$apply$1	method_1_3821
METHOD	net/minecraft/world/entity/livingblock/interact/EnchantRandomItemInteraction	(Lnet/minecraft/world/entity/livingblock/LivingBlock;Lnet/minecraft/world/entity/player/Player;Lnet/minecraft/world/entity/livingblock/LivingBlock;)V	lambda$apply$2	method_1_3822
CLASS	net/minecraft/world/entity/livingblock/behavior/DamageEntitiesOnTouchBehavior	class_1_641
FIELD	net/minecraft/world/entity/livingblock/behavior/DamageEntitiesOnTouchBehavior	F	damageAmount	comp_1_452
FIELD	net/minecraft/world/entity/livingblock/behavior/DamageEntitiesOnTouchBehavior	Lnet/minecraft/resources/ResourceKey;	damageType	comp_1_453
FIELD	net/minecraft/world/entity/livingblock/behavior/DamageEntitiesOnTouchBehavior	Z	ignoreLivingBlocks	comp_1_454
METHOD	net/minecraft/world/entity/livingblock/behavior/DamageEntitiesOnTouchBehavior	(Lnet/minecraft/resources/ResourceKey;FZ)Lnet/minecraft/world/entity/livingblock/behavior/LivingBlockBehaviorType;	damageEntitiesOnTouch	method_1_3823
METHOD	net/minecraft/world/entity/livingblock/behavior/DamageEntitiesOnTouchBehavior	(Lnet/minecraft/resources/ResourceKey;FZLnet/minecraft/world/entity/livingblock/cognition/Agency;)Lnet/minecraft/world/entity/livingblock/behavior/LivingBlockBehavior;	lambda$damageEntitiesOnTouch$0	method_1_3824
METHOD	net/minecraft/world/entity/livingblock/behavior/DamageEntitiesOnTouchBehavior	(Lnet/minecraft/world/entity/Entity;)Z	lambda$tick$0	method_1_3825
METHOD	net/minecraft/world/entity/livingblock/behavior/DamageEntitiesOnTouchBehavior	(Lnet/minecraft/world/entity/livingblock/LivingBlock;Lnet/minecraft/world/entity/livingblock/LivingBlock;)Z	lambda$tick$1	method_1_3826
CLASS	net/minecraft/world/entity/livingblock/behavior/CombineIntoCopperGolemBehavior	class_1_642
METHOD	net/minecraft/world/entity/livingblock/behavior/CombineIntoCopperGolemBehavior	(D)Lnet/minecraft/world/entity/livingblock/behavior/LivingBlockBehaviorType;	combineIntoCopperGolem	method_1_3827
METHOD	net/minecraft/world/entity/livingblock/behavior/CombineIntoCopperGolemBehavior	(Lnet/minecraft/world/level/block/state/BlockState;)Lnet/minecraft/world/entity/livingblock/behavior/CombineIntoCopperGolemBehavior$WeatherInfo;	getWeatheringInfoFromCopper	method_1_3828
METHOD	net/minecraft/world/entity/livingblock/behavior/CombineIntoCopperGolemBehavior	(D)Lnet/minecraft/world/entity/livingblock/behavior/LivingBlockBehavior;	lambda$combineIntoCopperGolem$0	method_1_3829
METHOD	net/minecraft/world/entity/livingblock/behavior/CombineIntoCopperGolemBehavior	(Lnet/minecraft/world/level/block/state/BlockState;)Z	lambda$combineIntoCopperGolem$1	method_1_3830
METHOD	net/minecraft/world/entity/livingblock/behavior/CombineIntoCopperGolemBehavior	(Lnet/minecraft/world/level/block/state/BlockState;)Z	lambda$combineIntoCopperGolem$2	method_1_3831
METHOD	net/minecraft/world/entity/livingblock/behavior/CombineIntoCopperGolemBehavior	(Lnet/minecraft/world/entity/livingblock/LivingBlock;Lnet/minecraft/world/entity/animal/golem/CopperGolem;Lnet/minecraft/server/level/ServerLevel;Ljava/util/List;Ljava/util/List;)V	onCreate	method_1_3832
CLASS	net/minecraft/world/entity/livingblock/behavior/CombineIntoCopperGolemBehavior$WeatherInfo	class_1_643
FIELD	net/minecraft/world/entity/livingblock/behavior/CombineIntoCopperGolemBehavior$WeatherInfo	Lnet/minecraft/world/level/block/state/BlockState;	chest	comp_1_455
FIELD	net/minecraft/world/entity/livingblock/behavior/CombineIntoCopperGolemBehavior$WeatherInfo	Lnet/minecraft/world/level/block/WeatheringCopper$WeatherState;	golemState	comp_1_456
CLASS	net/minecraft/world/entity/livingblock/behavior/DispenseLivingBlockInteraction	class_1_644
METHOD	net/minecraft/world/entity/livingblock/behavior/DispenseLivingBlockInteraction	(Lnet/minecraft/server/level/ServerLevel;Lnet/minecraft/world/item/ItemStack;)Lnet/minecraft/core/dispenser/DispenseItemBehavior;	getDispenseItemBehavior	method_1_3833
METHOD	net/minecraft/world/entity/livingblock/behavior/DispenseLivingBlockInteraction	(Lnet/minecraft/world/entity/livingblock/LivingBlock;Lnet/minecraft/world/entity/livingblock/LivingBlock;)Z	lambda$apply$0	method_1_3834
METHOD	net/minecraft/world/entity/livingblock/behavior/DispenseLivingBlockInteraction	(Lnet/minecraft/world/entity/Mob;)Z	lambda$yoinkNearbyMob$0	method_1_3835
METHOD	net/minecraft/world/entity/livingblock/behavior/DispenseLivingBlockInteraction	(Lnet/minecraft/world/entity/livingblock/LivingBlock;Lnet/minecraft/server/level/ServerLevel;)Lnet/minecraft/world/InteractionResult;	yoinkNearbyMob	method_1_3836
CLASS	net/minecraft/world/entity/livingblock/behavior/SmeltNearbyLivingBlockBehavior	class_1_645
FIELD	net/minecraft/world/entity/livingblock/behavior/SmeltNearbyLivingBlockBehavior	F	SMELT_RADIUS	field_1_3141
FIELD	net/minecraft/world/entity/livingblock/behavior/SmeltNearbyLivingBlockBehavior	Lnet/minecraft/world/item/crafting/RecipeType;	recipeType	field_1_3142
FIELD	net/minecraft/world/entity/livingblock/behavior/SmeltNearbyLivingBlockBehavior	J	smeltStartTick	field_1_3143
FIELD	net/minecraft/world/entity/livingblock/behavior/SmeltNearbyLivingBlockBehavior	Lnet/minecraft/world/entity/livingblock/LivingBlock;	smeltingTarget	field_1_3144
METHOD	net/minecraft/world/entity/livingblock/behavior/SmeltNearbyLivingBlockBehavior	(Lnet/minecraft/world/entity/livingblock/LivingBlock;)Ljava/util/Optional;	getRecipe	method_1_3837
METHOD	net/minecraft/world/entity/livingblock/behavior/SmeltNearbyLivingBlockBehavior	(Lnet/minecraft/world/entity/livingblock/LivingBlock;)Z	lambda$canStartUsing$0	method_1_3838
METHOD	net/minecraft/world/entity/livingblock/behavior/SmeltNearbyLivingBlockBehavior	(Lnet/minecraft/world/item/crafting/RecipeType;)Lnet/minecraft/world/entity/livingblock/behavior/LivingBlockBehavior;	lambda$smeltTarget$0	method_1_3839
METHOD	net/minecraft/world/entity/livingblock/behavior/SmeltNearbyLivingBlockBehavior	(Lnet/minecraft/world/item/crafting/RecipeType;)Lnet/minecraft/world/entity/livingblock/behavior/LivingBlockBehaviorType;	smeltTarget	method_1_3840
CLASS	net/minecraft/world/entity/livingblock/behavior/LivingBlockMobContainerBehavior	class_1_646
FIELD	net/minecraft/world/entity/livingblock/behavior/LivingBlockMobContainerBehavior	I	BACK_AWAY_COOLDOWN_TICKS	field_1_3145
FIELD	net/minecraft/world/entity/livingblock/behavior/LivingBlockMobContainerBehavior	Ljava/lang/String;	DATA_TAG	field_1_3146
FIELD	net/minecraft/world/entity/livingblock/behavior/LivingBlockMobContainerBehavior	Lnet/minecraft/network/chat/MutableComponent;	DISPLAY_NAME	field_1_3147
FIELD	net/minecraft/world/entity/livingblock/behavior/LivingBlockMobContainerBehavior	I	REEVALUATION_TICKS	field_1_3148
FIELD	net/minecraft/world/entity/livingblock/behavior/LivingBlockMobContainerBehavior	Lnet/minecraft/sounds/SoundEvent;	burpSound	field_1_3149
FIELD	net/minecraft/world/entity/livingblock/behavior/LivingBlockMobContainerBehavior	Lnet/minecraft/sounds/SoundEvent;	eatSound	field_1_3150
FIELD	net/minecraft/world/entity/livingblock/behavior/LivingBlockMobContainerBehavior	Z	inventoryInitialized	field_1_3151
FIELD	net/minecraft/world/entity/livingblock/behavior/LivingBlockMobContainerBehavior	Lnet/minecraft/world/BehaviorSimpleContainer;	inventory	field_1_3152
FIELD	net/minecraft/world/entity/livingblock/behavior/LivingBlockMobContainerBehavior	I	lastTriggeredTick	field_1_3153
FIELD	net/minecraft/world/entity/livingblock/behavior/LivingBlockMobContainerBehavior	Z	triggeredAttackResponse	field_1_3154
METHOD	net/minecraft/world/entity/livingblock/behavior/LivingBlockMobContainerBehavior	(Lnet/minecraft/server/level/ServerLevel;Lnet/minecraft/core/BlockPos;)Z	dropLastItem	method_1_3841
METHOD	net/minecraft/world/entity/livingblock/behavior/LivingBlockMobContainerBehavior	(Lnet/minecraft/world/item/ItemStack;Lnet/minecraft/world/entity/livingblock/LivingBlock;)Lnet/minecraft/world/item/ItemStack;	eatItem	method_1_3842
METHOD	net/minecraft/world/entity/livingblock/behavior/LivingBlockMobContainerBehavior	(Lnet/minecraft/world/phys/Vec3;Lnet/minecraft/world/phys/Vec3;)Lnet/minecraft/world/phys/Vec3;	getTargetPosition	method_1_3843
METHOD	net/minecraft/world/entity/livingblock/behavior/LivingBlockMobContainerBehavior	()Z	isEmptyContainer	method_1_3844
METHOD	net/minecraft/world/entity/livingblock/behavior/LivingBlockMobContainerBehavior	(Lnet/minecraft/world/level/storage/ValueInput$TypedInputList;)V	lambda$loadData$0	method_1_3845
METHOD	net/minecraft/world/entity/livingblock/behavior/LivingBlockMobContainerBehavior	(ILnet/minecraft/sounds/SoundEvent;Lnet/minecraft/sounds/SoundEvent;)Lnet/minecraft/world/entity/livingblock/behavior/LivingBlockBehavior;	lambda$mobContainerBlockEntity$0	method_1_3846
METHOD	net/minecraft/world/entity/livingblock/behavior/LivingBlockMobContainerBehavior	(Lnet/minecraft/world/entity/Mob;)Z	lambda$tick$0	method_1_3847
METHOD	net/minecraft/world/entity/livingblock/behavior/LivingBlockMobContainerBehavior	(Lnet/minecraft/world/entity/livingblock/LivingBlock;)Z	lambda$tick$1	method_1_3848
METHOD	net/minecraft/world/entity/livingblock/behavior/LivingBlockMobContainerBehavior	(ILnet/minecraft/sounds/SoundEvent;Lnet/minecraft/sounds/SoundEvent;)Lnet/minecraft/world/entity/livingblock/behavior/LivingBlockBehaviorType;	mobContainerBlockEntity	method_1_3849
METHOD	net/minecraft/world/entity/livingblock/behavior/LivingBlockMobContainerBehavior	(Lnet/minecraft/world/entity/livingblock/LivingBlock;)V	saveItems	method_1_3850
CLASS	net/minecraft/world/entity/livingblock/behavior/ConsumeNearbyLivingBlockBehavior	class_1_647
FIELD	net/minecraft/world/entity/livingblock/behavior/ConsumeNearbyLivingBlockBehavior	I	REEVALUATION_TICKS	field_1_3155
FIELD	net/minecraft/world/entity/livingblock/behavior/ConsumeNearbyLivingBlockBehavior	Z	consumeAll	field_1_3156
FIELD	net/minecraft/world/entity/livingblock/behavior/ConsumeNearbyLivingBlockBehavior	I	lastTriggeredTick	field_1_3157
FIELD	net/minecraft/world/entity/livingblock/behavior/ConsumeNearbyLivingBlockBehavior	D	maxDistance	field_1_3158
FIELD	net/minecraft/world/entity/livingblock/behavior/ConsumeNearbyLivingBlockBehavior	Ljava/util/function/Consumer;	output	field_1_3159
FIELD	net/minecraft/world/entity/livingblock/behavior/ConsumeNearbyLivingBlockBehavior	Ljava/util/function/Predicate;	predicate	field_1_3160
FIELD	net/minecraft/world/entity/livingblock/behavior/ConsumeNearbyLivingBlockBehavior	Ljava/util/function/Predicate;	selector	field_1_3161
METHOD	net/minecraft/world/entity/livingblock/behavior/ConsumeNearbyLivingBlockBehavior	(DZLjava/util/function/Predicate;Ljava/util/function/Predicate;Ljava/util/function/Consumer;)Lnet/minecraft/world/entity/livingblock/behavior/LivingBlockBehaviorType;	consumeLivingBlock	method_1_3851
METHOD	net/minecraft/world/entity/livingblock/behavior/ConsumeNearbyLivingBlockBehavior	(DZLjava/util/function/Predicate;Ljava/util/function/Predicate;Ljava/util/function/Consumer;)Lnet/minecraft/world/entity/livingblock/behavior/LivingBlockBehavior;	lambda$consumeLivingBlock$0	method_1_3852
CLASS	net/minecraft/world/entity/livingblock/behavior/TargetNearestLivingBlockBehavior	class_1_648
FIELD	net/minecraft/world/entity/livingblock/behavior/TargetNearestLivingBlockBehavior	D	LIVING_BLOCK_DISTANCE	field_1_3162
FIELD	net/minecraft/world/entity/livingblock/behavior/TargetNearestLivingBlockBehavior	I	REEVALUATION_TICKS	field_1_3163
FIELD	net/minecraft/world/entity/livingblock/behavior/TargetNearestLivingBlockBehavior	I	lastTargetedTick	field_1_3164
FIELD	net/minecraft/world/entity/livingblock/behavior/TargetNearestLivingBlockBehavior	Lnet/minecraft/world/entity/livingblock/cognition/Intent;	moveTowards	field_1_3165
FIELD	net/minecraft/world/entity/livingblock/behavior/TargetNearestLivingBlockBehavior	Ljava/util/function/Predicate;	predicate	field_1_3166
METHOD	net/minecraft/world/entity/livingblock/behavior/TargetNearestLivingBlockBehavior	(Ljava/util/function/Predicate;Lnet/minecraft/world/entity/livingblock/cognition/Agency;)Lnet/minecraft/world/entity/livingblock/behavior/LivingBlockBehavior;	lambda$targetNearestLivingBlock$0	method_1_3853
METHOD	net/minecraft/world/entity/livingblock/behavior/TargetNearestLivingBlockBehavior	(Lnet/minecraft/world/entity/Entity;Lnet/minecraft/server/level/ServerLevel;)Z	lambda$tick$0	method_1_3854
METHOD	net/minecraft/world/entity/livingblock/behavior/TargetNearestLivingBlockBehavior	(Ljava/util/function/Predicate;)Lnet/minecraft/world/entity/livingblock/behavior/LivingBlockBehaviorType;	targetNearestLivingBlock	method_1_3855
CLASS	net/minecraft/world/entity/livingblock/behavior/TransformWhenIntersectingBehavior	class_1_649
FIELD	net/minecraft/world/entity/livingblock/behavior/TransformWhenIntersectingBehavior	I	REEVALUATION_TICKS	field_1_3167
FIELD	net/minecraft/world/entity/livingblock/behavior/TransformWhenIntersectingBehavior	Lnet/minecraft/world/level/block/Block;	intersectWith	field_1_3168
FIELD	net/minecraft/world/entity/livingblock/behavior/TransformWhenIntersectingBehavior	I	lastTriggeredTick	field_1_3169
FIELD	net/minecraft/world/entity/livingblock/behavior/TransformWhenIntersectingBehavior	Ljava/lang/Object;	transformInto	field_1_3170
METHOD	net/minecraft/world/entity/livingblock/behavior/TransformWhenIntersectingBehavior	(Lnet/minecraft/world/entity/livingblock/LivingBlock;Lnet/minecraft/server/level/ServerLevel;)Z	checkInside	method_1_3856
METHOD	net/minecraft/world/entity/livingblock/behavior/TransformWhenIntersectingBehavior	(Lnet/minecraft/server/level/ServerLevel;)Lnet/minecraft/world/entity/livingblock/LivingBlock;	createNewLivingBlock	method_1_3857
METHOD	net/minecraft/world/entity/livingblock/behavior/TransformWhenIntersectingBehavior	()Ljava/lang/Object;	getTransformInto	method_1_3858
METHOD	net/minecraft/world/entity/livingblock/behavior/TransformWhenIntersectingBehavior	(Lnet/minecraft/world/entity/Entity;Lnet/minecraft/server/level/ServerLevel;Lnet/minecraft/core/BlockPos;Lnet/minecraft/world/level/block/state/BlockState;)Z	isColliding	method_1_3859
METHOD	net/minecraft/world/entity/livingblock/behavior/TransformWhenIntersectingBehavior	(Lnet/minecraft/world/level/block/Block;Lnet/minecraft/world/level/block/Block;)Lnet/minecraft/world/entity/livingblock/behavior/LivingBlockBehavior;	lambda$transformWhenIntersecting$0	method_1_3860
METHOD	net/minecraft/world/entity/livingblock/behavior/TransformWhenIntersectingBehavior	(Lnet/minecraft/world/level/block/Block;Lnet/minecraft/world/item/ItemStack;)Lnet/minecraft/world/entity/livingblock/behavior/LivingBlockBehavior;	lambda$transformWhenIntersecting$1	method_1_3861
METHOD	net/minecraft/world/entity/livingblock/behavior/TransformWhenIntersectingBehavior	(Lnet/minecraft/world/level/block/Block;Lnet/minecraft/world/item/ItemStack;)Lnet/minecraft/world/entity/livingblock/behavior/LivingBlockBehaviorType;	transformWhenIntersecting	method_1_3862
METHOD	net/minecraft/world/entity/livingblock/behavior/TransformWhenIntersectingBehavior	(Lnet/minecraft/world/level/block/Block;Lnet/minecraft/world/level/block/Block;)Lnet/minecraft/world/entity/livingblock/behavior/LivingBlockBehaviorType;	transformWhenIntersecting	method_1_3863
CLASS	net/minecraft/world/entity/livingblock/behavior/TransformWhenIntersectingBehavior$TransformBucketIntoPowderSnowBucket	class_1_650
FIELD	net/minecraft/world/entity/livingblock/behavior/TransformWhenIntersectingBehavior$TransformBucketIntoPowderSnowBucket	Lnet/minecraft/world/entity/livingblock/behavior/LivingBlockBehaviorType;	BEHAVIOR	field_1_3171
CLASS	net/minecraft/world/entity/livingblock/behavior/TransformWhenIntersectingBehavior$TransformIntoBlockState	class_1_651
CLASS	net/minecraft/world/entity/livingblock/behavior/TransformWhenIntersectingBehavior$TransformIntoItemStack	class_1_652
CLASS	net/minecraft/world/entity/livingblock/behavior/CombineIntoBuildableEntityBehavior	class_1_653
FIELD	net/minecraft/world/entity/livingblock/behavior/CombineIntoBuildableEntityBehavior	I	REEVALUATION_TICKS	field_1_3172
FIELD	net/minecraft/world/entity/livingblock/behavior/CombineIntoBuildableEntityBehavior	Lnet/minecraft/world/entity/livingblock/behavior/CombineIntoBuildableEntityBehavior$BlockMatcher;	bodyBlockMatcher	field_1_3173
FIELD	net/minecraft/world/entity/livingblock/behavior/CombineIntoBuildableEntityBehavior	Lnet/minecraft/world/entity/EntityType;	entityType	field_1_3174
FIELD	net/minecraft/world/entity/livingblock/behavior/CombineIntoBuildableEntityBehavior	Lnet/minecraft/world/entity/livingblock/behavior/CombineIntoBuildableEntityBehavior$BlockMatcher;	headBlockMatcher	field_1_3175
FIELD	net/minecraft/world/entity/livingblock/behavior/CombineIntoBuildableEntityBehavior	I	lastTriggeredTick	field_1_3176
FIELD	net/minecraft/world/entity/livingblock/behavior/CombineIntoBuildableEntityBehavior	D	minDistance	field_1_3177
METHOD	net/minecraft/world/entity/livingblock/behavior/CombineIntoBuildableEntityBehavior	(D)Lnet/minecraft/world/entity/livingblock/behavior/LivingBlockBehaviorType;	combineIntoIronGolem	method_1_3864
METHOD	net/minecraft/world/entity/livingblock/behavior/CombineIntoBuildableEntityBehavior	(D)Lnet/minecraft/world/entity/livingblock/behavior/LivingBlockBehaviorType;	combineIntoSnowGolem	method_1_3865
METHOD	net/minecraft/world/entity/livingblock/behavior/CombineIntoBuildableEntityBehavior	(D)Lnet/minecraft/world/entity/livingblock/behavior/LivingBlockBehaviorType;	combineIntoWither	method_1_3866
METHOD	net/minecraft/world/entity/livingblock/behavior/CombineIntoBuildableEntityBehavior	(D)Lnet/minecraft/world/entity/livingblock/behavior/LivingBlockBehavior;	lambda$combineIntoIronGolem$0	method_1_3867
METHOD	net/minecraft/world/entity/livingblock/behavior/CombineIntoBuildableEntityBehavior	(Lnet/minecraft/world/level/block/state/BlockState;)Z	lambda$combineIntoIronGolem$1	method_1_3868
METHOD	net/minecraft/world/entity/livingblock/behavior/CombineIntoBuildableEntityBehavior	(Lnet/minecraft/world/level/block/state/BlockState;)Z	lambda$combineIntoIronGolem$2	method_1_3869
METHOD	net/minecraft/world/entity/livingblock/behavior/CombineIntoBuildableEntityBehavior	(D)Lnet/minecraft/world/entity/livingblock/behavior/LivingBlockBehavior;	lambda$combineIntoSnowGolem$0	method_1_3870
METHOD	net/minecraft/world/entity/livingblock/behavior/CombineIntoBuildableEntityBehavior	(Lnet/minecraft/world/level/block/state/BlockState;)Z	lambda$combineIntoSnowGolem$1	method_1_3871
METHOD	net/minecraft/world/entity/livingblock/behavior/CombineIntoBuildableEntityBehavior	(Lnet/minecraft/world/level/block/state/BlockState;)Z	lambda$combineIntoSnowGolem$2	method_1_3872
METHOD	net/minecraft/world/entity/livingblock/behavior/CombineIntoBuildableEntityBehavior	(D)Lnet/minecraft/world/entity/livingblock/behavior/LivingBlockBehavior;	lambda$combineIntoWither$0	method_1_3873
METHOD	net/minecraft/world/entity/livingblock/behavior/CombineIntoBuildableEntityBehavior	(Lnet/minecraft/world/level/block/state/BlockState;)Z	lambda$combineIntoWither$1	method_1_3874
METHOD	net/minecraft/world/entity/livingblock/behavior/CombineIntoBuildableEntityBehavior	(Lnet/minecraft/world/level/block/state/BlockState;)Z	lambda$combineIntoWither$2	method_1_3875
METHOD	net/minecraft/world/entity/livingblock/behavior/CombineIntoBuildableEntityBehavior	(Lnet/minecraft/world/entity/livingblock/LivingBlock;)Z	lambda$tick$0	method_1_3876
METHOD	net/minecraft/world/entity/livingblock/behavior/CombineIntoBuildableEntityBehavior	(Lnet/minecraft/world/entity/livingblock/LivingBlock;Lnet/minecraft/world/entity/Entity;Lnet/minecraft/server/level/ServerLevel;Ljava/util/List;Ljava/util/List;)V	onCreate	method_1_3877
CLASS	net/minecraft/world/entity/livingblock/behavior/CombineIntoBuildableEntityBehavior$BlockMatcher	class_1_654
FIELD	net/minecraft/world/entity/livingblock/behavior/CombineIntoBuildableEntityBehavior$BlockMatcher	Ljava/util/function/Predicate;	matcher	comp_1_457
FIELD	net/minecraft/world/entity/livingblock/behavior/CombineIntoBuildableEntityBehavior$BlockMatcher	I	requiredAmount	comp_1_458
METHOD	net/minecraft/world/entity/livingblock/behavior/CombineIntoBuildableEntityBehavior$BlockMatcher	(Lnet/minecraft/world/entity/livingblock/LivingBlock;)Z	matches	method_1_3878
CLASS	net/minecraft/world/entity/livingblock/behavior/TeleportRandomlyWhenAttackedBehavior	class_1_655
FIELD	net/minecraft/world/entity/livingblock/behavior/TeleportRandomlyWhenAttackedBehavior	I	BACK_AWAY_COOLDOWN_TICKS	field_1_3178
FIELD	net/minecraft/world/entity/livingblock/behavior/TeleportRandomlyWhenAttackedBehavior	D	BACK_AWAY_DISTANCE	field_1_3179
FIELD	net/minecraft/world/entity/livingblock/behavior/TeleportRandomlyWhenAttackedBehavior	Lnet/minecraft/world/entity/livingblock/behavior/LivingBlockBehaviorType;	BEHAVIOR	field_1_3180
FIELD	net/minecraft/world/entity/livingblock/behavior/TeleportRandomlyWhenAttackedBehavior	Z	triggered	field_1_3181
METHOD	net/minecraft/world/entity/livingblock/behavior/TeleportRandomlyWhenAttackedBehavior	(Lnet/minecraft/world/phys/Vec3;Lnet/minecraft/world/phys/Vec3;)Lnet/minecraft/world/phys/Vec3;	getTargetPosition	method_1_3879
METHOD	net/minecraft/world/entity/livingblock/behavior/TeleportRandomlyWhenAttackedBehavior	(Lnet/minecraft/world/entity/livingblock/cognition/Agency;)Lnet/minecraft/world/entity/livingblock/behavior/LivingBlockBehavior;	lambda$static$0	method_1_3880
Done!
