Demoting record getter com/mojang/realmsclient/client/RealmsError$CustomError;errorCode()I
Demoting record getter com/mojang/realmsclient/client/RealmsError$ErrorWithJsonPayload;errorCode()I
Demoting record getter com/mojang/realmsclient/client/RealmsError$ErrorWithRawPayload;errorCode()I
Demoting record getter net/minecraft/advancements/criterion/CollectionContentsPredicate$Multiple;unpack()Ljava/util/List;
Demoting record getter net/minecraft/advancements/criterion/CollectionCountsPredicate$Multiple;unpack()Ljava/util/List;
Demoting record getter net/minecraft/client/gui/font/AtlasGlyphProvider$Instance;textureView()Lcom/mojang/blaze3d/textures/GpuTextureView;
Promoting net/minecraft/client/gui/font/AtlasGlyphProvider$Instance;textureView()Lcom/mojang/blaze3d/textures/GpuTextureView; as record getter for textureViewLcom/mojang/blaze3d/textures/GpuTextureView;
Demoting record getter net/minecraft/client/gui/font/EmptyArea;activeLeft()F
Demoting record getter net/minecraft/client/gui/font/glyphs/BakedSheetGlyph$EffectInstance;left()F
Demoting record getter net/minecraft/client/gui/font/glyphs/BakedSheetGlyph$EffectInstance;top()F
Demoting record getter net/minecraft/client/input/KeyEvent;input()I
Demoting record getter net/minecraft/client/input/MouseButtonInfo;input()I
Demoting record getter net/minecraft/client/multiplayer/chat/LoggedChatMessage$System;toContentComponent()Lnet/minecraft/network/chat/Component;
Demoting record getter net/minecraft/client/renderer/PostPass$TextureInput;bilinear()Z
Promoting net/minecraft/client/renderer/PostPass$TextureInput;bilinear()Z as record getter for bilinearZ
Demoting record getter net/minecraft/commands/arguments/coordinates/WorldCoordinate;isRelative()Z
Demoting record getter net/minecraft/core/ClientAsset$DownloadedTexture;id()Lnet/minecraft/resources/Identifier;
Demoting record getter net/minecraft/nbt/ByteTag;intValue()I
Demoting record getter net/minecraft/nbt/ByteTag;byteValue()B
Demoting record getter net/minecraft/nbt/DoubleTag;doubleValue()D
Demoting record getter net/minecraft/nbt/FloatTag;floatValue()F
Demoting record getter net/minecraft/nbt/IntTag;intValue()I
Demoting record getter net/minecraft/nbt/LongTag;longValue()J
Demoting record getter net/minecraft/nbt/ShortTag;intValue()I
Demoting record getter net/minecraft/nbt/ShortTag;shortValue()S
Demoting record getter net/minecraft/network/chat/OutgoingChatMessage$Disguised;content()Lnet/minecraft/network/chat/Component;
Promoting net/minecraft/network/chat/OutgoingChatMessage$Disguised;content()Lnet/minecraft/network/chat/Component; as record getter for contentLnet/minecraft/network/chat/Component;
Demoting record getter net/minecraft/network/syncher/EntityDataAccessor;hashCode()I
Demoting record getter net/minecraft/server/network/ConfigurationTask$Type;toString()Ljava/lang/String;
Demoting record getter net/minecraft/server/packs/OverlayMetadataSection$OverlayEntry$IntermediateEntry;toString()Ljava/lang/String;
Demoting record getter net/minecraft/util/CubicSpline$Constant;minValue()F
Demoting record getter net/minecraft/util/CubicSpline$Constant;maxValue()F
Demoting record getter net/minecraft/util/ProblemReporter$RootFieldPathElement;get()Ljava/lang/String;
Promoting net/minecraft/util/valueproviders/ClampedInt;minInclusive()I as record getter for minInclusiveI
Promoting net/minecraft/util/valueproviders/ClampedInt;maxInclusive()I as record getter for maxInclusiveI
Demoting record getter net/minecraft/util/valueproviders/ConstantFloat;min()F
Demoting record getter net/minecraft/util/valueproviders/ConstantFloat;max()F
Demoting record getter net/minecraft/util/valueproviders/ConstantInt;minInclusive()I
Demoting record getter net/minecraft/util/valueproviders/ConstantInt;maxInclusive()I
Demoting record getter net/minecraft/world/item/ItemStackTemplate;typeHolder()Lnet/minecraft/core/Holder;
Demoting record getter net/minecraft/world/item/TooltipFlag$Default;isAdvanced()Z
Demoting record getter net/minecraft/world/item/TooltipFlag$Default;isCreative()Z
Promoting net/minecraft/world/item/alchemy/PotionContents;customEffects()Ljava/util/List; as record getter for customEffectsLjava/util/List;
Demoting record getter net/minecraft/world/level/SpawnData;getEntityToSpawn()Lnet/minecraft/nbt/CompoundTag;
Demoting record getter net/minecraft/world/level/SpawnData;getCustomSpawnRules()Ljava/util/Optional;
Demoting record getter net/minecraft/world/level/SpawnData;getEquipment()Ljava/util/Optional;
Promoting net/minecraft/world/level/block/entity/vault/VaultConfig;playerDetector()Lnet/minecraft/world/level/block/entity/trialspawner/PlayerDetector; as record getter for playerDetectorLnet/minecraft/world/level/block/entity/trialspawner/PlayerDetector;
Demoting record getter net/minecraft/world/level/chunk/Configuration$Simple;bitsInMemory()I
Demoting record getter net/minecraft/world/level/chunk/Configuration$Simple;bitsInStorage()I
Demoting record getter net/minecraft/world/level/gameevent/GameEvent;notificationRadius()I
Promoting net/minecraft/world/level/gameevent/GameEvent;notificationRadius()I as record getter for notificationRadiusI
Demoting record getter net/minecraft/world/level/gamerules/GameRuleCategory;getDescriptionId()Lnet/minecraft/resources/Identifier;
Demoting record getter net/minecraft/world/level/levelgen/DensityFunctions$Ap2;minValue()D
Demoting record getter net/minecraft/world/level/levelgen/DensityFunctions$Ap2;maxValue()D
Promoting net/minecraft/world/level/levelgen/DensityFunctions$Ap2;minValue()D as record getter for minValueD
Promoting net/minecraft/world/level/levelgen/DensityFunctions$Ap2;maxValue()D as record getter for maxValueD
Demoting record getter net/minecraft/world/level/levelgen/DensityFunctions$Constant;minValue()D
Demoting record getter net/minecraft/world/level/levelgen/DensityFunctions$Constant;maxValue()D
Demoting record getter net/minecraft/world/level/levelgen/DensityFunctions$MulOrAdd;argument2()Lnet/minecraft/world/level/levelgen/DensityFunction;
Demoting record getter net/minecraft/world/level/levelgen/NoiseGeneratorSettings;disableMobGeneration()Z
Promoting net/minecraft/world/level/levelgen/NoiseGeneratorSettings;disableMobGeneration()Z as record getter for disableMobGenerationZ
Promoting net/minecraft/world/level/levelgen/NoiseGeneratorSettings;oreVeinsEnabled()Z as record getter for oreVeinsEnabledZ
Read 10682 (6882) classes.
Populated subclass entries.
Joining MethodEntries...
Joined 19189 MethodEntries (0 unique, 10921 classes).
Collecting additional information...
- Done. -
Duplicate assignment for record component com/mojang/blaze3d/vulkan/glsl/IntermediaryShaderModule;nameLjava/lang/String;
Demoting record getter com/mojang/realmsclient/client/RealmsError$CustomError;errorCode()I
Demoting record getter com/mojang/realmsclient/client/RealmsError$ErrorWithJsonPayload;errorCode()I
Demoting record getter com/mojang/realmsclient/client/RealmsError$ErrorWithRawPayload;errorCode()I
Demoting record getter net/minecraft/advancements/criterion/CollectionContentsPredicate$Multiple;unpack()Ljava/util/List;
Demoting record getter net/minecraft/advancements/criterion/CollectionCountsPredicate$Multiple;unpack()Ljava/util/List;
Demoting record getter net/minecraft/client/gui/font/AtlasGlyphProvider$Instance;textureView()Lcom/mojang/blaze3d/textures/GpuTextureView;
Promoting net/minecraft/client/gui/font/AtlasGlyphProvider$Instance;textureView()Lcom/mojang/blaze3d/textures/GpuTextureView; as record getter for textureViewLcom/mojang/blaze3d/textures/GpuTextureView;
Demoting record getter net/minecraft/client/gui/font/EmptyArea;activeLeft()F
Demoting record getter net/minecraft/client/gui/font/glyphs/BakedSheetGlyph$EffectInstance;left()F
Demoting record getter net/minecraft/client/gui/font/glyphs/BakedSheetGlyph$EffectInstance;top()F
Demoting record getter net/minecraft/client/input/KeyEvent;input()I
Demoting record getter net/minecraft/client/input/MouseButtonInfo;input()I
Demoting record getter net/minecraft/client/multiplayer/chat/LoggedChatMessage$System;toContentComponent()Lnet/minecraft/network/chat/Component;
Demoting record getter net/minecraft/client/renderer/PostPass$TextureInput;bilinear()Z
Promoting net/minecraft/client/renderer/PostPass$TextureInput;bilinear()Z as record getter for bilinearZ
Demoting record getter net/minecraft/commands/arguments/coordinates/WorldCoordinate;isRelative()Z
Demoting record getter net/minecraft/core/ClientAsset$DownloadedTexture;id()Lnet/minecraft/resources/Identifier;
Demoting record getter net/minecraft/nbt/ByteTag;intValue()I
Demoting record getter net/minecraft/nbt/ByteTag;byteValue()B
Demoting record getter net/minecraft/nbt/DoubleTag;doubleValue()D
Demoting record getter net/minecraft/nbt/FloatTag;floatValue()F
Demoting record getter net/minecraft/nbt/IntTag;intValue()I
Demoting record getter net/minecraft/nbt/LongTag;longValue()J
Demoting record getter net/minecraft/nbt/ShortTag;intValue()I
Demoting record getter net/minecraft/nbt/ShortTag;shortValue()S
Demoting record getter net/minecraft/network/chat/OutgoingChatMessage$Disguised;content()Lnet/minecraft/network/chat/Component;
Promoting net/minecraft/network/chat/OutgoingChatMessage$Disguised;content()Lnet/minecraft/network/chat/Component; as record getter for contentLnet/minecraft/network/chat/Component;
Demoting record getter net/minecraft/network/syncher/EntityDataAccessor;hashCode()I
Demoting record getter net/minecraft/server/network/ConfigurationTask$Type;toString()Ljava/lang/String;
Demoting record getter net/minecraft/server/packs/OverlayMetadataSection$OverlayEntry$IntermediateEntry;toString()Ljava/lang/String;
Demoting record getter net/minecraft/util/CubicSpline$Constant;minValue()F
Demoting record getter net/minecraft/util/CubicSpline$Constant;maxValue()F
Demoting record getter net/minecraft/util/ProblemReporter$RootFieldPathElement;get()Ljava/lang/String;
Promoting net/minecraft/util/valueproviders/ClampedInt;minInclusive()I as record getter for minInclusiveI
Promoting net/minecraft/util/valueproviders/ClampedInt;maxInclusive()I as record getter for maxInclusiveI
Demoting record getter net/minecraft/util/valueproviders/ConstantFloat;min()F
Demoting record getter net/minecraft/util/valueproviders/ConstantFloat;max()F
Demoting record getter net/minecraft/util/valueproviders/ConstantInt;minInclusive()I
Demoting record getter net/minecraft/util/valueproviders/ConstantInt;maxInclusive()I
Demoting record getter net/minecraft/world/item/ItemStackTemplate;typeHolder()Lnet/minecraft/core/Holder;
Demoting record getter net/minecraft/world/item/TooltipFlag$Default;isAdvanced()Z
Demoting record getter net/minecraft/world/item/TooltipFlag$Default;isCreative()Z
Promoting net/minecraft/world/item/alchemy/PotionContents;customEffects()Ljava/util/List; as record getter for customEffectsLjava/util/List;
Demoting record getter net/minecraft/world/level/SpawnData;getEntityToSpawn()Lnet/minecraft/nbt/CompoundTag;
Demoting record getter net/minecraft/world/level/SpawnData;getCustomSpawnRules()Ljava/util/Optional;
Demoting record getter net/minecraft/world/level/SpawnData;getEquipment()Ljava/util/Optional;
Promoting net/minecraft/world/level/block/entity/vault/VaultConfig;playerDetector()Lnet/minecraft/world/level/block/entity/trialspawner/PlayerDetector; as record getter for playerDetectorLnet/minecraft/world/level/block/entity/trialspawner/PlayerDetector;
Demoting record getter net/minecraft/world/level/chunk/Configuration$Simple;bitsInMemory()I
Demoting record getter net/minecraft/world/level/chunk/Configuration$Simple;bitsInStorage()I
Demoting record getter net/minecraft/world/level/gameevent/GameEvent;notificationRadius()I
Promoting net/minecraft/world/level/gameevent/GameEvent;notificationRadius()I as record getter for notificationRadiusI
Demoting record getter net/minecraft/world/level/gamerules/GameRuleCategory;getDescriptionId()Lnet/minecraft/resources/Identifier;
Demoting record getter net/minecraft/world/level/levelgen/DensityFunctions$Ap2;minValue()D
Demoting record getter net/minecraft/world/level/levelgen/DensityFunctions$Ap2;maxValue()D
Promoting net/minecraft/world/level/levelgen/DensityFunctions$Ap2;maxValue()D as record getter for maxValueD
Promoting net/minecraft/world/level/levelgen/DensityFunctions$Ap2;minValue()D as record getter for minValueD
Demoting record getter net/minecraft/world/level/levelgen/DensityFunctions$Constant;minValue()D
Demoting record getter net/minecraft/world/level/levelgen/DensityFunctions$Constant;maxValue()D
Demoting record getter net/minecraft/world/level/levelgen/DensityFunctions$MulOrAdd;argument2()Lnet/minecraft/world/level/levelgen/DensityFunction;
Demoting record getter net/minecraft/world/level/levelgen/NoiseGeneratorSettings;disableMobGeneration()Z
Promoting net/minecraft/world/level/levelgen/NoiseGeneratorSettings;oreVeinsEnabled()Z as record getter for oreVeinsEnabledZ
Promoting net/minecraft/world/level/levelgen/NoiseGeneratorSettings;disableMobGeneration()Z as record getter for disableMobGenerationZ
Read 10782 (6946) classes.
Populated subclass entries.
Joining MethodEntries...
Joined 19374 MethodEntries (0 unique, 11021 classes).
Collecting additional information...
- Done. -
Loading remapping files...
Generating new mappings...
METHOD	net/minecraft/util/Mth	(F)F	wrapDegrees90	method_1_3881
CLASS	net/minecraft/ExitCodes	class_1_656
FIELD	net/minecraft/ExitCodes	I	EXIT_CODE_CRASH_DEFAULT	field_1_3182
FIELD	net/minecraft/ExitCodes	I	EXIT_CODE_CRASH_EARLY_ARGUMENT_LIBRARY_LOAD	field_1_3183
FIELD	net/minecraft/ExitCodes	I	EXIT_CODE_CRASH_EARLY_ARGUMENT_PARSE	field_1_3184
FIELD	net/minecraft/ExitCodes	I	EXIT_CODE_CRASH_EARLY_NO_MODULES	field_1_3185
FIELD	net/minecraft/ExitCodes	I	EXIT_CODE_CRASH_SHUTDOWN	field_1_3186
FIELD	net/minecraft/ExitCodes	I	EXIT_CODE_CRASH_WITHOUT_REPORT	field_1_3187
METHOD	net/minecraft/util/Util	([Ljava/util/List;)Ljava/util/List;	join	method_1_3882
METHOD	com/mojang/math/MatrixUtil	(Lorg/joml/Matrix4fc;Lorg/joml/Vector3f;Lorg/joml/Quaternionf;Lorg/joml/Vector3f;Lorg/joml/Quaternionf;)V	svdDecompose	method_1_3883
METHOD	net/minecraft/SystemReport	(Ljava/lang/StringBuilder;Lnet/minecraft/CrashReportCategory$Entry;)V	lambda$appendToCrashReportString$0	method_1_3884
CLASS	net/minecraft/core/BlockPos$1Node	class_1_657
FIELD	net/minecraft/core/BlockPos$1Node	I	depth	comp_1_459
FIELD	net/minecraft/core/BlockPos$1Node	Lnet/minecraft/core/BlockPos;	pos	comp_1_460
FIELD	net/minecraft/tags/ItemTags	Lnet/minecraft/tags/TagKey;	CONCRETE	field_1_3188
FIELD	net/minecraft/tags/ItemTags	Lnet/minecraft/tags/TagKey;	CONCRETE_POWDERS	field_1_3189
FIELD	net/minecraft/tags/ItemTags	Lnet/minecraft/tags/TagKey;	GLAZED_TERRACOTTA	field_1_3190
FIELD	net/minecraft/tags/ItemTags	Lnet/minecraft/tags/TagKey;	SULFUR_CUBE_ARCHETYPE_BOUNCY	field_1_3191
FIELD	net/minecraft/tags/ItemTags	Lnet/minecraft/tags/TagKey;	SULFUR_CUBE_ARCHETYPE_FAST_FLAT	field_1_3192
FIELD	net/minecraft/tags/ItemTags	Lnet/minecraft/tags/TagKey;	SULFUR_CUBE_ARCHETYPE_FAST_SLIDING	field_1_3193
FIELD	net/minecraft/tags/ItemTags	Lnet/minecraft/tags/TagKey;	SULFUR_CUBE_ARCHETYPE_HIGH_RESISTANCE	field_1_3194
FIELD	net/minecraft/tags/ItemTags	Lnet/minecraft/tags/TagKey;	SULFUR_CUBE_ARCHETYPE_LIGHT	field_1_3195
FIELD	net/minecraft/tags/ItemTags	Lnet/minecraft/tags/TagKey;	SULFUR_CUBE_ARCHETYPE_REGULAR	field_1_3196
FIELD	net/minecraft/tags/ItemTags	Lnet/minecraft/tags/TagKey;	SULFUR_CUBE_ARCHETYPE_SLOW_FLAT	field_1_3197
FIELD	net/minecraft/tags/ItemTags	Lnet/minecraft/tags/TagKey;	SULFUR_CUBE_ARCHETYPE_SLOW_SLIDING	field_1_3198
FIELD	net/minecraft/tags/ItemTags	Lnet/minecraft/tags/TagKey;	SULFUR_CUBE_ARCHETYPE_STICKY	field_1_3199
FIELD	net/minecraft/tags/ItemTags	Lnet/minecraft/tags/TagKey;	SULFUR_CUBE_FOOD	field_1_3200
FIELD	net/minecraft/tags/ItemTags	Lnet/minecraft/tags/TagKey;	SULFUR_CUBE_SWALLOWABLE	field_1_3201
CLASS	com/mojang/blaze3d/GpuFormat	class_1_658
FIELD	com/mojang/blaze3d/GpuFormat	[Lcom/mojang/blaze3d/GpuFormat;	$VALUES	field_1_3202
FIELD	com/mojang/blaze3d/GpuFormat	Lcom/mojang/blaze3d/GpuFormat;	D16_UNORM	field_1_3203
FIELD	com/mojang/blaze3d/GpuFormat	Lcom/mojang/blaze3d/GpuFormat;	D24_UNORM_S8_UINT	field_1_3204
FIELD	com/mojang/blaze3d/GpuFormat	Lcom/mojang/blaze3d/GpuFormat;	D32_FLOAT	field_1_3205
FIELD	com/mojang/blaze3d/GpuFormat	Lcom/mojang/blaze3d/GpuFormat;	D32_FLOAT_S8_UINT	field_1_3206
FIELD	com/mojang/blaze3d/GpuFormat	Lcom/mojang/blaze3d/GpuFormat;	R16_FLOAT	field_1_3207
FIELD	com/mojang/blaze3d/GpuFormat	Lcom/mojang/blaze3d/GpuFormat;	R16_SINT	field_1_3208
FIELD	com/mojang/blaze3d/GpuFormat	Lcom/mojang/blaze3d/GpuFormat;	R16_SNORM	field_1_3209
FIELD	com/mojang/blaze3d/GpuFormat	Lcom/mojang/blaze3d/GpuFormat;	R16_UINT	field_1_3210
FIELD	com/mojang/blaze3d/GpuFormat	Lcom/mojang/blaze3d/GpuFormat;	R16_UNORM	field_1_3211
FIELD	com/mojang/blaze3d/GpuFormat	Lcom/mojang/blaze3d/GpuFormat;	R32_FLOAT	field_1_3212
FIELD	com/mojang/blaze3d/GpuFormat	Lcom/mojang/blaze3d/GpuFormat;	R32_SINT	field_1_3213
FIELD	com/mojang/blaze3d/GpuFormat	Lcom/mojang/blaze3d/GpuFormat;	R32_UINT	field_1_3214
FIELD	com/mojang/blaze3d/GpuFormat	Lcom/mojang/blaze3d/GpuFormat;	R8_SINT	field_1_3215
FIELD	com/mojang/blaze3d/GpuFormat	Lcom/mojang/blaze3d/GpuFormat;	R8_SNORM	field_1_3216
FIELD	com/mojang/blaze3d/GpuFormat	Lcom/mojang/blaze3d/GpuFormat;	R8_UINT	field_1_3217
FIELD	com/mojang/blaze3d/GpuFormat	Lcom/mojang/blaze3d/GpuFormat;	R8_UNORM	field_1_3218
FIELD	com/mojang/blaze3d/GpuFormat	Lcom/mojang/blaze3d/GpuFormat;	RG11B10_FLOAT	field_1_3219
FIELD	com/mojang/blaze3d/GpuFormat	Lcom/mojang/blaze3d/GpuFormat;	RG16_FLOAT	field_1_3220
FIELD	com/mojang/blaze3d/GpuFormat	Lcom/mojang/blaze3d/GpuFormat;	RG16_SINT	field_1_3221
FIELD	com/mojang/blaze3d/GpuFormat	Lcom/mojang/blaze3d/GpuFormat;	RG16_SNORM	field_1_3222
FIELD	com/mojang/blaze3d/GpuFormat	Lcom/mojang/blaze3d/GpuFormat;	RG16_UINT	field_1_3223
FIELD	com/mojang/blaze3d/GpuFormat	Lcom/mojang/blaze3d/GpuFormat;	RG16_UNORM	field_1_3224
FIELD	com/mojang/blaze3d/GpuFormat	Lcom/mojang/blaze3d/GpuFormat;	RG32_FLOAT	field_1_3225
FIELD	com/mojang/blaze3d/GpuFormat	Lcom/mojang/blaze3d/GpuFormat;	RG32_SINT	field_1_3226
FIELD	com/mojang/blaze3d/GpuFormat	Lcom/mojang/blaze3d/GpuFormat;	RG32_UINT	field_1_3227
FIELD	com/mojang/blaze3d/GpuFormat	Lcom/mojang/blaze3d/GpuFormat;	RG8_SINT	field_1_3228
FIELD	com/mojang/blaze3d/GpuFormat	Lcom/mojang/blaze3d/GpuFormat;	RG8_SNORM	field_1_3229
FIELD	com/mojang/blaze3d/GpuFormat	Lcom/mojang/blaze3d/GpuFormat;	RG8_UINT	field_1_3230
FIELD	com/mojang/blaze3d/GpuFormat	Lcom/mojang/blaze3d/GpuFormat;	RG8_UNORM	field_1_3231
FIELD	com/mojang/blaze3d/GpuFormat	Lcom/mojang/blaze3d/GpuFormat;	RGB10A2_UINT	field_1_3232
FIELD	com/mojang/blaze3d/GpuFormat	Lcom/mojang/blaze3d/GpuFormat;	RGB10A2_UNORM	field_1_3233
FIELD	com/mojang/blaze3d/GpuFormat	Lcom/mojang/blaze3d/GpuFormat;	RGB16_FLOAT	field_1_3234
FIELD	com/mojang/blaze3d/GpuFormat	Lcom/mojang/blaze3d/GpuFormat;	RGB16_SINT	field_1_3235
FIELD	com/mojang/blaze3d/GpuFormat	Lcom/mojang/blaze3d/GpuFormat;	RGB16_SNORM	field_1_3236
FIELD	com/mojang/blaze3d/GpuFormat	Lcom/mojang/blaze3d/GpuFormat;	RGB16_UINT	field_1_3237
FIELD	com/mojang/blaze3d/GpuFormat	Lcom/mojang/blaze3d/GpuFormat;	RGB16_UNORM	field_1_3238
FIELD	com/mojang/blaze3d/GpuFormat	Lcom/mojang/blaze3d/GpuFormat;	RGB32_FLOAT	field_1_3239
FIELD	com/mojang/blaze3d/GpuFormat	Lcom/mojang/blaze3d/GpuFormat;	RGB32_SINT	field_1_3240
FIELD	com/mojang/blaze3d/GpuFormat	Lcom/mojang/blaze3d/GpuFormat;	RGB32_UINT	field_1_3241
FIELD	com/mojang/blaze3d/GpuFormat	Lcom/mojang/blaze3d/GpuFormat;	RGB8_SINT	field_1_3242
FIELD	com/mojang/blaze3d/GpuFormat	Lcom/mojang/blaze3d/GpuFormat;	RGB8_SNORM	field_1_3243
FIELD	com/mojang/blaze3d/GpuFormat	Lcom/mojang/blaze3d/GpuFormat;	RGB8_UINT	field_1_3244
FIELD	com/mojang/blaze3d/GpuFormat	Lcom/mojang/blaze3d/GpuFormat;	RGB8_UNORM	field_1_3245
FIELD	com/mojang/blaze3d/GpuFormat	Lcom/mojang/blaze3d/GpuFormat;	RGBA16_FLOAT	field_1_3246
FIELD	com/mojang/blaze3d/GpuFormat	Lcom/mojang/blaze3d/GpuFormat;	RGBA16_SINT	field_1_3247
FIELD	com/mojang/blaze3d/GpuFormat	Lcom/mojang/blaze3d/GpuFormat;	RGBA16_SNORM	field_1_3248
FIELD	com/mojang/blaze3d/GpuFormat	Lcom/mojang/blaze3d/GpuFormat;	RGBA16_UINT	field_1_3249
FIELD	com/mojang/blaze3d/GpuFormat	Lcom/mojang/blaze3d/GpuFormat;	RGBA16_UNORM	field_1_3250
FIELD	com/mojang/blaze3d/GpuFormat	Lcom/mojang/blaze3d/GpuFormat;	RGBA32_FLOAT	field_1_3251
FIELD	com/mojang/blaze3d/GpuFormat	Lcom/mojang/blaze3d/GpuFormat;	RGBA32_SINT	field_1_3252
FIELD	com/mojang/blaze3d/GpuFormat	Lcom/mojang/blaze3d/GpuFormat;	RGBA32_UINT	field_1_3253
FIELD	com/mojang/blaze3d/GpuFormat	Lcom/mojang/blaze3d/GpuFormat;	RGBA8_SINT	field_1_3254
FIELD	com/mojang/blaze3d/GpuFormat	Lcom/mojang/blaze3d/GpuFormat;	RGBA8_SNORM	field_1_3255
FIELD	com/mojang/blaze3d/GpuFormat	Lcom/mojang/blaze3d/GpuFormat;	RGBA8_UINT	field_1_3256
FIELD	com/mojang/blaze3d/GpuFormat	Lcom/mojang/blaze3d/GpuFormat;	RGBA8_UNORM	field_1_3257
FIELD	com/mojang/blaze3d/GpuFormat	Lcom/mojang/blaze3d/GpuFormat;	S8_UINT	field_1_3258
FIELD	com/mojang/blaze3d/GpuFormat	I	pixelSize	field_1_3259
METHOD	com/mojang/blaze3d/GpuFormat	()[Lcom/mojang/blaze3d/GpuFormat;	$values	method_1_3885
METHOD	com/mojang/blaze3d/GpuFormat	()Z	hasColorAspect	method_1_3886
METHOD	com/mojang/blaze3d/GpuFormat	()Z	hasDepthAspect	method_1_3887
METHOD	com/mojang/blaze3d/GpuFormat	()Z	hasStencilAspect	method_1_3888
METHOD	com/mojang/blaze3d/GpuFormat	()I	pixelSize	method_1_3889
FIELD	net/minecraft/client/Options	Lnet/minecraft/client/PreferredGraphicsApi;	preferredGraphicsBackendFromStartup	field_1_3260
FIELD	net/minecraft/client/Options	Lnet/minecraft/client/OptionInstance;	preferredGraphicsBackend	field_1_3261
METHOD	net/minecraft/client/Options	()Z	hasPreferredGraphicsBackendChanged	method_1_3890
METHOD	net/minecraft/client/Options	(Lnet/minecraft/client/PreferredGraphicsApi;)V	lambda$new$10	method_1_3891
METHOD	net/minecraft/client/Options	(Ljava/lang/Double;)V	lambda$new$108	method_1_3892
METHOD	net/minecraft/client/Options	(Ljava/lang/Double;)V	lambda$new$111	method_1_3893
METHOD	net/minecraft/client/Options	(Lnet/minecraft/network/chat/Component;Lnet/minecraft/client/PreferredGraphicsApi;)Lnet/minecraft/network/chat/Component;	lambda$new$9	method_1_3894
METHOD	net/minecraft/client/Options	()Lnet/minecraft/client/OptionInstance;	preferredGraphicsBackend	method_1_3895
CLASS	net/minecraft/client/gui/Gui	class_1_659
FIELD	net/minecraft/client/gui/Gui	Lorg/slf4j/Logger;	LOGGER	field_1_3262
FIELD	net/minecraft/client/gui/Gui	Lnet/minecraft/network/chat/Component;	SAVING_LEVEL	field_1_3263
FIELD	net/minecraft/client/gui/Gui	Lnet/minecraft/network/chat/Component;	SOCIAL_INTERACTIONS_NOT_AVAILABLE	field_1_3264
FIELD	net/minecraft/client/gui/Gui	Lnet/minecraft/client/multiplayer/chat/ChatListener;	chatListener	field_1_3265
FIELD	net/minecraft/client/gui/Gui	Z	clientLevelTeardownInProgress	field_1_3266
FIELD	net/minecraft/client/gui/Gui	Lnet/minecraft/client/renderer/state/gui/GuiRenderState;	guiRenderState	field_1_3267
FIELD	net/minecraft/client/gui/Gui	Lnet/minecraft/client/gui/Hud;	hud	field_1_3268
FIELD	net/minecraft/client/gui/Gui	Lnet/minecraft/client/Minecraft;	minecraft	field_1_3269
FIELD	net/minecraft/client/gui/Gui	Lnet/minecraft/client/gui/screens/Overlay;	overlay	field_1_3270
FIELD	net/minecraft/client/gui/Gui	Lnet/minecraft/client/gui/screens/Screen;	screen	field_1_3271
FIELD	net/minecraft/client/gui/Gui	Lnet/minecraft/client/gui/components/toasts/TutorialToast;	socialInteractionsToast	field_1_3272
FIELD	net/minecraft/client/gui/Gui	Lnet/minecraft/client/resources/SplashManager;	splashManager	field_1_3273
FIELD	net/minecraft/client/gui/Gui	Lnet/minecraft/client/gui/components/toasts/ToastManager;	toastManager	field_1_3274
METHOD	net/minecraft/client/gui/Gui	(Ljava/util/List;)Z	addInitialScreens	method_1_3896
METHOD	net/minecraft/client/gui/Gui	()V	addSocialInteractionsToast	method_1_3897
METHOD	net/minecraft/client/gui/Gui	(Lnet/minecraft/client/GameLoadCookie;)Ljava/lang/Runnable;	buildInitialScreens	method_1_3898
METHOD	net/minecraft/client/gui/Gui	()Z	canInterruptScreen	method_1_3899
METHOD	net/minecraft/client/gui/Gui	()Lnet/minecraft/client/multiplayer/chat/ChatListener;	chatListener	method_1_3900
METHOD	net/minecraft/client/gui/Gui	(Lnet/minecraft/client/DeltaTracker;ZZ)V	extractRenderState	method_1_3901
METHOD	net/minecraft/client/gui/Gui	()V	handleKeybinds	method_1_3902
METHOD	net/minecraft/client/gui/Gui	()Z	isPausing	method_1_3903
METHOD	net/minecraft/client/gui/Gui	(Ljava/lang/Runnable;)Lnet/minecraft/client/gui/screens/Screen;	lambda$addInitialScreens$0	method_1_3904
METHOD	net/minecraft/client/gui/Gui	(Lcom/mojang/authlib/minecraft/BanDetails;Ljava/lang/Runnable;)Lnet/minecraft/client/gui/screens/Screen;	lambda$addInitialScreens$1	method_1_3905
METHOD	net/minecraft/client/gui/Gui	(Ljava/lang/Runnable;Z)V	lambda$addInitialScreens$2	method_1_3906
METHOD	net/minecraft/client/gui/Gui	(Lcom/mojang/authlib/GameProfile;Ljava/lang/Runnable;)Lnet/minecraft/client/gui/screens/Screen;	lambda$addInitialScreens$3	method_1_3907
METHOD	net/minecraft/client/gui/Gui	(Lnet/minecraft/client/GameLoadCookie;Z)V	lambda$buildInitialScreens$0	method_1_3908
METHOD	net/minecraft/client/gui/Gui	(Lnet/minecraft/client/gui/screens/Screen;)V	lambda$buildInitialScreens$1	method_1_3909
METHOD	net/minecraft/client/gui/Gui	()Ljava/lang/String;	lambda$extractRenderState$0	method_1_3910
METHOD	net/minecraft/client/gui/Gui	()Ljava/lang/String;	lambda$extractRenderState$1	method_1_3911
METHOD	net/minecraft/client/gui/Gui	(Lnet/minecraft/client/renderer/state/gui/GuiTextRenderState;)V	lambda$renderActiveTextDebug$0	method_1_3912
METHOD	net/minecraft/client/gui/Gui	()Ljava/lang/String;	lambda$update$0	method_1_3913
METHOD	net/minecraft/client/gui/Gui	(Lnet/minecraft/client/gui/components/ChatComponent$ChatMethod;Ljava/lang/String;)V	openChatAndAddText	method_1_3914
METHOD	net/minecraft/client/gui/Gui	(Lnet/minecraft/client/gui/components/ChatComponent$ChatMethod;)V	openChatScreen	method_1_3915
METHOD	net/minecraft/client/gui/Gui	()Lnet/minecraft/client/gui/screens/Overlay;	overlay	method_1_3916
METHOD	net/minecraft/client/gui/Gui	(Lnet/minecraft/server/packs/resources/ReloadableResourceManager;)V	registerReloadListeners	method_1_3917
METHOD	net/minecraft/client/gui/Gui	()V	renderActiveTextDebug	method_1_3918
METHOD	net/minecraft/client/gui/Gui	()Lnet/minecraft/client/gui/screens/Screen;	screen	method_1_3919
METHOD	net/minecraft/client/gui/Gui	(Z)V	setClientLevelTeardownInProgress	method_1_3920
METHOD	net/minecraft/client/gui/Gui	(Lnet/minecraft/client/gui/screens/Overlay;)V	setOverlay	method_1_3921
METHOD	net/minecraft/client/gui/Gui	(ZZ)V	setPauseScreen	method_1_3922
METHOD	net/minecraft/client/gui/Gui	(Lnet/minecraft/client/gui/screens/Screen;)V	setScreen	method_1_3923
METHOD	net/minecraft/client/gui/Gui	()Lnet/minecraft/client/resources/SplashManager;	splashManager	method_1_3924
METHOD	net/minecraft/client/gui/Gui	()V	tick	method_1_3925
METHOD	net/minecraft/client/gui/Gui	()Lnet/minecraft/client/gui/components/toasts/ToastManager;	toastManager	method_1_3926
METHOD	net/minecraft/client/gui/Gui	()V	update	method_1_3927
FIELD	net/minecraft/client/gui/Gui$1	I	index	field_1_3275
FIELD	net/minecraft/client/gui/Gui$1	Lnet/minecraft/client/gui/Gui;	this$0	field_1_3276
FIELD	net/minecraft/client/gui/Gui$1	Lnet/minecraft/client/renderer/state/gui/GuiTextRenderState;	val$text	field_1_3277
METHOD	net/minecraft/client/gui/Gui$1	(Lnet/minecraft/client/gui/font/ActiveArea;Z)V	renderDebugMarkers	method_1_3928
FIELD	net/minecraft/client/gui/Hud	Z	isHidden	field_1_3278
FIELD	net/minecraft/client/gui/Hud	Lnet/minecraft/client/resources/WaypointStyleManager;	waypointStyles	field_1_3279
METHOD	net/minecraft/client/gui/Hud	()Lnet/minecraft/client/resources/WaypointStyleManager;	getWaypointStyles	method_1_3929
METHOD	net/minecraft/client/gui/Hud	()Z	isHidden	method_1_3930
METHOD	net/minecraft/client/gui/Hud	(Lnet/minecraft/server/packs/resources/ReloadableResourceManager;)V	registerReloadListeners	method_1_3931
METHOD	net/minecraft/client/gui/Hud	()V	toggle	method_1_3932
FIELD	net/minecraft/tags/BlockTags	Lnet/minecraft/tags/TagKey;	CONCRETE	field_1_3280
FIELD	net/minecraft/tags/BlockTags	Lnet/minecraft/tags/TagKey;	GLAZED_TERRACOTTA	field_1_3281
FIELD	net/minecraft/tags/BlockTags	Lnet/minecraft/tags/TagKey;	SHEARS_EXTREME_BREAKING_SPEED	field_1_3282
FIELD	net/minecraft/tags/BlockTags	Lnet/minecraft/tags/TagKey;	SHEARS_MAJOR_BREAKING_SPEED	field_1_3283
FIELD	net/minecraft/tags/BlockTags	Lnet/minecraft/tags/TagKey;	SHEARS_MINOR_BREAKING_SPEED	field_1_3284
FIELD	net/minecraft/tags/BlockTags	Lnet/minecraft/tags/TagKey;	SUPPRESSES_BOUNCE	field_1_3285
FIELD	net/minecraft/core/SectionPos	I	SECTION_BLOCK_COUNT	field_1_3286
FIELD	net/minecraft/util/EasingType$CubicBezier	F	MAX_STEP	field_1_3287
METHOD	net/minecraft/util/EasingType$CubicBezier	(F)F	solveT	method_1_3933
METHOD	net/minecraft/util/EasingType$CubicBezier	(FF)F	solveTBisect	method_1_3934
FIELD	net/minecraft/client/Minecraft	Lcom/mojang/blaze3d/systems/BackendCreationException;	backendCreationException	field_1_3288
FIELD	net/minecraft/client/Minecraft	Z	imeStatusChanged	field_1_3289
FIELD	net/minecraft/client/Minecraft	Z	surfaceIsInvalid	field_1_3290
FIELD	net/minecraft/client/Minecraft	Lcom/mojang/blaze3d/systems/TimerQuery;	timerQuery	field_1_3291
FIELD	net/minecraft/client/Minecraft	Lcom/mojang/blaze3d/systems/GpuSurface;	windowSurface	field_1_3292
FIELD	net/minecraft/client/Minecraft	Z	windowSurfaceNeedsReconfiguring	field_1_3293
METHOD	net/minecraft/client/Minecraft	()Lcom/mojang/authlib/yggdrasil/ProfileResult;	getProfileResult	method_1_3935
METHOD	net/minecraft/client/Minecraft	()V	invalidateSurfaceConfiguration	method_1_3936
METHOD	net/minecraft/client/Minecraft	(Lnet/minecraft/client/Minecraft;)Ljava/lang/Object;	lambda$fillSystemReport$2	method_1_3937
METHOD	net/minecraft/client/Minecraft	(Lcom/mojang/blaze3d/systems/GpuDevice;)Ljava/lang/Object;	lambda$fillSystemReport$3	method_1_3938
METHOD	net/minecraft/client/Minecraft	(Ljava/io/File;Lnet/minecraft/CrashReport;)V	saveReport	method_1_3939
METHOD	net/minecraft/client/Minecraft	()Lcom/mojang/blaze3d/systems/GpuSurface;	windowSurface	method_1_3940
METHOD	net/minecraft/client/main/Main	(Ljava/lang/Throwable;)V	logEarlyException	method_1_3941
METHOD	net/minecraft/util/CubicSpline	(Lnet/minecraft/util/CubicSpline;)Lnet/minecraft/util/BoundedFloatFunction;	asSampler	method_1_3942
METHOD	net/minecraft/util/CubicSpline	(Lcom/mojang/serialization/Codec;Lcom/mojang/serialization/Codec;)Lcom/mojang/serialization/Codec;	lambda$codec$0	method_1_3943
METHOD	net/minecraft/util/CubicSpline	()F	maxValue	comp_1_461
METHOD	net/minecraft/util/CubicSpline	()F	minValue	comp_1_462
METHOD	net/minecraft/util/CubicSpline	(Lnet/minecraft/util/CubicSpline;Ljava/lang/Object;)F	sample	method_1_3944
FIELD	net/minecraft/util/CubicSpline$1	Lnet/minecraft/util/CubicSpline$Multipoint;	val$multipoint	field_1_3294
METHOD	net/minecraft/util/CubicSpline$Multipoint	(Lcom/mojang/serialization/Codec;Lcom/mojang/serialization/Codec;)Lcom/mojang/serialization/Codec;	codec	method_1_3945
METHOD	net/minecraft/util/CubicSpline$Multipoint	(Lnet/minecraft/util/BoundedFloatFunction;Ljava/util/List;)Lnet/minecraft/util/CubicSpline$Multipoint;	createFromPoints	method_1_3946
METHOD	net/minecraft/util/CubicSpline$Multipoint	(Lcom/mojang/serialization/Codec;Lcom/mojang/serialization/Codec;Lcom/mojang/serialization/codecs/RecordCodecBuilder$Instance;)Lcom/mojang/datafixers/kinds/App;	lambda$codec$0	method_1_3947
METHOD	net/minecraft/util/CubicSpline$Multipoint	()Ljava/util/List;	packToPoints	method_1_3948
METHOD	net/minecraft/util/CubicSpline$Multipoint	(Lnet/minecraft/util/BoundedFloatFunction;[F[FLjava/util/List;Ljava/lang/Object;)F	sample	method_1_3949
METHOD	net/minecraft/util/CubicSpline$Multipoint	(Lnet/minecraft/util/CubicSpline$Multipoint;Ljava/lang/Object;)F	sample	method_1_3950
METHOD	net/minecraft/util/CubicSpline$Multipoint$Point	(Lcom/mojang/serialization/Codec;)Lcom/mojang/serialization/Codec;	codec	method_1_3951
METHOD	net/minecraft/util/CubicSpline$Multipoint$Point	(Lcom/mojang/serialization/Codec;Lcom/mojang/serialization/codecs/RecordCodecBuilder$Instance;)Lcom/mojang/datafixers/kinds/App;	lambda$codec$0	method_1_3952
METHOD	net/minecraft/world/entity/Mob	(Lnet/minecraft/world/entity/player/Player;Lnet/minecraft/world/InteractionHand;Lnet/minecraft/world/item/ItemStack;)Z	attemptToShearEquipment	method_1_3953
METHOD	net/minecraft/world/entity/Mob	()Lnet/minecraft/world/entity/ai/goal/GoalSelector;	getGoalSelector	method_1_3954
METHOD	net/minecraft/world/entity/Mob	(Lnet/minecraft/world/entity/player/Player;Lnet/minecraft/world/InteractionHand;Lnet/minecraft/world/item/ItemStack;Lnet/minecraft/world/entity/EquipmentSlot;Lnet/minecraft/world/item/ItemStack;)V	shearItem	method_1_3955
FIELD	net/minecraft/world/item/Items	Lnet/minecraft/world/level/block/ColorCollection;	BANNER	field_1_3295
FIELD	net/minecraft/world/item/Items	Lnet/minecraft/world/level/block/ColorCollection;	BED	field_1_3296
FIELD	net/minecraft/world/item/Items	Lnet/minecraft/world/level/block/ColorCollection;	CARPET	field_1_3297
FIELD	net/minecraft/world/item/Items	Lnet/minecraft/world/item/Item;	CHISELED_CINNABAR	field_1_3298
FIELD	net/minecraft/world/item/Items	Lnet/minecraft/world/level/block/WeatheringCopperCollection;	CHISELED_COPPER	field_1_3299
FIELD	net/minecraft/world/item/Items	Lnet/minecraft/world/item/Item;	CHISELED_SULFUR	field_1_3300
FIELD	net/minecraft/world/item/Items	Lnet/minecraft/world/item/Item;	CINNABAR	field_1_3301
FIELD	net/minecraft/world/item/Items	Lnet/minecraft/world/item/Item;	CINNABAR_BRICKS	field_1_3302
FIELD	net/minecraft/world/item/Items	Lnet/minecraft/world/item/Item;	CINNABAR_BRICK_SLAB	field_1_3303
FIELD	net/minecraft/world/item/Items	Lnet/minecraft/world/item/Item;	CINNABAR_BRICK_STAIRS	field_1_3304
FIELD	net/minecraft/world/item/Items	Lnet/minecraft/world/item/Item;	CINNABAR_BRICK_WALL	field_1_3305
FIELD	net/minecraft/world/item/Items	Lnet/minecraft/world/item/Item;	CINNABAR_SLAB	field_1_3306
FIELD	net/minecraft/world/item/Items	Lnet/minecraft/world/item/Item;	CINNABAR_STAIRS	field_1_3307
FIELD	net/minecraft/world/item/Items	Lnet/minecraft/world/item/Item;	CINNABAR_WALL	field_1_3308
FIELD	net/minecraft/world/item/Items	Lnet/minecraft/world/level/block/ColorCollection;	CONCRETE	field_1_3309
FIELD	net/minecraft/world/item/Items	Lnet/minecraft/world/level/block/ColorCollection;	CONCRETE_POWDER	field_1_3310
FIELD	net/minecraft/world/item/Items	Lnet/minecraft/world/level/block/WeatheringCopperCollection;	COPPER_BLOCK	field_1_3311
FIELD	net/minecraft/world/item/Items	Lnet/minecraft/world/level/block/WeatheringCopperCollection;	COPPER_BULB	field_1_3312
FIELD	net/minecraft/world/item/Items	Lnet/minecraft/world/level/block/WeatheringCopperCollection;	COPPER_CHEST	field_1_3313
FIELD	net/minecraft/world/item/Items	Lnet/minecraft/world/level/block/WeatheringCopperCollection;	COPPER_DOOR	field_1_3314
FIELD	net/minecraft/world/item/Items	Lnet/minecraft/world/level/block/WeatheringCopperCollection;	COPPER_GOLEM_STATUE	field_1_3315
FIELD	net/minecraft/world/item/Items	Lnet/minecraft/world/level/block/WeatheringCopperCollection;	COPPER_GRATE	field_1_3316
FIELD	net/minecraft/world/item/Items	Lnet/minecraft/world/level/block/WeatheringCopperCollection;	COPPER_TRAPDOOR	field_1_3317
FIELD	net/minecraft/world/item/Items	Lnet/minecraft/world/level/block/WeatheringCopperCollection;	CUT_COPPER	field_1_3318
FIELD	net/minecraft/world/item/Items	Lnet/minecraft/world/level/block/WeatheringCopperCollection;	CUT_COPPER_SLAB	field_1_3319
FIELD	net/minecraft/world/item/Items	Lnet/minecraft/world/level/block/WeatheringCopperCollection;	CUT_COPPER_STAIRS	field_1_3320
FIELD	net/minecraft/world/item/Items	Lnet/minecraft/world/level/block/ColorCollection;	DYED_BUNDLE	field_1_3321
FIELD	net/minecraft/world/item/Items	Lnet/minecraft/world/level/block/ColorCollection;	DYED_CANDLE	field_1_3322
FIELD	net/minecraft/world/item/Items	Lnet/minecraft/world/level/block/ColorCollection;	DYED_SHULKER_BOX	field_1_3323
FIELD	net/minecraft/world/item/Items	Lnet/minecraft/world/level/block/ColorCollection;	DYED_TERRACOTTA	field_1_3324
FIELD	net/minecraft/world/item/Items	Lnet/minecraft/world/level/block/ColorCollection;	DYE	field_1_3325
FIELD	net/minecraft/world/item/Items	Lnet/minecraft/world/level/block/ColorCollection;	GLAZED_TERRACOTTA	field_1_3326
FIELD	net/minecraft/world/item/Items	Lnet/minecraft/world/level/block/ColorCollection;	HARNESS	field_1_3327
FIELD	net/minecraft/world/item/Items	Lnet/minecraft/world/level/block/WeatheringCopperCollection;	LIGHTNING_ROD	field_1_3328
FIELD	net/minecraft/world/item/Items	Lnet/minecraft/world/item/Item;	POLISHED_CINNABAR	field_1_3329
FIELD	net/minecraft/world/item/Items	Lnet/minecraft/world/item/Item;	POLISHED_CINNABAR_SLAB	field_1_3330
FIELD	net/minecraft/world/item/Items	Lnet/minecraft/world/item/Item;	POLISHED_CINNABAR_STAIRS	field_1_3331
FIELD	net/minecraft/world/item/Items	Lnet/minecraft/world/item/Item;	POLISHED_CINNABAR_WALL	field_1_3332
FIELD	net/minecraft/world/item/Items	Lnet/minecraft/world/item/Item;	POLISHED_SULFUR	field_1_3333
FIELD	net/minecraft/world/item/Items	Lnet/minecraft/world/item/Item;	POLISHED_SULFUR_SLAB	field_1_3334
FIELD	net/minecraft/world/item/Items	Lnet/minecraft/world/item/Item;	POLISHED_SULFUR_STAIRS	field_1_3335
FIELD	net/minecraft/world/item/Items	Lnet/minecraft/world/item/Item;	POLISHED_SULFUR_WALL	field_1_3336
FIELD	net/minecraft/world/item/Items	Lnet/minecraft/world/item/Item;	POTENT_SULFUR	field_1_3337
FIELD	net/minecraft/world/item/Items	Lnet/minecraft/world/level/block/ColorCollection;	STAINED_GLASS	field_1_3338
FIELD	net/minecraft/world/item/Items	Lnet/minecraft/world/level/block/ColorCollection;	STAINED_GLASS_PANE	field_1_3339
FIELD	net/minecraft/world/item/Items	Lnet/minecraft/world/item/Item;	SULFUR	field_1_3340
FIELD	net/minecraft/world/item/Items	Lnet/minecraft/world/item/Item;	SULFUR_BRICKS	field_1_3341
FIELD	net/minecraft/world/item/Items	Lnet/minecraft/world/item/Item;	SULFUR_BRICK_SLAB	field_1_3342
FIELD	net/minecraft/world/item/Items	Lnet/minecraft/world/item/Item;	SULFUR_BRICK_STAIRS	field_1_3343
FIELD	net/minecraft/world/item/Items	Lnet/minecraft/world/item/Item;	SULFUR_BRICK_WALL	field_1_3344
FIELD	net/minecraft/world/item/Items	Lnet/minecraft/world/item/Item;	SULFUR_CUBE_BUCKET	field_1_3345
FIELD	net/minecraft/world/item/Items	Lnet/minecraft/world/item/Item;	SULFUR_CUBE_SPAWN_EGG	field_1_3346
FIELD	net/minecraft/world/item/Items	Lnet/minecraft/world/item/Item;	SULFUR_SLAB	field_1_3347
FIELD	net/minecraft/world/item/Items	Lnet/minecraft/world/item/Item;	SULFUR_STAIRS	field_1_3348
FIELD	net/minecraft/world/item/Items	Lnet/minecraft/world/item/Item;	SULFUR_WALL	field_1_3349
FIELD	net/minecraft/world/item/Items	Lnet/minecraft/world/level/block/ColorCollection;	WOOL	field_1_3350
METHOD	net/minecraft/world/item/Items	(Lnet/minecraft/world/level/block/Block;Lnet/minecraft/world/item/DyeColor;)Lnet/minecraft/world/item/Item;	lambda$static$0	method_1_3956
METHOD	net/minecraft/world/item/Items	(Lnet/minecraft/world/item/Item$Properties;)Lnet/minecraft/world/item/Item$Properties;	lambda$static$13	method_1_3957
METHOD	net/minecraft/world/item/Items	(Lnet/minecraft/world/item/Item$Properties;)Lnet/minecraft/world/item/Item;	lambda$static$130	method_1_3958
METHOD	net/minecraft/world/item/Items	(Ljava/lang/String;Lnet/minecraft/world/item/DyeColor;)Lnet/minecraft/world/item/Item;	lambda$static$132	method_1_3959
METHOD	net/minecraft/world/item/Items	(Lnet/minecraft/world/item/DyeColor;)Lnet/minecraft/world/item/Item;	lambda$static$133	method_1_3960
METHOD	net/minecraft/world/item/Items	(Lnet/minecraft/world/level/block/Block;Lnet/minecraft/world/item/DyeColor;)Lnet/minecraft/world/item/Item;	lambda$static$134	method_1_3961
METHOD	net/minecraft/world/item/Items	(Lnet/minecraft/world/level/block/Block;Lnet/minecraft/world/item/DyeColor;)Lnet/minecraft/world/item/Item;	lambda$static$148	method_1_3962
METHOD	net/minecraft/world/item/Items	(Lnet/minecraft/world/item/DyeColor;Lnet/minecraft/world/level/block/Block;Lnet/minecraft/world/item/Item$Properties;)Lnet/minecraft/world/item/Item;	lambda$static$149	method_1_3963
METHOD	net/minecraft/world/item/Items	(Lnet/minecraft/world/item/Item$Properties;)Lnet/minecraft/world/item/Item$Properties;	lambda$static$16	method_1_3964
METHOD	net/minecraft/world/item/Items	(Lnet/minecraft/world/level/block/Block;Lnet/minecraft/world/item/DyeColor;)Lnet/minecraft/world/item/Item;	lambda$static$167	method_1_3965
METHOD	net/minecraft/world/item/Items	(Lnet/minecraft/world/level/block/Block;)Lnet/minecraft/world/item/Item;	lambda$static$168	method_1_3966
METHOD	net/minecraft/world/item/Items	(Lnet/minecraft/world/level/block/Block;Lnet/minecraft/world/item/DyeColor;)Lnet/minecraft/world/item/Item;	lambda$static$20	method_1_3967
METHOD	net/minecraft/world/item/Items	(Lnet/minecraft/world/level/block/Block;Lnet/minecraft/world/item/DyeColor;)Lnet/minecraft/world/item/Item;	lambda$static$22	method_1_3968
METHOD	net/minecraft/world/item/Items	(Lnet/minecraft/world/item/DyeColor;Lnet/minecraft/world/item/Item$Properties;)Lnet/minecraft/world/item/Item$Properties;	lambda$static$23	method_1_3969
METHOD	net/minecraft/world/item/Items	(Lnet/minecraft/world/level/block/Block;Lnet/minecraft/world/item/DyeColor;)Lnet/minecraft/world/item/Item;	lambda$static$24	method_1_3970
METHOD	net/minecraft/world/item/Items	(Lnet/minecraft/world/level/block/Block;Lnet/minecraft/world/item/DyeColor;)Lnet/minecraft/world/item/Item;	lambda$static$25	method_1_3971
METHOD	net/minecraft/world/item/Items	(Lnet/minecraft/world/level/block/Block;Lnet/minecraft/world/item/DyeColor;)Lnet/minecraft/world/item/Item;	lambda$static$26	method_1_3972
METHOD	net/minecraft/world/item/Items	(Lnet/minecraft/world/level/block/Block;Lnet/minecraft/world/item/DyeColor;)Lnet/minecraft/world/item/Item;	lambda$static$27	method_1_3973
METHOD	net/minecraft/world/item/Items	(Lnet/minecraft/world/level/block/Block;Lnet/minecraft/world/item/DyeColor;)Lnet/minecraft/world/item/Item;	lambda$static$28	method_1_3974
METHOD	net/minecraft/world/item/Items	(Lnet/minecraft/world/level/block/Block;Lnet/minecraft/world/item/DyeColor;)Lnet/minecraft/world/item/Item;	lambda$static$29	method_1_3975
METHOD	net/minecraft/world/item/Items	(Lnet/minecraft/world/level/block/Block;)Lnet/minecraft/world/item/Item;	lambda$static$46	method_1_3976
METHOD	net/minecraft/world/item/Items	(Ljava/lang/String;Lnet/minecraft/world/item/DyeColor;)Lnet/minecraft/world/item/Item;	lambda$static$47	method_1_3977
FIELD	net/minecraft/data/BlockFamilies	Lnet/minecraft/data/BlockFamily;	CINNABAR	field_1_3351
FIELD	net/minecraft/data/BlockFamilies	Lnet/minecraft/data/BlockFamily;	CINNABAR_BRICKS	field_1_3352
FIELD	net/minecraft/data/BlockFamilies	Lnet/minecraft/world/level/block/WeatheringCopperCollection;	COPPER_BLOCK	field_1_3353
FIELD	net/minecraft/data/BlockFamilies	Lnet/minecraft/world/level/block/WeatheringCopperCollection;	CUT_COPPER	field_1_3354
FIELD	net/minecraft/data/BlockFamilies	Lnet/minecraft/data/BlockFamily;	POLISHED_CINNABAR	field_1_3355
FIELD	net/minecraft/data/BlockFamilies	Lnet/minecraft/data/BlockFamily;	POLISHED_SULFUR	field_1_3356
FIELD	net/minecraft/data/BlockFamilies	Lnet/minecraft/data/BlockFamily;	SULFUR	field_1_3357
FIELD	net/minecraft/data/BlockFamilies	Lnet/minecraft/data/BlockFamily;	SULFUR_BRICKS	field_1_3358
METHOD	net/minecraft/data/BlockFamilies	(Ljava/lang/String;Lnet/minecraft/world/level/block/WeatheringCopper$WeatherState;)Lnet/minecraft/data/BlockFamily;	lambda$static$0	method_1_3978
METHOD	net/minecraft/data/BlockFamilies	(Ljava/lang/String;Lnet/minecraft/world/level/block/WeatheringCopper$WeatherState;)Lnet/minecraft/data/BlockFamily;	lambda$static$1	method_1_3979
METHOD	net/minecraft/data/BlockFamilies	(Ljava/lang/String;Lnet/minecraft/world/level/block/WeatheringCopper$WeatherState;)Lnet/minecraft/data/BlockFamily;	lambda$static$2	method_1_3980
METHOD	net/minecraft/data/BlockFamilies	(Ljava/lang/String;Lnet/minecraft/world/level/block/WeatheringCopper$WeatherState;)Lnet/minecraft/data/BlockFamily;	lambda$static$3	method_1_3981
FIELD	net/minecraft/sounds/SoundEvents	Lnet/minecraft/sounds/SoundEvent;	CINNABAR_BREAK	field_1_3359
FIELD	net/minecraft/sounds/SoundEvents	Lnet/minecraft/sounds/SoundEvent;	CINNABAR_FALL	field_1_3360
FIELD	net/minecraft/sounds/SoundEvents	Lnet/minecraft/sounds/SoundEvent;	CINNABAR_HIT	field_1_3361
FIELD	net/minecraft/sounds/SoundEvents	Lnet/minecraft/sounds/SoundEvent;	CINNABAR_PLACE	field_1_3362
FIELD	net/minecraft/sounds/SoundEvents	Lnet/minecraft/sounds/SoundEvent;	CINNABAR_STEP	field_1_3363
FIELD	net/minecraft/sounds/SoundEvents	Lnet/minecraft/sounds/SoundEvent;	NOXIOUS_GAS	field_1_3364
FIELD	net/minecraft/sounds/SoundEvents	Lnet/minecraft/sounds/SoundEvent;	POTENT_SULFUR_BREAK	field_1_3365
FIELD	net/minecraft/sounds/SoundEvents	Lnet/minecraft/sounds/SoundEvent;	POTENT_SULFUR_FALL	field_1_3366
FIELD	net/minecraft/sounds/SoundEvents	Lnet/minecraft/sounds/SoundEvent;	POTENT_SULFUR_HIT	field_1_3367
FIELD	net/minecraft/sounds/SoundEvents	Lnet/minecraft/sounds/SoundEvent;	POTENT_SULFUR_PLACE	field_1_3368
FIELD	net/minecraft/sounds/SoundEvents	Lnet/minecraft/sounds/SoundEvent;	POTENT_SULFUR_STEP	field_1_3369
FIELD	net/minecraft/sounds/SoundEvents	Lnet/minecraft/sounds/SoundEvent;	SULFUR_BREAK	field_1_3370
FIELD	net/minecraft/sounds/SoundEvents	Lnet/minecraft/sounds/SoundEvent;	SULFUR_CUBE_ABSORB	field_1_3371
FIELD	net/minecraft/sounds/SoundEvents	Lnet/minecraft/sounds/SoundEvent;	SULFUR_CUBE_BOUNCE	field_1_3372
FIELD	net/minecraft/sounds/SoundEvents	Lnet/minecraft/sounds/SoundEvent;	SULFUR_CUBE_DEATH	field_1_3373
FIELD	net/minecraft/sounds/SoundEvents	Lnet/minecraft/sounds/SoundEvent;	SULFUR_CUBE_EJECT	field_1_3374
FIELD	net/minecraft/sounds/SoundEvents	Lnet/minecraft/sounds/SoundEvent;	SULFUR_CUBE_HIT	field_1_3375
FIELD	net/minecraft/sounds/SoundEvents	Lnet/minecraft/sounds/SoundEvent;	SULFUR_CUBE_HURT	field_1_3376
FIELD	net/minecraft/sounds/SoundEvents	Lnet/minecraft/sounds/SoundEvent;	SULFUR_CUBE_JUMP	field_1_3377
FIELD	net/minecraft/sounds/SoundEvents	Lnet/minecraft/sounds/SoundEvent;	SULFUR_CUBE_PUSH	field_1_3378
FIELD	net/minecraft/sounds/SoundEvents	Lnet/minecraft/sounds/SoundEvent;	SULFUR_CUBE_SMALL_DEATH	field_1_3379
FIELD	net/minecraft/sounds/SoundEvents	Lnet/minecraft/sounds/SoundEvent;	SULFUR_CUBE_SMALL_HURT	field_1_3380
FIELD	net/minecraft/sounds/SoundEvents	Lnet/minecraft/sounds/SoundEvent;	SULFUR_CUBE_SMALL_JUMP	field_1_3381
FIELD	net/minecraft/sounds/SoundEvents	Lnet/minecraft/sounds/SoundEvent;	SULFUR_CUBE_SMALL_SQUISH	field_1_3382
FIELD	net/minecraft/sounds/SoundEvents	Lnet/minecraft/sounds/SoundEvent;	SULFUR_CUBE_SQUISH	field_1_3383
FIELD	net/minecraft/sounds/SoundEvents	Lnet/minecraft/sounds/SoundEvent;	SULFUR_FALL	field_1_3384
FIELD	net/minecraft/sounds/SoundEvents	Lnet/minecraft/sounds/SoundEvent;	SULFUR_HIT	field_1_3385
FIELD	net/minecraft/sounds/SoundEvents	Lnet/minecraft/sounds/SoundEvent;	SULFUR_PLACE	field_1_3386
FIELD	net/minecraft/sounds/SoundEvents	Lnet/minecraft/sounds/SoundEvent;	SULFUR_STEP	field_1_3387
CLASS	net/minecraft/CrashReportCategory$Entry	class_1_660
FIELD	net/minecraft/CrashReportCategory$Entry	Ljava/lang/String;	key	comp_1_463
FIELD	net/minecraft/CrashReportCategory$Entry	Ljava/lang/String;	value	comp_1_464
FIELD	net/minecraft/tags/DamageTypeTags	Lnet/minecraft/tags/TagKey;	SULFUR_CUBE_WITH_BLOCK_IMMUNE_TO	field_1_3388
METHOD	net/minecraft/world/entity/Entity	(Lnet/minecraft/world/level/block/Block;)D	getBlockBounciness	method_1_3982
METHOD	net/minecraft/world/entity/Entity	()D	getEntityBounciness	method_1_3983
METHOD	net/minecraft/world/entity/Entity	()Z	omnidirectionalAirMover	method_1_3984
METHOD	net/minecraft/world/entity/Entity	(Lnet/minecraft/world/level/block/state/BlockState;ZZLnet/minecraft/world/phys/Vec3;)V	restituteMovementAfterCollisions	method_1_3985
FIELD	net/minecraft/world/item/DyeColor	Lnet/minecraft/world/level/material/MapColor;	terracottaColor	field_1_3389
METHOD	net/minecraft/world/item/DyeColor	()Lnet/minecraft/world/level/material/MapColor;	getTerracottaColor	method_1_3986
FIELD	com/mojang/blaze3d/opengl/GlDevice	Lcom/mojang/blaze3d/systems/DeviceInfo;	deviceInfo	field_1_3390
CLASS	com/mojang/blaze3d/opengl/GlSurface	class_1_661
FIELD	com/mojang/blaze3d/opengl/GlSurface	J	windowHandle	field_1_3391
CLASS	com/mojang/blaze3d/platform/BlendOp	class_1_662
FIELD	com/mojang/blaze3d/platform/BlendOp	[Lcom/mojang/blaze3d/platform/BlendOp;	$VALUES	field_1_3392
FIELD	com/mojang/blaze3d/platform/BlendOp	Lcom/mojang/blaze3d/platform/BlendOp;	ADD	field_1_3393
FIELD	com/mojang/blaze3d/platform/BlendOp	Lcom/mojang/blaze3d/platform/BlendOp;	MAX	field_1_3394
FIELD	com/mojang/blaze3d/platform/BlendOp	Lcom/mojang/blaze3d/platform/BlendOp;	MIN	field_1_3395
FIELD	com/mojang/blaze3d/platform/BlendOp	Lcom/mojang/blaze3d/platform/BlendOp;	REVERSE_SUBTRACT	field_1_3396
FIELD	com/mojang/blaze3d/platform/BlendOp	Lcom/mojang/blaze3d/platform/BlendOp;	SUBTRACT	field_1_3397
METHOD	com/mojang/blaze3d/platform/BlendOp	()[Lcom/mojang/blaze3d/platform/BlendOp;	$values	method_1_3987
FIELD	net/minecraft/client/main/GameConfig$GameData	Z	vulkanValidation	field_1_3398
CLASS	com/mojang/blaze3d/opengl/GlQueryPool	class_1_663
FIELD	com/mojang/blaze3d/opengl/GlQueryPool	Z	closed	field_1_3399
FIELD	com/mojang/blaze3d/opengl/GlQueryPool	[I	handles	field_1_3400
METHOD	com/mojang/blaze3d/opengl/GlQueryPool	(I)V	writeTimestamp	method_1_3988
CLASS	com/mojang/blaze3d/systems/DeviceInfo	class_1_664
FIELD	com/mojang/blaze3d/systems/DeviceInfo	Ljava/lang/String;	backendName	comp_1_465
FIELD	com/mojang/blaze3d/systems/DeviceInfo	Ljava/lang/String;	driverInfo	comp_1_466
FIELD	com/mojang/blaze3d/systems/DeviceInfo	Z	isZZeroToOne	comp_1_467
FIELD	com/mojang/blaze3d/systems/DeviceInfo	Lcom/mojang/blaze3d/systems/DeviceLimits;	limits	comp_1_468
FIELD	com/mojang/blaze3d/systems/DeviceInfo	Ljava/lang/String;	name	comp_1_469
FIELD	com/mojang/blaze3d/systems/DeviceInfo	F	timestampPeriod	comp_1_470
FIELD	com/mojang/blaze3d/systems/DeviceInfo	Ljava/util/Set;	underlyingExtensions	comp_1_471
FIELD	com/mojang/blaze3d/systems/DeviceInfo	Ljava/lang/String;	vendorName	comp_1_472
CLASS	com/mojang/blaze3d/systems/GpuSurface	class_1_665
FIELD	com/mojang/blaze3d/systems/GpuSurface	Lcom/mojang/blaze3d/systems/GpuSurfaceBackend;	backend	field_1_3401
FIELD	com/mojang/blaze3d/systems/GpuSurface	Ljava/util/Optional;	currentConfiguration	field_1_3402
FIELD	com/mojang/blaze3d/systems/GpuSurface	Z	hasBlittedTexture	field_1_3403
FIELD	com/mojang/blaze3d/systems/GpuSurface	Z	hasImageAcquired	field_1_3404
METHOD	com/mojang/blaze3d/systems/GpuSurface	()V	acquireNextTexture	method_1_3989
METHOD	com/mojang/blaze3d/systems/GpuSurface	(Lcom/mojang/blaze3d/systems/CommandEncoder;Lcom/mojang/blaze3d/textures/GpuTextureView;)V	blitFromTexture	method_1_3990
METHOD	com/mojang/blaze3d/systems/GpuSurface	(Lcom/mojang/blaze3d/systems/GpuSurface$Configuration;)V	configure	method_1_3991
METHOD	com/mojang/blaze3d/systems/GpuSurface	()Ljava/util/Optional;	currentConfiguration	method_1_3992
METHOD	com/mojang/blaze3d/systems/GpuSurface	()Z	isAcquired	method_1_3993
METHOD	com/mojang/blaze3d/systems/GpuSurface	()Z	isSuboptimal	method_1_3994
METHOD	com/mojang/blaze3d/systems/GpuSurface	()V	present	method_1_3995
CLASS	com/mojang/blaze3d/systems/GpuSurface$Configuration	class_1_666
FIELD	com/mojang/blaze3d/systems/GpuSurface$Configuration	I	height	comp_1_473
FIELD	com/mojang/blaze3d/systems/GpuSurface$Configuration	Z	vsync	comp_1_474
FIELD	com/mojang/blaze3d/systems/GpuSurface$Configuration	I	width	comp_1_475
CLASS	com/mojang/blaze3d/systems/TimerQuery	class_1_667
FIELD	com/mojang/blaze3d/systems/TimerQuery	I	ROTATIONS	field_1_3405
FIELD	com/mojang/blaze3d/systems/TimerQuery	Lcom/mojang/blaze3d/systems/CommandEncoder;	activeEncoder	field_1_3406
FIELD	com/mojang/blaze3d/systems/TimerQuery	I	currentRotationIndex	field_1_3407
FIELD	com/mojang/blaze3d/systems/TimerQuery	Lcom/mojang/blaze3d/systems/GpuQueryPool;	queryPool	field_1_3408
FIELD	com/mojang/blaze3d/systems/TimerQuery	[J	results	field_1_3409
FIELD	com/mojang/blaze3d/systems/TimerQuery	Lcom/mojang/blaze3d/systems/TimerQuery$Status;	status	field_1_3410
METHOD	com/mojang/blaze3d/systems/TimerQuery	()V	beginProfile	method_1_3996
METHOD	com/mojang/blaze3d/systems/TimerQuery	()V	endProfile	method_1_3997
METHOD	com/mojang/blaze3d/systems/TimerQuery	()J	get	method_1_3998
METHOD	com/mojang/blaze3d/systems/TimerQuery	()Lcom/mojang/blaze3d/systems/TimerQuery$Status;	getStatus	method_1_3999
CLASS	com/mojang/blaze3d/systems/TimerQuery$Status	class_1_668
FIELD	com/mojang/blaze3d/systems/TimerQuery$Status	[Lcom/mojang/blaze3d/systems/TimerQuery$Status;	$VALUES	field_1_3411
FIELD	com/mojang/blaze3d/systems/TimerQuery$Status	Lcom/mojang/blaze3d/systems/TimerQuery$Status;	AWAITING_VALUES	field_1_3412
FIELD	com/mojang/blaze3d/systems/TimerQuery$Status	Lcom/mojang/blaze3d/systems/TimerQuery$Status;	NOT_RECORDING	field_1_3413
FIELD	com/mojang/blaze3d/systems/TimerQuery$Status	Lcom/mojang/blaze3d/systems/TimerQuery$Status;	STARTED	field_1_3414
METHOD	com/mojang/blaze3d/systems/TimerQuery$Status	()[Lcom/mojang/blaze3d/systems/TimerQuery$Status;	$values	method_1_4000
CLASS	com/mojang/blaze3d/vulkan/Destroyable	class_1_669
METHOD	com/mojang/blaze3d/vulkan/Destroyable	()V	destroy	method_1_4001
CLASS	com/mojang/blaze3d/vulkan/VulkanConst	class_1_670
METHOD	com/mojang/blaze3d/vulkan/VulkanConst	(I)I	bufferUsageToVk	method_1_4002
METHOD	com/mojang/blaze3d/vulkan/VulkanConst	(Lcom/mojang/blaze3d/GpuFormat;)I	formatAspectMask	method_1_4003
METHOD	com/mojang/blaze3d/vulkan/VulkanConst	(ILcom/mojang/blaze3d/GpuFormat;)I	textureUsageToVk	method_1_4004
METHOD	com/mojang/blaze3d/vulkan/VulkanConst	(Lcom/mojang/blaze3d/GpuFormat;)I	toVk	method_1_4005
METHOD	com/mojang/blaze3d/vulkan/VulkanConst	(Lcom/mojang/blaze3d/pipeline/ColorTargetState;)I	toVk	method_1_4006
METHOD	com/mojang/blaze3d/vulkan/VulkanConst	(Lcom/mojang/blaze3d/platform/BlendFactor;)I	toVk	method_1_4007
METHOD	com/mojang/blaze3d/vulkan/VulkanConst	(Lcom/mojang/blaze3d/platform/BlendOp;)I	toVk	method_1_4008
METHOD	com/mojang/blaze3d/vulkan/VulkanConst	(Lcom/mojang/blaze3d/platform/CompareOp;)I	toVk	method_1_4009
METHOD	com/mojang/blaze3d/vulkan/VulkanConst	(Lcom/mojang/blaze3d/platform/PolygonMode;)I	toVk	method_1_4010
METHOD	com/mojang/blaze3d/vulkan/VulkanConst	(Lcom/mojang/blaze3d/textures/AddressMode;)I	toVk	method_1_4011
METHOD	com/mojang/blaze3d/vulkan/VulkanConst	(Lcom/mojang/blaze3d/textures/FilterMode;)I	toVk	method_1_4012
METHOD	com/mojang/blaze3d/vulkan/VulkanConst	(Lcom/mojang/blaze3d/vertex/VertexFormat$Mode;)I	toVk	method_1_4013
FIELD	com/mojang/blaze3d/vulkan/VulkanConst$1	[I	$SwitchMap$com$mojang$blaze3d$GpuFormat	field_1_3415
FIELD	com/mojang/blaze3d/vulkan/VulkanConst$1	[I	$SwitchMap$com$mojang$blaze3d$platform$BlendFactor	field_1_3416
FIELD	com/mojang/blaze3d/vulkan/VulkanConst$1	[I	$SwitchMap$com$mojang$blaze3d$platform$BlendOp	field_1_3417
FIELD	com/mojang/blaze3d/vulkan/VulkanConst$1	[I	$SwitchMap$com$mojang$blaze3d$platform$CompareOp	field_1_3418
FIELD	com/mojang/blaze3d/vulkan/VulkanConst$1	[I	$SwitchMap$com$mojang$blaze3d$platform$PolygonMode	field_1_3419
FIELD	com/mojang/blaze3d/vulkan/VulkanConst$1	[I	$SwitchMap$com$mojang$blaze3d$textures$AddressMode	field_1_3420
FIELD	com/mojang/blaze3d/vulkan/VulkanConst$1	[I	$SwitchMap$com$mojang$blaze3d$textures$FilterMode	field_1_3421
FIELD	com/mojang/blaze3d/vulkan/VulkanConst$1	[I	$SwitchMap$com$mojang$blaze3d$vertex$VertexFormat$Mode	field_1_3422
CLASS	com/mojang/blaze3d/vulkan/VulkanDebug	class_1_671
METHOD	com/mojang/blaze3d/vulkan/VulkanDebug	(Lorg/lwjgl/vulkan/VkCommandBuffer;Ljava/util/function/Supplier;)V	beginDebugGroup	method_1_4014
METHOD	com/mojang/blaze3d/vulkan/VulkanDebug	(Lorg/lwjgl/vulkan/VkInstanceCreateInfo;Lorg/lwjgl/system/MemoryStack;)V	chainCreateInfo	method_1_4015
METHOD	com/mojang/blaze3d/vulkan/VulkanDebug	(IZLjava/util/Set;Ljava/util/Set;)Lcom/mojang/blaze3d/vulkan/VulkanDebug;	create	method_1_4016
METHOD	com/mojang/blaze3d/vulkan/VulkanDebug	(Lorg/lwjgl/vulkan/VkInstance;)V	destroy	method_1_4017
METHOD	com/mojang/blaze3d/vulkan/VulkanDebug	()Z	enabled	method_1_4018
METHOD	com/mojang/blaze3d/vulkan/VulkanDebug	(Lorg/lwjgl/vulkan/VkCommandBuffer;)V	endDebugGroup	method_1_4019
METHOD	com/mojang/blaze3d/vulkan/VulkanDebug	(Lorg/lwjgl/vulkan/VkDevice;IJLjava/lang/String;)V	setObjectName	method_1_4020
METHOD	com/mojang/blaze3d/vulkan/VulkanDebug	(Lorg/lwjgl/vulkan/VkDevice;IJLjava/util/function/Supplier;)V	setObjectName	method_1_4021
METHOD	com/mojang/blaze3d/vulkan/VulkanDebug	(Lorg/lwjgl/vulkan/VkInstance;)V	setup	method_1_4022
CLASS	com/mojang/blaze3d/vulkan/VulkanDebug$Disabled	class_1_672
CLASS	com/mojang/blaze3d/vulkan/VulkanDebug$Enabled	class_1_673
FIELD	com/mojang/blaze3d/vulkan/VulkanDebug$Enabled	[I	DEBUG_LEVELS	field_1_3423
FIELD	com/mojang/blaze3d/vulkan/VulkanDebug$Enabled	Lorg/slf4j/Logger;	LOGGER	field_1_3424
FIELD	com/mojang/blaze3d/vulkan/VulkanDebug$Enabled	I	MESSAGE_TYPE_BITMASK	field_1_3425
FIELD	com/mojang/blaze3d/vulkan/VulkanDebug$Enabled	Ljava/lang/StackWalker;	STACK_WALKER	field_1_3426
FIELD	com/mojang/blaze3d/vulkan/VulkanDebug$Enabled	J	messenger	field_1_3427
FIELD	com/mojang/blaze3d/vulkan/VulkanDebug$Enabled	I	severityBitmask	field_1_3428
FIELD	com/mojang/blaze3d/vulkan/VulkanDebug$Enabled	Z	wantsDebugLabels	field_1_3429
METHOD	com/mojang/blaze3d/vulkan/VulkanDebug$Enabled	(Ljava/util/stream/Stream;)Ljava/lang/String;	lambda$onDebugMessage$0	method_1_4023
METHOD	com/mojang/blaze3d/vulkan/VulkanDebug$Enabled	(Ljava/lang/StackWalker$StackFrame;)Z	lambda$onDebugMessage$1	method_1_4024
METHOD	com/mojang/blaze3d/vulkan/VulkanDebug$Enabled	(Ljava/lang/StackWalker$StackFrame;)Ljava/lang/String;	lambda$onDebugMessage$2	method_1_4025
METHOD	com/mojang/blaze3d/vulkan/VulkanDebug$Enabled	(IIJJ)I	onDebugMessage	method_1_4026
CLASS	com/mojang/blaze3d/vulkan/VulkanQueue	class_1_674
FIELD	com/mojang/blaze3d/vulkan/VulkanQueue	I	queueFamilyIndex	comp_1_476
FIELD	com/mojang/blaze3d/vulkan/VulkanQueue	Lorg/lwjgl/vulkan/VkQueue;	vkQueue	comp_1_477
METHOD	com/mojang/blaze3d/vulkan/VulkanQueue	()Lcom/mojang/blaze3d/vulkan/VulkanQueue$Submission;	beginSubmit	method_1_4027
METHOD	com/mojang/blaze3d/vulkan/VulkanQueue	(Lcom/mojang/blaze3d/vulkan/VulkanDevice;II)J	fetchVkQueue	method_1_4028
METHOD	com/mojang/blaze3d/vulkan/VulkanQueue	()V	waitIdle	method_1_4029
CLASS	com/mojang/blaze3d/vulkan/VulkanQueue$Submission	class_1_675
FIELD	com/mojang/blaze3d/vulkan/VulkanQueue$Submission	Z	closed	field_1_3430
FIELD	com/mojang/blaze3d/vulkan/VulkanQueue$Submission	Lit/unimi/dsi/fastutil/objects/ReferenceArrayList;	stages	field_1_3431
FIELD	com/mojang/blaze3d/vulkan/VulkanQueue$Submission	Lcom/mojang/blaze3d/vulkan/VulkanQueue;	this$0	field_1_3432
METHOD	com/mojang/blaze3d/vulkan/VulkanQueue$Submission	(Lorg/lwjgl/vulkan/VkCommandBuffer;)V	executeCommands	method_1_4030
METHOD	com/mojang/blaze3d/vulkan/VulkanQueue$Submission	(JJJ)V	signalSemaphore	method_1_4031
METHOD	com/mojang/blaze3d/vulkan/VulkanQueue$Submission	(JJJ)V	waitSemaphore	method_1_4032
CLASS	com/mojang/blaze3d/vulkan/VulkanQueue$Submission$SemaphoreOp	class_1_676
FIELD	com/mojang/blaze3d/vulkan/VulkanQueue$Submission$SemaphoreOp	J	stageMask	comp_1_478
FIELD	com/mojang/blaze3d/vulkan/VulkanQueue$Submission$SemaphoreOp	J	value	comp_1_479
FIELD	com/mojang/blaze3d/vulkan/VulkanQueue$Submission$SemaphoreOp	J	vkSemaphore	comp_1_480
CLASS	com/mojang/blaze3d/vulkan/VulkanQueue$Submission$SubmitStage	class_1_677
FIELD	com/mojang/blaze3d/vulkan/VulkanQueue$Submission$SubmitStage	Ljava/util/List;	commandBuffers	comp_1_481
FIELD	com/mojang/blaze3d/vulkan/VulkanQueue$Submission$SubmitStage	Ljava/util/List;	signals	comp_1_482
FIELD	com/mojang/blaze3d/vulkan/VulkanQueue$Submission$SubmitStage	Ljava/util/List;	waits	comp_1_483
CLASS	com/mojang/blaze3d/vulkan/VulkanUtils	class_1_678
METHOD	com/mojang/blaze3d/vulkan/VulkanUtils	(ILjava/lang/String;)V	crashIfFailure	method_1_4033
METHOD	com/mojang/blaze3d/vulkan/VulkanUtils	(II)Z	hasAllBits	method_1_4034
METHOD	com/mojang/blaze3d/vulkan/VulkanUtils	(JJ)Z	hasAllBits	method_1_4035
METHOD	com/mojang/blaze3d/vulkan/VulkanUtils	(II)Z	hasAnyBit	method_1_4036
METHOD	com/mojang/blaze3d/vulkan/VulkanUtils	(JJ)Z	hasAnyBit	method_1_4037
METHOD	com/mojang/blaze3d/vulkan/VulkanUtils	(II)Z	hasNoBit	method_1_4038
METHOD	com/mojang/blaze3d/vulkan/VulkanUtils	(JJ)Z	hasNoBit	method_1_4039
METHOD	com/mojang/blaze3d/vulkan/VulkanUtils	(Lorg/lwjgl/vulkan/VkClearColorValue;I)Lorg/lwjgl/vulkan/VkClearColorValue;	putArgb	method_1_4040
METHOD	com/mojang/blaze3d/vulkan/VulkanUtils	(I)Ljava/lang/String;	resultToString	method_1_4041
METHOD	com/mojang/blaze3d/vulkan/VulkanUtils	(ILjava/lang/String;Lcom/mojang/blaze3d/systems/BackendCreationException$Reason;)V	throwIfFailure	method_1_4042
field_34396 is now comp_1_484
field_34397 is now comp_1_485
field_34400 is now comp_1_486
field_34398 is now comp_1_487
field_34399 is now comp_1_488
METHOD	net/minecraft/world/entity/AgeableMob	()Z	canBeABaby	method_1_4043
METHOD	net/minecraft/world/entity/Bucketable	(Lnet/minecraft/world/item/ItemStack;)Z	canBePickedUpWithBucket	method_1_4044
FIELD	net/minecraft/world/entity/EntityType	Lnet/minecraft/world/entity/EntityType;	SULFUR_CUBE	field_1_3433
METHOD	net/minecraft/world/level/block/Block	()F	getBounceRestitution	method_1_4045
FIELD	com/mojang/blaze3d/opengl/GlRenderPass	Z	closed	field_1_3434
CLASS	com/mojang/blaze3d/vulkan/VulkanDevice	class_1_679
FIELD	com/mojang/blaze3d/vulkan/VulkanDevice	Z	$assertionsDisabled	field_1_3435
FIELD	com/mojang/blaze3d/vulkan/VulkanDevice	Lorg/slf4j/Logger;	LOGGER	field_1_3436
FIELD	com/mojang/blaze3d/vulkan/VulkanDevice	Lcom/mojang/blaze3d/vulkan/VulkanCommandEncoder;	commandEncoder	field_1_3437
FIELD	com/mojang/blaze3d/vulkan/VulkanDevice	Lcom/mojang/blaze3d/vulkan/VulkanQueue;	computeQueue	field_1_3438
FIELD	com/mojang/blaze3d/vulkan/VulkanDevice	Lcom/mojang/blaze3d/shaders/ShaderSource;	defaultShaderSource	field_1_3439
FIELD	com/mojang/blaze3d/vulkan/VulkanDevice	Lcom/mojang/blaze3d/systems/DeviceInfo;	deviceInfo	field_1_3440
FIELD	com/mojang/blaze3d/vulkan/VulkanDevice	Lcom/mojang/blaze3d/vulkan/glsl/GlslCompiler;	glslCompiler	field_1_3441
FIELD	com/mojang/blaze3d/vulkan/VulkanDevice	Lcom/mojang/blaze3d/vulkan/VulkanQueue;	graphicsQueue	field_1_3442
FIELD	com/mojang/blaze3d/vulkan/VulkanDevice	Lcom/mojang/blaze3d/vulkan/VulkanInstance;	instance	field_1_3443
FIELD	com/mojang/blaze3d/vulkan/VulkanDevice	Z	isIntegratedIntelMoltenVK	field_1_3444
FIELD	com/mojang/blaze3d/vulkan/VulkanDevice	Ljava/util/Map;	pipelineCache	field_1_3445
FIELD	com/mojang/blaze3d/vulkan/VulkanDevice	Ljava/util/Map;	shaderCache	field_1_3446
FIELD	com/mojang/blaze3d/vulkan/VulkanDevice	Lcom/mojang/blaze3d/vulkan/VulkanQueue;	transferQueue	field_1_3447
FIELD	com/mojang/blaze3d/vulkan/VulkanDevice	Lorg/lwjgl/vulkan/VkDevice;	vkDevice	field_1_3448
FIELD	com/mojang/blaze3d/vulkan/VulkanDevice	J	vma	field_1_3449
METHOD	com/mojang/blaze3d/vulkan/VulkanDevice	(Lcom/mojang/blaze3d/pipeline/RenderPipeline;Lcom/mojang/blaze3d/shaders/ShaderSource;)Lcom/mojang/blaze3d/vulkan/VulkanRenderPipeline;	compilePipeline	method_1_4046
METHOD	com/mojang/blaze3d/vulkan/VulkanDevice	(Lcom/mojang/blaze3d/vulkan/VulkanDevice$ShaderCompilationKey;Lcom/mojang/blaze3d/shaders/ShaderSource;)Lcom/mojang/blaze3d/vulkan/glsl/IntermediaryShaderModule;	compileShader	method_1_4047
METHOD	com/mojang/blaze3d/vulkan/VulkanDevice	()Lcom/mojang/blaze3d/vulkan/VulkanQueue;	computeQueue	method_1_4048
METHOD	com/mojang/blaze3d/vulkan/VulkanDevice	()Lcom/mojang/blaze3d/vulkan/VulkanCommandEncoder;	createCommandEncoder	method_1_4049
METHOD	com/mojang/blaze3d/vulkan/VulkanDevice	(Lcom/mojang/blaze3d/pipeline/RenderPipeline;)Lcom/mojang/blaze3d/vulkan/VulkanRenderPipeline;	getOrCompilePipeline	method_1_4050
METHOD	com/mojang/blaze3d/vulkan/VulkanDevice	(Lnet/minecraft/resources/Identifier;Lcom/mojang/blaze3d/shaders/ShaderType;Lnet/minecraft/client/renderer/ShaderDefines;Lcom/mojang/blaze3d/shaders/ShaderSource;)Lcom/mojang/blaze3d/vulkan/glsl/IntermediaryShaderModule;	getOrCompileShader	method_1_4051
METHOD	com/mojang/blaze3d/vulkan/VulkanDevice	()Lcom/mojang/blaze3d/vulkan/VulkanQueue;	graphicsQueue	method_1_4052
METHOD	com/mojang/blaze3d/vulkan/VulkanDevice	()Lcom/mojang/blaze3d/vulkan/VulkanInstance;	instance	method_1_4053
METHOD	com/mojang/blaze3d/vulkan/VulkanDevice	(Lcom/mojang/blaze3d/pipeline/RenderPipeline;Lcom/mojang/blaze3d/pipeline/RenderPipeline;)Lcom/mojang/blaze3d/vulkan/VulkanRenderPipeline;	lambda$getOrCompilePipeline$0	method_1_4054
METHOD	com/mojang/blaze3d/vulkan/VulkanDevice	(Lcom/mojang/blaze3d/vulkan/VulkanDevice$ShaderCompilationKey;Lcom/mojang/blaze3d/shaders/ShaderSource;Lcom/mojang/blaze3d/vulkan/VulkanDevice$ShaderCompilationKey;)Lcom/mojang/blaze3d/vulkan/glsl/IntermediaryShaderModule;	lambda$getOrCompileShader$0	method_1_4055
METHOD	com/mojang/blaze3d/vulkan/VulkanDevice	(Lcom/mojang/blaze3d/pipeline/RenderPipeline;Lcom/mojang/blaze3d/shaders/ShaderSource;Lcom/mojang/blaze3d/pipeline/RenderPipeline;)Lcom/mojang/blaze3d/vulkan/VulkanRenderPipeline;	lambda$precompilePipeline$0	method_1_4056
METHOD	com/mojang/blaze3d/vulkan/VulkanDevice	()Lcom/mojang/blaze3d/vulkan/VulkanQueue;	transferQueue	method_1_4057
METHOD	com/mojang/blaze3d/vulkan/VulkanDevice	()Lorg/lwjgl/vulkan/VkDevice;	vkDevice	method_1_4058
METHOD	com/mojang/blaze3d/vulkan/VulkanDevice	()J	vma	method_1_4059
CLASS	com/mojang/blaze3d/vulkan/VulkanDevice$ShaderCompilationKey	class_1_680
FIELD	com/mojang/blaze3d/vulkan/VulkanDevice$ShaderCompilationKey	Lnet/minecraft/client/renderer/ShaderDefines;	defines	comp_1_489
FIELD	com/mojang/blaze3d/vulkan/VulkanDevice$ShaderCompilationKey	Lnet/minecraft/resources/Identifier;	id	comp_1_490
FIELD	com/mojang/blaze3d/vulkan/VulkanDevice$ShaderCompilationKey	Lcom/mojang/blaze3d/shaders/ShaderType;	type	comp_1_491
CLASS	com/mojang/blaze3d/vulkan/package-info	class_1_681
FIELD	net/minecraft/world/entity/MobCategory	Ljava/lang/String;	debugAbbreviation	field_1_3450
METHOD	net/minecraft/world/entity/MobCategory	()Ljava/lang/String;	getDebugAbbreviation	method_1_4060
METHOD	net/minecraft/world/item/HoneycombItem	(Lnet/minecraft/world/level/block/Block;)Lcom/mojang/datafixers/util/Pair;	lambda$static$10	method_1_4061
METHOD	net/minecraft/world/item/HoneycombItem	(Lnet/minecraft/world/level/block/Block;)Lcom/mojang/datafixers/util/Pair;	lambda$static$11	method_1_4062
METHOD	net/minecraft/world/item/HoneycombItem	(Lnet/minecraft/world/level/block/WeatheringCopper$WeatherState;Ljava/lang/Boolean;)Z	lambda$static$12	method_1_4063
METHOD	net/minecraft/world/item/HoneycombItem	(Lnet/minecraft/world/level/block/Block;)Lnet/minecraft/world/level/block/Block;	lambda$static$13	method_1_4064
METHOD	net/minecraft/world/item/HoneycombItem	(Lnet/minecraft/world/level/block/Block;)Lcom/mojang/datafixers/util/Pair;	lambda$static$2	method_1_4065
METHOD	net/minecraft/world/item/HoneycombItem	(Lnet/minecraft/world/level/block/Block;)Lcom/mojang/datafixers/util/Pair;	lambda$static$3	method_1_4066
METHOD	net/minecraft/world/item/HoneycombItem	(Lnet/minecraft/world/level/block/Block;)Lcom/mojang/datafixers/util/Pair;	lambda$static$4	method_1_4067
METHOD	net/minecraft/world/item/HoneycombItem	(Lnet/minecraft/world/level/block/Block;)Lcom/mojang/datafixers/util/Pair;	lambda$static$5	method_1_4068
METHOD	net/minecraft/world/item/HoneycombItem	(Lnet/minecraft/world/level/block/Block;)Lcom/mojang/datafixers/util/Pair;	lambda$static$6	method_1_4069
METHOD	net/minecraft/world/item/HoneycombItem	(Lnet/minecraft/world/level/block/Block;)Lcom/mojang/datafixers/util/Pair;	lambda$static$7	method_1_4070
METHOD	net/minecraft/world/item/HoneycombItem	(Lnet/minecraft/world/level/block/Block;)Lcom/mojang/datafixers/util/Pair;	lambda$static$8	method_1_4071
METHOD	net/minecraft/world/item/HoneycombItem	(Lnet/minecraft/world/level/block/Block;)Lcom/mojang/datafixers/util/Pair;	lambda$static$9	method_1_4072
CLASS	net/minecraft/world/item/HoneycombItem$WaxedRecipeGroup	class_1_682
FIELD	net/minecraft/world/item/HoneycombItem$WaxedRecipeGroup	Lnet/minecraft/world/level/block/WeatheringCopperCollection;	block	comp_1_492
FIELD	net/minecraft/world/item/HoneycombItem$WaxedRecipeGroup	Ljava/util/function/Function;	recipeIdProvider	comp_1_493
FIELD	net/minecraft/world/level/biome/Biomes	Lnet/minecraft/resources/ResourceKey;	SULFUR_CAVES	field_1_3451
FIELD	net/minecraft/world/level/block/Blocks	Lnet/minecraft/world/level/block/ColorCollection;	BANNER	field_1_3452
FIELD	net/minecraft/world/level/block/Blocks	Lnet/minecraft/world/level/block/ColorCollection;	BED	field_1_3453
FIELD	net/minecraft/world/level/block/Blocks	Lnet/minecraft/world/level/block/ColorCollection;	CARPET	field_1_3454
FIELD	net/minecraft/world/level/block/Blocks	Lnet/minecraft/world/level/block/Block;	CHISELED_CINNABAR	field_1_3455
FIELD	net/minecraft/world/level/block/Blocks	Lnet/minecraft/world/level/block/WeatheringCopperCollection;	CHISELED_COPPER	field_1_3456
FIELD	net/minecraft/world/level/block/Blocks	Lnet/minecraft/world/level/block/Block;	CHISELED_SULFUR	field_1_3457
FIELD	net/minecraft/world/level/block/Blocks	Lnet/minecraft/world/level/block/Block;	CINNABAR	field_1_3458
FIELD	net/minecraft/world/level/block/Blocks	Lnet/minecraft/world/level/block/Block;	CINNABAR_BRICKS	field_1_3459
FIELD	net/minecraft/world/level/block/Blocks	Lnet/minecraft/world/level/block/Block;	CINNABAR_BRICK_SLAB	field_1_3460
FIELD	net/minecraft/world/level/block/Blocks	Lnet/minecraft/world/level/block/Block;	CINNABAR_BRICK_STAIRS	field_1_3461
FIELD	net/minecraft/world/level/block/Blocks	Lnet/minecraft/world/level/block/Block;	CINNABAR_BRICK_WALL	field_1_3462
FIELD	net/minecraft/world/level/block/Blocks	Lnet/minecraft/world/level/block/Block;	CINNABAR_SLAB	field_1_3463
FIELD	net/minecraft/world/level/block/Blocks	Lnet/minecraft/world/level/block/Block;	CINNABAR_STAIRS	field_1_3464
FIELD	net/minecraft/world/level/block/Blocks	Lnet/minecraft/world/level/block/Block;	CINNABAR_WALL	field_1_3465
FIELD	net/minecraft/world/level/block/Blocks	Lnet/minecraft/world/level/block/ColorCollection;	CONCRETE	field_1_3466
FIELD	net/minecraft/world/level/block/Blocks	Lnet/minecraft/world/level/block/ColorCollection;	CONCRETE_POWDER	field_1_3467
FIELD	net/minecraft/world/level/block/Blocks	Lnet/minecraft/world/level/block/WeatheringCopperCollection;	COPPER_BLOCK	field_1_3468
FIELD	net/minecraft/world/level/block/Blocks	Lnet/minecraft/world/level/block/WeatheringCopperCollection;	COPPER_BULB	field_1_3469
FIELD	net/minecraft/world/level/block/Blocks	Lnet/minecraft/world/level/block/WeatheringCopperCollection;	COPPER_CHEST	field_1_3470
FIELD	net/minecraft/world/level/block/Blocks	Lnet/minecraft/world/level/block/WeatheringCopperCollection;	COPPER_DOOR	field_1_3471
FIELD	net/minecraft/world/level/block/Blocks	Lnet/minecraft/world/level/block/WeatheringCopperCollection;	COPPER_GOLEM_STATUE	field_1_3472
FIELD	net/minecraft/world/level/block/Blocks	Lnet/minecraft/world/level/block/WeatheringCopperCollection;	COPPER_GRATE	field_1_3473
FIELD	net/minecraft/world/level/block/Blocks	Lnet/minecraft/world/level/block/WeatheringCopperCollection;	COPPER_TRAPDOOR	field_1_3474
FIELD	net/minecraft/world/level/block/Blocks	Lnet/minecraft/world/level/block/WeatheringCopperCollection;	CUT_COPPER	field_1_3475
FIELD	net/minecraft/world/level/block/Blocks	Lnet/minecraft/world/level/block/WeatheringCopperCollection;	CUT_COPPER_SLAB	field_1_3476
FIELD	net/minecraft/world/level/block/Blocks	Lnet/minecraft/world/level/block/WeatheringCopperCollection;	CUT_COPPER_STAIRS	field_1_3477
FIELD	net/minecraft/world/level/block/Blocks	Lnet/minecraft/world/level/block/ColorCollection;	DYED_CANDLE	field_1_3478
FIELD	net/minecraft/world/level/block/Blocks	Lnet/minecraft/world/level/block/ColorCollection;	DYED_CANDLE_CAKE	field_1_3479
FIELD	net/minecraft/world/level/block/Blocks	Lnet/minecraft/world/level/block/ColorCollection;	DYED_SHULKER_BOX	field_1_3480
FIELD	net/minecraft/world/level/block/Blocks	Lnet/minecraft/world/level/block/ColorCollection;	DYED_TERRACOTTA	field_1_3481
FIELD	net/minecraft/world/level/block/Blocks	Lnet/minecraft/world/level/block/ColorCollection;	GLAZED_TERRACOTTA	field_1_3482
FIELD	net/minecraft/world/level/block/Blocks	Lnet/minecraft/world/level/block/WeatheringCopperCollection;	LIGHTNING_ROD	field_1_3483
FIELD	net/minecraft/world/level/block/Blocks	Lnet/minecraft/world/level/block/Block;	POLISHED_CINNABAR	field_1_3484
FIELD	net/minecraft/world/level/block/Blocks	Lnet/minecraft/world/level/block/Block;	POLISHED_CINNABAR_SLAB	field_1_3485
FIELD	net/minecraft/world/level/block/Blocks	Lnet/minecraft/world/level/block/Block;	POLISHED_CINNABAR_STAIRS	field_1_3486
FIELD	net/minecraft/world/level/block/Blocks	Lnet/minecraft/world/level/block/Block;	POLISHED_CINNABAR_WALL	field_1_3487
FIELD	net/minecraft/world/level/block/Blocks	Lnet/minecraft/world/level/block/Block;	POLISHED_SULFUR	field_1_3488
FIELD	net/minecraft/world/level/block/Blocks	Lnet/minecraft/world/level/block/Block;	POLISHED_SULFUR_SLAB	field_1_3489
FIELD	net/minecraft/world/level/block/Blocks	Lnet/minecraft/world/level/block/Block;	POLISHED_SULFUR_STAIRS	field_1_3490
FIELD	net/minecraft/world/level/block/Blocks	Lnet/minecraft/world/level/block/Block;	POLISHED_SULFUR_WALL	field_1_3491
FIELD	net/minecraft/world/level/block/Blocks	Lnet/minecraft/world/level/block/Block;	POTENT_SULFUR	field_1_3492
FIELD	net/minecraft/world/level/block/Blocks	Lnet/minecraft/world/level/block/ColorCollection;	STAINED_GLASS	field_1_3493
FIELD	net/minecraft/world/level/block/Blocks	Lnet/minecraft/world/level/block/ColorCollection;	STAINED_GLASS_PANE	field_1_3494
FIELD	net/minecraft/world/level/block/Blocks	Lnet/minecraft/world/level/block/Block;	SULFUR	field_1_3495
FIELD	net/minecraft/world/level/block/Blocks	Lnet/minecraft/world/level/block/Block;	SULFUR_BRICKS	field_1_3496
FIELD	net/minecraft/world/level/block/Blocks	Lnet/minecraft/world/level/block/Block;	SULFUR_BRICK_SLAB	field_1_3497
FIELD	net/minecraft/world/level/block/Blocks	Lnet/minecraft/world/level/block/Block;	SULFUR_BRICK_STAIRS	field_1_3498
FIELD	net/minecraft/world/level/block/Blocks	Lnet/minecraft/world/level/block/Block;	SULFUR_BRICK_WALL	field_1_3499
FIELD	net/minecraft/world/level/block/Blocks	Lnet/minecraft/world/level/block/Block;	SULFUR_SLAB	field_1_3500
FIELD	net/minecraft/world/level/block/Blocks	Lnet/minecraft/world/level/block/Block;	SULFUR_STAIRS	field_1_3501
FIELD	net/minecraft/world/level/block/Blocks	Lnet/minecraft/world/level/block/Block;	SULFUR_WALL	field_1_3502
FIELD	net/minecraft/world/level/block/Blocks	Lnet/minecraft/world/level/block/ColorCollection;	WALL_BANNER	field_1_3503
FIELD	net/minecraft/world/level/block/Blocks	Lnet/minecraft/world/level/block/ColorCollection;	WOOL	field_1_3504
METHOD	net/minecraft/world/level/block/Blocks	(Lnet/minecraft/world/item/DyeColor;)Lnet/minecraft/world/level/block/state/BlockBehaviour$Properties;	lambda$static$145	method_1_4073
METHOD	net/minecraft/world/level/block/Blocks	(Lnet/minecraft/world/level/block/WeatheringCopper$WeatherState;Lnet/minecraft/world/level/block/state/BlockBehaviour$Properties;)Lnet/minecraft/world/level/block/IronBarsBlock;	lambda$static$162	method_1_4074
METHOD	net/minecraft/world/level/block/Blocks	(Lnet/minecraft/world/level/block/WeatheringCopper$WeatherState;Lnet/minecraft/world/level/block/state/BlockBehaviour$Properties;)Lnet/minecraft/world/level/block/ChainBlock;	lambda$static$164	method_1_4075
METHOD	net/minecraft/world/level/block/Blocks	(Lnet/minecraft/world/item/DyeColor;Lnet/minecraft/world/level/block/state/BlockBehaviour$Properties;)Lnet/minecraft/world/level/block/Block;	lambda$static$239	method_1_4076
METHOD	net/minecraft/world/level/block/Blocks	(Lnet/minecraft/world/item/DyeColor;)Lnet/minecraft/world/level/block/state/BlockBehaviour$Properties;	lambda$static$240	method_1_4077
METHOD	net/minecraft/world/level/block/Blocks	(Lnet/minecraft/world/item/DyeColor;)Lnet/minecraft/world/level/block/state/BlockBehaviour$Properties;	lambda$static$241	method_1_4078
METHOD	net/minecraft/world/level/block/Blocks	(Lnet/minecraft/world/item/DyeColor;)Lnet/minecraft/world/level/block/state/BlockBehaviour$Properties;	lambda$static$244	method_1_4079
METHOD	net/minecraft/world/level/block/Blocks	(Lnet/minecraft/world/item/DyeColor;)Lnet/minecraft/world/level/block/state/BlockBehaviour$Properties;	lambda$static$245	method_1_4080
METHOD	net/minecraft/world/level/block/Blocks	(Lnet/minecraft/world/item/DyeColor;)Lnet/minecraft/world/level/block/state/BlockBehaviour$Properties;	lambda$static$246	method_1_4081
METHOD	net/minecraft/world/level/block/Blocks	(Lnet/minecraft/world/item/DyeColor;)Lnet/minecraft/world/level/block/state/BlockBehaviour$Properties;	lambda$static$274	method_1_4082
METHOD	net/minecraft/world/level/block/Blocks	(Lnet/minecraft/world/item/DyeColor;Lnet/minecraft/world/level/block/state/BlockBehaviour$Properties;)Lnet/minecraft/world/level/block/GlazedTerracottaBlock;	lambda$static$275	method_1_4083
METHOD	net/minecraft/world/level/block/Blocks	(Lnet/minecraft/world/item/DyeColor;)Lnet/minecraft/world/level/block/state/BlockBehaviour$Properties;	lambda$static$276	method_1_4084
METHOD	net/minecraft/world/level/block/Blocks	(Lnet/minecraft/world/item/DyeColor;Lnet/minecraft/world/level/block/state/BlockBehaviour$Properties;)Lnet/minecraft/world/level/block/Block;	lambda$static$277	method_1_4085
METHOD	net/minecraft/world/level/block/Blocks	(Lnet/minecraft/world/item/DyeColor;)Lnet/minecraft/world/level/block/state/BlockBehaviour$Properties;	lambda$static$278	method_1_4086
METHOD	net/minecraft/world/level/block/Blocks	(Lnet/minecraft/world/item/DyeColor;Lnet/minecraft/world/level/block/state/BlockBehaviour$Properties;)Lnet/minecraft/world/level/block/ConcretePowderBlock;	lambda$static$279	method_1_4087
METHOD	net/minecraft/world/level/block/Blocks	(Lnet/minecraft/world/item/DyeColor;)Lnet/minecraft/world/level/block/state/BlockBehaviour$Properties;	lambda$static$280	method_1_4088
METHOD	net/minecraft/world/level/block/Blocks	(Lnet/minecraft/world/level/block/WeatheringCopper$WeatherState;Lnet/minecraft/world/level/block/state/BlockBehaviour$Properties;)Lnet/minecraft/world/level/block/LanternBlock;	lambda$static$306	method_1_4089
METHOD	net/minecraft/world/level/block/Blocks	(Lnet/minecraft/world/item/DyeColor;Lnet/minecraft/world/level/block/state/BlockBehaviour$Properties;)Lnet/minecraft/world/level/block/CandleBlock;	lambda$static$338	method_1_4090
METHOD	net/minecraft/world/level/block/Blocks	(Lnet/minecraft/world/item/DyeColor;)Lnet/minecraft/world/level/block/state/BlockBehaviour$Properties;	lambda$static$339	method_1_4091
METHOD	net/minecraft/world/level/block/Blocks	(Lnet/minecraft/world/item/DyeColor;Lnet/minecraft/world/level/block/state/BlockBehaviour$Properties;)Lnet/minecraft/world/level/block/CandleCakeBlock;	lambda$static$341	method_1_4092
METHOD	net/minecraft/world/level/block/Blocks	(Lnet/minecraft/world/item/DyeColor;)Lnet/minecraft/world/level/block/state/BlockBehaviour$Properties;	lambda$static$342	method_1_4093
METHOD	net/minecraft/world/level/block/Blocks	(Lnet/minecraft/world/level/block/state/BlockState;)I	lambda$static$354	method_1_4094
METHOD	net/minecraft/world/level/block/Blocks	(Lnet/minecraft/world/level/block/state/BlockState;)I	lambda$static$356	method_1_4095
METHOD	net/minecraft/world/level/block/Blocks	(Lnet/minecraft/world/level/block/WeatheringCopper$WeatherState;Ljava/lang/Boolean;)Ljava/lang/String;	lambda$static$357	method_1_4096
METHOD	net/minecraft/world/level/block/Blocks	(Lnet/minecraft/world/level/block/WeatheringCopper$WeatherState;Lnet/minecraft/world/level/block/state/BlockBehaviour$Properties;)Lnet/minecraft/world/level/block/Block;	lambda$static$358	method_1_4097
METHOD	net/minecraft/world/level/block/Blocks	(Lnet/minecraft/world/level/block/WeatheringCopper$WeatherState;)Lnet/minecraft/world/level/block/state/BlockBehaviour$Properties;	lambda$static$359	method_1_4098
METHOD	net/minecraft/world/level/block/Blocks	(Lnet/minecraft/world/level/block/state/BlockBehaviour$Properties;)Lnet/minecraft/world/level/block/Block;	lambda$static$360	method_1_4099
METHOD	net/minecraft/world/level/block/Blocks	(Lnet/minecraft/world/level/block/state/BlockBehaviour$Properties;)Lnet/minecraft/world/level/block/Block;	lambda$static$361	method_1_4100
METHOD	net/minecraft/world/level/block/Blocks	(Lnet/minecraft/world/level/block/WeatheringCopper$WeatherState;Lnet/minecraft/world/level/block/state/BlockBehaviour$Properties;)Lnet/minecraft/world/level/block/Block;	lambda$static$362	method_1_4101
METHOD	net/minecraft/world/level/block/Blocks	(Lnet/minecraft/world/level/block/WeatheringCopper$WeatherState;)Lnet/minecraft/world/level/block/state/BlockBehaviour$Properties;	lambda$static$363	method_1_4102
METHOD	net/minecraft/world/level/block/Blocks	(Lnet/minecraft/world/level/block/WeatheringCopper$WeatherState;Lnet/minecraft/world/level/block/state/BlockBehaviour$Properties;)Lnet/minecraft/world/level/block/Block;	lambda$static$364	method_1_4103
METHOD	net/minecraft/world/level/block/Blocks	(Lnet/minecraft/world/level/block/WeatheringCopper$WeatherState;)Lnet/minecraft/world/level/block/state/BlockBehaviour$Properties;	lambda$static$365	method_1_4104
METHOD	net/minecraft/world/level/block/Blocks	(Lnet/minecraft/world/level/block/WeatheringCopper$WeatherState;Lnet/minecraft/world/level/block/state/BlockBehaviour$Properties;)Lnet/minecraft/world/level/block/StairBlock;	lambda$static$366	method_1_4105
METHOD	net/minecraft/world/level/block/Blocks	(Lnet/minecraft/world/level/block/WeatheringCopper$WeatherState;Lnet/minecraft/world/level/block/state/BlockBehaviour$Properties;)Lnet/minecraft/world/level/block/WeatheringCopperStairBlock;	lambda$static$367	method_1_4106
METHOD	net/minecraft/world/level/block/Blocks	(Lnet/minecraft/world/level/block/WeatheringCopper$WeatherState;)Lnet/minecraft/world/level/block/state/BlockBehaviour$Properties;	lambda$static$368	method_1_4107
METHOD	net/minecraft/world/level/block/Blocks	(Lnet/minecraft/world/level/block/WeatheringCopper$WeatherState;Lnet/minecraft/world/level/block/state/BlockBehaviour$Properties;)Lnet/minecraft/world/level/block/SlabBlock;	lambda$static$369	method_1_4108
METHOD	net/minecraft/world/level/block/Blocks	(Lnet/minecraft/world/level/block/WeatheringCopper$WeatherState;)Lnet/minecraft/world/level/block/state/BlockBehaviour$Properties;	lambda$static$370	method_1_4109
METHOD	net/minecraft/world/level/block/Blocks	(Lnet/minecraft/world/level/block/WeatheringCopper$WeatherState;Lnet/minecraft/world/level/block/state/BlockBehaviour$Properties;)Lnet/minecraft/world/level/block/DoorBlock;	lambda$static$371	method_1_4110
METHOD	net/minecraft/world/level/block/Blocks	(Lnet/minecraft/world/level/block/WeatheringCopper$WeatherState;Lnet/minecraft/world/level/block/state/BlockBehaviour$Properties;)Lnet/minecraft/world/level/block/WeatheringCopperDoorBlock;	lambda$static$372	method_1_4111
METHOD	net/minecraft/world/level/block/Blocks	(Lnet/minecraft/world/level/block/WeatheringCopper$WeatherState;)Lnet/minecraft/world/level/block/state/BlockBehaviour$Properties;	lambda$static$373	method_1_4112
METHOD	net/minecraft/world/level/block/Blocks	(Lnet/minecraft/world/level/block/WeatheringCopper$WeatherState;Lnet/minecraft/world/level/block/state/BlockState;)Lnet/minecraft/world/level/material/MapColor;	lambda$static$374	method_1_4113
METHOD	net/minecraft/world/level/block/Blocks	(Lnet/minecraft/world/level/block/WeatheringCopper$WeatherState;Lnet/minecraft/world/level/block/state/BlockBehaviour$Properties;)Lnet/minecraft/world/level/block/TrapDoorBlock;	lambda$static$375	method_1_4114
METHOD	net/minecraft/world/level/block/Blocks	(Lnet/minecraft/world/level/block/WeatheringCopper$WeatherState;Lnet/minecraft/world/level/block/state/BlockBehaviour$Properties;)Lnet/minecraft/world/level/block/WeatheringCopperTrapDoorBlock;	lambda$static$376	method_1_4115
METHOD	net/minecraft/world/level/block/Blocks	(Lnet/minecraft/world/level/block/WeatheringCopper$WeatherState;)Lnet/minecraft/world/level/block/state/BlockBehaviour$Properties;	lambda$static$377	method_1_4116
METHOD	net/minecraft/world/level/block/Blocks	(Lnet/minecraft/world/level/block/WeatheringCopper$WeatherState;Lnet/minecraft/world/level/block/state/BlockState;)Lnet/minecraft/world/level/material/MapColor;	lambda$static$378	method_1_4117
METHOD	net/minecraft/world/level/block/Blocks	(Lnet/minecraft/world/level/block/WeatheringCopper$WeatherState;Lnet/minecraft/world/level/block/state/BlockBehaviour$Properties;)Lnet/minecraft/world/level/block/WaterloggedTransparentBlock;	lambda$static$379	method_1_4118
METHOD	net/minecraft/world/level/block/Blocks	(Lnet/minecraft/world/level/block/WeatheringCopper$WeatherState;)Lnet/minecraft/world/level/block/state/BlockBehaviour$Properties;	lambda$static$380	method_1_4119
METHOD	net/minecraft/world/level/block/Blocks	(Lnet/minecraft/world/level/block/WeatheringCopper$WeatherState;Lnet/minecraft/world/level/block/state/BlockState;)Lnet/minecraft/world/level/material/MapColor;	lambda$static$381	method_1_4120
METHOD	net/minecraft/world/level/block/Blocks	(Lnet/minecraft/world/level/block/WeatheringCopper$WeatherState;Lnet/minecraft/world/level/block/state/BlockBehaviour$Properties;)Lnet/minecraft/world/level/block/CopperBulbBlock;	lambda$static$382	method_1_4121
METHOD	net/minecraft/world/level/block/Blocks	(Lnet/minecraft/world/level/block/WeatheringCopper$WeatherState;)Lnet/minecraft/world/level/block/state/BlockBehaviour$Properties;	lambda$static$383	method_1_4122
METHOD	net/minecraft/world/level/block/Blocks	(Lnet/minecraft/world/level/block/WeatheringCopper$WeatherState;Lnet/minecraft/world/level/block/state/BlockState;)Lnet/minecraft/world/level/material/MapColor;	lambda$static$384	method_1_4123
METHOD	net/minecraft/world/level/block/Blocks	(Lnet/minecraft/world/level/block/WeatheringCopper$WeatherState;Lnet/minecraft/world/level/block/state/BlockBehaviour$Properties;)Lnet/minecraft/world/level/block/CopperChestBlock;	lambda$static$385	method_1_4124
METHOD	net/minecraft/world/level/block/Blocks	(Lnet/minecraft/world/level/block/WeatheringCopper$WeatherState;Lnet/minecraft/world/level/block/state/BlockBehaviour$Properties;)Lnet/minecraft/world/level/block/WeatheringCopperChestBlock;	lambda$static$386	method_1_4125
METHOD	net/minecraft/world/level/block/Blocks	(Lnet/minecraft/world/level/block/WeatheringCopper$WeatherState;)Lnet/minecraft/world/level/block/state/BlockBehaviour$Properties;	lambda$static$387	method_1_4126
METHOD	net/minecraft/world/level/block/Blocks	(Lnet/minecraft/world/level/block/WeatheringCopper$WeatherState;Lnet/minecraft/world/level/block/state/BlockState;)Lnet/minecraft/world/level/material/MapColor;	lambda$static$388	method_1_4127
METHOD	net/minecraft/world/level/block/Blocks	(Lnet/minecraft/world/level/block/WeatheringCopper$WeatherState;)Lnet/minecraft/world/level/block/state/BlockBehaviour$Properties;	lambda$static$389	method_1_4128
METHOD	net/minecraft/world/level/block/Blocks	(Lnet/minecraft/world/item/DyeColor;)Lnet/minecraft/world/level/block/state/BlockBehaviour$Properties;	lambda$static$39	method_1_4129
METHOD	net/minecraft/world/level/block/Blocks	(Lnet/minecraft/world/level/block/WeatheringCopper$WeatherState;Lnet/minecraft/world/level/block/state/BlockState;)Lnet/minecraft/world/level/material/MapColor;	lambda$static$390	method_1_4130
METHOD	net/minecraft/world/level/block/Blocks	(Lnet/minecraft/world/level/block/WeatheringCopper$WeatherState;Lnet/minecraft/world/level/block/state/BlockBehaviour$Properties;)Lnet/minecraft/world/level/block/LightningRodBlock;	lambda$static$391	method_1_4131
METHOD	net/minecraft/world/level/block/Blocks	(Lnet/minecraft/world/level/block/WeatheringCopper$WeatherState;)Lnet/minecraft/world/level/block/state/BlockBehaviour$Properties;	lambda$static$392	method_1_4132
METHOD	net/minecraft/world/level/block/Blocks	(Lnet/minecraft/world/level/block/WeatheringCopper$WeatherState;Lnet/minecraft/world/level/block/state/BlockState;)Lnet/minecraft/world/level/material/MapColor;	lambda$static$393	method_1_4133
METHOD	net/minecraft/world/level/block/Blocks	(Lnet/minecraft/world/item/DyeColor;Lnet/minecraft/world/level/block/state/BlockBehaviour$Properties;)Lnet/minecraft/world/level/block/Block;	lambda$static$43	method_1_4134
METHOD	net/minecraft/world/level/block/Blocks	(Lnet/minecraft/world/item/DyeColor;)Lnet/minecraft/world/level/block/state/BlockBehaviour$Properties;	lambda$static$44	method_1_4135
METHOD	net/minecraft/world/level/block/Blocks	(Ljava/lang/String;Lnet/minecraft/world/level/block/Block;)Lnet/minecraft/world/level/block/Block;	registerSlab	method_1_4136
METHOD	net/minecraft/world/level/block/Blocks	(Ljava/lang/String;Lnet/minecraft/world/level/block/Block;)Lnet/minecraft/world/level/block/Block;	registerWall	method_1_4137
FIELD	net/minecraft/world/level/block/Blocks$1	[I	$SwitchMap$net$minecraft$world$level$block$WeatheringCopper$WeatherState	field_1_3505
CLASS	com/mojang/blaze3d/platform/BlendFactor	class_1_683
FIELD	com/mojang/blaze3d/platform/BlendFactor	[Lcom/mojang/blaze3d/platform/BlendFactor;	$VALUES	field_1_3506
FIELD	com/mojang/blaze3d/platform/BlendFactor	Lcom/mojang/blaze3d/platform/BlendFactor;	CONSTANT_ALPHA	field_1_3507
FIELD	com/mojang/blaze3d/platform/BlendFactor	Lcom/mojang/blaze3d/platform/BlendFactor;	CONSTANT_COLOR	field_1_3508
FIELD	com/mojang/blaze3d/platform/BlendFactor	Lcom/mojang/blaze3d/platform/BlendFactor;	DST_ALPHA	field_1_3509
FIELD	com/mojang/blaze3d/platform/BlendFactor	Lcom/mojang/blaze3d/platform/BlendFactor;	DST_COLOR	field_1_3510
FIELD	com/mojang/blaze3d/platform/BlendFactor	Lcom/mojang/blaze3d/platform/BlendFactor;	ONE	field_1_3511
FIELD	com/mojang/blaze3d/platform/BlendFactor	Lcom/mojang/blaze3d/platform/BlendFactor;	ONE_MINUS_CONSTANT_ALPHA	field_1_3512
FIELD	com/mojang/blaze3d/platform/BlendFactor	Lcom/mojang/blaze3d/platform/BlendFactor;	ONE_MINUS_CONSTANT_COLOR	field_1_3513
FIELD	com/mojang/blaze3d/platform/BlendFactor	Lcom/mojang/blaze3d/platform/BlendFactor;	ONE_MINUS_DST_ALPHA	field_1_3514
FIELD	com/mojang/blaze3d/platform/BlendFactor	Lcom/mojang/blaze3d/platform/BlendFactor;	ONE_MINUS_DST_COLOR	field_1_3515
FIELD	com/mojang/blaze3d/platform/BlendFactor	Lcom/mojang/blaze3d/platform/BlendFactor;	ONE_MINUS_SRC_ALPHA	field_1_3516
FIELD	com/mojang/blaze3d/platform/BlendFactor	Lcom/mojang/blaze3d/platform/BlendFactor;	ONE_MINUS_SRC_COLOR	field_1_3517
FIELD	com/mojang/blaze3d/platform/BlendFactor	Lcom/mojang/blaze3d/platform/BlendFactor;	SRC_ALPHA	field_1_3518
FIELD	com/mojang/blaze3d/platform/BlendFactor	Lcom/mojang/blaze3d/platform/BlendFactor;	SRC_ALPHA_SATURATE	field_1_3519
FIELD	com/mojang/blaze3d/platform/BlendFactor	Lcom/mojang/blaze3d/platform/BlendFactor;	SRC_COLOR	field_1_3520
FIELD	com/mojang/blaze3d/platform/BlendFactor	Lcom/mojang/blaze3d/platform/BlendFactor;	ZERO	field_1_3521
METHOD	com/mojang/blaze3d/platform/BlendFactor	()[Lcom/mojang/blaze3d/platform/BlendFactor;	$values	method_1_4138
CLASS	com/mojang/blaze3d/systems/DeviceLimits	class_1_684
FIELD	com/mojang/blaze3d/systems/DeviceLimits	I	maxAnisotropy	comp_1_494
FIELD	com/mojang/blaze3d/systems/DeviceLimits	I	maxTextureSize	comp_1_495
FIELD	com/mojang/blaze3d/systems/DeviceLimits	I	minUniformOffsetAlignment	comp_1_496
CLASS	com/mojang/blaze3d/systems/GpuQueryPool	class_1_685
METHOD	com/mojang/blaze3d/systems/GpuQueryPool	(I)Ljava/util/OptionalLong;	getValue	method_1_4139
METHOD	com/mojang/blaze3d/systems/GpuQueryPool	(II)[Ljava/util/OptionalLong;	getValues	method_1_4140
METHOD	com/mojang/blaze3d/systems/GpuQueryPool	()I	size	method_1_4141
METHOD	com/mojang/blaze3d/vertex/BufferBuilder	(JFFF)V	putNormals	method_1_4142
METHOD	com/mojang/blaze3d/vertex/BufferBuilder	(JFFF)V	putVec3f	method_1_4143
CLASS	com/mojang/blaze3d/vertex/StagingBuffer	class_1_686
FIELD	com/mojang/blaze3d/vertex/StagingBuffer	I	nextWriteOffset	field_1_3522
FIELD	com/mojang/blaze3d/vertex/StagingBuffer	I	usedBufferCount	field_1_3523
METHOD	com/mojang/blaze3d/vertex/StagingBuffer	(Ljava/lang/String;Lcom/mojang/blaze3d/systems/GpuDevice;ILcom/mojang/blaze3d/GraphicsWorkarounds;)Lcom/mojang/blaze3d/vertex/StagingBuffer;	create	method_1_4144
METHOD	com/mojang/blaze3d/vertex/StagingBuffer	(Lcom/mojang/blaze3d/systems/CommandEncoder;)Lcom/mojang/blaze3d/vertex/StagingBuffer$Uploader;	startUploading	method_1_4145
METHOD	com/mojang/blaze3d/vertex/StagingBuffer	(Ljava/nio/ByteBuffer;)Lcom/mojang/blaze3d/vertex/StagingBuffer$BufferHandle;	tryAppend	method_1_4146
METHOD	com/mojang/blaze3d/vertex/StagingBuffer	(Lcom/mojang/blaze3d/systems/CommandEncoder;)V	tryClearAndRotate	method_1_4147
CLASS	com/mojang/blaze3d/vertex/StagingBuffer$BufferHandle	class_1_687
FIELD	com/mojang/blaze3d/vertex/StagingBuffer$BufferHandle	Z	closed	field_1_3524
FIELD	com/mojang/blaze3d/vertex/StagingBuffer$BufferHandle	I	offset	field_1_3525
FIELD	com/mojang/blaze3d/vertex/StagingBuffer$BufferHandle	I	size	field_1_3526
FIELD	com/mojang/blaze3d/vertex/StagingBuffer$BufferHandle	Lcom/mojang/blaze3d/vertex/StagingBuffer;	this$0	field_1_3527
METHOD	com/mojang/blaze3d/vertex/StagingBuffer$BufferHandle	(Lcom/mojang/blaze3d/vertex/StagingBuffer;)V	checkValidFor	method_1_4148
METHOD	com/mojang/blaze3d/vertex/StagingBuffer$BufferHandle	()J	size	method_1_4149
CLASS	com/mojang/blaze3d/vertex/StagingBuffer$Uploader	class_1_688
FIELD	com/mojang/blaze3d/vertex/StagingBuffer$Uploader	Lcom/mojang/blaze3d/systems/CommandEncoder;	encoder	field_1_3528
FIELD	com/mojang/blaze3d/vertex/StagingBuffer$Uploader	Lcom/mojang/blaze3d/vertex/StagingBuffer;	this$0	field_1_3529
METHOD	com/mojang/blaze3d/vertex/StagingBuffer$Uploader	(Lcom/mojang/blaze3d/vertex/StagingBuffer;)V	checkValidFor	method_1_4150
METHOD	com/mojang/blaze3d/vertex/StagingBuffer$Uploader	(Lcom/mojang/blaze3d/vertex/StagingBuffer$BufferHandle;Lcom/mojang/blaze3d/buffers/GpuBuffer;J)V	copyTo	method_1_4151
FIELD	com/mojang/blaze3d/vertex/UberGpuBuffer	I	bufferUsage	field_1_3530
FIELD	com/mojang/blaze3d/vertex/UberGpuBuffer	I	heapSize	field_1_3531
METHOD	com/mojang/blaze3d/vertex/UberGpuBuffer	(Ljava/lang/Object;Lcom/mojang/blaze3d/vertex/UberGpuBuffer$UploadCallback;Ljava/nio/ByteBuffer;)Z	addAllocation	method_1_4152
METHOD	com/mojang/blaze3d/vertex/UberGpuBuffer	(Ljava/lang/Object;Lcom/mojang/blaze3d/vertex/UberGpuBuffer$StagedAllocationEntry;)V	runCallbackUnchecked	method_1_4153
FIELD	com/mojang/blaze3d/vertex/UberGpuBuffer$StagedAllocationEntry	Lcom/mojang/blaze3d/vertex/StagingBuffer$BufferHandle;	buffer	comp_1_497
field_1_1771 is now comp_1_498
CLASS	com/mojang/blaze3d/vulkan/VulkanBackend	class_1_689
FIELD	com/mojang/blaze3d/vulkan/VulkanBackend	Z	$assertionsDisabled	field_1_3532
FIELD	com/mojang/blaze3d/vulkan/VulkanBackend	Lcom/mojang/blaze3d/vulkan/init/VulkanPNextStruct;	DYNAMIC_RENDERING_FEATURES_STURCT	field_1_3533
FIELD	com/mojang/blaze3d/vulkan/VulkanBackend	Lorg/slf4j/Logger;	LOGGER	field_1_3534
FIELD	com/mojang/blaze3d/vulkan/VulkanBackend	Ljava/util/Set;	REQUIRED_DEVICE_EXTENSIONS	field_1_3535
FIELD	com/mojang/blaze3d/vulkan/VulkanBackend	Ljava/util/Set;	REQUIRED_DEVICE_FEATURES	field_1_3536
FIELD	com/mojang/blaze3d/vulkan/VulkanBackend	Lcom/mojang/blaze3d/vulkan/init/VulkanPNextStruct;	SYNC2_FEATURES_STRUCT	field_1_3537
FIELD	com/mojang/blaze3d/vulkan/VulkanBackend	Lcom/mojang/blaze3d/vulkan/init/VulkanPNextStruct;	VK10_FEATURES_STRUCT	field_1_3538
FIELD	com/mojang/blaze3d/vulkan/VulkanBackend	Lcom/mojang/blaze3d/vulkan/init/VulkanPNextStruct;	VK12_FEATURES_STRUCT	field_1_3539
METHOD	com/mojang/blaze3d/vulkan/VulkanBackend	(Ljava/util/Collection;Lcom/mojang/blaze3d/vulkan/VulkanPhysicalDevice;)Lorg/lwjgl/vulkan/VkDevice;	createDevice	method_1_4154
METHOD	com/mojang/blaze3d/vulkan/VulkanBackend	(Lorg/lwjgl/vulkan/VkDevice;)J	createVma	method_1_4155
METHOD	com/mojang/blaze3d/vulkan/VulkanBackend	(Lcom/mojang/blaze3d/vulkan/VulkanInstance;)Lcom/mojang/blaze3d/vulkan/VulkanPhysicalDevice;	findPhysicalDevice	method_1_4156
METHOD	com/mojang/blaze3d/vulkan/VulkanBackend	(Lorg/lwjgl/vulkan/VkPhysicalDevice;)Ljava/lang/String;	getDeviceName	method_1_4157
METHOD	com/mojang/blaze3d/vulkan/VulkanBackend	(Lorg/lwjgl/vulkan/VkPhysicalDevice;)Z	isDeviceDiscrete	method_1_4158
METHOD	com/mojang/blaze3d/vulkan/VulkanBackend	(Lorg/lwjgl/vulkan/VkPhysicalDevice;)Z	isDeviceSuitable	method_1_4159
METHOD	com/mojang/blaze3d/vulkan/VulkanBackend	(Lorg/lwjgl/vulkan/VkPhysicalDevice;)V	throwForMissingRequrements	method_1_4160
CLASS	com/mojang/blaze3d/vulkan/glsl/SpvcUtil	class_1_690
METHOD	com/mojang/blaze3d/vulkan/glsl/SpvcUtil	(I)Ljava/lang/String;	imageDimensionToString	method_1_4161
METHOD	net/minecraft/util/BoundedFloatFunction	(F)Lnet/minecraft/util/BoundedFloatFunction;	constant	method_1_4162
comp_533 is now method_1_4163
comp_532 is now method_1_4164
FIELD	net/minecraft/util/BoundedFloatFunction$1	F	val$value	field_1_3540
FIELD	net/minecraft/world/entity/LivingEntity	F	BASE_AIR_DRAG	field_1_3541
FIELD	net/minecraft/world/entity/LivingEntity	F	BASE_VERTICAL_DRAG_FOR_NON_FLYERS	field_1_3542
METHOD	net/minecraft/world/entity/LivingEntity	(FF)F	computeModifiedFriction	method_1_4165
METHOD	net/minecraft/world/entity/LivingEntity	()V	handleKillingBlow	method_1_4166
FIELD	com/mojang/blaze3d/opengl/GlStateManager$BlendState	I	modeAlpha	field_1_3543
FIELD	com/mojang/blaze3d/opengl/GlStateManager$BlendState	I	modeRgb	field_1_3544
CLASS	com/mojang/blaze3d/vulkan/VulkanInstance	class_1_691
FIELD	com/mojang/blaze3d/vulkan/VulkanInstance	Ljava/lang/String;	APPLICATION_NAME	field_1_3545
FIELD	com/mojang/blaze3d/vulkan/VulkanInstance	I	APPLICATION_VERSION	field_1_3546
FIELD	com/mojang/blaze3d/vulkan/VulkanInstance	Ljava/lang/String;	ENGINE_NAME	field_1_3547
FIELD	com/mojang/blaze3d/vulkan/VulkanInstance	I	ENGINE_VERSION	field_1_3548
FIELD	com/mojang/blaze3d/vulkan/VulkanInstance	Lorg/slf4j/Logger;	LOGGER	field_1_3549
FIELD	com/mojang/blaze3d/vulkan/VulkanInstance	Lcom/mojang/blaze3d/vulkan/VulkanDebug;	debug	field_1_3550
FIELD	com/mojang/blaze3d/vulkan/VulkanInstance	Ljava/util/Set;	enabledExtensions	field_1_3551
FIELD	com/mojang/blaze3d/vulkan/VulkanInstance	Lorg/lwjgl/vulkan/VkInstance;	vkInstance	field_1_3552
METHOD	com/mojang/blaze3d/vulkan/VulkanInstance	()V	close	method_1_4167
METHOD	com/mojang/blaze3d/vulkan/VulkanInstance	()Lcom/mojang/blaze3d/vulkan/VulkanDebug;	debug	method_1_4168
METHOD	com/mojang/blaze3d/vulkan/VulkanInstance	()Ljava/util/Set;	getEnabledExtensions	method_1_4169
METHOD	com/mojang/blaze3d/vulkan/VulkanInstance	()Ljava/util/Set;	getSupportedInstanceExtensions	method_1_4170
METHOD	com/mojang/blaze3d/vulkan/VulkanInstance	()Ljava/util/List;	getSupportedValidationLayers	method_1_4171
METHOD	com/mojang/blaze3d/vulkan/VulkanInstance	()Lorg/lwjgl/vulkan/VkInstance;	vkInstance	method_1_4172
METHOD	com/mojang/realmsclient/RealmsMainScreen	(Lcom/mojang/realmsclient/RealmsMainScreen;)Lnet/minecraft/client/Minecraft;	access$2100	method_1_4173
FIELD	net/minecraft/core/registries/Registries	Lnet/minecraft/resources/ResourceKey;	SULFUR_CUBE_ARCHETYPE	field_1_3553
CLASS	net/minecraft/util/datafix/schemas/V4881	class_1_692
CLASS	com/mojang/blaze3d/pipeline/BlendEquation	class_1_693
FIELD	com/mojang/blaze3d/pipeline/BlendEquation	Lcom/mojang/blaze3d/platform/BlendFactor;	destFactor	comp_1_499
FIELD	com/mojang/blaze3d/pipeline/BlendEquation	Lcom/mojang/blaze3d/platform/BlendOp;	op	comp_1_500
FIELD	com/mojang/blaze3d/pipeline/BlendEquation	Lcom/mojang/blaze3d/platform/BlendFactor;	sourceFactor	comp_1_501
CLASS	com/mojang/blaze3d/vulkan/VulkanGpuBuffer	class_1_694
FIELD	com/mojang/blaze3d/vulkan/VulkanGpuBuffer	Z	closed	field_1_3554
FIELD	com/mojang/blaze3d/vulkan/VulkanGpuBuffer	Lcom/mojang/blaze3d/vulkan/VulkanDevice;	device	field_1_3555
FIELD	com/mojang/blaze3d/vulkan/VulkanGpuBuffer	J	vkBuffer	field_1_3556
FIELD	com/mojang/blaze3d/vulkan/VulkanGpuBuffer	J	vmaAllocation	field_1_3557
METHOD	com/mojang/blaze3d/vulkan/VulkanGpuBuffer	(JJ)Lcom/mojang/blaze3d/buffers/GpuBuffer$MappedView;	map	method_1_4174
METHOD	com/mojang/blaze3d/vulkan/VulkanGpuBuffer	()J	vkBuffer	method_1_4175
CLASS	com/mojang/blaze3d/vulkan/VulkanGpuBuffer$VkMappedView	class_1_695
FIELD	com/mojang/blaze3d/vulkan/VulkanGpuBuffer$VkMappedView	Z	closed	field_1_3558
FIELD	com/mojang/blaze3d/vulkan/VulkanGpuBuffer$VkMappedView	Ljava/nio/ByteBuffer;	data	field_1_3559
FIELD	com/mojang/blaze3d/vulkan/VulkanGpuBuffer$VkMappedView	Lcom/mojang/blaze3d/vulkan/VulkanGpuBuffer;	this$0	field_1_3560
CLASS	com/mojang/blaze3d/vulkan/VulkanQueryPool	class_1_696
FIELD	com/mojang/blaze3d/vulkan/VulkanQueryPool	Lcom/mojang/blaze3d/vulkan/VulkanDevice;	device	field_1_3561
FIELD	com/mojang/blaze3d/vulkan/VulkanQueryPool	I	size	field_1_3562
FIELD	com/mojang/blaze3d/vulkan/VulkanQueryPool	J	vkQueryPool	field_1_3563
METHOD	com/mojang/blaze3d/vulkan/VulkanQueryPool	()J	vkQueryPool	method_1_4176
CLASS	com/mojang/blaze3d/vulkan/glsl/SpvSampler	class_1_697
FIELD	com/mojang/blaze3d/vulkan/glsl/SpvSampler	I	bindingOffset	comp_1_502
FIELD	com/mojang/blaze3d/vulkan/glsl/SpvSampler	I	dimensions	comp_1_503
FIELD	com/mojang/blaze3d/vulkan/glsl/SpvSampler	Ljava/lang/String;	name	comp_1_504
CLASS	net/minecraft/client/PreferredGraphicsApi	class_1_698
FIELD	net/minecraft/client/PreferredGraphicsApi	[Lnet/minecraft/client/PreferredGraphicsApi;	$VALUES	field_1_3564
FIELD	net/minecraft/client/PreferredGraphicsApi	Lcom/mojang/serialization/Codec;	CODEC	field_1_3565
FIELD	net/minecraft/client/PreferredGraphicsApi	Lnet/minecraft/client/PreferredGraphicsApi;	DEFAULT	field_1_3566
FIELD	net/minecraft/client/PreferredGraphicsApi	Lnet/minecraft/client/PreferredGraphicsApi;	OPENGL	field_1_3567
FIELD	net/minecraft/client/PreferredGraphicsApi	Lnet/minecraft/client/PreferredGraphicsApi;	VULKAN	field_1_3568
FIELD	net/minecraft/client/PreferredGraphicsApi	Lnet/minecraft/network/chat/Component;	key	field_1_3569
FIELD	net/minecraft/client/PreferredGraphicsApi	Ljava/lang/String;	serializedName	field_1_3570
METHOD	net/minecraft/client/PreferredGraphicsApi	()[Lnet/minecraft/client/PreferredGraphicsApi;	$values	method_1_4177
METHOD	net/minecraft/client/PreferredGraphicsApi	()Lnet/minecraft/network/chat/Component;	caption	method_1_4178
METHOD	net/minecraft/client/PreferredGraphicsApi	()[Lcom/mojang/blaze3d/systems/GpuBackend;	getBackendsToTry	method_1_4179
METHOD	net/minecraft/client/model/AnimationUtils	(Lnet/minecraft/client/model/geom/ModelPart;Lnet/minecraft/client/model/geom/ModelPart;FZF)V	animateAttackArms	method_1_4180
METHOD	net/minecraft/world/entity/animal/bee/Bee	()Z	isFlying	method_1_4181
METHOD	net/minecraft/world/item/CreativeModeTabs	(Lnet/minecraft/world/item/CreativeModeTab$Output;Lnet/minecraft/world/item/DyeColor;)V	lambda$bootstrap$10	method_1_4182
METHOD	net/minecraft/world/item/CreativeModeTabs	(Lnet/minecraft/world/item/CreativeModeTab$Output;Lnet/minecraft/world/item/DyeColor;)V	lambda$bootstrap$11	method_1_4183
METHOD	net/minecraft/world/item/CreativeModeTabs	(Lnet/minecraft/world/item/CreativeModeTab$Output;Lnet/minecraft/world/item/DyeColor;)V	lambda$bootstrap$12	method_1_4184
METHOD	net/minecraft/world/item/CreativeModeTabs	(Lnet/minecraft/world/item/CreativeModeTab$Output;Lnet/minecraft/world/item/DyeColor;)V	lambda$bootstrap$13	method_1_4185
METHOD	net/minecraft/world/item/CreativeModeTabs	(Lnet/minecraft/world/item/CreativeModeTab$Output;Lnet/minecraft/world/item/DyeColor;)V	lambda$bootstrap$14	method_1_4186
METHOD	net/minecraft/world/item/CreativeModeTabs	(Lnet/minecraft/world/item/CreativeModeTab$Output;Lnet/minecraft/world/item/DyeColor;)V	lambda$bootstrap$15	method_1_4187
METHOD	net/minecraft/world/item/CreativeModeTabs	(Lnet/minecraft/world/level/block/WeatheringCopper$WeatherState;Ljava/lang/Boolean;)Z	lambda$bootstrap$24	method_1_4188
METHOD	net/minecraft/world/item/CreativeModeTabs	(Ljava/util/List;Lnet/minecraft/world/item/CreativeModeTab$ItemDisplayParameters;Lnet/minecraft/world/item/CreativeModeTab$Output;)V	lambda$bootstrap$3	method_1_4189
METHOD	net/minecraft/world/item/CreativeModeTabs	(Lnet/minecraft/world/item/CreativeModeTab$Output;Lnet/minecraft/world/item/Item;)V	lambda$bootstrap$39	method_1_4190
METHOD	net/minecraft/world/item/CreativeModeTabs	(Lnet/minecraft/world/item/CreativeModeTab$Output;Lnet/minecraft/world/item/DyeColor;)V	lambda$bootstrap$4	method_1_4191
METHOD	net/minecraft/world/item/CreativeModeTabs	(Lnet/minecraft/world/item/CreativeModeTab$Output;Lnet/minecraft/world/item/DyeColor;)V	lambda$bootstrap$5	method_1_4192
METHOD	net/minecraft/world/item/CreativeModeTabs	(Lnet/minecraft/world/item/CreativeModeTab$Output;Lnet/minecraft/world/item/DyeColor;)V	lambda$bootstrap$6	method_1_4193
METHOD	net/minecraft/world/item/CreativeModeTabs	(Lnet/minecraft/world/item/CreativeModeTab$Output;Lnet/minecraft/world/item/DyeColor;)V	lambda$bootstrap$7	method_1_4194
METHOD	net/minecraft/world/item/CreativeModeTabs	(Lnet/minecraft/world/item/CreativeModeTab$Output;Lnet/minecraft/world/item/DyeColor;)V	lambda$bootstrap$8	method_1_4195
METHOD	net/minecraft/world/item/CreativeModeTabs	(Lnet/minecraft/world/item/CreativeModeTab$Output;Lnet/minecraft/world/item/DyeColor;)V	lambda$bootstrap$9	method_1_4196
METHOD	net/minecraft/world/level/block/FireBlock	(Lnet/minecraft/world/level/block/FireBlock;Lnet/minecraft/world/level/block/Block;)V	lambda$bootStrap$0	method_1_4197
METHOD	net/minecraft/world/level/block/FireBlock	(Lnet/minecraft/world/level/block/FireBlock;Lnet/minecraft/world/level/block/Block;)V	lambda$bootStrap$1	method_1_4198
FIELD	net/minecraft/world/level/block/SoundType	Lnet/minecraft/world/level/block/SoundType;	CINNABAR	field_1_3571
FIELD	net/minecraft/world/level/block/SoundType	Lnet/minecraft/world/level/block/SoundType;	POTENT_SULFUR	field_1_3572
FIELD	net/minecraft/world/level/block/SoundType	Lnet/minecraft/world/level/block/SoundType;	SULFUR	field_1_3573
FIELD	net/minecraft/world/level/levelgen/Noises	Lnet/minecraft/resources/ResourceKey;	SULFUR_CAVE_GRADIENT	field_1_3574
FIELD	com/mojang/blaze3d/shaders/GpuDebugOptions	Z	useValidationLayers	comp_1_505
CLASS	com/mojang/blaze3d/vulkan/DestructionQueue	class_1_699
FIELD	com/mojang/blaze3d/vulkan/DestructionQueue	I	currentDestructionQueueIndex	field_1_3575
FIELD	com/mojang/blaze3d/vulkan/DestructionQueue	Lcom/mojang/blaze3d/vulkan/DestructionQueue$Destroyer;	destroyCallback	field_1_3576
FIELD	com/mojang/blaze3d/vulkan/DestructionQueue	Lit/unimi/dsi/fastutil/objects/ReferenceList;	destructionQueues	field_1_3577
METHOD	com/mojang/blaze3d/vulkan/DestructionQueue	(Ljava/lang/Object;)V	add	method_1_4199
METHOD	com/mojang/blaze3d/vulkan/DestructionQueue	()Z	rotate	method_1_4200
CLASS	com/mojang/blaze3d/vulkan/DestructionQueue$Destroyer	class_1_700
METHOD	com/mojang/blaze3d/vulkan/DestructionQueue$Destroyer	(I)V	begin	method_1_4201
METHOD	com/mojang/blaze3d/vulkan/DestructionQueue$Destroyer	(Ljava/lang/Object;)V	destroy	method_1_4202
METHOD	com/mojang/blaze3d/vulkan/DestructionQueue$Destroyer	()V	end	method_1_4203
CLASS	com/mojang/blaze3d/vulkan/VulkanGpuSampler	class_1_701
FIELD	com/mojang/blaze3d/vulkan/VulkanGpuSampler	Lcom/mojang/blaze3d/textures/AddressMode;	addressModeU	field_1_3578
FIELD	com/mojang/blaze3d/vulkan/VulkanGpuSampler	Lcom/mojang/blaze3d/textures/AddressMode;	addressModeV	field_1_3579
FIELD	com/mojang/blaze3d/vulkan/VulkanGpuSampler	Z	closed	field_1_3580
FIELD	com/mojang/blaze3d/vulkan/VulkanGpuSampler	Lcom/mojang/blaze3d/vulkan/VulkanDevice;	device	field_1_3581
FIELD	com/mojang/blaze3d/vulkan/VulkanGpuSampler	Lcom/mojang/blaze3d/textures/FilterMode;	magFilter	field_1_3582
FIELD	com/mojang/blaze3d/vulkan/VulkanGpuSampler	I	maxAnisotropy	field_1_3583
FIELD	com/mojang/blaze3d/vulkan/VulkanGpuSampler	Ljava/util/OptionalDouble;	maxLod	field_1_3584
FIELD	com/mojang/blaze3d/vulkan/VulkanGpuSampler	Lcom/mojang/blaze3d/textures/FilterMode;	minFilter	field_1_3585
FIELD	com/mojang/blaze3d/vulkan/VulkanGpuSampler	J	vkSampler	field_1_3586
METHOD	com/mojang/blaze3d/vulkan/VulkanGpuSampler	()J	vkSampler	method_1_4204
CLASS	com/mojang/blaze3d/vulkan/VulkanGpuSurface	class_1_702
FIELD	com/mojang/blaze3d/vulkan/VulkanGpuSurface	Z	$assertionsDisabled	field_1_3587
FIELD	com/mojang/blaze3d/vulkan/VulkanGpuSurface	[I	NOSYNC_PRESENT_MODE	field_1_3588
FIELD	com/mojang/blaze3d/vulkan/VulkanGpuSurface	I	NO_CURRENT_IMAGE	field_1_3589
FIELD	com/mojang/blaze3d/vulkan/VulkanGpuSurface	[I	VSYNC_PRESENT_MODE_ORDER	field_1_3590
FIELD	com/mojang/blaze3d/vulkan/VulkanGpuSurface	[J	acquireSemaphores	field_1_3591
FIELD	com/mojang/blaze3d/vulkan/VulkanGpuSurface	I	currentAcquireSemaphore	field_1_3592
FIELD	com/mojang/blaze3d/vulkan/VulkanGpuSurface	I	currentImageIndex	field_1_3593
FIELD	com/mojang/blaze3d/vulkan/VulkanGpuSurface	Lcom/mojang/blaze3d/vulkan/VulkanDevice;	device	field_1_3594
FIELD	com/mojang/blaze3d/vulkan/VulkanGpuSurface	Lcom/mojang/blaze3d/systems/SurfaceException;	eatenException	field_1_3595
FIELD	com/mojang/blaze3d/vulkan/VulkanGpuSurface	I	nosyncPresentMode	field_1_3596
FIELD	com/mojang/blaze3d/vulkan/VulkanGpuSurface	Lorg/lwjgl/vulkan/VkQueue;	presentQueue	field_1_3597
FIELD	com/mojang/blaze3d/vulkan/VulkanGpuSurface	[J	presentSemaphores	field_1_3598
FIELD	com/mojang/blaze3d/vulkan/VulkanGpuSurface	J	surface	field_1_3599
FIELD	com/mojang/blaze3d/vulkan/VulkanGpuSurface	I	swapchainHeight	field_1_3600
FIELD	com/mojang/blaze3d/vulkan/VulkanGpuSurface	I	swapchainImageFormat	field_1_3601
FIELD	com/mojang/blaze3d/vulkan/VulkanGpuSurface	Lit/unimi/dsi/fastutil/longs/LongList;	swapchainImages	field_1_3602
FIELD	com/mojang/blaze3d/vulkan/VulkanGpuSurface	J	swapchain	field_1_3603
FIELD	com/mojang/blaze3d/vulkan/VulkanGpuSurface	Z	swapchainOutOfDate	field_1_3604
FIELD	com/mojang/blaze3d/vulkan/VulkanGpuSurface	Z	swapchainSuboptimal	field_1_3605
FIELD	com/mojang/blaze3d/vulkan/VulkanGpuSurface	I	swapchainWidth	field_1_3606
FIELD	com/mojang/blaze3d/vulkan/VulkanGpuSurface	I	vsyncPresentMode	field_1_3607
METHOD	com/mojang/blaze3d/vulkan/VulkanGpuSurface	()V	destroySwapchain	method_1_4205
METHOD	com/mojang/blaze3d/vulkan/VulkanGpuSurface	([ILjava/nio/IntBuffer;)I	pickSwapchainPresentMode	method_1_4206
METHOD	com/mojang/blaze3d/vulkan/VulkanGpuSurface	(Lorg/lwjgl/vulkan/VkSurfaceFormatKHR$Buffer;)Lorg/lwjgl/vulkan/VkSurfaceFormatKHR;	pickSwapchainSurfaceFormat	method_1_4207
METHOD	com/mojang/blaze3d/vulkan/VulkanGpuSurface	(ILjava/lang/String;)V	throwIfFailure	method_1_4208
CLASS	com/mojang/blaze3d/vulkan/VulkanGpuTexture	class_1_703
FIELD	com/mojang/blaze3d/vulkan/VulkanGpuTexture	Z	closed	field_1_3608
FIELD	com/mojang/blaze3d/vulkan/VulkanGpuTexture	Lcom/mojang/blaze3d/vulkan/VulkanDevice;	device	field_1_3609
FIELD	com/mojang/blaze3d/vulkan/VulkanGpuTexture	I	views	field_1_3610
FIELD	com/mojang/blaze3d/vulkan/VulkanGpuTexture	J	vkImage	field_1_3611
FIELD	com/mojang/blaze3d/vulkan/VulkanGpuTexture	J	vmaAllocation	field_1_3612
METHOD	com/mojang/blaze3d/vulkan/VulkanGpuTexture	()V	addViews	method_1_4209
METHOD	com/mojang/blaze3d/vulkan/VulkanGpuTexture	()V	removeViews	method_1_4210
METHOD	com/mojang/blaze3d/vulkan/VulkanGpuTexture	()J	vkImage	method_1_4211
CLASS	com/mojang/blaze3d/vulkan/VulkanRenderPass	class_1_704
FIELD	com/mojang/blaze3d/vulkan/VulkanRenderPass	Z	$assertionsDisabled	field_1_3613
FIELD	com/mojang/blaze3d/vulkan/VulkanRenderPass	Z	VALIDATION	field_1_3614
FIELD	com/mojang/blaze3d/vulkan/VulkanRenderPass	Z	anyDescriptorDirty	field_1_3615
FIELD	com/mojang/blaze3d/vulkan/VulkanRenderPass	Lorg/lwjgl/vulkan/VkCommandBuffer;	currentSecondaryCommandBuffer	field_1_3616
FIELD	com/mojang/blaze3d/vulkan/VulkanRenderPass	Lcom/mojang/blaze3d/vulkan/VulkanDevice;	device	field_1_3617
FIELD	com/mojang/blaze3d/vulkan/VulkanRenderPass	Ljava/util/function/Consumer;	garbageQueue	field_1_3618
FIELD	com/mojang/blaze3d/vulkan/VulkanRenderPass	Z	hasDepth	field_1_3619
FIELD	com/mojang/blaze3d/vulkan/VulkanRenderPass	I	outputHeight	field_1_3620
FIELD	com/mojang/blaze3d/vulkan/VulkanRenderPass	I	outputWidth	field_1_3621
FIELD	com/mojang/blaze3d/vulkan/VulkanRenderPass	Lcom/mojang/blaze3d/vulkan/VulkanRenderPipeline;	pipeline	field_1_3622
FIELD	com/mojang/blaze3d/vulkan/VulkanRenderPass	Lorg/lwjgl/vulkan/VkCommandBuffer;	primaryCommandBuffer	field_1_3623
FIELD	com/mojang/blaze3d/vulkan/VulkanRenderPass	I	pushedDebugGroups	field_1_3624
FIELD	com/mojang/blaze3d/vulkan/VulkanRenderPass	Ljava/util/function/Supplier;	secondaryCommandBufferSupplier	field_1_3625
FIELD	com/mojang/blaze3d/vulkan/VulkanRenderPass	Ljava/util/HashMap;	textures	field_1_3626
FIELD	com/mojang/blaze3d/vulkan/VulkanRenderPass	Ljava/util/HashMap;	uniforms	field_1_3627
METHOD	com/mojang/blaze3d/vulkan/VulkanRenderPass	()Lorg/lwjgl/vulkan/VkCommandBuffer;	allocateTransientRenderpassCommandBuffer	method_1_4212
METHOD	com/mojang/blaze3d/vulkan/VulkanRenderPass	()V	end	method_1_4213
METHOD	com/mojang/blaze3d/vulkan/VulkanRenderPass	()V	endSecondaryCommandBuffer	method_1_4214
METHOD	com/mojang/blaze3d/vulkan/VulkanRenderPass	(Lorg/lwjgl/vulkan/VkCommandBuffer;)V	executeCommandBuffer	method_1_4215
METHOD	com/mojang/blaze3d/vulkan/VulkanRenderPass	(J)V	lambda$pushDescriptors$0	method_1_4216
METHOD	com/mojang/blaze3d/vulkan/VulkanRenderPass	()V	pushDescriptors	method_1_4217
METHOD	com/mojang/blaze3d/vulkan/VulkanRenderPass	()Lorg/lwjgl/vulkan/VkCommandBuffer;	secondaryCommandBuffer	method_1_4218
FIELD	com/mojang/blaze3d/vulkan/VulkanRenderPass$1	[I	$SwitchMap$com$mojang$blaze3d$vertex$VertexFormat$IndexType	field_1_3628
CLASS	com/mojang/blaze3d/vulkan/VulkanRenderPass$TextureViewAndSampler	class_1_705
FIELD	com/mojang/blaze3d/vulkan/VulkanRenderPass$TextureViewAndSampler	Lcom/mojang/blaze3d/vulkan/VulkanGpuSampler;	sampler	comp_1_506
FIELD	com/mojang/blaze3d/vulkan/VulkanRenderPass$TextureViewAndSampler	Lcom/mojang/blaze3d/vulkan/VulkanGpuTextureView;	view	comp_1_507
CLASS	com/mojang/blaze3d/vulkan/glsl/SpvVariable	class_1_706
FIELD	com/mojang/blaze3d/vulkan/glsl/SpvVariable	I	locationOffset	comp_1_508
FIELD	com/mojang/blaze3d/vulkan/glsl/SpvVariable	Ljava/lang/String;	name	comp_1_509
FIELD	net/minecraft/client/renderer/GameRenderer	Lnet/minecraft/client/renderer/DebugCrosshairRenderer;	debugCrosshairRenderer	field_1_3629
FIELD	net/minecraft/core/particles/ParticleTypes	Lnet/minecraft/core/particles/SimpleParticleType;	NOXIOUS_GAS	field_1_3630
FIELD	net/minecraft/core/particles/ParticleTypes	Lnet/minecraft/core/particles/SimpleParticleType;	NOXIOUS_GAS_CLOUD	field_1_3631
FIELD	net/minecraft/core/particles/ParticleTypes	Lnet/minecraft/core/particles/SimpleParticleType;	SULFUR_BUBBLES	field_1_3632
FIELD	net/minecraft/core/particles/ParticleTypes	Lnet/minecraft/core/particles/SimpleParticleType;	SULFUR_CUBE_GOO	field_1_3633
METHOD	com/mojang/blaze3d/systems/GpuDeviceBackend	(J)Lcom/mojang/blaze3d/systems/GpuSurfaceBackend;	createSurface	method_1_4219
METHOD	com/mojang/blaze3d/systems/GpuDeviceBackend	(I)Lcom/mojang/blaze3d/systems/GpuQueryPool;	createTimestampQueryPool	method_1_4220
METHOD	com/mojang/blaze3d/systems/GpuDeviceBackend	()Lcom/mojang/blaze3d/systems/DeviceInfo;	getDeviceInfo	method_1_4221
METHOD	com/mojang/blaze3d/systems/GpuDeviceBackend	()J	getTimestampNow	method_1_4222
CLASS	com/mojang/blaze3d/systems/SurfaceException	class_1_707
CLASS	com/mojang/blaze3d/systems/TracyGpuProfiler	class_1_708
FIELD	com/mojang/blaze3d/systems/TracyGpuProfiler	I	MAX_QUERIES	field_1_3634
FIELD	com/mojang/blaze3d/systems/TracyGpuProfiler	Lcom/mojang/jtracy/GpuContext;	context	field_1_3635
FIELD	com/mojang/blaze3d/systems/TracyGpuProfiler	I	head	field_1_3636
FIELD	com/mojang/blaze3d/systems/TracyGpuProfiler	Lcom/mojang/blaze3d/systems/GpuQueryPool;	queries	field_1_3637
FIELD	com/mojang/blaze3d/systems/TracyGpuProfiler	I	tail	field_1_3638
METHOD	com/mojang/blaze3d/systems/TracyGpuProfiler	()V	close	method_1_4223
METHOD	com/mojang/blaze3d/systems/TracyGpuProfiler	()V	endFrame	method_1_4224
METHOD	com/mojang/blaze3d/systems/TracyGpuProfiler	()I	nextQueryId	method_1_4225
METHOD	com/mojang/blaze3d/systems/TracyGpuProfiler	(Lcom/mojang/blaze3d/systems/CommandEncoder;)V	popZone	method_1_4226
METHOD	com/mojang/blaze3d/systems/TracyGpuProfiler	(Lcom/mojang/blaze3d/systems/CommandEncoder;Ljava/lang/String;)V	pushZone	method_1_4227
CLASS	com/mojang/blaze3d/vulkan/glsl/GlslCompiler	class_1_709
FIELD	com/mojang/blaze3d/vulkan/glsl/GlslCompiler	Lnet/minecraft/client/renderer/ShaderDefines;	globalDefines	field_1_3639
FIELD	com/mojang/blaze3d/vulkan/glsl/GlslCompiler	J	shaderCompiler	field_1_3640
FIELD	com/mojang/blaze3d/vulkan/glsl/GlslCompiler	J	shaderOptions	field_1_3641
METHOD	com/mojang/blaze3d/vulkan/glsl/GlslCompiler	(Ljava/util/List;Lcom/mojang/blaze3d/vulkan/glsl/IntermediaryShaderModule;Lcom/mojang/blaze3d/pipeline/RenderPipeline;)V	addToBindGroup	method_1_4228
METHOD	com/mojang/blaze3d/vulkan/glsl/GlslCompiler	(Lcom/mojang/blaze3d/vulkan/VulkanDevice;Lcom/mojang/blaze3d/pipeline/RenderPipeline;Lcom/mojang/blaze3d/vulkan/glsl/IntermediaryShaderModule;Lcom/mojang/blaze3d/vulkan/glsl/IntermediaryShaderModule;Ljava/util/List;)Lcom/mojang/blaze3d/vulkan/glsl/GlslCompiler$CompiledModules;	compile	method_1_4229
METHOD	com/mojang/blaze3d/vulkan/glsl/GlslCompiler	(Ljava/lang/String;Ljava/lang/String;Lcom/mojang/blaze3d/shaders/ShaderType;)Lcom/mojang/blaze3d/vulkan/glsl/IntermediaryShaderModule;	createIntermediary	method_1_4230
METHOD	com/mojang/blaze3d/vulkan/glsl/GlslCompiler	(Ljava/lang/String;Lcom/mojang/blaze3d/pipeline/RenderPipeline$UniformDescription;)Z	lambda$addToBindGroup$0	method_1_4231
METHOD	com/mojang/blaze3d/vulkan/glsl/GlslCompiler	(Ljava/lang/String;Lcom/mojang/blaze3d/vulkan/VulkanBindGroupLayout$Entry;)Z	lambda$addToBindGroup$1	method_1_4232
METHOD	com/mojang/blaze3d/vulkan/glsl/GlslCompiler	(Ljava/lang/String;Lcom/mojang/blaze3d/pipeline/RenderPipeline$UniformDescription;)Z	lambda$addToBindGroup$2	method_1_4233
METHOD	com/mojang/blaze3d/vulkan/glsl/GlslCompiler	(Ljava/lang/String;Lcom/mojang/blaze3d/vulkan/VulkanBindGroupLayout$Entry;)Z	lambda$addToBindGroup$3	method_1_4234
METHOD	com/mojang/blaze3d/vulkan/glsl/GlslCompiler	(Ljava/lang/String;Lcom/mojang/blaze3d/vulkan/VulkanBindGroupLayout$Entry;)Z	lambda$addToBindGroup$4	method_1_4235
CLASS	com/mojang/blaze3d/vulkan/glsl/GlslCompiler$CompiledModules	class_1_710
FIELD	com/mojang/blaze3d/vulkan/glsl/GlslCompiler$CompiledModules	J	fragment	comp_1_510
FIELD	com/mojang/blaze3d/vulkan/glsl/GlslCompiler$CompiledModules	Lcom/mojang/blaze3d/vulkan/VulkanBindGroupLayout;	layout	comp_1_511
FIELD	com/mojang/blaze3d/vulkan/glsl/GlslCompiler$CompiledModules	J	vertex	comp_1_512
CLASS	com/mojang/blaze3d/vulkan/glsl/package-info	class_1_711
CLASS	com/mojang/blaze3d/vulkan/init/package-info	class_1_712
FIELD	net/minecraft/client/model/geom/ModelLayers	Lnet/minecraft/client/model/geom/ModelLayerLocation;	SULFUR_CUBE	field_1_3642
FIELD	net/minecraft/client/model/geom/ModelLayers	Lnet/minecraft/client/model/geom/ModelLayerLocation;	SULFUR_CUBE_INNER	field_1_3643
FIELD	net/minecraft/core/component/DataComponents	Lnet/minecraft/core/component/DataComponentType;	SULFUR_CUBE_CONTENT	field_1_3644
METHOD	net/minecraft/core/component/DataComponents	(Lnet/minecraft/core/component/DataComponentType$Builder;)Lnet/minecraft/core/component/DataComponentType$Builder;	lambda$static$78	method_1_4236
FIELD	net/minecraft/data/worldgen/SurfaceRuleData	Lnet/minecraft/world/level/block/state/BlockState;	CINNABAR	field_1_3645
FIELD	net/minecraft/data/worldgen/SurfaceRuleData	Lnet/minecraft/world/level/block/state/BlockState;	SULFUR	field_1_3646
METHOD	net/minecraft/data/worldgen/TerrainProvider	(F)F	peaksAndValleys	method_1_4237
CLASS	com/mojang/blaze3d/systems/GpuSurfaceBackend	class_1_713
METHOD	com/mojang/blaze3d/systems/GpuSurfaceBackend	()V	acquireNextTexture	method_1_4238
METHOD	com/mojang/blaze3d/systems/GpuSurfaceBackend	(Lcom/mojang/blaze3d/systems/CommandEncoderBackend;Lcom/mojang/blaze3d/textures/GpuTextureView;)V	blitFromTexture	method_1_4239
METHOD	com/mojang/blaze3d/systems/GpuSurfaceBackend	(Lcom/mojang/blaze3d/systems/GpuSurface$Configuration;)V	configure	method_1_4240
METHOD	com/mojang/blaze3d/systems/GpuSurfaceBackend	()Z	isSuboptimal	method_1_4241
METHOD	com/mojang/blaze3d/systems/GpuSurfaceBackend	()V	present	method_1_4242
METHOD	com/mojang/blaze3d/systems/RenderPassBackend	(Lcom/mojang/blaze3d/systems/GpuQueryPool;I)V	writeTimestamp	method_1_4243
CLASS	com/mojang/blaze3d/vulkan/init/VulkanFeature	class_1_714
FIELD	com/mojang/blaze3d/vulkan/init/VulkanFeature	Ljava/lang/String;	name	comp_1_513
FIELD	com/mojang/blaze3d/vulkan/init/VulkanFeature	J	offset	comp_1_514
FIELD	com/mojang/blaze3d/vulkan/init/VulkanFeature	Lcom/mojang/blaze3d/vulkan/init/VulkanPNextStruct;	struct	comp_1_515
METHOD	com/mojang/blaze3d/vulkan/init/VulkanFeature	(J)Z	get	method_1_4244
METHOD	com/mojang/blaze3d/vulkan/init/VulkanFeature	(Lorg/lwjgl/vulkan/VkPhysicalDeviceFeatures2;)Z	get	method_1_4245
METHOD	com/mojang/blaze3d/vulkan/init/VulkanFeature	(JZ)Z	set	method_1_4246
METHOD	com/mojang/blaze3d/vulkan/init/VulkanFeature	(JZLorg/lwjgl/system/MemoryStack;)V	set	method_1_4247
METHOD	com/mojang/blaze3d/vulkan/init/VulkanFeature	(Lorg/lwjgl/vulkan/VkPhysicalDeviceFeatures2;Z)Z	set	method_1_4248
METHOD	com/mojang/blaze3d/vulkan/init/VulkanFeature	(Lorg/lwjgl/vulkan/VkPhysicalDeviceFeatures2;ZLorg/lwjgl/system/MemoryStack;)V	set	method_1_4249
FIELD	net/minecraft/client/gui/components/Checkbox	I	ROWS	field_1_3647
METHOD	net/minecraft/client/gui/components/Checkbox	(Lnet/minecraft/client/gui/Font;)Z	overflowsRowLimit	method_1_4250
FIELD	net/minecraft/client/renderer/DynamicUniforms	Lorg/joml/Matrix4fc;	IDENTITY_TEXTURE_TRANSFORM	field_1_3648
FIELD	net/minecraft/client/renderer/DynamicUniforms	Lorg/joml/Vector3fc;	NO_OFFSET	field_1_3649
FIELD	net/minecraft/client/renderer/DynamicUniforms	Lorg/joml/Vector4fc;	WHITE	field_1_3650
METHOD	net/minecraft/client/renderer/DynamicUniforms	(Lnet/minecraft/client/renderer/DynamicUniforms$Transform;)Lcom/mojang/blaze3d/buffers/GpuBufferSlice;	writeTransform	method_1_4251
METHOD	net/minecraft/client/renderer/DynamicUniforms	(Lorg/joml/Matrix4f;)Lcom/mojang/blaze3d/buffers/GpuBufferSlice;	writeTransform	method_1_4252
METHOD	net/minecraft/client/renderer/DynamicUniforms	(Lorg/joml/Matrix4f;Lorg/joml/Matrix4f;)Lcom/mojang/blaze3d/buffers/GpuBufferSlice;	writeTransform	method_1_4253
METHOD	net/minecraft/client/renderer/DynamicUniforms	(Lorg/joml/Matrix4f;Lorg/joml/Vector4f;)Lcom/mojang/blaze3d/buffers/GpuBufferSlice;	writeTransform	method_1_4254
FIELD	net/minecraft/client/renderer/RenderPipelines	Lcom/mojang/blaze3d/pipeline/RenderPipeline;	GUI_TEXT_GRAYSCALE	field_1_3651
FIELD	net/minecraft/client/renderer/RenderPipelines	Lcom/mojang/blaze3d/pipeline/RenderPipeline;	TEXT_GRAYSCALE	field_1_3652
FIELD	net/minecraft/client/renderer/RenderPipelines	Lcom/mojang/blaze3d/pipeline/RenderPipeline;	TEXT_GRAYSCALE_SEE_THROUGH	field_1_3653
FIELD	net/minecraft/client/renderer/RenderPipelines	Lcom/mojang/blaze3d/pipeline/RenderPipeline$Snippet;	WORLD_TEXT_SNIPPET	field_1_3654
METHOD	net/minecraft/server/level/ServerEntityGetter	(Ljava/util/List;DDD)Lnet/minecraft/world/entity/Entity;	getNearestEntity	method_1_4255
FIELD	net/minecraft/world/level/gameevent/GameEvent	Lnet/minecraft/core/Holder$Reference;	BOUNCE	field_1_3655
METHOD	com/mojang/blaze3d/platform/WindowEventHandler	()V	framebufferSizeChanged	method_1_4256
CLASS	com/mojang/blaze3d/vulkan/VulkanCommandEncoder	class_1_715
FIELD	com/mojang/blaze3d/vulkan/VulkanCommandEncoder	Z	$assertionsDisabled	field_1_3656
FIELD	com/mojang/blaze3d/vulkan/VulkanCommandEncoder	I	MAX_SUBMITS_IN_FLIGHT	field_1_3657
FIELD	com/mojang/blaze3d/vulkan/VulkanCommandEncoder	Lcom/mojang/blaze3d/vulkan/DestructionQueue;	commandBufferDestroyQueue	field_1_3658
FIELD	com/mojang/blaze3d/vulkan/VulkanCommandEncoder	J	commandPool	field_1_3659
FIELD	com/mojang/blaze3d/vulkan/VulkanCommandEncoder	J	completedSubmitIndex	field_1_3660
FIELD	com/mojang/blaze3d/vulkan/VulkanCommandEncoder	Lorg/lwjgl/vulkan/VkCommandBuffer;	currentCommandBuffer	field_1_3661
FIELD	com/mojang/blaze3d/vulkan/VulkanCommandEncoder	Lcom/mojang/blaze3d/vulkan/VulkanRenderPass;	currentRenderPass	field_1_3662
FIELD	com/mojang/blaze3d/vulkan/VulkanCommandEncoder	J	currentSubmitIndex	field_1_3663
FIELD	com/mojang/blaze3d/vulkan/VulkanCommandEncoder	Lcom/mojang/blaze3d/vulkan/DestructionQueue;	destroyQueue	field_1_3664
FIELD	com/mojang/blaze3d/vulkan/VulkanCommandEncoder	Lcom/mojang/blaze3d/vulkan/VulkanDevice;	device	field_1_3665
FIELD	com/mojang/blaze3d/vulkan/VulkanCommandEncoder	Lcom/mojang/blaze3d/vulkan/VulkanQueue$Submission;	submissionBuilder	field_1_3666
FIELD	com/mojang/blaze3d/vulkan/VulkanCommandEncoder	J	submitSemaphore	field_1_3667
METHOD	com/mojang/blaze3d/vulkan/VulkanCommandEncoder	(Z)Lorg/lwjgl/vulkan/VkCommandBuffer;	allocateTransientCommandBuffer	method_1_4257
METHOD	com/mojang/blaze3d/vulkan/VulkanCommandEncoder	(JJ)Z	awaitSubmitCompletion	method_1_4258
METHOD	com/mojang/blaze3d/vulkan/VulkanCommandEncoder	(Lorg/lwjgl/system/MemoryStack;Lcom/mojang/blaze3d/textures/GpuTexture;I)V	clearColorTextureUnsynced	method_1_4259
METHOD	com/mojang/blaze3d/vulkan/VulkanCommandEncoder	(Lorg/lwjgl/system/MemoryStack;Lcom/mojang/blaze3d/textures/GpuTexture;D)V	clearDepthTextureUnsynced	method_1_4260
METHOD	com/mojang/blaze3d/vulkan/VulkanCommandEncoder	()Lorg/lwjgl/vulkan/VkCommandBuffer;	commandBuffer	method_1_4261
METHOD	com/mojang/blaze3d/vulkan/VulkanCommandEncoder	(Ljava/nio/ByteBuffer;)Lcom/mojang/blaze3d/vulkan/VulkanGpuBuffer;	createStagingBuffer	method_1_4262
METHOD	com/mojang/blaze3d/vulkan/VulkanCommandEncoder	()V	endCommandBuffer	method_1_4263
METHOD	com/mojang/blaze3d/vulkan/VulkanCommandEncoder	(Lorg/lwjgl/vulkan/VkCommandBuffer;)V	execute	method_1_4264
METHOD	com/mojang/blaze3d/vulkan/VulkanCommandEncoder	()J	getTimestampNow	method_1_4265
METHOD	com/mojang/blaze3d/vulkan/VulkanCommandEncoder	()Ljava/lang/String;	lambda$clearColorAndDepthTextures$0	method_1_4266
METHOD	com/mojang/blaze3d/vulkan/VulkanCommandEncoder	(Lcom/mojang/blaze3d/textures/GpuTextureView;Lcom/mojang/blaze3d/textures/GpuTextureView;)Lorg/lwjgl/vulkan/VkCommandBuffer;	lambda$createRenderPass$0	method_1_4267
METHOD	com/mojang/blaze3d/vulkan/VulkanCommandEncoder	()Ljava/lang/String;	lambda$createStagingBuffer$0	method_1_4268
METHOD	com/mojang/blaze3d/vulkan/VulkanCommandEncoder	(Lorg/lwjgl/system/MemoryStack;)V	memoryBarrier	method_1_4269
METHOD	com/mojang/blaze3d/vulkan/VulkanCommandEncoder	(Lcom/mojang/blaze3d/vulkan/Destroyable;)V	queueForDestroy	method_1_4270
METHOD	com/mojang/blaze3d/vulkan/VulkanCommandEncoder	(Lorg/lwjgl/vulkan/VkCommandBuffer;)V	queueForDestroy	method_1_4271
METHOD	com/mojang/blaze3d/vulkan/VulkanCommandEncoder	(Ljava/nio/IntBuffer;I)Lorg/lwjgl/vulkan/VkCommandBuffer;	renderpassCommandBuffer	method_1_4272
METHOD	com/mojang/blaze3d/vulkan/VulkanCommandEncoder	(JJJ)V	signalSemaphore	method_1_4273
METHOD	com/mojang/blaze3d/vulkan/VulkanCommandEncoder	()Lorg/lwjgl/vulkan/VkCommandBuffer;	textureInitCommandBuffer	method_1_4274
METHOD	com/mojang/blaze3d/vulkan/VulkanCommandEncoder	(JJJ)V	waitSemaphore	method_1_4275
METHOD	com/mojang/blaze3d/vulkan/VulkanCommandEncoder	(Lcom/mojang/blaze3d/vulkan/VulkanGpuTexture;Lcom/mojang/blaze3d/vulkan/VulkanGpuBuffer;JIIIIIIII)V	writeToTexture	method_1_4276
FIELD	com/mojang/blaze3d/vulkan/VulkanCommandEncoder$1	Lorg/lwjgl/PointerBuffer;	commandBuffers	field_1_3668
FIELD	com/mojang/blaze3d/vulkan/VulkanCommandEncoder$1	Lcom/mojang/blaze3d/vulkan/VulkanCommandEncoder;	this$0	field_1_3669
FIELD	com/mojang/blaze3d/vulkan/VulkanCommandEncoder$1	Lcom/mojang/blaze3d/vulkan/VulkanDevice;	val$device	field_1_3670
METHOD	com/mojang/blaze3d/vulkan/VulkanCommandEncoder$1	(Lorg/lwjgl/vulkan/VkCommandBuffer;)V	destroy	method_1_4277
FIELD	com/mojang/blaze3d/vulkan/VulkanCommandEncoder$2	Z	completed	field_1_3671
FIELD	com/mojang/blaze3d/vulkan/VulkanCommandEncoder$2	J	submitIndex	field_1_3672
FIELD	com/mojang/blaze3d/vulkan/VulkanCommandEncoder$2	Lcom/mojang/blaze3d/vulkan/VulkanCommandEncoder;	this$0	field_1_3673
CLASS	com/mojang/blaze3d/vulkan/VulkanGpuTextureView	class_1_716
FIELD	com/mojang/blaze3d/vulkan/VulkanGpuTextureView	Z	closed	field_1_3674
FIELD	com/mojang/blaze3d/vulkan/VulkanGpuTextureView	Lcom/mojang/blaze3d/vulkan/VulkanDevice;	device	field_1_3675
FIELD	com/mojang/blaze3d/vulkan/VulkanGpuTextureView	J	vkImageView	field_1_3676
METHOD	com/mojang/blaze3d/vulkan/VulkanGpuTextureView	()Lcom/mojang/blaze3d/vulkan/VulkanGpuTexture;	texture	method_1_4278
METHOD	com/mojang/blaze3d/vulkan/VulkanGpuTextureView	()J	vkImageView	method_1_4279
CLASS	com/mojang/blaze3d/vulkan/VulkanPhysicalDevice	class_1_717
FIELD	com/mojang/blaze3d/vulkan/VulkanPhysicalDevice	Lit/unimi/dsi/fastutil/ints/IntIntPair;	computeQueueFamilyAndIndex	field_1_3677
FIELD	com/mojang/blaze3d/vulkan/VulkanPhysicalDevice	Lit/unimi/dsi/fastutil/ints/IntIntPair;	graphicsQueueFamilyAndIndex	field_1_3678
FIELD	com/mojang/blaze3d/vulkan/VulkanPhysicalDevice	Lit/unimi/dsi/fastutil/ints/Int2IntMap;	queueFamilyCreateInfoMap	field_1_3679
FIELD	com/mojang/blaze3d/vulkan/VulkanPhysicalDevice	Lit/unimi/dsi/fastutil/ints/IntIntPair;	transferQueueFamilyAndIndex	field_1_3680
FIELD	com/mojang/blaze3d/vulkan/VulkanPhysicalDevice	Lorg/lwjgl/vulkan/VkExtensionProperties$Buffer;	vkDeviceExtensions	field_1_3681
FIELD	com/mojang/blaze3d/vulkan/VulkanPhysicalDevice	Lorg/lwjgl/vulkan/VkPhysicalDeviceDriverProperties;	vkPhysicalDeviceDriverProperties	field_1_3682
FIELD	com/mojang/blaze3d/vulkan/VulkanPhysicalDevice	Lorg/lwjgl/vulkan/VkPhysicalDeviceFeatures2;	vkPhysicalDeviceFeatures	field_1_3683
FIELD	com/mojang/blaze3d/vulkan/VulkanPhysicalDevice	Lorg/lwjgl/vulkan/VkPhysicalDevice;	vkPhysicalDevice	field_1_3684
FIELD	com/mojang/blaze3d/vulkan/VulkanPhysicalDevice	Lorg/lwjgl/vulkan/VkPhysicalDeviceProperties2;	vkPhysicalDeviceProperties	field_1_3685
METHOD	com/mojang/blaze3d/vulkan/VulkanPhysicalDevice	()Lit/unimi/dsi/fastutil/ints/IntIntPair;	computeQueueFamilyAndIndex	method_1_4280
METHOD	com/mojang/blaze3d/vulkan/VulkanPhysicalDevice	()Ljava/lang/String;	deviceName	method_1_4281
METHOD	com/mojang/blaze3d/vulkan/VulkanPhysicalDevice	()Ljava/lang/String;	driverInfo	method_1_4282
METHOD	com/mojang/blaze3d/vulkan/VulkanPhysicalDevice	(Ljava/util/Collection;)Ljava/util/Set;	getMissingExtensions	method_1_4283
METHOD	com/mojang/blaze3d/vulkan/VulkanPhysicalDevice	(I)Ljava/lang/String;	getStandardEncodingVersion	method_1_4284
METHOD	com/mojang/blaze3d/vulkan/VulkanPhysicalDevice	()Lit/unimi/dsi/fastutil/ints/IntIntPair;	graphicsQueueFamilyAndIndex	method_1_4285
METHOD	com/mojang/blaze3d/vulkan/VulkanPhysicalDevice	(Ljava/lang/String;)Z	hasDeviceExtension	method_1_4286
METHOD	com/mojang/blaze3d/vulkan/VulkanPhysicalDevice	(Ljava/lang/String;Lorg/lwjgl/vulkan/VkExtensionProperties;)Z	lambda$hasDeviceExtension$0	method_1_4287
METHOD	com/mojang/blaze3d/vulkan/VulkanPhysicalDevice	()Lit/unimi/dsi/fastutil/ints/Int2IntMap;	queueFamilyCreateInfoMap	method_1_4288
METHOD	com/mojang/blaze3d/vulkan/VulkanPhysicalDevice	()Lit/unimi/dsi/fastutil/ints/IntIntPair;	transferQueueFamilyAndIndex	method_1_4289
METHOD	com/mojang/blaze3d/vulkan/VulkanPhysicalDevice	()Ljava/lang/String;	vendorName	method_1_4290
METHOD	com/mojang/blaze3d/vulkan/VulkanPhysicalDevice	()Lorg/lwjgl/vulkan/VkPhysicalDevice;	vkPhysicalDevice	method_1_4291
METHOD	com/mojang/blaze3d/vulkan/VulkanPhysicalDevice	()Lorg/lwjgl/vulkan/VkPhysicalDeviceDriverProperties;	vkPhysicalDeviceDriverProperties	method_1_4292
METHOD	com/mojang/blaze3d/vulkan/VulkanPhysicalDevice	()Lorg/lwjgl/vulkan/VkPhysicalDeviceProperties;	vkPhysicalDeviceProperties	method_1_4293
CLASS	com/mojang/blaze3d/vulkan/VulkanRenderPipeline	class_1_718
FIELD	com/mojang/blaze3d/vulkan/VulkanRenderPipeline	J	INVALID_PIPELINE	field_1_3686
FIELD	com/mojang/blaze3d/vulkan/VulkanRenderPipeline	Lcom/mojang/blaze3d/vulkan/VulkanDevice;	device	comp_1_516
FIELD	com/mojang/blaze3d/vulkan/VulkanRenderPipeline	J	fragmentModule	comp_1_517
FIELD	com/mojang/blaze3d/vulkan/VulkanRenderPipeline	Lcom/mojang/blaze3d/pipeline/RenderPipeline;	info	comp_1_518
FIELD	com/mojang/blaze3d/vulkan/VulkanRenderPipeline	Lcom/mojang/blaze3d/vulkan/VulkanBindGroupLayout;	layout	comp_1_519
FIELD	com/mojang/blaze3d/vulkan/VulkanRenderPipeline	J	pipelineLayout	comp_1_520
FIELD	com/mojang/blaze3d/vulkan/VulkanRenderPipeline	J	vertexModule	comp_1_521
FIELD	com/mojang/blaze3d/vulkan/VulkanRenderPipeline	J	withDepthPipeline	comp_1_522
FIELD	com/mojang/blaze3d/vulkan/VulkanRenderPipeline	J	withoutDepthPipeline	comp_1_523
METHOD	com/mojang/blaze3d/vulkan/VulkanRenderPipeline	(Lorg/lwjgl/vulkan/VkPipelineColorBlendAttachmentState$Buffer;Lcom/mojang/blaze3d/pipeline/BlendFunction;)V	applyBlendInformation	method_1_4294
METHOD	com/mojang/blaze3d/vulkan/VulkanRenderPipeline	(Lcom/mojang/blaze3d/vulkan/VulkanDevice;Lcom/mojang/blaze3d/vulkan/VulkanBindGroupLayout;Lcom/mojang/blaze3d/pipeline/RenderPipeline;JJ)Lcom/mojang/blaze3d/vulkan/VulkanRenderPipeline;	compile	method_1_4295
METHOD	com/mojang/blaze3d/vulkan/VulkanRenderPipeline	(Lcom/mojang/blaze3d/pipeline/RenderPipeline;)Ljava/lang/String;	lambda$compile$0	method_1_4296
METHOD	com/mojang/blaze3d/vulkan/VulkanRenderPipeline	(Lcom/mojang/blaze3d/pipeline/RenderPipeline;)Ljava/lang/String;	lambda$compile$1	method_1_4297
METHOD	com/mojang/blaze3d/vulkan/VulkanRenderPipeline	(Lcom/mojang/blaze3d/pipeline/RenderPipeline;)Ljava/lang/String;	lambda$compile$2	method_1_4298
METHOD	net/minecraft/data/loot/packs/VanillaBlockLoot	(Lnet/minecraft/data/loot/packs/VanillaBlockLoot;Lnet/minecraft/world/level/block/Block;)V	lambda$generate$10	method_1_4299
METHOD	net/minecraft/data/loot/packs/VanillaBlockLoot	(Lnet/minecraft/data/loot/packs/VanillaBlockLoot;Lnet/minecraft/world/level/block/Block;)V	lambda$generate$11	method_1_4300
METHOD	net/minecraft/data/loot/packs/VanillaBlockLoot	(Lnet/minecraft/world/level/block/Block;)V	lambda$generate$111	method_1_4301
METHOD	net/minecraft/data/loot/packs/VanillaBlockLoot	(Lnet/minecraft/data/loot/packs/VanillaBlockLoot;Lnet/minecraft/world/level/block/Block;)Lnet/minecraft/world/level/storage/loot/LootTable$Builder;	lambda$generate$112	method_1_4302
METHOD	net/minecraft/data/loot/packs/VanillaBlockLoot	(Lnet/minecraft/world/level/block/Block;)V	lambda$generate$113	method_1_4303
METHOD	net/minecraft/data/loot/packs/VanillaBlockLoot	(Lnet/minecraft/world/level/block/Block;Lnet/minecraft/world/level/block/Block;)Lnet/minecraft/world/level/storage/loot/LootTable$Builder;	lambda$generate$114	method_1_4304
METHOD	net/minecraft/data/loot/packs/VanillaBlockLoot	(Lnet/minecraft/data/loot/packs/VanillaBlockLoot;Lnet/minecraft/world/level/block/Block;)V	lambda$generate$12	method_1_4305
METHOD	net/minecraft/data/loot/packs/VanillaBlockLoot	(Lnet/minecraft/data/loot/packs/VanillaBlockLoot;Lnet/minecraft/world/level/block/Block;)Lnet/minecraft/world/level/storage/loot/LootTable$Builder;	lambda$generate$125	method_1_4306
METHOD	net/minecraft/data/loot/packs/VanillaBlockLoot	(Lnet/minecraft/world/level/block/Block;)V	lambda$generate$126	method_1_4307
METHOD	net/minecraft/data/loot/packs/VanillaBlockLoot	(Lnet/minecraft/data/loot/packs/VanillaBlockLoot;Lnet/minecraft/world/level/block/Block;)Lnet/minecraft/world/level/storage/loot/LootTable$Builder;	lambda$generate$127	method_1_4308
METHOD	net/minecraft/data/loot/packs/VanillaBlockLoot	(Lnet/minecraft/data/loot/packs/VanillaBlockLoot;Lnet/minecraft/world/level/block/Block;)V	lambda$generate$13	method_1_4309
METHOD	net/minecraft/data/loot/packs/VanillaBlockLoot	(Lnet/minecraft/world/level/block/Block;)V	lambda$generate$131	method_1_4310
METHOD	net/minecraft/data/loot/packs/VanillaBlockLoot	(Lnet/minecraft/data/loot/packs/VanillaBlockLoot;Lnet/minecraft/world/level/block/Block;)Lnet/minecraft/world/level/storage/loot/LootTable$Builder;	lambda$generate$132	method_1_4311
METHOD	net/minecraft/data/loot/packs/VanillaBlockLoot	(Lnet/minecraft/data/loot/packs/VanillaBlockLoot;Lnet/minecraft/world/level/block/Block;)Lnet/minecraft/world/level/storage/loot/LootTable$Builder;	lambda$generate$139	method_1_4312
METHOD	net/minecraft/data/loot/packs/VanillaBlockLoot	(Lnet/minecraft/data/loot/packs/VanillaBlockLoot;Lnet/minecraft/world/level/block/Block;)Lnet/minecraft/world/level/storage/loot/LootTable$Builder;	lambda$generate$140	method_1_4313
METHOD	net/minecraft/data/loot/packs/VanillaBlockLoot	(Lnet/minecraft/data/loot/packs/VanillaBlockLoot;Lnet/minecraft/world/level/block/Block;)Lnet/minecraft/world/level/storage/loot/LootTable$Builder;	lambda$generate$143	method_1_4314
METHOD	net/minecraft/data/loot/packs/VanillaBlockLoot	(Lnet/minecraft/world/level/block/Block;)V	lambda$generate$144	method_1_4315
METHOD	net/minecraft/data/loot/packs/VanillaBlockLoot	(Lnet/minecraft/data/loot/packs/VanillaBlockLoot;Lnet/minecraft/world/level/block/Block;)Lnet/minecraft/world/level/storage/loot/LootTable$Builder;	lambda$generate$145	method_1_4316
METHOD	net/minecraft/data/loot/packs/VanillaBlockLoot	(Lnet/minecraft/world/level/block/Block;)V	lambda$generate$146	method_1_4317
METHOD	net/minecraft/data/loot/packs/VanillaBlockLoot	(Lnet/minecraft/data/loot/packs/VanillaBlockLoot;Lnet/minecraft/world/level/block/Block;)Lnet/minecraft/world/level/storage/loot/LootTable$Builder;	lambda$generate$147	method_1_4318
METHOD	net/minecraft/data/loot/packs/VanillaBlockLoot	(Lnet/minecraft/data/loot/packs/VanillaBlockLoot;Lnet/minecraft/world/level/block/Block;)Lnet/minecraft/world/level/storage/loot/LootTable$Builder;	lambda$generate$19	method_1_4319
METHOD	net/minecraft/data/loot/packs/VanillaBlockLoot	(Lnet/minecraft/data/loot/packs/VanillaBlockLoot;Lnet/minecraft/world/level/block/Block;)V	lambda$generate$2	method_1_4320
METHOD	net/minecraft/data/loot/packs/VanillaBlockLoot	(Lnet/minecraft/data/loot/packs/VanillaBlockLoot;Lnet/minecraft/world/level/block/Block;)Lnet/minecraft/world/level/storage/loot/LootTable$Builder;	lambda$generate$20	method_1_4321
METHOD	net/minecraft/data/loot/packs/VanillaBlockLoot	(Lnet/minecraft/data/loot/packs/VanillaBlockLoot;Lnet/minecraft/world/level/block/Block;)Lnet/minecraft/world/level/storage/loot/LootTable$Builder;	lambda$generate$21	method_1_4322
METHOD	net/minecraft/data/loot/packs/VanillaBlockLoot	(Lnet/minecraft/data/loot/packs/VanillaBlockLoot;Lnet/minecraft/world/level/block/Block;)V	lambda$generate$218	method_1_4323
METHOD	net/minecraft/data/loot/packs/VanillaBlockLoot	(Lnet/minecraft/data/loot/packs/VanillaBlockLoot;Lnet/minecraft/world/level/block/Block;)V	lambda$generate$219	method_1_4324
METHOD	net/minecraft/data/loot/packs/VanillaBlockLoot	(Lnet/minecraft/data/loot/packs/VanillaBlockLoot;Lnet/minecraft/world/level/block/Block;)Lnet/minecraft/world/level/storage/loot/LootTable$Builder;	lambda$generate$22	method_1_4325
METHOD	net/minecraft/data/loot/packs/VanillaBlockLoot	(Lnet/minecraft/world/level/block/Block;Lnet/minecraft/world/level/block/Block;)V	lambda$generate$220	method_1_4326
METHOD	net/minecraft/data/loot/packs/VanillaBlockLoot	(Lnet/minecraft/data/loot/packs/VanillaBlockLoot;Lnet/minecraft/world/level/block/Block;)Lnet/minecraft/world/level/storage/loot/LootTable$Builder;	lambda$generate$23	method_1_4327
METHOD	net/minecraft/data/loot/packs/VanillaBlockLoot	(Lnet/minecraft/data/loot/packs/VanillaBlockLoot;Lnet/minecraft/world/level/block/Block;)Lnet/minecraft/world/level/storage/loot/LootTable$Builder;	lambda$generate$24	method_1_4328
METHOD	net/minecraft/data/loot/packs/VanillaBlockLoot	(Lnet/minecraft/data/loot/packs/VanillaBlockLoot;Lnet/minecraft/world/level/block/Block;)V	lambda$generate$25	method_1_4329
METHOD	net/minecraft/data/loot/packs/VanillaBlockLoot	(Lnet/minecraft/data/loot/packs/VanillaBlockLoot;Lnet/minecraft/world/level/block/Block;)V	lambda$generate$26	method_1_4330
METHOD	net/minecraft/data/loot/packs/VanillaBlockLoot	(Lnet/minecraft/data/loot/packs/VanillaBlockLoot;Lnet/minecraft/world/level/block/Block;)V	lambda$generate$27	method_1_4331
METHOD	net/minecraft/data/loot/packs/VanillaBlockLoot	(Lnet/minecraft/world/level/block/Block;)V	lambda$generate$28	method_1_4332
METHOD	net/minecraft/data/loot/packs/VanillaBlockLoot	(Lnet/minecraft/data/loot/packs/VanillaBlockLoot;Lnet/minecraft/world/level/block/Block;)V	lambda$generate$3	method_1_4333
METHOD	net/minecraft/data/loot/packs/VanillaBlockLoot	(Lnet/minecraft/data/loot/packs/VanillaBlockLoot;Lnet/minecraft/world/level/block/Block;)V	lambda$generate$4	method_1_4334
METHOD	net/minecraft/data/loot/packs/VanillaBlockLoot	(Lnet/minecraft/data/loot/packs/VanillaBlockLoot;Lnet/minecraft/world/level/block/Block;)V	lambda$generate$5	method_1_4335
METHOD	net/minecraft/data/loot/packs/VanillaBlockLoot	(Lnet/minecraft/data/loot/packs/VanillaBlockLoot;Lnet/minecraft/world/level/block/Block;)V	lambda$generate$6	method_1_4336
METHOD	net/minecraft/data/loot/packs/VanillaBlockLoot	(Lnet/minecraft/data/loot/packs/VanillaBlockLoot;Lnet/minecraft/world/level/block/Block;)V	lambda$generate$7	method_1_4337
METHOD	net/minecraft/data/loot/packs/VanillaBlockLoot	(Lnet/minecraft/data/loot/packs/VanillaBlockLoot;Lnet/minecraft/world/level/block/Block;)V	lambda$generate$8	method_1_4338
METHOD	net/minecraft/data/loot/packs/VanillaBlockLoot	(Lnet/minecraft/world/level/block/Block;)V	lambda$generate$90	method_1_4339
METHOD	net/minecraft/data/loot/packs/VanillaBlockLoot	(Lnet/minecraft/data/loot/packs/VanillaBlockLoot;Lnet/minecraft/world/level/block/Block;)Lnet/minecraft/world/level/storage/loot/LootTable$Builder;	lambda$generate$91	method_1_4340
CLASS	net/minecraft/world/entity/SulfurCubeArchetype	class_1_719
FIELD	net/minecraft/world/entity/SulfurCubeArchetype	Lcom/mojang/serialization/Codec;	DIRECT_CODEC	field_1_3687
FIELD	net/minecraft/world/entity/SulfurCubeArchetype	Ljava/util/List;	attributeModifiers	comp_1_524
FIELD	net/minecraft/world/entity/SulfurCubeArchetype	Z	buoyant	comp_1_525
FIELD	net/minecraft/world/entity/SulfurCubeArchetype	Lnet/minecraft/core/HolderSet;	items	comp_1_526
METHOD	net/minecraft/world/entity/SulfurCubeArchetype	(Lcom/mojang/serialization/codecs/RecordCodecBuilder$Instance;)Lcom/mojang/datafixers/kinds/App;	lambda$static$0	method_1_4341
CLASS	net/minecraft/world/entity/SulfurCubeArchetype$AttributeEntry	class_1_720
FIELD	net/minecraft/world/entity/SulfurCubeArchetype$AttributeEntry	Lcom/mojang/serialization/Codec;	CODEC	field_1_3688
FIELD	net/minecraft/world/entity/SulfurCubeArchetype$AttributeEntry	Lnet/minecraft/core/Holder;	attribute	comp_1_527
FIELD	net/minecraft/world/entity/SulfurCubeArchetype$AttributeEntry	Lnet/minecraft/world/entity/ai/attributes/AttributeModifier;	modifier	comp_1_528
METHOD	net/minecraft/world/entity/SulfurCubeArchetype$AttributeEntry	(Lnet/minecraft/core/Holder;DLnet/minecraft/resources/ResourceKey;)Lnet/minecraft/world/entity/SulfurCubeArchetype$AttributeEntry;	add	method_1_4342
METHOD	net/minecraft/world/entity/SulfurCubeArchetype$AttributeEntry	(Lcom/mojang/serialization/codecs/RecordCodecBuilder$Instance;)Lcom/mojang/datafixers/kinds/App;	lambda$static$0	method_1_4343
METHOD	net/minecraft/world/entity/SulfurCubeArchetype$AttributeEntry	(Lnet/minecraft/core/Holder;DLnet/minecraft/resources/ResourceKey;)Lnet/minecraft/world/entity/SulfurCubeArchetype$AttributeEntry;	multiply	method_1_4344
CLASS	com/mojang/blaze3d/vulkan/VulkanBindGroupLayout	class_1_721
FIELD	com/mojang/blaze3d/vulkan/VulkanBindGroupLayout	Lcom/mojang/blaze3d/vulkan/VulkanBindGroupLayout;	INVALID_LAYOUT	field_1_3689
FIELD	com/mojang/blaze3d/vulkan/VulkanBindGroupLayout	Ljava/util/List;	entries	comp_1_529
FIELD	com/mojang/blaze3d/vulkan/VulkanBindGroupLayout	J	handle	comp_1_530
METHOD	com/mojang/blaze3d/vulkan/VulkanBindGroupLayout	(Lcom/mojang/blaze3d/vulkan/VulkanDevice;Ljava/util/List;Ljava/lang/String;)Lcom/mojang/blaze3d/vulkan/VulkanBindGroupLayout;	create	method_1_4345
CLASS	com/mojang/blaze3d/vulkan/VulkanBindGroupLayout$Entry	class_1_722
FIELD	com/mojang/blaze3d/vulkan/VulkanBindGroupLayout$Entry	Ljava/lang/String;	name	comp_1_531
FIELD	com/mojang/blaze3d/vulkan/VulkanBindGroupLayout$Entry	Lcom/mojang/blaze3d/GpuFormat;	texelBufferFormat	comp_1_532
FIELD	com/mojang/blaze3d/vulkan/VulkanBindGroupLayout$Entry	Lcom/mojang/blaze3d/vulkan/VulkanBindGroupLayout$VulkanBindGroupEntryType;	type	comp_1_533
CLASS	com/mojang/blaze3d/vulkan/VulkanBindGroupLayout$VulkanBindGroupEntryType	class_1_723
FIELD	com/mojang/blaze3d/vulkan/VulkanBindGroupLayout$VulkanBindGroupEntryType	[Lcom/mojang/blaze3d/vulkan/VulkanBindGroupLayout$VulkanBindGroupEntryType;	$VALUES	field_1_3690
FIELD	com/mojang/blaze3d/vulkan/VulkanBindGroupLayout$VulkanBindGroupEntryType	Lcom/mojang/blaze3d/vulkan/VulkanBindGroupLayout$VulkanBindGroupEntryType;	SAMPLED_IMAGE	field_1_3691
FIELD	com/mojang/blaze3d/vulkan/VulkanBindGroupLayout$VulkanBindGroupEntryType	Lcom/mojang/blaze3d/vulkan/VulkanBindGroupLayout$VulkanBindGroupEntryType;	TEXEL_BUFFER	field_1_3692
FIELD	com/mojang/blaze3d/vulkan/VulkanBindGroupLayout$VulkanBindGroupEntryType	Lcom/mojang/blaze3d/vulkan/VulkanBindGroupLayout$VulkanBindGroupEntryType;	UNIFORM_BUFFER	field_1_3693
METHOD	com/mojang/blaze3d/vulkan/VulkanBindGroupLayout$VulkanBindGroupEntryType	()[Lcom/mojang/blaze3d/vulkan/VulkanBindGroupLayout$VulkanBindGroupEntryType;	$values	method_1_4346
CLASS	com/mojang/blaze3d/vulkan/glsl/SpvUniformBuffer	class_1_724
FIELD	com/mojang/blaze3d/vulkan/glsl/SpvUniformBuffer	I	bindingOffset	comp_1_534
FIELD	com/mojang/blaze3d/vulkan/glsl/SpvUniformBuffer	Ljava/lang/String;	name	comp_1_535
CLASS	net/minecraft/client/renderer/SubmitNodeStorage$ShapeOutlineSubmit	class_1_725
FIELD	net/minecraft/client/renderer/SubmitNodeStorage$ShapeOutlineSubmit	Z	afterTerrain	comp_1_536
FIELD	net/minecraft/client/renderer/SubmitNodeStorage$ShapeOutlineSubmit	I	color	comp_1_537
FIELD	net/minecraft/client/renderer/SubmitNodeStorage$ShapeOutlineSubmit	Lcom/mojang/blaze3d/vertex/PoseStack$Pose;	pose	comp_1_538
FIELD	net/minecraft/client/renderer/SubmitNodeStorage$ShapeOutlineSubmit	Lnet/minecraft/client/renderer/rendertype/RenderType;	renderType	comp_1_539
FIELD	net/minecraft/client/renderer/SubmitNodeStorage$ShapeOutlineSubmit	Lnet/minecraft/world/phys/shapes/VoxelShape;	shape	comp_1_540
FIELD	net/minecraft/client/renderer/SubmitNodeStorage$ShapeOutlineSubmit	F	width	comp_1_541
METHOD	net/minecraft/data/loot/packs/VanillaEntityLoot	(Lnet/minecraft/resources/ResourceKey;Lnet/minecraft/world/level/block/Block;)V	lambda$generate$0	method_1_4347
METHOD	net/minecraft/gametest/framework/GameTestHelper	(Ljava/lang/Comparable;Ljava/lang/Comparable;Ljava/lang/Comparable;Ljava/lang/String;)V	assertValueInBetween	method_1_4348
METHOD	net/minecraft/gametest/framework/GameTestHelper	(Ljava/lang/Comparable;Ljava/lang/Comparable;Ljava/lang/Comparable;Lnet/minecraft/network/chat/Component;)V	assertValueInBetween	method_1_4349
METHOD	net/minecraft/gametest/framework/GameTestHelper	(Lnet/minecraft/world/level/GameType;)Lnet/minecraft/world/entity/player/Player;	makeMockServerPlayer	method_1_4350
METHOD	net/minecraft/gametest/framework/GameTestHelper	(Lnet/minecraft/world/entity/EntityType;Lnet/minecraft/core/BlockPos;Lnet/minecraft/world/level/block/Rotation;)Lnet/minecraft/world/entity/Entity;	spawn	method_1_4351
METHOD	net/minecraft/gametest/framework/GameTestHelper	(Lnet/minecraft/world/entity/EntityType;Lnet/minecraft/world/phys/Vec3;Lnet/minecraft/world/entity/EntitySpawnReason;)Lnet/minecraft/world/entity/Entity;	spawn	method_1_4352
METHOD	net/minecraft/gametest/framework/GameTestHelper	(Lnet/minecraft/world/entity/EntityType;Lnet/minecraft/core/BlockPos;Lnet/minecraft/world/level/block/Rotation;)Lnet/minecraft/world/entity/Mob;	spawnWithNoFreeWill	method_1_4353
FIELD	net/minecraft/gametest/framework/GameTestHelper$2	Lnet/minecraft/world/level/GameType;	val$gameType	field_1_3694
CLASS	net/minecraft/world/entity/SulfurCubeArchetypes	class_1_726
FIELD	net/minecraft/world/entity/SulfurCubeArchetypes	Lnet/minecraft/resources/ResourceKey;	BOUNCY	field_1_3695
FIELD	net/minecraft/world/entity/SulfurCubeArchetypes	Lnet/minecraft/resources/ResourceKey;	FAST_FLAT	field_1_3696
FIELD	net/minecraft/world/entity/SulfurCubeArchetypes	Lnet/minecraft/resources/ResourceKey;	FAST_SLIDING	field_1_3697
FIELD	net/minecraft/world/entity/SulfurCubeArchetypes	Lnet/minecraft/resources/ResourceKey;	HIGH_RESISTANCE	field_1_3698
FIELD	net/minecraft/world/entity/SulfurCubeArchetypes	Lnet/minecraft/resources/ResourceKey;	LIGHT	field_1_3699
FIELD	net/minecraft/world/entity/SulfurCubeArchetypes	Lnet/minecraft/resources/ResourceKey;	REGULAR	field_1_3700
FIELD	net/minecraft/world/entity/SulfurCubeArchetypes	Lnet/minecraft/resources/ResourceKey;	SLOW_FLAT	field_1_3701
FIELD	net/minecraft/world/entity/SulfurCubeArchetypes	Lnet/minecraft/resources/ResourceKey;	SLOW_SLIDING	field_1_3702
FIELD	net/minecraft/world/entity/SulfurCubeArchetypes	Lnet/minecraft/resources/ResourceKey;	STICKY	field_1_3703
METHOD	net/minecraft/world/entity/SulfurCubeArchetypes	(Lnet/minecraft/core/Holder;D)Ljava/util/function/Function;	add	method_1_4354
METHOD	net/minecraft/world/entity/SulfurCubeArchetypes	(FFFF)Ljava/util/List;	archetype	method_1_4355
METHOD	net/minecraft/world/entity/SulfurCubeArchetypes	(Lnet/minecraft/data/worldgen/BootstrapContext;)V	bootstrap	method_1_4356
METHOD	net/minecraft/world/entity/SulfurCubeArchetypes	(Lnet/minecraft/resources/Identifier;)Lnet/minecraft/resources/ResourceKey;	createKey	method_1_4357
METHOD	net/minecraft/world/entity/SulfurCubeArchetypes	(Lnet/minecraft/core/Holder;DLnet/minecraft/resources/ResourceKey;)Lnet/minecraft/world/entity/SulfurCubeArchetype$AttributeEntry;	lambda$add$0	method_1_4358
METHOD	net/minecraft/world/entity/SulfurCubeArchetypes	(Lnet/minecraft/core/Holder;DLnet/minecraft/resources/ResourceKey;)Lnet/minecraft/world/entity/SulfurCubeArchetype$AttributeEntry;	lambda$multiply$0	method_1_4359
METHOD	net/minecraft/world/entity/SulfurCubeArchetypes	(Lnet/minecraft/resources/ResourceKey;Ljava/util/function/Function;)Lnet/minecraft/world/entity/SulfurCubeArchetype$AttributeEntry;	lambda$register$0	method_1_4360
METHOD	net/minecraft/world/entity/SulfurCubeArchetypes	(Lnet/minecraft/core/Holder;D)Ljava/util/function/Function;	multiply	method_1_4361
METHOD	net/minecraft/world/entity/SulfurCubeArchetypes	(Lnet/minecraft/data/worldgen/BootstrapContext;Lnet/minecraft/resources/ResourceKey;Lnet/minecraft/tags/TagKey;Ljava/util/List;Z)V	register	method_1_4362
METHOD	net/minecraft/world/entity/animal/turtle/Turtle	()Lnet/minecraft/core/BlockPos;	getHomePos	method_1_4363
FIELD	net/minecraft/world/item/trading/VillagerTrades	Lnet/minecraft/world/level/block/ColorCollection;	MASON_4_EMERALD_GLAZED_TERRACOTTA	field_1_3704
FIELD	net/minecraft/world/item/trading/VillagerTrades	Lnet/minecraft/world/level/block/ColorCollection;	MASON_4_EMERALD_TERRACOTTA	field_1_3705
FIELD	net/minecraft/world/item/trading/VillagerTrades	Lnet/minecraft/world/level/block/ColorCollection;	SHEPHERD_2_EMERALD_CARPETS	field_1_3706
FIELD	net/minecraft/world/item/trading/VillagerTrades	Lnet/minecraft/world/level/block/ColorCollection;	SHEPHERD_2_EMERALD_WOOL	field_1_3707
FIELD	net/minecraft/world/item/trading/VillagerTrades	Lnet/minecraft/world/level/block/ColorCollection;	SHEPHERD_3_EMERALD_BED	field_1_3708
FIELD	net/minecraft/world/item/trading/VillagerTrades	Lnet/minecraft/world/level/block/ColorCollection;	SHEPHERD_4_EMERALD_BANNER	field_1_3709
FIELD	net/minecraft/world/item/trading/VillagerTrades	Lnet/minecraft/world/level/block/ColorCollection;	WANDERING_TRADER_EMERALD_DYE	field_1_3710
METHOD	net/minecraft/world/item/trading/VillagerTrades	(Lnet/minecraft/core/HolderGetter;Lnet/minecraft/core/HolderGetter;Lnet/minecraft/tags/TagKey;Lnet/minecraft/core/Holder;Ljava/lang/String;Ljava/util/List;)Lnet/minecraft/world/item/trading/VillagerTrade;	createBasicExplorerMapTrades	method_1_4364
METHOD	net/minecraft/world/item/trading/VillagerTrades	(Lnet/minecraft/core/HolderGetter;Lnet/minecraft/world/item/Item;Ljava/util/List;)Lnet/minecraft/world/item/trading/VillagerTrade;	createCartographerBannerSell	method_1_4365
METHOD	net/minecraft/world/item/trading/VillagerTrades	(Lnet/minecraft/core/HolderGetter;Lnet/minecraft/world/item/Item;Ljava/util/List;)Lnet/minecraft/world/item/trading/VillagerTrade;	createMasonBoatBuyTrade	method_1_4366
METHOD	net/minecraft/world/item/trading/VillagerTrades	(Lnet/minecraft/world/item/Item;)Lnet/minecraft/world/item/trading/VillagerTrade;	createMasonStoneBuy	method_1_4367
METHOD	net/minecraft/world/item/trading/VillagerTrades	(Lnet/minecraft/world/item/Item;)Lnet/minecraft/world/item/trading/VillagerTrade;	createMasonStoneSell	method_1_4368
METHOD	net/minecraft/world/item/trading/VillagerTrades	(Lnet/minecraft/world/item/Item;)Lnet/minecraft/world/item/trading/VillagerTrade;	createShepherdWoolBuy	method_1_4369
METHOD	net/minecraft/world/item/trading/VillagerTrades	(Lnet/minecraft/world/item/Item;)Lnet/minecraft/world/item/trading/VillagerTrade;	createWanderingTraderCoralBlockSell	method_1_4370
METHOD	net/minecraft/world/item/trading/VillagerTrades	(Lnet/minecraft/world/item/Item;I)Lnet/minecraft/world/item/trading/VillagerTrade;	createWanderingTraderFlowerSell	method_1_4371
METHOD	net/minecraft/world/item/trading/VillagerTrades	(Lnet/minecraft/world/item/Item;)Lnet/minecraft/world/item/trading/VillagerTrade;	createWanderingTraderLogSell	method_1_4372
METHOD	net/minecraft/world/item/trading/VillagerTrades	(Lnet/minecraft/world/item/Item;)Lnet/minecraft/world/item/trading/VillagerTrade;	createWanderingTraderSaplingSell	method_1_4373
METHOD	net/minecraft/world/item/trading/VillagerTrades	(Lnet/minecraft/world/item/Item;)Lnet/minecraft/world/item/trading/VillagerTrade;	createWanderingTraderSeedSell	method_1_4374
METHOD	net/minecraft/world/item/trading/VillagerTrades	(Lnet/minecraft/core/HolderGetter;Lnet/minecraft/core/HolderSet;)Ljava/util/List;	enchantedBook	method_1_4375
METHOD	net/minecraft/world/item/trading/VillagerTrades	(Lnet/minecraft/world/item/DyeColor;)Lnet/minecraft/resources/ResourceKey;	lambda$static$0	method_1_4376
METHOD	net/minecraft/world/item/trading/VillagerTrades	(Lnet/minecraft/world/item/DyeColor;)Lnet/minecraft/resources/ResourceKey;	lambda$static$1	method_1_4377
METHOD	net/minecraft/world/item/trading/VillagerTrades	(Lnet/minecraft/world/item/DyeColor;)Lnet/minecraft/resources/ResourceKey;	lambda$static$2	method_1_4378
METHOD	net/minecraft/world/item/trading/VillagerTrades	(Lnet/minecraft/world/item/DyeColor;)Lnet/minecraft/resources/ResourceKey;	lambda$static$3	method_1_4379
METHOD	net/minecraft/world/item/trading/VillagerTrades	(Lnet/minecraft/world/item/DyeColor;)Lnet/minecraft/resources/ResourceKey;	lambda$static$4	method_1_4380
METHOD	net/minecraft/world/item/trading/VillagerTrades	(Lnet/minecraft/world/item/DyeColor;)Lnet/minecraft/resources/ResourceKey;	lambda$static$5	method_1_4381
METHOD	net/minecraft/world/item/trading/VillagerTrades	(Lnet/minecraft/world/item/DyeColor;)Lnet/minecraft/resources/ResourceKey;	lambda$static$6	method_1_4382
METHOD	net/minecraft/world/item/trading/VillagerTrades	(Lnet/minecraft/data/worldgen/BootstrapContext;Lnet/minecraft/core/HolderGetter;Lnet/minecraft/core/HolderGetter;)V	registerBasicExplorerMapTrades	method_1_4383
METHOD	net/minecraft/world/item/trading/VillagerTrades	(Lnet/minecraft/data/worldgen/BootstrapContext;)V	registerCarpetPurchases	method_1_4384
METHOD	net/minecraft/world/item/trading/VillagerTrades	(Lnet/minecraft/data/worldgen/BootstrapContext;)V	registerMasonLevelFourTerracotta	method_1_4385
METHOD	net/minecraft/world/item/trading/VillagerTrades	(Lnet/minecraft/data/worldgen/BootstrapContext;)V	registerMasonLevelThreeBlocks	method_1_4386
METHOD	net/minecraft/world/item/trading/VillagerTrades	(Lnet/minecraft/data/worldgen/BootstrapContext;)V	registerMasonLevelThreeStones	method_1_4387
METHOD	net/minecraft/world/item/trading/VillagerTrades	(Lnet/minecraft/data/worldgen/BootstrapContext;)V	registerShepherdWoolSales	method_1_4388
METHOD	net/minecraft/world/item/trading/VillagerTrades	(Lnet/minecraft/data/worldgen/BootstrapContext;)V	registerWanderingTraderSaplings	method_1_4389
METHOD	net/minecraft/world/item/trading/VillagerTrades	(Lnet/minecraft/data/worldgen/BootstrapContext;)V	registerWanderingTraderSeeds	method_1_4390
METHOD	net/minecraft/world/item/trading/VillagerTrades	(Lnet/minecraft/data/worldgen/BootstrapContext;Lnet/minecraft/world/level/block/ColorCollection;Lnet/minecraft/world/level/block/ColorCollection;)V	registerWanderingTraderTerracottaSellTrades	method_1_4391
METHOD	net/minecraft/world/item/trading/VillagerTrades	(Lnet/minecraft/data/worldgen/BootstrapContext;)V	registerWoolPurchases	method_1_4392
CLASS	net/minecraft/world/level/block/ColorCollection	class_1_727
FIELD	net/minecraft/world/level/block/ColorCollection	Ljava/lang/Object;	black	comp_1_542
FIELD	net/minecraft/world/level/block/ColorCollection	Ljava/lang/Object;	blue	comp_1_543
FIELD	net/minecraft/world/level/block/ColorCollection	Ljava/lang/Object;	brown	comp_1_544
FIELD	net/minecraft/world/level/block/ColorCollection	Ljava/lang/Object;	cyan	comp_1_545
FIELD	net/minecraft/world/level/block/ColorCollection	Ljava/lang/Object;	gray	comp_1_546
FIELD	net/minecraft/world/level/block/ColorCollection	Ljava/lang/Object;	green	comp_1_547
FIELD	net/minecraft/world/level/block/ColorCollection	Ljava/lang/Object;	lightBlue	comp_1_548
FIELD	net/minecraft/world/level/block/ColorCollection	Ljava/lang/Object;	lightGray	comp_1_549
FIELD	net/minecraft/world/level/block/ColorCollection	Ljava/lang/Object;	lime	comp_1_550
FIELD	net/minecraft/world/level/block/ColorCollection	Ljava/lang/Object;	magenta	comp_1_551
FIELD	net/minecraft/world/level/block/ColorCollection	Ljava/lang/Object;	orange	comp_1_552
FIELD	net/minecraft/world/level/block/ColorCollection	Ljava/lang/Object;	pink	comp_1_553
FIELD	net/minecraft/world/level/block/ColorCollection	Ljava/lang/Object;	purple	comp_1_554
FIELD	net/minecraft/world/level/block/ColorCollection	Ljava/lang/Object;	red	comp_1_555
FIELD	net/minecraft/world/level/block/ColorCollection	Ljava/lang/Object;	white	comp_1_556
FIELD	net/minecraft/world/level/block/ColorCollection	Ljava/lang/Object;	yellow	comp_1_557
METHOD	net/minecraft/world/level/block/ColorCollection	()Lcom/google/common/collect/ImmutableList;	asList	method_1_4393
METHOD	net/minecraft/world/level/block/ColorCollection	(Ljava/util/function/Consumer;)V	forEach	method_1_4394
METHOD	net/minecraft/world/level/block/ColorCollection	(Lorg/apache/commons/lang3/function/TriFunction;Ljava/lang/String;Ljava/util/function/BiFunction;Ljava/util/function/Function;Lnet/minecraft/world/item/DyeColor;)Lnet/minecraft/world/level/block/Block;	lambda$registerBlocks$0	method_1_4395
METHOD	net/minecraft/world/level/block/ColorCollection	(Ljava/util/function/BiFunction;Lnet/minecraft/world/item/DyeColor;Lnet/minecraft/world/level/block/state/BlockBehaviour$Properties;)Lnet/minecraft/world/level/block/Block;	lambda$registerBlocks$1	method_1_4396
METHOD	net/minecraft/world/level/block/ColorCollection	(Ljava/util/function/BiFunction;Lnet/minecraft/world/level/block/ColorCollection;Lnet/minecraft/world/item/DyeColor;)Lnet/minecraft/world/item/Item;	lambda$registerItems$0	method_1_4397
METHOD	net/minecraft/world/level/block/ColorCollection	(Ljava/util/function/BiFunction;Ljava/lang/String;Lnet/minecraft/world/item/DyeColor;)Lnet/minecraft/world/item/Item;	lambda$registerItems$1	method_1_4398
METHOD	net/minecraft/world/level/block/ColorCollection	(Ljava/util/function/Function;)Lnet/minecraft/world/level/block/ColorCollection;	make	method_1_4399
METHOD	net/minecraft/world/level/block/ColorCollection	(Lnet/minecraft/world/item/DyeColor;)Ljava/lang/Object;	pick	method_1_4400
METHOD	net/minecraft/world/level/block/ColorCollection	(Ljava/lang/String;Lorg/apache/commons/lang3/function/TriFunction;Ljava/util/function/BiFunction;Ljava/util/function/Function;)Lnet/minecraft/world/level/block/ColorCollection;	registerBlocks	method_1_4401
METHOD	net/minecraft/world/level/block/ColorCollection	(Ljava/lang/String;Ljava/util/function/BiFunction;)Lnet/minecraft/world/level/block/ColorCollection;	registerItems	method_1_4402
METHOD	net/minecraft/world/level/block/ColorCollection	(Lnet/minecraft/world/level/block/ColorCollection;Ljava/util/function/BiFunction;)Lnet/minecraft/world/level/block/ColorCollection;	registerItems	method_1_4403
METHOD	net/minecraft/world/level/block/ColorCollection	(Ljava/util/function/BiConsumer;Lnet/minecraft/world/level/block/ColorCollection;Lnet/minecraft/world/level/block/ColorCollection;)V	zipApply	method_1_4404
FIELD	net/minecraft/world/level/block/ColorCollection$1	[I	$SwitchMap$net$minecraft$world$item$DyeColor	field_1_3711
METHOD	net/minecraft/world/level/levelgen/SurfaceRules	(Lnet/minecraft/resources/ResourceKey;Ljava/util/List;)Lnet/minecraft/world/level/levelgen/SurfaceRules$RuleSource;	noiseGradient	method_1_4405
CLASS	net/minecraft/world/level/levelgen/SurfaceRules$NoiseGradientRule	class_1_728
FIELD	net/minecraft/world/level/levelgen/SurfaceRules$NoiseGradientRule	Ljava/util/List;	gradient	comp_1_558
FIELD	net/minecraft/world/level/levelgen/SurfaceRules$NoiseGradientRule	Lnet/minecraft/world/level/levelgen/synth/NormalNoise;	noise	comp_1_559
CLASS	net/minecraft/world/level/levelgen/SurfaceRules$NoiseGradientRuleSource	class_1_729
FIELD	net/minecraft/world/level/levelgen/SurfaceRules$NoiseGradientRuleSource	Lnet/minecraft/util/KeyDispatchDataCodec;	CODEC	field_1_3712
FIELD	net/minecraft/world/level/levelgen/SurfaceRules$NoiseGradientRuleSource	Lcom/mojang/serialization/MapCodec;	MAP_CODEC	field_1_3713
FIELD	net/minecraft/world/level/levelgen/SurfaceRules$NoiseGradientRuleSource	Lcom/mojang/serialization/Codec;	OPTIONAL_STATE_CODEC	field_1_3714
FIELD	net/minecraft/world/level/levelgen/SurfaceRules$NoiseGradientRuleSource	Ljava/util/List;	gradient	comp_1_560
FIELD	net/minecraft/world/level/levelgen/SurfaceRules$NoiseGradientRuleSource	Lnet/minecraft/resources/ResourceKey;	noise	comp_1_561
METHOD	net/minecraft/world/level/levelgen/SurfaceRules$NoiseGradientRuleSource	(Lnet/minecraft/world/level/levelgen/SurfaceRules$Context;)Lnet/minecraft/world/level/levelgen/SurfaceRules$SurfaceRule;	apply	method_1_4406
METHOD	net/minecraft/world/level/levelgen/SurfaceRules$NoiseGradientRuleSource	(Ljava/util/Optional;)Lnet/minecraft/world/level/block/state/BlockState;	lambda$apply$0	method_1_4407
METHOD	net/minecraft/world/level/levelgen/SurfaceRules$NoiseGradientRuleSource	(Lcom/mojang/serialization/codecs/RecordCodecBuilder$Instance;)Lcom/mojang/datafixers/kinds/App;	lambda$static$0	method_1_4408
METHOD	net/minecraft/world/level/storage/loot/LootPool$Builder	(Ljava/util/List;)Lnet/minecraft/world/level/storage/loot/LootPool$Builder;	addAll	method_1_4409
METHOD	com/mojang/blaze3d/systems/CommandEncoderBackend	()V	submit	method_1_4410
METHOD	com/mojang/blaze3d/systems/CommandEncoderBackend	(Lcom/mojang/blaze3d/systems/GpuQueryPool;I)V	writeTimestamp	method_1_4411
CLASS	com/mojang/blaze3d/vulkan/init/VulkanPNextStruct	class_1_730
FIELD	com/mojang/blaze3d/vulkan/init/VulkanPNextStruct	I	sType	comp_1_562
FIELD	com/mojang/blaze3d/vulkan/init/VulkanPNextStruct	I	structSize	comp_1_563
METHOD	com/mojang/blaze3d/vulkan/init/VulkanPNextStruct	(JLorg/lwjgl/system/MemoryStack;)J	findOrCreateStructInPNextChain	method_1_4412
METHOD	com/mojang/blaze3d/vulkan/init/VulkanPNextStruct	(Lorg/lwjgl/vulkan/VkPhysicalDeviceFeatures2;Lorg/lwjgl/system/MemoryStack;)J	findOrCreateStructInPNextChain	method_1_4413
METHOD	com/mojang/blaze3d/vulkan/init/VulkanPNextStruct	(Lorg/lwjgl/vulkan/VkPhysicalDeviceProperties2;Lorg/lwjgl/system/MemoryStack;)J	findOrCreateStructInPNextChain	method_1_4414
METHOD	com/mojang/blaze3d/vulkan/init/VulkanPNextStruct	(J)J	findStructInPNextChain	method_1_4415
METHOD	com/mojang/blaze3d/vulkan/init/VulkanPNextStruct	(JI)J	findStructInPNextChain	method_1_4416
CLASS	net/minecraft/client/particle/NoxiousGasParticle	class_1_731
FIELD	net/minecraft/client/particle/NoxiousGasParticle	F	fadeOutStartingPoint	field_1_3715
CLASS	net/minecraft/client/particle/NoxiousGasParticle$Provider	class_1_732
FIELD	net/minecraft/client/particle/NoxiousGasParticle$Provider	Lnet/minecraft/client/particle/SpriteSet;	sprites	field_1_3716
METHOD	net/minecraft/client/particle/NoxiousGasParticle$Provider	(Lnet/minecraft/core/particles/SimpleParticleType;Lnet/minecraft/client/multiplayer/ClientLevel;DDDDDDLnet/minecraft/util/RandomSource;)Lnet/minecraft/client/particle/Particle;	createParticle	method_1_4417
METHOD	net/minecraft/core/cauldron/CauldronInteractions	(Lnet/minecraft/world/item/Item;)V	lambda$bootStrap$5	method_1_4418
METHOD	net/minecraft/core/cauldron/CauldronInteractions	(Lnet/minecraft/world/item/Item;)V	lambda$bootStrap$6	method_1_4419
METHOD	net/minecraft/data/worldgen/BiomeDefaultFeatures	(Lnet/minecraft/world/level/biome/BiomeGenerationSettings$Builder;)V	addSulfurCavesVegetationFeatures	method_1_4420
CLASS	net/minecraft/world/entity/monster/cubemob/Slime	class_1_733
METHOD	net/minecraft/world/entity/monster/cubemob/Slime	(Lnet/minecraft/world/entity/EntityType;Lnet/minecraft/world/level/LevelAccessor;Lnet/minecraft/world/entity/EntitySpawnReason;Lnet/minecraft/core/BlockPos;Lnet/minecraft/util/RandomSource;)Z	checkSlimeSpawnRules	method_1_4421
METHOD	net/minecraft/world/entity/monster/cubemob/Slime	(Lnet/minecraft/world/entity/LivingEntity;Lnet/minecraft/server/level/ServerLevel;)Z	lambda$addTargetingGoals$0	method_1_4422
METHOD	net/minecraft/world/level/block/CopperChestBlock	(Lnet/minecraft/world/level/block/WeatheringCopper$WeatherState;Z)Lnet/minecraft/sounds/SoundEvent;	getHingeSound	method_1_4423
METHOD	net/minecraft/world/level/block/CopperChestBlock	()Lnet/minecraft/world/level/block/Block;	lambda$static$1	method_1_4424
METHOD	net/minecraft/world/level/block/CopperChestBlock	()Lnet/minecraft/world/level/block/Block;	lambda$static$2	method_1_4425
METHOD	net/minecraft/world/level/block/CopperChestBlock	()Lnet/minecraft/world/level/block/Block;	lambda$static$3	method_1_4426
METHOD	net/minecraft/world/level/block/CopperChestBlock	()Lnet/minecraft/world/level/block/Block;	lambda$static$4	method_1_4427
METHOD	net/minecraft/world/level/block/CopperChestBlock	()Lnet/minecraft/world/level/block/Block;	lambda$static$5	method_1_4428
METHOD	net/minecraft/world/level/block/CopperChestBlock	()Lnet/minecraft/world/level/block/Block;	lambda$static$6	method_1_4429
METHOD	net/minecraft/world/level/block/CopperChestBlock	()Lnet/minecraft/world/level/block/Block;	lambda$static$7	method_1_4430
METHOD	net/minecraft/world/level/block/CopperChestBlock	()Lnet/minecraft/world/level/block/Block;	lambda$static$8	method_1_4431
FIELD	net/minecraft/world/level/block/CopperChestBlock$1	[I	$SwitchMap$net$minecraft$world$level$block$WeatheringCopper$WeatherState	field_1_3717
METHOD	net/minecraft/world/level/block/WeatheringCopper$WeatherState	(Ljava/util/function/Consumer;)V	forEach	method_1_4432
FIELD	com/mojang/realmsclient/gui/RealmsWorldSlotButton	Lcom/mojang/realmsclient/gui/screens/configuration/RealmsConfigureWorldScreen;	configureWorldScreen	field_1_3718
FIELD	net/minecraft/client/gui/components/ChatComponent	Lnet/minecraft/client/CommandHistory;	commandHistory	field_1_3719
CLASS	net/minecraft/client/resources/model/ModelManager$MaterialBakerImpl	class_1_734
FIELD	net/minecraft/client/resources/model/ModelManager$MaterialBakerImpl	Ljava/util/Map;	bakedMaterials	field_1_3720
FIELD	net/minecraft/client/resources/model/ModelManager$MaterialBakerImpl	Ljava/util/function/Function;	bakerFunction	field_1_3721
FIELD	net/minecraft/client/resources/model/ModelManager$MaterialBakerImpl	Lnet/minecraft/client/renderer/texture/SpriteLoader$Preparations;	blockAtlas	field_1_3722
FIELD	net/minecraft/client/resources/model/ModelManager$MaterialBakerImpl	Lnet/minecraft/client/resources/model/sprite/Material$Baked;	blockMissing	field_1_3723
FIELD	net/minecraft/client/resources/model/ModelManager$MaterialBakerImpl	Lnet/minecraft/client/renderer/texture/SpriteLoader$Preparations;	itemAtlas	field_1_3724
FIELD	net/minecraft/client/resources/model/ModelManager$MaterialBakerImpl	Lcom/google/common/collect/Multimap;	missingReferences	field_1_3725
FIELD	net/minecraft/client/resources/model/ModelManager$MaterialBakerImpl	Lcom/google/common/collect/Multimap;	missingSprites	field_1_3726
METHOD	net/minecraft/client/resources/model/ModelManager$MaterialBakerImpl	(Lnet/minecraft/client/resources/model/sprite/Material;)Lnet/minecraft/client/resources/model/sprite/Material$Baked;	bake	method_1_4433
METHOD	net/minecraft/client/resources/model/ModelManager$MaterialBakerImpl	(Lnet/minecraft/client/resources/model/sprite/Material;Lnet/minecraft/client/renderer/texture/SpriteLoader$Preparations;)Lnet/minecraft/client/resources/model/sprite/Material$Baked;	bakeForAtlas	method_1_4434
METHOD	net/minecraft/client/resources/model/ModelManager$MaterialBakerImpl	(Ljava/lang/String;Ljava/util/Collection;)V	lambda$logMissingTextures$0	method_1_4435
METHOD	net/minecraft/client/resources/model/ModelManager$MaterialBakerImpl	(Lnet/minecraft/resources/Identifier;)Ljava/lang/String;	lambda$logMissingTextures$1	method_1_4436
METHOD	net/minecraft/client/resources/model/ModelManager$MaterialBakerImpl	(Ljava/lang/String;Ljava/util/Collection;)V	lambda$logMissingTextures$2	method_1_4437
METHOD	net/minecraft/client/resources/model/ModelManager$MaterialBakerImpl	(Ljava/lang/String;)Ljava/lang/String;	lambda$logMissingTextures$3	method_1_4438
METHOD	net/minecraft/client/resources/model/ModelManager$MaterialBakerImpl	()V	logMissingTextures	method_1_4439
METHOD	net/minecraft/core/dispenser/DispenseItemBehavior	(Lnet/minecraft/core/dispenser/ShulkerBoxDispenseBehavior;Lnet/minecraft/world/item/Item;)V	lambda$bootStrap$0	method_1_4440
METHOD	net/minecraft/data/loot/packs/VanillaShearingLoot	(Ljava/util/function/BiConsumer;Lnet/minecraft/resources/ResourceKey;Lnet/minecraft/world/level/block/Block;)V	lambda$generate$0	method_1_4441
METHOD	net/minecraft/data/worldgen/biome/OverworldBiomes	(Lnet/minecraft/core/HolderGetter;Lnet/minecraft/core/HolderGetter;)Lnet/minecraft/world/level/biome/Biome;	sulfurCaves	method_1_4442
FIELD	net/minecraft/data/worldgen/features/CaveFeatures	Lnet/minecraft/resources/ResourceKey;	ROOTED_SULFUR_SPRING	field_1_3727
METHOD	net/minecraft/world/entity/monster/zombie/Drowned	()Z	isSearchingForLand	method_1_4443
CLASS	net/minecraft/world/level/block/PotentSulfurBlock	class_1_735
FIELD	net/minecraft/world/level/block/PotentSulfurBlock	I	ALLOWED_WATER_BLOCKS_ABOVE	field_1_3728
FIELD	net/minecraft/world/level/block/PotentSulfurBlock	Lcom/mojang/serialization/MapCodec;	CODEC	field_1_3729
METHOD	net/minecraft/world/level/block/PotentSulfurBlock	(Lnet/minecraft/world/level/Level;Lnet/minecraft/util/RandomSource;DDD)V	spawnBubbleParticlesAt	method_1_4444
METHOD	net/minecraft/client/gui/components/AbstractWidget	(Lnet/minecraft/client/gui/GuiGraphicsExtractor;II)V	extractTooltipForNextRenderPass	method_1_4445
CLASS	net/minecraft/client/particle/BreakingItemParticle$SulfurCubeProvider	class_1_736
FIELD	net/minecraft/client/particle/BreakingItemParticle$SulfurCubeProvider	Lnet/minecraft/client/particle/SpriteSet;	sprites	field_1_3730
METHOD	net/minecraft/client/particle/BreakingItemParticle$SulfurCubeProvider	(Lnet/minecraft/core/particles/SimpleParticleType;Lnet/minecraft/client/multiplayer/ClientLevel;DDDDDDLnet/minecraft/util/RandomSource;)Lnet/minecraft/client/particle/Particle;	createParticle	method_1_4446
CLASS	net/minecraft/client/particle/SulfurBubbleParticle	class_1_737
FIELD	net/minecraft/client/particle/SulfurBubbleParticle	F	HORIZONTAL_WIGGLING	field_1_3731
FIELD	net/minecraft/client/particle/SulfurBubbleParticle	F	SIZE_END	field_1_3732
FIELD	net/minecraft/client/particle/SulfurBubbleParticle	F	SIZE_START	field_1_3733
FIELD	net/minecraft/client/particle/SulfurBubbleParticle	F	UPWARDS_SPEED	field_1_3734
FIELD	net/minecraft/client/particle/SulfurBubbleParticle	F	sizeStart	field_1_3735
FIELD	net/minecraft/client/particle/SulfurBubbleParticle	D	yEnd	field_1_3736
FIELD	net/minecraft/client/particle/SulfurBubbleParticle	D	yPrev	field_1_3737
FIELD	net/minecraft/client/particle/SulfurBubbleParticle	D	yStart	field_1_3738
METHOD	net/minecraft/client/particle/SulfurBubbleParticle	()D	randomHorizontalWiggling	method_1_4447
CLASS	net/minecraft/client/particle/SulfurBubbleParticle$Provider	class_1_738
FIELD	net/minecraft/client/particle/SulfurBubbleParticle$Provider	Lnet/minecraft/client/particle/SpriteSet;	sprite	field_1_3739
METHOD	net/minecraft/client/particle/SulfurBubbleParticle$Provider	(Lnet/minecraft/core/particles/SimpleParticleType;Lnet/minecraft/client/multiplayer/ClientLevel;DDDDDDLnet/minecraft/util/RandomSource;)Lnet/minecraft/client/particle/Particle;	createParticle	method_1_4448
METHOD	net/minecraft/client/renderer/ScreenEffectRenderer	(Lnet/minecraft/client/renderer/texture/TextureAtlasSprite;Lcom/mojang/blaze3d/vertex/VertexConsumer;Lorg/joml/Matrix4f;)V	buildFireQuad	method_1_4449
METHOD	net/minecraft/client/renderer/ScreenEffectRenderer	(Lcom/mojang/blaze3d/vertex/VertexConsumer;Lorg/joml/Matrix4f;FFFFFFFFFI)V	buildQuad	method_1_4450
METHOD	net/minecraft/client/renderer/ScreenEffectRenderer	(Lcom/mojang/blaze3d/vertex/VertexConsumer;Lorg/joml/Matrix4f;Lnet/minecraft/client/renderer/texture/TextureAtlasSprite;FFFFFI)V	buildSpriteQuad	method_1_4451
METHOD	net/minecraft/client/renderer/ScreenEffectRenderer	(Lnet/minecraft/client/renderer/texture/TextureAtlasSprite;ILcom/mojang/blaze3d/vertex/PoseStack$Pose;Lcom/mojang/blaze3d/vertex/VertexConsumer;)V	lambda$submitBlockSprite$0	method_1_4452
METHOD	net/minecraft/client/renderer/ScreenEffectRenderer	(Lnet/minecraft/client/renderer/texture/TextureAtlasSprite;Lcom/mojang/blaze3d/vertex/PoseStack$Pose;Lcom/mojang/blaze3d/vertex/VertexConsumer;)V	lambda$submitFire$0	method_1_4453
METHOD	net/minecraft/client/renderer/ScreenEffectRenderer	(FFILcom/mojang/blaze3d/vertex/PoseStack$Pose;Lcom/mojang/blaze3d/vertex/VertexConsumer;)V	lambda$submitWater$0	method_1_4454
METHOD	net/minecraft/client/renderer/ScreenEffectRenderer	(Lnet/minecraft/client/renderer/texture/TextureAtlasSprite;Lcom/mojang/blaze3d/vertex/PoseStack;Lnet/minecraft/client/renderer/SubmitNodeCollector;I)V	submitBlockSprite	method_1_4455
METHOD	net/minecraft/world/level/levelgen/DensityFunction	(Lnet/minecraft/core/Holder;)Lnet/minecraft/world/level/levelgen/DensityFunction;	lambda$static$0	method_1_4456
FIELD	net/minecraft/world/level/levelgen/feature/Feature	Lnet/minecraft/world/level/levelgen/feature/Feature;	SEQUENCE	field_1_3740
FIELD	net/minecraft/world/level/levelgen/feature/Feature	Lnet/minecraft/world/level/levelgen/feature/Feature;	SPELEOTHEM	field_1_3741
FIELD	net/minecraft/world/level/levelgen/feature/Feature	Lnet/minecraft/world/level/levelgen/feature/Feature;	SPELEOTHEM_CLUSTER	field_1_3742
FIELD	net/minecraft/world/level/levelgen/feature/Feature	Lnet/minecraft/world/level/levelgen/feature/Feature;	TEMPLATE	field_1_3743
CLASS	com/mojang/blaze3d/systems/BackendCreationException	class_1_739
FIELD	com/mojang/blaze3d/systems/BackendCreationException	Ljava/util/List;	missingCapabilities	field_1_3744
FIELD	com/mojang/blaze3d/systems/BackendCreationException	Lcom/mojang/blaze3d/systems/BackendCreationException$Reason;	reason	field_1_3745
METHOD	com/mojang/blaze3d/systems/BackendCreationException	()Ljava/util/List;	getMissingCapabilities	method_1_4457
METHOD	com/mojang/blaze3d/systems/BackendCreationException	()Lcom/mojang/blaze3d/systems/BackendCreationException$Reason;	getReason	method_1_4458
CLASS	com/mojang/blaze3d/systems/BackendCreationException$Reason	class_1_740
FIELD	com/mojang/blaze3d/systems/BackendCreationException$Reason	[Lcom/mojang/blaze3d/systems/BackendCreationException$Reason;	$VALUES	field_1_3746
FIELD	com/mojang/blaze3d/systems/BackendCreationException$Reason	Lcom/mojang/blaze3d/systems/BackendCreationException$Reason;	GLFW_ERROR	field_1_3747
FIELD	com/mojang/blaze3d/systems/BackendCreationException$Reason	Lcom/mojang/blaze3d/systems/BackendCreationException$Reason;	OPENGL_MISSING	field_1_3748
FIELD	com/mojang/blaze3d/systems/BackendCreationException$Reason	Lcom/mojang/blaze3d/systems/BackendCreationException$Reason;	OTHER	field_1_3749
FIELD	com/mojang/blaze3d/systems/BackendCreationException$Reason	Lcom/mojang/blaze3d/systems/BackendCreationException$Reason;	VULKAN_DEVICE_VERSION_TOO_LOW	field_1_3750
FIELD	com/mojang/blaze3d/systems/BackendCreationException$Reason	Lcom/mojang/blaze3d/systems/BackendCreationException$Reason;	VULKAN_INSTANCE_CREATION_FAILED	field_1_3751
FIELD	com/mojang/blaze3d/systems/BackendCreationException$Reason	Lcom/mojang/blaze3d/systems/BackendCreationException$Reason;	VULKAN_MISSING_EXTENSION	field_1_3752
FIELD	com/mojang/blaze3d/systems/BackendCreationException$Reason	Lcom/mojang/blaze3d/systems/BackendCreationException$Reason;	VULKAN_MISSING_FEATURE	field_1_3753
FIELD	com/mojang/blaze3d/systems/BackendCreationException$Reason	Lcom/mojang/blaze3d/systems/BackendCreationException$Reason;	VULKAN_NO_DEVICE	field_1_3754
FIELD	com/mojang/blaze3d/systems/BackendCreationException$Reason	Lcom/mojang/blaze3d/systems/BackendCreationException$Reason;	VULKAN_NO_GRAPHICS_QUEUE	field_1_3755
FIELD	com/mojang/blaze3d/systems/BackendCreationException$Reason	Ljava/lang/String;	displayName	field_1_3756
METHOD	com/mojang/blaze3d/systems/BackendCreationException$Reason	()[Lcom/mojang/blaze3d/systems/BackendCreationException$Reason;	$values	method_1_4459
METHOD	com/mojang/blaze3d/systems/BackendCreationException$Reason	()Ljava/lang/String;	displayName	method_1_4460
FIELD	net/minecraft/world/entity/ai/attributes/Attributes	Lnet/minecraft/core/Holder;	AIR_DRAG_MODIFIER	field_1_3757
FIELD	net/minecraft/world/entity/ai/attributes/Attributes	Lnet/minecraft/core/Holder;	BOUNCINESS	field_1_3758
FIELD	net/minecraft/world/entity/ai/attributes/Attributes	Lnet/minecraft/core/Holder;	FRICTION_MODIFIER	field_1_3759
FIELD	net/minecraft/world/level/levelgen/DensityFunctions$Spline	Lnet/minecraft/util/BoundedFloatFunction;	sampler	field_1_3760
comp_526 is now field_1_3761
comp_526 is now method_1_4461
CLASS	com/mojang/blaze3d/platform/NativeLibrariesBootstrap	class_1_741
FIELD	com/mojang/blaze3d/platform/NativeLibrariesBootstrap	Ljava/util/HexFormat;	HEX_FORMAT	field_1_3762
FIELD	com/mojang/blaze3d/platform/NativeLibrariesBootstrap	Lorg/slf4j/Logger;	LOGGER	field_1_3763
METHOD	com/mojang/blaze3d/platform/NativeLibrariesBootstrap	()V	configureLWJGLLibraryPath	method_1_4462
METHOD	com/mojang/blaze3d/platform/NativeLibrariesBootstrap	(Ljava/lang/String;)V	createAndCheckDirectory	method_1_4463
METHOD	com/mojang/blaze3d/platform/NativeLibrariesBootstrap	(Ljava/nio/file/Path;)Ljava/lang/String;	identifyFileContents	method_1_4464
METHOD	com/mojang/blaze3d/platform/NativeLibrariesBootstrap	(Lcom/mojang/datafixers/util/Pair;)Ljava/lang/String;	lambda$listLibrariesDirectory$0	method_1_4465
METHOD	com/mojang/blaze3d/platform/NativeLibrariesBootstrap	(Ljava/lang/String;)Ljava/lang/String;	lambda$loadLibrary$0	method_1_4466
METHOD	com/mojang/blaze3d/platform/NativeLibrariesBootstrap	(Ljava/lang/String;)Ljava/lang/String;	lambda$loadLibrary$1	method_1_4467
METHOD	com/mojang/blaze3d/platform/NativeLibrariesBootstrap	(Ljava/lang/String;)Ljava/lang/String;	lambda$loadLibrary$2	method_1_4468
METHOD	com/mojang/blaze3d/platform/NativeLibrariesBootstrap	()Ljava/lang/String;	lambda$setupLWJGLCapture$0	method_1_4469
METHOD	com/mojang/blaze3d/platform/NativeLibrariesBootstrap	(Ljava/lang/String;)Ljava/lang/String;	listLibrariesDirectory	method_1_4470
METHOD	com/mojang/blaze3d/platform/NativeLibrariesBootstrap	()V	loadFreeType	method_1_4471
METHOD	com/mojang/blaze3d/platform/NativeLibrariesBootstrap	()V	loadGlfw	method_1_4472
METHOD	com/mojang/blaze3d/platform/NativeLibrariesBootstrap	()V	loadLWJGLSystem	method_1_4473
METHOD	com/mojang/blaze3d/platform/NativeLibrariesBootstrap	()V	loadLibraries	method_1_4474
METHOD	com/mojang/blaze3d/platform/NativeLibrariesBootstrap	(Ljava/util/function/Supplier;Ljava/lang/String;Ljava/lang/Runnable;)V	loadLibrary	method_1_4475
METHOD	com/mojang/blaze3d/platform/NativeLibrariesBootstrap	()V	loadOpenAL	method_1_4476
METHOD	com/mojang/blaze3d/platform/NativeLibrariesBootstrap	()V	loadOpenGL	method_1_4477
METHOD	com/mojang/blaze3d/platform/NativeLibrariesBootstrap	()V	loadSTB	method_1_4478
METHOD	com/mojang/blaze3d/platform/NativeLibrariesBootstrap	()V	loadTinyFD	method_1_4479
METHOD	com/mojang/blaze3d/platform/NativeLibrariesBootstrap	()Ljava/util/function/Supplier;	setupLWJGLCapture	method_1_4480
METHOD	com/mojang/blaze3d/platform/NativeLibrariesBootstrap	(Ljava/nio/channels/FileChannel;)Ljava/nio/channels/FileLock;	tryLock	method_1_4481
CLASS	com/mojang/blaze3d/platform/NativeLibrariesBootstrap$CapturingPrintStream	class_1_742
FIELD	com/mojang/blaze3d/platform/NativeLibrariesBootstrap$CapturingPrintStream	Lcom/mojang/blaze3d/platform/NativeLibrariesBootstrap$CapturingStream;	collector	field_1_3764
METHOD	com/mojang/blaze3d/platform/NativeLibrariesBootstrap$CapturingPrintStream	()V	startCapturing	method_1_4482
METHOD	com/mojang/blaze3d/platform/NativeLibrariesBootstrap$CapturingPrintStream	()Ljava/lang/String;	stopCapturing	method_1_4483
CLASS	com/mojang/blaze3d/platform/NativeLibrariesBootstrap$CapturingStream	class_1_743
FIELD	com/mojang/blaze3d/platform/NativeLibrariesBootstrap$CapturingStream	Ljava/io/ByteArrayOutputStream;	buffer	field_1_3765
METHOD	net/minecraft/client/data/models/ItemModelGenerators	(Lnet/minecraft/world/item/Item;)V	lambda$run$0	method_1_4484
METHOD	net/minecraft/client/data/models/ItemModelGenerators	(Lnet/minecraft/world/item/Item;)V	lambda$run$1	method_1_4485
CLASS	net/minecraft/client/renderer/DebugCrosshairRenderer	class_1_744
FIELD	net/minecraft/client/renderer/DebugCrosshairRenderer	I	CROSSHAIR_INDEX_COUNT	field_1_3766
FIELD	net/minecraft/client/renderer/DebugCrosshairRenderer	F	CROSSHAIR_SCALE	field_1_3767
FIELD	net/minecraft/client/renderer/DebugCrosshairRenderer	Lcom/mojang/blaze3d/buffers/GpuBuffer;	crosshairBuffer	field_1_3768
FIELD	net/minecraft/client/renderer/DebugCrosshairRenderer	Lcom/mojang/blaze3d/systems/RenderSystem$AutoStorageIndexBuffer;	crosshairIndicies	field_1_3769
METHOD	net/minecraft/client/renderer/DebugCrosshairRenderer	()Ljava/lang/String;	lambda$new$0	method_1_4486
METHOD	net/minecraft/client/renderer/DebugCrosshairRenderer	()Ljava/lang/String;	lambda$render$0	method_1_4487
METHOD	net/minecraft/client/renderer/DebugCrosshairRenderer	(Lnet/minecraft/client/renderer/state/level/CameraRenderState;I)V	render	method_1_4488
FIELD	net/minecraft/data/worldgen/placement/CavePlacements	Lnet/minecraft/resources/ResourceKey;	ROOTED_SULFUR_SPRING	field_1_3770
METHOD	net/minecraft/world/entity/monster/cubemob/MagmaCube	(Lnet/minecraft/world/entity/LivingEntity;Lnet/minecraft/server/level/ServerLevel;)Z	lambda$addTargetingGoals$0	method_1_4489
CLASS	net/minecraft/world/item/component/SulfurCubeContent	class_1_745
FIELD	net/minecraft/world/item/component/SulfurCubeContent	Lcom/mojang/serialization/Codec;	CODEC	field_1_3771
FIELD	net/minecraft/world/item/component/SulfurCubeContent	Lnet/minecraft/network/codec/StreamCodec;	STREAM_CODEC	field_1_3772
FIELD	net/minecraft/world/item/component/SulfurCubeContent	Lnet/minecraft/world/item/ItemStackTemplate;	absorbedBlockItemStack	comp_1_564
METHOD	net/minecraft/world/item/component/SulfurCubeContent	(Lnet/minecraft/world/item/ItemStack;)Lnet/minecraft/world/item/component/SulfurCubeContent;	ofNonEmpty	method_1_4490
FIELD	net/minecraft/world/level/block/state/BlockBehaviour	F	bounceRestitution	field_1_3773
FIELD	net/minecraft/world/level/block/state/BlockBehaviour$Properties	F	bounceRestitution	field_1_3774
METHOD	net/minecraft/world/level/block/state/BlockBehaviour$Properties	(F)Lnet/minecraft/world/level/block/state/BlockBehaviour$Properties;	bounceRestitution	method_1_4491
METHOD	net/minecraft/client/data/models/BlockModelGenerators	(Lnet/minecraft/world/level/block/WeatheringCopper$WeatherState;)V	lambda$createCopperChests$0	method_1_4492
METHOD	net/minecraft/client/data/models/BlockModelGenerators	(Lnet/minecraft/world/level/block/WeatheringCopper$WeatherState;)V	lambda$createCopperGolemStatues$0	method_1_4493
METHOD	net/minecraft/client/data/models/BlockModelGenerators	(Lnet/minecraft/world/level/block/WeatheringCopper$WeatherState;)V	lambda$run$1	method_1_4494
METHOD	net/minecraft/client/data/models/BlockModelGenerators	(Lnet/minecraft/world/level/block/Block;Lnet/minecraft/world/level/block/Block;)V	lambda$run$2	method_1_4495
METHOD	net/minecraft/client/data/models/BlockModelGenerators	(Lnet/minecraft/world/level/block/Block;Lnet/minecraft/world/level/block/Block;)V	lambda$run$3	method_1_4496
METHOD	net/minecraft/client/data/models/BlockModelGenerators	(Lnet/minecraft/world/level/block/Block;Lnet/minecraft/world/level/block/Block;)V	lambda$run$4	method_1_4497
METHOD	net/minecraft/client/data/models/BlockModelGenerators	(Lnet/minecraft/world/level/block/Block;Lnet/minecraft/world/level/block/Block;)V	lambda$run$5	method_1_4498
METHOD	net/minecraft/client/data/models/BlockModelGenerators	(Lnet/minecraft/world/level/block/Block;Lnet/minecraft/world/level/block/Block;)V	lambda$run$6	method_1_4499
METHOD	net/minecraft/client/data/models/BlockModelGenerators	(Lnet/minecraft/world/item/DyeColor;)V	lambda$run$7	method_1_4500
FIELD	net/minecraft/client/data/models/BlockModelGenerators$1	[I	$SwitchMap$net$minecraft$world$level$block$WeatheringCopper$WeatherState	field_1_3775
CLASS	net/minecraft/client/particle/NoxiousGasCloudParticle	class_1_746
FIELD	net/minecraft/client/particle/NoxiousGasCloudParticle	I	PARTICLE_TICKS	field_1_3776
METHOD	net/minecraft/client/particle/NoxiousGasCloudParticle	(Lnet/minecraft/world/level/Level;Lnet/minecraft/core/BlockPos;)Lnet/minecraft/world/phys/Vec3;	pickRandomParticleSpawnPoint	method_1_4501
METHOD	net/minecraft/client/particle/NoxiousGasCloudParticle	(Lnet/minecraft/world/level/Level;Lnet/minecraft/world/phys/Vec3;)V	spawnNoxiousGasParticle	method_1_4502
CLASS	net/minecraft/client/particle/NoxiousGasCloudParticle$Provider	class_1_747
METHOD	net/minecraft/client/particle/NoxiousGasCloudParticle$Provider	(Lnet/minecraft/core/particles/SimpleParticleType;Lnet/minecraft/client/multiplayer/ClientLevel;DDDDDDLnet/minecraft/util/RandomSource;)Lnet/minecraft/client/particle/Particle;	createParticle	method_1_4503
CLASS	net/minecraft/world/entity/monster/cubemob/SulfurCube	class_1_748
FIELD	net/minecraft/world/entity/monster/cubemob/SulfurCube	Ljava/util/function/Predicate;	ALLOWED_ITEMS	field_1_3777
FIELD	net/minecraft/world/entity/monster/cubemob/SulfurCube	F	DAMAGE_MULTIPLIER_SCALE	field_1_3778
FIELD	net/minecraft/world/entity/monster/cubemob/SulfurCube	Z	DEFAULT_FROM_BUCKET	field_1_3779
FIELD	net/minecraft/world/entity/monster/cubemob/SulfurCube	Lnet/minecraft/network/syncher/EntityDataAccessor;	FROM_BUCKET	field_1_3780
FIELD	net/minecraft/world/entity/monster/cubemob/SulfurCube	D	MAX_PLAYER_PUSH_SPEED	field_1_3781
FIELD	net/minecraft/world/entity/monster/cubemob/SulfurCube	I	MAX_SIZE	field_1_3782
FIELD	net/minecraft/world/entity/monster/cubemob/SulfurCube	I	PICKUP_TIMER_DURATION	field_1_3783
FIELD	net/minecraft/world/entity/monster/cubemob/SulfurCube	F	PLAYER_PUSH_SPEED_SCALE_MULTIPLIER	field_1_3784
FIELD	net/minecraft/world/entity/monster/cubemob/SulfurCube	D	PUSH_DISTANCE_THRESHOLD	field_1_3785
FIELD	net/minecraft/world/entity/monster/cubemob/SulfurCube	F	PUSH_SOUND_THRESHOLD	field_1_3786
FIELD	net/minecraft/world/entity/monster/cubemob/SulfurCube	I	SPLIT_COUNT	field_1_3787
FIELD	net/minecraft/world/entity/monster/cubemob/SulfurCube	F	VERTICAL_PUSH_MULTIPLIER	field_1_3788
FIELD	net/minecraft/world/entity/monster/cubemob/SulfurCube	Z	floatsInLiquids	field_1_3789
FIELD	net/minecraft/world/entity/monster/cubemob/SulfurCube	I	pickupTimer	field_1_3790
METHOD	net/minecraft/world/entity/monster/cubemob/SulfurCube	(FLnet/minecraft/world/phys/Vec3;)V	applyKnockback	method_1_4504
METHOD	net/minecraft/world/entity/monster/cubemob/SulfurCube	(Lnet/minecraft/world/entity/EntityType;Lnet/minecraft/world/level/LevelAccessor;Lnet/minecraft/world/entity/EntitySpawnReason;Lnet/minecraft/core/BlockPos;Lnet/minecraft/util/RandomSource;)Z	checkSulfurCubeSpawnRules	method_1_4505
METHOD	net/minecraft/world/entity/monster/cubemob/SulfurCube	()Lnet/minecraft/world/entity/ai/attributes/AttributeSupplier$Builder;	createSulfurCubeAttributes	method_1_4506
METHOD	net/minecraft/world/entity/monster/cubemob/SulfurCube	(Lnet/minecraft/world/item/ItemStack;)Z	equipItem	method_1_4507
METHOD	net/minecraft/world/entity/monster/cubemob/SulfurCube	()Lnet/minecraft/sounds/SoundEvent;	getAbsorbSound	method_1_4508
METHOD	net/minecraft/world/entity/monster/cubemob/SulfurCube	()Lnet/minecraft/sounds/SoundEvent;	getEjectSound	method_1_4509
METHOD	net/minecraft/world/entity/monster/cubemob/SulfurCube	()Lnet/minecraft/sounds/SoundEvent;	getHitSound	method_1_4510
METHOD	net/minecraft/world/entity/monster/cubemob/SulfurCube	()Lnet/minecraft/sounds/SoundEvent;	getPushSound	method_1_4511
METHOD	net/minecraft/world/entity/monster/cubemob/SulfurCube	(Lnet/minecraft/world/item/ItemStack;)Lnet/minecraft/world/item/component/SulfurCubeContent;	getSulfurCubeContent	method_1_4512
METHOD	net/minecraft/world/entity/monster/cubemob/SulfurCube	()Z	hasBodyItem	method_1_4513
METHOD	net/minecraft/world/entity/monster/cubemob/SulfurCube	(Lnet/minecraft/world/item/ItemStack;)Z	isFood	method_1_4514
METHOD	net/minecraft/world/entity/monster/cubemob/SulfurCube	(Lnet/minecraft/world/item/ItemStack;)Z	isSwallowableItem	method_1_4515
METHOD	net/minecraft/world/entity/monster/cubemob/SulfurCube	(Lnet/minecraft/world/item/ItemStack;)Z	lambda$addBehaviourGoals$0	method_1_4516
METHOD	net/minecraft/world/entity/monster/cubemob/SulfurCube	(Lnet/minecraft/world/entity/ai/goal/Goal;)Z	lambda$collectEquipmentChanges$0	method_1_4517
METHOD	net/minecraft/world/entity/monster/cubemob/SulfurCube	(Lnet/minecraft/world/item/ItemStack;Lnet/minecraft/world/entity/SulfurCubeArchetype;)Z	lambda$matchingArchetypes$0	method_1_4518
METHOD	net/minecraft/world/entity/monster/cubemob/SulfurCube	(Lnet/minecraft/nbt/CompoundTag;)V	lambda$saveToBucketTag$0	method_1_4519
METHOD	net/minecraft/world/entity/monster/cubemob/SulfurCube	(Lnet/minecraft/world/entity/item/ItemEntity;)Z	lambda$static$0	method_1_4520
METHOD	net/minecraft/world/entity/monster/cubemob/SulfurCube	(Lnet/minecraft/world/item/ItemStack;)Ljava/util/List;	matchingArchetypes	method_1_4521
METHOD	net/minecraft/world/entity/monster/cubemob/SulfurCube	(Lnet/minecraft/world/entity/player/Player;F)V	playerHit	method_1_4522
METHOD	net/minecraft/world/entity/monster/cubemob/SulfurCube	(Lnet/minecraft/world/entity/player/Player;)V	playerPush	method_1_4523
METHOD	net/minecraft/world/entity/monster/cubemob/SulfurCube	(Lnet/minecraft/world/item/component/SulfurCubeContent;)V	setSulfurCubeContent	method_1_4524
CLASS	net/minecraft/world/entity/monster/cubemob/SulfurCube$SulfurCubeLookControl	class_1_749
FIELD	net/minecraft/world/entity/monster/cubemob/SulfurCube$SulfurCubeLookControl	Lnet/minecraft/world/entity/monster/cubemob/SulfurCube;	this$0	field_1_3791
CLASS	net/minecraft/world/entity/monster/cubemob/SulfurCube$SulfurCubeMobMoveControl	class_1_750
CLASS	net/minecraft/world/entity/monster/cubemob/SulfurCube$SulfurCubeSearchForItemsGoal	class_1_751
FIELD	net/minecraft/world/entity/monster/cubemob/SulfurCube$SulfurCubeSearchForItemsGoal	Lnet/minecraft/world/entity/monster/cubemob/SulfurCube;	sulfurCube	field_1_3792
FIELD	net/minecraft/world/entity/monster/cubemob/SulfurCube$SulfurCubeSearchForItemsGoal	Lnet/minecraft/world/entity/item/ItemEntity;	targetItem	field_1_3793
FIELD	net/minecraft/world/entity/monster/cubemob/SulfurCube$SulfurCubeSearchForItemsGoal	Lnet/minecraft/world/entity/monster/cubemob/SulfurCube;	this$0	field_1_3794
CLASS	net/minecraft/world/entity/monster/cubemob/SulfurCube$SulfurCubeTemptGoal	class_1_752
field_27297 is now comp_1_565
field_33769 is now comp_1_566
field_27295 is now comp_1_567
field_27296 is now comp_1_568
field_27300 is now comp_1_569
field_33931 is now comp_1_570
field_27298 is now comp_1_571
field_27299 is now comp_1_572
FIELD	net/minecraft/client/gui/components/toasts/SystemToast	I	TEXT_X_START	field_1_3795
METHOD	net/minecraft/client/gui/components/toasts/SystemToast	(Lnet/minecraft/client/gui/GuiGraphicsExtractor;Lnet/minecraft/client/gui/Font;Ljava/util/List;II)V	extractTextLines	method_1_4525
METHOD	net/minecraft/client/gui/components/toasts/SystemToast	()V	recalculateWidth	method_1_4526
METHOD	net/minecraft/client/gui/components/toasts/SystemToast	(Lnet/minecraft/network/chat/Component;)Ljava/util/List;	splitToLength	method_1_4527
METHOD	net/minecraft/client/gui/components/toasts/SystemToast	(Lnet/minecraft/network/chat/Component;Lnet/minecraft/network/chat/Component;)V	update	method_1_4528
METHOD	net/minecraft/client/renderer/block/BuiltInBlockModels	(Lnet/minecraft/client/renderer/block/BuiltInBlockModels$Builder;Lnet/minecraft/world/item/DyeColor;)V	lambda$addDefaults$0	method_1_4529
METHOD	net/minecraft/client/renderer/block/BuiltInBlockModels	(Lnet/minecraft/client/renderer/block/BuiltInBlockModels$Builder;Lnet/minecraft/world/item/DyeColor;)V	lambda$addDefaults$1	method_1_4530
METHOD	net/minecraft/client/renderer/block/BuiltInBlockModels	(Lnet/minecraft/client/renderer/block/BuiltInBlockModels$Builder;Lnet/minecraft/world/item/DyeColor;)V	lambda$addDefaults$2	method_1_4531
METHOD	net/minecraft/client/renderer/block/BuiltInBlockModels	(Lnet/minecraft/client/renderer/block/BuiltInBlockModels$Builder;Lnet/minecraft/world/level/block/WeatheringCopper$WeatherState;)V	lambda$addDefaults$3	method_1_4532
FIELD	net/minecraft/client/renderer/state/gui/GuiRenderState	Z	isHudHidden	field_1_3796
METHOD	net/minecraft/data/recipes/packs/VanillaRecipeProvider	(Lnet/minecraft/data/recipes/packs/VanillaRecipeProvider;Lnet/minecraft/world/level/block/Block;Lnet/minecraft/world/level/block/Block;)V	lambda$buildRecipes$0	method_1_4533
METHOD	net/minecraft/data/recipes/packs/VanillaRecipeProvider	(Lnet/minecraft/data/recipes/packs/VanillaRecipeProvider;Lnet/minecraft/world/item/Item;Lnet/minecraft/world/level/block/Block;)V	lambda$buildRecipes$1	method_1_4534
METHOD	net/minecraft/data/recipes/packs/VanillaRecipeProvider	(Lnet/minecraft/world/item/DyeColor;)V	lambda$buildRecipes$18	method_1_4535
METHOD	net/minecraft/data/recipes/packs/VanillaRecipeProvider	(Lnet/minecraft/world/level/block/Block;Lnet/minecraft/world/level/block/Block;Lnet/minecraft/world/level/block/Block;Lnet/minecraft/world/level/block/Block;)V	lambda$buildRecipes$19	method_1_4536
METHOD	net/minecraft/data/recipes/packs/VanillaRecipeProvider	(Lnet/minecraft/data/recipes/packs/VanillaRecipeProvider;Lnet/minecraft/world/item/Item;Lnet/minecraft/world/level/block/Block;)V	lambda$buildRecipes$2	method_1_4537
METHOD	net/minecraft/data/recipes/packs/VanillaRecipeProvider	(Lnet/minecraft/world/level/block/WeatheringCopper$WeatherState;)V	lambda$buildRecipes$22	method_1_4538
METHOD	net/minecraft/data/recipes/packs/VanillaRecipeProvider	(Lnet/minecraft/data/recipes/packs/VanillaRecipeProvider;Lnet/minecraft/world/level/block/Block;Lnet/minecraft/world/level/block/Block;)V	lambda$buildRecipes$23	method_1_4539
METHOD	net/minecraft/data/recipes/packs/VanillaRecipeProvider	(Lnet/minecraft/data/recipes/packs/VanillaRecipeProvider;Lnet/minecraft/world/level/block/Block;Lnet/minecraft/world/level/block/Block;)V	lambda$buildRecipes$24	method_1_4540
METHOD	net/minecraft/data/recipes/packs/VanillaRecipeProvider	(Lnet/minecraft/world/level/block/WeatheringCopper$WeatherState;)V	lambda$buildRecipes$25	method_1_4541
METHOD	net/minecraft/data/recipes/packs/VanillaRecipeProvider	(Lnet/minecraft/world/level/block/Block;Lnet/minecraft/world/level/block/Block;)V	lambda$buildRecipes$26	method_1_4542
METHOD	net/minecraft/data/recipes/packs/VanillaRecipeProvider	(Lnet/minecraft/data/recipes/packs/VanillaRecipeProvider;Lnet/minecraft/world/item/Item;Lnet/minecraft/world/item/Item;)V	lambda$buildRecipes$27	method_1_4543
METHOD	net/minecraft/data/recipes/packs/VanillaRecipeProvider	(Lnet/minecraft/data/recipes/packs/VanillaRecipeProvider;Lnet/minecraft/world/item/Item;Lnet/minecraft/world/level/block/Block;)V	lambda$buildRecipes$3	method_1_4544
METHOD	net/minecraft/data/recipes/packs/VanillaRecipeProvider	(Lnet/minecraft/data/recipes/packs/VanillaRecipeProvider;Lnet/minecraft/world/level/block/Block;Lnet/minecraft/world/item/Item;)V	lambda$buildRecipes$4	method_1_4545
METHOD	net/minecraft/data/recipes/packs/VanillaRecipeProvider	(Lnet/minecraft/data/recipes/packs/VanillaRecipeProvider;Lnet/minecraft/world/level/block/Block;Lnet/minecraft/world/level/block/Block;)V	lambda$buildRecipes$5	method_1_4546
METHOD	net/minecraft/data/recipes/packs/VanillaRecipeProvider	(Lnet/minecraft/data/recipes/packs/VanillaRecipeProvider;Lnet/minecraft/world/level/block/Block;Lnet/minecraft/world/item/Item;)V	lambda$buildRecipes$6	method_1_4547
METHOD	net/minecraft/data/recipes/packs/VanillaRecipeProvider	(Lnet/minecraft/data/recipes/packs/VanillaRecipeProvider;Lnet/minecraft/world/level/block/Block;Lnet/minecraft/world/item/Item;)V	lambda$buildRecipes$7	method_1_4548
METHOD	net/minecraft/data/recipes/packs/VanillaRecipeProvider	(Lnet/minecraft/data/recipes/packs/VanillaRecipeProvider;Lnet/minecraft/world/level/block/Block;Lnet/minecraft/world/item/Item;)V	lambda$buildRecipes$8	method_1_4549
METHOD	net/minecraft/data/recipes/packs/VanillaRecipeProvider	(Lnet/minecraft/data/recipes/packs/VanillaRecipeProvider;Lnet/minecraft/world/level/block/Block;Lnet/minecraft/world/item/Item;)V	lambda$buildRecipes$9	method_1_4550
METHOD	net/minecraft/data/recipes/packs/VanillaRecipeProvider	(Lnet/minecraft/world/item/DyeColor;)V	lambda$shulkerBoxRecipes$0	method_1_4551
FIELD	net/minecraft/world/level/block/entity/BlockEntityType	Lnet/minecraft/world/level/block/entity/BlockEntityType;	POTENT_SULFUR	field_1_3797
METHOD	net/minecraft/world/level/block/entity/BlockEntityType	(Ljava/lang/String;Lnet/minecraft/world/level/block/entity/BlockEntityType$BlockEntitySupplier;Ljava/util/List;)Lnet/minecraft/world/level/block/entity/BlockEntityType;	register	method_1_4552
CLASS	com/mojang/blaze3d/vulkan/glsl/IntermediaryShaderModule	class_1_753
FIELD	com/mojang/blaze3d/vulkan/glsl/IntermediaryShaderModule	Lcom/mojang/blaze3d/vulkan/glsl/IntermediaryShaderModule;	INVALID	field_1_3798
FIELD	com/mojang/blaze3d/vulkan/glsl/IntermediaryShaderModule	Ljava/util/List;	inputs	comp_1_573
FIELD	com/mojang/blaze3d/vulkan/glsl/IntermediaryShaderModule	Ljava/lang/String;	name	comp_1_574
FIELD	com/mojang/blaze3d/vulkan/glsl/IntermediaryShaderModule	Ljava/util/List;	outputs	comp_1_575
FIELD	com/mojang/blaze3d/vulkan/glsl/IntermediaryShaderModule	Ljava/util/List;	samplers	comp_1_576
FIELD	com/mojang/blaze3d/vulkan/glsl/IntermediaryShaderModule	Ljava/nio/ByteBuffer;	spirv	comp_1_577
FIELD	com/mojang/blaze3d/vulkan/glsl/IntermediaryShaderModule	Ljava/util/List;	uniformBuffers	comp_1_578
METHOD	com/mojang/blaze3d/vulkan/glsl/IntermediaryShaderModule	(Ljava/lang/String;Ljava/nio/ByteBuffer;)Lcom/mojang/blaze3d/vulkan/glsl/IntermediaryShaderModule;	createFromSpirv	method_1_4553
METHOD	com/mojang/blaze3d/vulkan/glsl/IntermediaryShaderModule	(Lcom/mojang/blaze3d/vulkan/VulkanDevice;)J	createVulkanShaderModule	method_1_4554
METHOD	com/mojang/blaze3d/vulkan/glsl/IntermediaryShaderModule	(JLorg/lwjgl/util/spvc/SpvcReflectedResource;ILjava/nio/IntBuffer;)I	getDecorationOffset	method_1_4555
METHOD	com/mojang/blaze3d/vulkan/glsl/IntermediaryShaderModule	(Ljava/lang/String;)Lcom/mojang/blaze3d/vulkan/glsl/SpvVariable;	getInputVariable	method_1_4556
METHOD	com/mojang/blaze3d/vulkan/glsl/IntermediaryShaderModule	(Ljava/lang/String;)Lcom/mojang/blaze3d/vulkan/glsl/SpvSampler;	getSampler	method_1_4557
METHOD	com/mojang/blaze3d/vulkan/glsl/IntermediaryShaderModule	(Ljava/lang/String;)Lcom/mojang/blaze3d/vulkan/glsl/SpvUniformBuffer;	getUniformBuffer	method_1_4558
METHOD	com/mojang/blaze3d/vulkan/glsl/IntermediaryShaderModule	(Ljava/util/List;Ljava/util/List;)V	rebind	method_1_4559
METHOD	com/mojang/blaze3d/vulkan/glsl/IntermediaryShaderModule	(ILjava/lang/String;)V	throwIfError	method_1_4560
FIELD	com/mojang/blaze3d/vulkan/glsl/IntermediaryShaderModule$1	[I	$SwitchMap$com$mojang$blaze3d$vulkan$VulkanBindGroupLayout$VulkanBindGroupEntryType	field_1_3799
CLASS	net/minecraft/client/renderer/entity/SulfurCubeRenderer	class_1_754
FIELD	net/minecraft/client/renderer/entity/SulfurCubeRenderer	Lnet/minecraft/client/renderer/block/model/BlockDisplayContext;	BLOCK_DISPLAY_CONTEXT	field_1_3800
FIELD	net/minecraft/client/renderer/entity/SulfurCubeRenderer	Lnet/minecraft/resources/Identifier;	SULFUR_CUBE_LOCATION	field_1_3801
FIELD	net/minecraft/client/renderer/entity/SulfurCubeRenderer	Lnet/minecraft/client/renderer/block/BlockModelResolver;	blockModelResolver	field_1_3802
METHOD	net/minecraft/client/renderer/entity/SulfurCubeRenderer	()Lnet/minecraft/client/renderer/entity/state/SulfurCubeRenderState;	createRenderState	method_1_4561
METHOD	net/minecraft/client/renderer/entity/SulfurCubeRenderer	(Lnet/minecraft/world/entity/monster/cubemob/SulfurCube;Lnet/minecraft/client/renderer/entity/state/SulfurCubeRenderState;F)V	extractRenderState	method_1_4562
METHOD	net/minecraft/client/renderer/entity/SulfurCubeRenderer	(Lnet/minecraft/client/renderer/entity/state/SulfurCubeRenderState;)Lnet/minecraft/resources/Identifier;	getTextureLocation	method_1_4563
METHOD	net/minecraft/client/renderer/entity/SulfurCubeRenderer	(Lnet/minecraft/client/renderer/entity/state/SulfurCubeRenderState;Lcom/mojang/blaze3d/vertex/PoseStack;)V	scale	method_1_4564
CLASS	net/minecraft/world/entity/monster/cubemob/package-info	class_1_755
METHOD	net/minecraft/world/level/levelgen/feature/GeodeFeature	(Lnet/minecraft/core/HolderSet;Lnet/minecraft/world/level/block/state/BlockState;)Z	lambda$place$0	method_1_4565
CLASS	net/minecraft/client/model/monster/slime/SulfurCubeModel	class_1_756
METHOD	net/minecraft/client/model/monster/slime/SulfurCubeModel	()Lnet/minecraft/client/model/geom/builders/LayerDefinition;	createInnerBodyLayer	method_1_4566
METHOD	net/minecraft/client/model/monster/slime/SulfurCubeModel	()Lnet/minecraft/client/model/geom/builders/LayerDefinition;	createOuterBodyLayer	method_1_4567
METHOD	net/minecraft/client/renderer/OrderedSubmitNodeCollector	(Lnet/minecraft/client/renderer/rendertype/RenderType;Lnet/minecraft/resources/Identifier;)Lnet/minecraft/client/renderer/rendertype/RenderType;	lambda$submitModelPart$0	method_1_4568
METHOD	net/minecraft/world/level/storage/loot/BuiltInLootTables	(Lnet/minecraft/world/item/DyeColor;)Lnet/minecraft/resources/ResourceKey;	lambda$static$0	method_1_4569
METHOD	net/minecraft/world/level/storage/loot/BuiltInLootTables	(Lnet/minecraft/world/item/DyeColor;)Lnet/minecraft/resources/ResourceKey;	lambda$static$1	method_1_4570
CLASS	net/minecraft/world/level/block/entity/PotentSulfurEntity	class_1_757
FIELD	net/minecraft/world/level/block/entity/PotentSulfurEntity	I	EFFECT_APPLICATION_FREQUENCY_TICKS	field_1_3803
FIELD	net/minecraft/world/level/block/entity/PotentSulfurEntity	F	EFFECT_DURATION_IN_SECONDS	field_1_3804
FIELD	net/minecraft/world/level/block/entity/PotentSulfurEntity	I	EFFECT_DURATION_IN_TICKS	field_1_3805
FIELD	net/minecraft/world/level/block/entity/PotentSulfurEntity	Ljava/util/function/Predicate;	EFFECT_PREDICATE	field_1_3806
FIELD	net/minecraft/world/level/block/entity/PotentSulfurEntity	F	EFFECT_RANGE	field_1_3807
FIELD	net/minecraft/world/level/block/entity/PotentSulfurEntity	I	PARTICLE_FREQUENCY_TICKS	field_1_3808
METHOD	net/minecraft/world/level/block/entity/PotentSulfurEntity	(Lnet/minecraft/world/entity/LivingEntity;)V	applyNauseaEffect	method_1_4571
METHOD	net/minecraft/world/level/block/entity/PotentSulfurEntity	(Lnet/minecraft/world/level/Level;Lnet/minecraft/core/BlockPos;Lnet/minecraft/world/phys/Vec3;)Z	canBeReachedByNoxiousGas	method_1_4572
METHOD	net/minecraft/world/level/block/entity/PotentSulfurEntity	(Lnet/minecraft/world/level/Level;Lnet/minecraft/core/BlockPos;Lnet/minecraft/world/level/block/state/BlockState;Lnet/minecraft/world/level/block/entity/PotentSulfurEntity;)V	clientTick	method_1_4573
METHOD	net/minecraft/world/level/block/entity/PotentSulfurEntity	(Lnet/minecraft/world/level/Level;Lnet/minecraft/core/BlockPos;)Lnet/minecraft/core/BlockPos;	findNoxiousGasSourceBlock	method_1_4574
METHOD	net/minecraft/world/level/block/entity/PotentSulfurEntity	(Lnet/minecraft/world/level/Level;Lnet/minecraft/core/BlockPos;)Ljava/util/List;	getNearbyLivingEntities	method_1_4575
METHOD	net/minecraft/world/level/block/entity/PotentSulfurEntity	(Lnet/minecraft/world/level/Level;Lnet/minecraft/world/phys/Vec3;Lnet/minecraft/world/phys/Vec3;)Z	haveLineOfSight	method_1_4576
METHOD	net/minecraft/world/level/block/entity/PotentSulfurEntity	(Lnet/minecraft/world/level/Level;Lnet/minecraft/world/phys/Vec3;)Z	isAir	method_1_4577
METHOD	net/minecraft/world/level/block/entity/PotentSulfurEntity	(Lnet/minecraft/world/level/Level;Lnet/minecraft/core/BlockPos;)Z	isUnderwater	method_1_4578
METHOD	net/minecraft/world/level/block/entity/PotentSulfurEntity	(Lnet/minecraft/world/level/Level;Lnet/minecraft/world/phys/Vec3;)Z	isWater	method_1_4579
METHOD	net/minecraft/world/level/block/entity/PotentSulfurEntity	(Lnet/minecraft/world/level/Level;Lnet/minecraft/core/BlockPos;Lnet/minecraft/world/level/block/state/BlockState;Lnet/minecraft/world/level/block/entity/PotentSulfurEntity;)V	serverTick	method_1_4580
METHOD	net/minecraft/world/level/block/entity/PotentSulfurEntity	(Lnet/minecraft/world/level/Level;Lnet/minecraft/world/phys/Vec3;)V	spawnNoxiousGasCloudParticle	method_1_4581
FIELD	net/minecraft/client/renderer/state/level/LevelRenderState	Z	render3dCrosshair	field_1_3809
FIELD	net/minecraft/data/worldgen/features/MiscOverworldFeatures	Lnet/minecraft/resources/ResourceKey;	SULFUR_POOL	field_1_3810
FIELD	net/minecraft/data/worldgen/features/MiscOverworldFeatures	Lnet/minecraft/resources/ResourceKey;	SULFUR_SPRING	field_1_3811
METHOD	net/minecraft/world/entity/monster/cubemob/AbstractCubeMob	()V	addBehaviourGoals	method_1_4582
METHOD	net/minecraft/world/entity/monster/cubemob/AbstractCubeMob	()V	addTargetingGoals	method_1_4583
METHOD	net/minecraft/world/entity/monster/cubemob/AbstractCubeMob	(Lnet/minecraft/server/level/ServerLevel;Lnet/minecraft/world/entity/AgeableMob;)Lnet/minecraft/world/entity/monster/cubemob/AbstractCubeMob;	getBreedOffspring	method_1_4584
METHOD	net/minecraft/world/entity/monster/cubemob/AbstractCubeMob	()I	getSplitCount	method_1_4585
METHOD	net/minecraft/world/entity/monster/cubemob/AbstractCubeMob	(IFFLnet/minecraft/world/entity/monster/cubemob/AbstractCubeMob;)V	lambda$remove$0	method_1_4586
METHOD	net/minecraft/world/entity/monster/cubemob/AbstractCubeMob	(Lnet/minecraft/world/level/ServerLevelAccessor;Lnet/minecraft/world/DifficultyInstance;)V	setSpawnSize	method_1_4587
METHOD	net/minecraft/world/entity/monster/cubemob/AbstractCubeMob	(Lnet/minecraft/world/entity/monster/cubemob/AbstractCubeMob;IFF)V	setUpSplitCube	method_1_4588
METHOD	net/minecraft/world/entity/monster/cubemob/AbstractCubeMob	(I)V	setcubeMobHealth	method_1_4589
CLASS	net/minecraft/world/level/block/WeatheringCopperCollection	class_1_758
FIELD	net/minecraft/world/level/block/WeatheringCopperCollection	Ljava/lang/Object;	exposed	comp_1_579
FIELD	net/minecraft/world/level/block/WeatheringCopperCollection	Ljava/lang/Object;	oxidized	comp_1_580
FIELD	net/minecraft/world/level/block/WeatheringCopperCollection	Ljava/lang/Object;	unaffected	comp_1_581
FIELD	net/minecraft/world/level/block/WeatheringCopperCollection	Ljava/lang/Object;	waxedExposed	comp_1_582
FIELD	net/minecraft/world/level/block/WeatheringCopperCollection	Ljava/lang/Object;	waxed	comp_1_583
FIELD	net/minecraft/world/level/block/WeatheringCopperCollection	Ljava/lang/Object;	waxedOxidized	comp_1_584
FIELD	net/minecraft/world/level/block/WeatheringCopperCollection	Ljava/lang/Object;	waxedWeathered	comp_1_585
FIELD	net/minecraft/world/level/block/WeatheringCopperCollection	Ljava/lang/Object;	weathered	comp_1_586
METHOD	net/minecraft/world/level/block/WeatheringCopperCollection	()Lcom/google/common/collect/ImmutableList;	asList	method_1_4590
METHOD	net/minecraft/world/level/block/WeatheringCopperCollection	(Ljava/util/function/BiFunction;Ljava/util/function/BiFunction;)Lnet/minecraft/world/level/block/WeatheringCopperCollection;	createFamily	method_1_4591
METHOD	net/minecraft/world/level/block/WeatheringCopperCollection	(Ljava/util/function/Consumer;)V	forEach	method_1_4592
METHOD	net/minecraft/world/level/block/WeatheringCopperCollection	(Ljava/lang/String;Lnet/minecraft/world/level/block/WeatheringCopper$WeatherState;Ljava/lang/Boolean;)Ljava/lang/String;	lambda$registerBlocks$0	method_1_4593
METHOD	net/minecraft/world/level/block/WeatheringCopperCollection	(Ljava/lang/Boolean;Ljava/util/function/BiFunction;Ljava/util/function/BiFunction;Lnet/minecraft/world/level/block/WeatheringCopper$WeatherState;Lnet/minecraft/world/level/block/state/BlockBehaviour$Properties;)Lnet/minecraft/world/level/block/Block;	lambda$registerWeatheringBlock$0	method_1_4594
METHOD	net/minecraft/world/level/block/WeatheringCopperCollection	(Lnet/minecraft/world/level/block/WeatheringCopper$WeatherState;Z)Ljava/lang/Object;	pick	method_1_4595
METHOD	net/minecraft/world/level/block/WeatheringCopperCollection	(Lnet/minecraft/world/level/block/WeatheringCopper$WeatherState;Z)Ljava/lang/String;	prefixByState	method_1_4596
METHOD	net/minecraft/world/level/block/WeatheringCopperCollection	(Ljava/lang/String;Lorg/apache/commons/lang3/function/TriFunction;Ljava/util/function/BiFunction;Ljava/util/function/BiFunction;Ljava/util/function/Function;)Lnet/minecraft/world/level/block/WeatheringCopperCollection;	registerBlocks	method_1_4597
METHOD	net/minecraft/world/level/block/WeatheringCopperCollection	(Ljava/util/function/BiFunction;Lorg/apache/commons/lang3/function/TriFunction;Ljava/util/function/BiFunction;Ljava/util/function/BiFunction;Ljava/util/function/Function;)Lnet/minecraft/world/level/block/WeatheringCopperCollection;	registerBlocks	method_1_4598
METHOD	net/minecraft/world/level/block/WeatheringCopperCollection	(Lnet/minecraft/world/level/block/WeatheringCopperCollection;Ljava/util/function/Function;)Lnet/minecraft/world/level/block/WeatheringCopperCollection;	registerItems	method_1_4599
METHOD	net/minecraft/world/level/block/WeatheringCopperCollection	(Lnet/minecraft/world/level/block/WeatheringCopper$WeatherState;Ljava/lang/Boolean;Ljava/util/function/BiFunction;Lorg/apache/commons/lang3/function/TriFunction;Ljava/util/function/BiFunction;Ljava/util/function/BiFunction;Ljava/util/function/Function;)Lnet/minecraft/world/level/block/Block;	registerWeatheringBlock	method_1_4600
METHOD	net/minecraft/world/level/block/WeatheringCopperCollection	(Ljava/util/function/BiPredicate;)Ljava/util/Collection;	select	method_1_4601
METHOD	net/minecraft/world/level/block/WeatheringCopperCollection	()Lcom/google/common/collect/ImmutableBiMap;	waxedMapping	method_1_4602
METHOD	net/minecraft/world/level/block/WeatheringCopperCollection	()Lcom/google/common/collect/ImmutableBiMap;	weatheringMapping	method_1_4603
METHOD	net/minecraft/world/level/block/WeatheringCopperCollection	(Ljava/util/function/BiConsumer;Lnet/minecraft/world/level/block/WeatheringCopperCollection;Lnet/minecraft/world/level/block/WeatheringCopperCollection;)V	zipApply	method_1_4604
METHOD	net/minecraft/world/level/block/WeatheringCopperCollection	(Lnet/minecraft/world/level/block/WeatheringCopperCollection$QuadConsumer;Lnet/minecraft/world/level/block/WeatheringCopperCollection;Lnet/minecraft/world/level/block/WeatheringCopperCollection;Lnet/minecraft/world/level/block/WeatheringCopperCollection;Lnet/minecraft/world/level/block/WeatheringCopperCollection;)V	zipApply	method_1_4605
METHOD	net/minecraft/world/level/block/WeatheringCopperCollection	(Lorg/apache/commons/lang3/function/TriConsumer;Lnet/minecraft/world/level/block/WeatheringCopperCollection;Lnet/minecraft/world/level/block/WeatheringCopperCollection;Lnet/minecraft/world/level/block/WeatheringCopperCollection;)V	zipApply	method_1_4606
FIELD	net/minecraft/world/level/block/WeatheringCopperCollection$1	[I	$SwitchMap$net$minecraft$world$level$block$WeatheringCopper$WeatherState	field_1_3812
CLASS	net/minecraft/world/level/block/WeatheringCopperCollection$QuadConsumer	class_1_759
METHOD	net/minecraft/world/level/block/WeatheringCopperCollection$QuadConsumer	(Ljava/lang/Object;Ljava/lang/Object;Ljava/lang/Object;Ljava/lang/Object;)V	accept	method_1_4607
METHOD	net/minecraft/world/level/block/WeatheringCopperCollection$QuadConsumer	(Lnet/minecraft/world/level/block/WeatheringCopperCollection$QuadConsumer;)Lnet/minecraft/world/level/block/WeatheringCopperCollection$QuadConsumer;	andThen	method_1_4608
METHOD	net/minecraft/world/level/block/WeatheringCopperCollection$QuadConsumer	(Lnet/minecraft/world/level/block/WeatheringCopperCollection$QuadConsumer;Ljava/lang/Object;Ljava/lang/Object;Ljava/lang/Object;Ljava/lang/Object;)V	lambda$andThen$0	method_1_4609
CLASS	net/minecraft/world/level/levelgen/feature/SequenceFeature	class_1_760
METHOD	net/minecraft/world/level/levelgen/feature/SpeleothemUtils	(Lnet/minecraft/world/level/block/state/BlockState;Lnet/minecraft/world/level/block/Block;Lnet/minecraft/core/HolderSet;)Z	isBase	method_1_4610
METHOD	net/minecraft/world/level/levelgen/feature/SpeleothemUtils	(Lnet/minecraft/world/level/block/state/BlockState;Lnet/minecraft/world/level/block/Block;Lnet/minecraft/core/HolderSet;)Z	isBaseOrLava	method_1_4611
METHOD	net/minecraft/world/level/levelgen/feature/SpeleothemUtils	(Lnet/minecraft/world/level/LevelAccessor;Lnet/minecraft/core/BlockPos;Lnet/minecraft/world/level/block/Block;Lnet/minecraft/core/HolderSet;)Z	placeBaseBlockIfPossible	method_1_4612
CLASS	net/minecraft/world/level/levelgen/feature/TemplateFeature	class_1_761
METHOD	net/minecraft/world/level/levelgen/feature/TemplateFeature	(Lnet/minecraft/world/level/block/Rotation;Lnet/minecraft/core/Direction$Axis;Lnet/minecraft/world/level/levelgen/structure/templatesystem/StructureTemplate;)Lnet/minecraft/core/Vec3i;	getRotatedOffset	method_1_4613
FIELD	net/minecraft/client/renderer/chunk/SectionRenderDispatcher	Lcom/mojang/blaze3d/vertex/StagingBuffer;	stagingBuffer	field_1_3813
METHOD	net/minecraft/client/renderer/chunk/SectionRenderDispatcher	(Lnet/minecraft/client/renderer/chunk/ChunkSectionLayer;)Lnet/minecraft/client/renderer/chunk/SectionRenderDispatcher$SectionUberBuffers;	lambda$new$0	method_1_4614
METHOD	net/minecraft/client/gui/render/pip/GuiProfilerChartRenderer	(IIDDLcom/mojang/blaze3d/vertex/PoseStack$Pose;Lcom/mojang/blaze3d/vertex/VertexConsumer;)V	lambda$renderToTexture$0	method_1_4615
METHOD	net/minecraft/client/gui/render/pip/GuiProfilerChartRenderer	(IDDILcom/mojang/blaze3d/vertex/PoseStack$Pose;Lcom/mojang/blaze3d/vertex/VertexConsumer;)V	lambda$renderToTexture$1	method_1_4616
FIELD	net/minecraft/client/gui/screens/options/VideoSettingsScreen	Lnet/minecraft/network/chat/Component;	GRAPHICS_API_REQUIRES_RESTART	field_1_3814
FIELD	net/minecraft/client/gui/screens/options/VideoSettingsScreen	Lnet/minecraft/client/gui/layouts/LinearLayout;	header	field_1_3815
FIELD	net/minecraft/client/gui/screens/options/VideoSettingsScreen	Lnet/minecraft/client/gui/components/StringWidget;	restartWarning	field_1_3816
CLASS	net/minecraft/client/renderer/entity/AbstractCubeMobRenderer	class_1_762
METHOD	net/minecraft/client/renderer/entity/AbstractCubeMobRenderer	(Lnet/minecraft/client/renderer/entity/state/SlimeRenderState;Lcom/mojang/blaze3d/vertex/PoseStack;)V	applySizeAndSquish	method_1_4617
METHOD	net/minecraft/client/renderer/entity/AbstractCubeMobRenderer	(Lcom/mojang/blaze3d/vertex/PoseStack;)V	downscaleSlightly	method_1_4618
METHOD	net/minecraft/client/renderer/entity/AbstractCubeMobRenderer	(Lnet/minecraft/world/entity/monster/cubemob/AbstractCubeMob;Lnet/minecraft/client/renderer/entity/state/SlimeRenderState;F)V	extractRenderState	method_1_4619
METHOD	net/minecraft/client/renderer/entity/AbstractCubeMobRenderer	(Lnet/minecraft/client/renderer/entity/state/SlimeRenderState;)F	getShadowRadius	method_1_4620
FIELD	net/minecraft/data/worldgen/placement/MiscOverworldPlacements	Lnet/minecraft/resources/ResourceKey;	SULFUR_POOL	field_1_3817
METHOD	net/minecraft/world/item/trading/TradeRebalanceVillagerTrades	(Lnet/minecraft/core/HolderGetter;Lnet/minecraft/core/HolderSet;Lnet/minecraft/core/HolderSet;Lnet/minecraft/core/HolderSet;)Lnet/minecraft/world/item/trading/VillagerTrade;	createLibrarianLevel1EnchantmentTrade	method_1_4621
METHOD	net/minecraft/world/item/trading/TradeRebalanceVillagerTrades	(Lnet/minecraft/core/HolderGetter;Lnet/minecraft/core/HolderSet;Lnet/minecraft/core/HolderSet;Lnet/minecraft/core/HolderSet;)Lnet/minecraft/world/item/trading/VillagerTrade;	createLibrarianLevel2EnchantmentTrade	method_1_4622
METHOD	net/minecraft/world/item/trading/TradeRebalanceVillagerTrades	(Lnet/minecraft/core/HolderGetter;Lnet/minecraft/core/HolderSet;Lnet/minecraft/core/HolderSet;Lnet/minecraft/core/HolderSet;)Lnet/minecraft/world/item/trading/VillagerTrade;	createLibrarianLevel3EnchantmentTrade	method_1_4623
METHOD	net/minecraft/world/item/trading/TradeRebalanceVillagerTrades	(Lnet/minecraft/core/HolderGetter;Lnet/minecraft/core/HolderSet;Lnet/minecraft/core/HolderSet;Lnet/minecraft/core/Holder;I)Lnet/minecraft/world/item/trading/VillagerTrade;	createLibrarianLevel5EnchantmentTrade	method_1_4624
METHOD	net/minecraft/world/item/trading/TradeRebalanceVillagerTrades	(Lnet/minecraft/core/HolderGetter;Lnet/minecraft/core/HolderSet;Lnet/minecraft/core/HolderSet;Lnet/minecraft/core/Holder;)Lnet/minecraft/world/item/trading/VillagerTrade;	createLibrarianLevel5SpecialEnchantmentTrade	method_1_4625
CLASS	net/minecraft/client/renderer/entity/layers/SulfurCubeInnerLayer	class_1_763
FIELD	net/minecraft/client/renderer/entity/layers/SulfurCubeInnerLayer	Lnet/minecraft/resources/Identifier;	SULFUR_CUBE_INNER_LOCATION	field_1_3818
FIELD	net/minecraft/client/renderer/entity/layers/SulfurCubeInnerLayer	Lnet/minecraft/client/model/monster/slime/SulfurCubeModel;	model	field_1_3819
METHOD	net/minecraft/client/renderer/entity/layers/SulfurCubeInnerLayer	(Lcom/mojang/blaze3d/vertex/PoseStack;Lnet/minecraft/client/renderer/SubmitNodeCollector;ILnet/minecraft/client/renderer/entity/state/SulfurCubeRenderState;FF)V	submit	method_1_4626
CLASS	net/minecraft/client/renderer/entity/state/SulfurCubeRenderState	class_1_764
FIELD	net/minecraft/client/renderer/entity/state/SulfurCubeRenderState	Lnet/minecraft/client/renderer/block/BlockModelRenderState;	containedBlock	field_1_3820
CLASS	net/minecraft/core/dispenser/SulfurCubeBlockDispenseItemBehavior	class_1_765
FIELD	net/minecraft/core/dispenser/SulfurCubeBlockDispenseItemBehavior	Lnet/minecraft/core/dispenser/SulfurCubeBlockDispenseItemBehavior;	INSTANCE	field_1_3821
METHOD	net/minecraft/core/dispenser/SulfurCubeBlockDispenseItemBehavior	(Lnet/minecraft/core/dispenser/BlockSource;Lnet/minecraft/world/item/ItemStack;)Z	dispenseBlock	method_1_4627
CLASS	net/minecraft/world/level/gameevent/vibrations/VibrationSelector$VibrationEvent	class_1_766
FIELD	net/minecraft/world/level/gameevent/vibrations/VibrationSelector$VibrationEvent	Lnet/minecraft/world/level/gameevent/vibrations/VibrationInfo;	event	comp_1_587
FIELD	net/minecraft/world/level/gameevent/vibrations/VibrationSelector$VibrationEvent	J	tick	comp_1_588
METHOD	net/minecraft/world/level/levelgen/feature/LargeDripstoneFeature	(Lnet/minecraft/world/level/levelgen/feature/configurations/LargeDripstoneConfiguration;Lnet/minecraft/world/level/block/state/BlockState;)Z	lambda$place$0	method_1_4628
METHOD	net/minecraft/client/renderer/feature/ShapeOutlineFeatureRenderer	(Lnet/minecraft/client/renderer/SubmitNodeCollection;Lnet/minecraft/client/renderer/MultiBufferSource$BufferSource;Z)V	renderTranslucent	method_1_4629
METHOD	net/minecraft/data/advancements/packs/VanillaAdventureAdvancements	(Lnet/minecraft/world/level/block/WeatheringCopper$WeatherState;Ljava/lang/Boolean;)Z	lambda$generate$0	method_1_4630
field_24025 is now comp_1_589
field_24023 is now comp_1_590
field_24024 is now comp_1_591
field_24026 is now comp_1_592
field_24028 is now comp_1_593
field_24027 is now comp_1_594
FIELD	net/minecraft/world/level/levelgen/structure/templatesystem/RuleProcessor	Lcom/mojang/serialization/MapCodec;	MAP_CODEC	field_1_3822
METHOD	net/minecraft/world/level/levelgen/structure/templatesystem/RuleProcessor	(Lcom/mojang/serialization/codecs/RecordCodecBuilder$Instance;)Lcom/mojang/datafixers/kinds/App;	lambda$static$0	method_1_4631
METHOD	net/minecraft/world/level/levelgen/structure/templatesystem/RuleProcessor	(Lnet/minecraft/world/level/levelgen/structure/templatesystem/RuleProcessor;)Ljava/util/List;	lambda$static$1	method_1_4632
CLASS	net/minecraft/world/level/levelgen/structure/structures/WoodlandMansionPieces$MansionGrid$GridPos	class_1_767
FIELD	net/minecraft/world/level/levelgen/structure/structures/WoodlandMansionPieces$MansionGrid$GridPos	I	x	comp_1_595
FIELD	net/minecraft/world/level/levelgen/structure/structures/WoodlandMansionPieces$MansionGrid$GridPos	I	y	comp_1_596
METHOD	net/minecraft/world/level/levelgen/structure/templatesystem/BlockAgeProcessor	(Lcom/mojang/serialization/codecs/RecordCodecBuilder$Instance;)Lcom/mojang/datafixers/kinds/App;	lambda$static$0	method_1_4633
METHOD	net/minecraft/world/level/levelgen/structure/templatesystem/BlockAgeProcessor	(Lnet/minecraft/world/level/levelgen/structure/templatesystem/BlockAgeProcessor;)Ljava/lang/Float;	lambda$static$1	method_1_4634
METHOD	net/minecraft/world/level/levelgen/structure/templatesystem/StructureProcessor	()Lcom/mojang/serialization/MapCodec;	codec	method_1_4635
FIELD	net/minecraft/world/level/levelgen/structure/templatesystem/BlockIgnoreProcessor	Lcom/mojang/serialization/Codec;	WEIRD_BLOCK_STATE_CODEC	field_1_3823
METHOD	net/minecraft/world/level/levelgen/structure/templatesystem/BlockIgnoreProcessor	(Lcom/mojang/serialization/codecs/RecordCodecBuilder$Instance;)Lcom/mojang/datafixers/kinds/App;	lambda$static$0	method_1_4636
METHOD	net/minecraft/world/level/levelgen/structure/templatesystem/BlockIgnoreProcessor	(Lnet/minecraft/world/level/levelgen/structure/templatesystem/BlockIgnoreProcessor;)Ljava/util/List;	lambda$static$1	method_1_4637
field_36289 is now comp_1_597
field_33616 is now comp_1_598
field_29278 is now comp_1_599
field_29275 is now comp_1_600
field_29277 is now comp_1_601
field_29276 is now comp_1_602
field_29269 is now comp_1_603
field_29274 is now comp_1_604
field_29273 is now comp_1_605
field_29270 is now comp_1_606
field_29271 is now comp_1_607
field_29272 is now comp_1_608
field_29268 is now comp_1_609
CLASS	net/minecraft/world/level/levelgen/feature/configurations/SpeleothemConfiguration	class_1_768
FIELD	net/minecraft/world/level/levelgen/feature/configurations/SpeleothemConfiguration	Lcom/mojang/serialization/Codec;	CODEC	field_1_3824
FIELD	net/minecraft/world/level/levelgen/feature/configurations/SpeleothemConfiguration	Lnet/minecraft/world/level/block/state/BlockState;	baseBlock	comp_1_610
FIELD	net/minecraft/world/level/levelgen/feature/configurations/SpeleothemConfiguration	F	chanceOfDirectionalSpread	comp_1_611
FIELD	net/minecraft/world/level/levelgen/feature/configurations/SpeleothemConfiguration	F	chanceOfSpreadRadius2	comp_1_612
FIELD	net/minecraft/world/level/levelgen/feature/configurations/SpeleothemConfiguration	F	chanceOfSpreadRadius3	comp_1_613
FIELD	net/minecraft/world/level/levelgen/feature/configurations/SpeleothemConfiguration	F	chanceOfTallerGeneration	comp_1_614
FIELD	net/minecraft/world/level/levelgen/feature/configurations/SpeleothemConfiguration	Lnet/minecraft/world/level/block/state/BlockState;	pointedBlock	comp_1_615
FIELD	net/minecraft/world/level/levelgen/feature/configurations/SpeleothemConfiguration	Lnet/minecraft/core/HolderSet;	replaceableBlocks	comp_1_616
METHOD	net/minecraft/world/level/levelgen/feature/configurations/SpeleothemConfiguration	(Lcom/mojang/serialization/codecs/RecordCodecBuilder$Instance;)Lcom/mojang/datafixers/kinds/App;	lambda$static$0	method_1_4638
METHOD	net/minecraft/world/level/levelgen/feature/configurations/SpeleothemConfiguration	(Lnet/minecraft/world/level/levelgen/feature/configurations/SpeleothemConfiguration;)Lnet/minecraft/world/level/block/state/BlockState;	lambda$static$1	method_1_4639
METHOD	net/minecraft/world/level/levelgen/feature/configurations/SpeleothemConfiguration	(Lnet/minecraft/world/level/levelgen/feature/configurations/SpeleothemConfiguration;)Lnet/minecraft/world/level/block/state/BlockState;	lambda$static$2	method_1_4640
METHOD	net/minecraft/world/level/levelgen/feature/configurations/SpeleothemConfiguration	(Lnet/minecraft/world/level/levelgen/feature/configurations/SpeleothemConfiguration;)Lnet/minecraft/core/HolderSet;	lambda$static$3	method_1_4641
METHOD	net/minecraft/world/level/levelgen/feature/configurations/SpeleothemConfiguration	(Lnet/minecraft/world/level/levelgen/feature/configurations/SpeleothemConfiguration;)Ljava/lang/Float;	lambda$static$4	method_1_4642
METHOD	net/minecraft/world/level/levelgen/feature/configurations/SpeleothemConfiguration	(Lnet/minecraft/world/level/levelgen/feature/configurations/SpeleothemConfiguration;)Ljava/lang/Float;	lambda$static$5	method_1_4643
METHOD	net/minecraft/world/level/levelgen/feature/configurations/SpeleothemConfiguration	(Lnet/minecraft/world/level/levelgen/feature/configurations/SpeleothemConfiguration;)Ljava/lang/Float;	lambda$static$6	method_1_4644
METHOD	net/minecraft/world/level/levelgen/feature/configurations/SpeleothemConfiguration	(Lnet/minecraft/world/level/levelgen/feature/configurations/SpeleothemConfiguration;)Ljava/lang/Float;	lambda$static$7	method_1_4645
METHOD	net/minecraft/world/level/levelgen/structure/templatesystem/StructureProcessorType	(Lcom/mojang/serialization/MapCodec;)Lcom/mojang/serialization/MapCodec;	lambda$static$0	method_1_4646
FIELD	net/minecraft/world/level/levelgen/structure/templatesystem/ProtectedBlockProcessor	Lcom/mojang/serialization/MapCodec;	MAP_CODEC	field_1_3825
field_33771 is now comp_1_617
METHOD	net/minecraft/world/level/levelgen/structure/templatesystem/ProtectedBlockProcessor	(Lcom/mojang/serialization/codecs/RecordCodecBuilder$Instance;)Lcom/mojang/datafixers/kinds/App;	lambda$static$0	method_1_4647
CLASS	net/minecraft/world/level/levelgen/structure/templatesystem/StructureProcessorTypes	class_1_769
METHOD	net/minecraft/world/level/levelgen/structure/templatesystem/StructureProcessorTypes	(Lnet/minecraft/core/Registry;)Lcom/mojang/serialization/MapCodec;	bootstrap	method_1_4648
FIELD	net/minecraft/world/level/levelgen/feature/configurations/LargeDripstoneConfiguration	Lnet/minecraft/core/HolderSet;	replaceableBlocks	field_1_3826
METHOD	net/minecraft/world/level/levelgen/feature/configurations/LargeDripstoneConfiguration	(Lnet/minecraft/world/level/levelgen/feature/configurations/LargeDripstoneConfiguration;)Lnet/minecraft/core/HolderSet;	lambda$static$1	method_1_4649
CLASS	net/minecraft/world/level/levelgen/feature/configurations/TemplateFeatureConfiguration	class_1_770
FIELD	net/minecraft/world/level/levelgen/feature/configurations/TemplateFeatureConfiguration	Lcom/mojang/serialization/Codec;	CODEC	field_1_3827
FIELD	net/minecraft/world/level/levelgen/feature/configurations/TemplateFeatureConfiguration	Lnet/minecraft/util/random/WeightedList;	templates	comp_1_618
METHOD	net/minecraft/world/level/levelgen/feature/configurations/TemplateFeatureConfiguration	(Lcom/mojang/serialization/codecs/RecordCodecBuilder$Instance;)Lcom/mojang/datafixers/kinds/App;	lambda$static$0	method_1_4650
CLASS	net/minecraft/world/level/levelgen/feature/configurations/TemplateFeatureConfiguration$TemplateEntry	class_1_771
FIELD	net/minecraft/world/level/levelgen/feature/configurations/TemplateFeatureConfiguration$TemplateEntry	Lcom/mojang/serialization/Codec;	CODEC	field_1_3828
FIELD	net/minecraft/world/level/levelgen/feature/configurations/TemplateFeatureConfiguration$TemplateEntry	Ljava/util/List;	rotations	comp_1_619
FIELD	net/minecraft/world/level/levelgen/feature/configurations/TemplateFeatureConfiguration$TemplateEntry	Lnet/minecraft/resources/Identifier;	template	comp_1_620
METHOD	net/minecraft/world/level/levelgen/feature/configurations/TemplateFeatureConfiguration$TemplateEntry	(Lcom/mojang/serialization/codecs/RecordCodecBuilder$Instance;)Lcom/mojang/datafixers/kinds/App;	lambda$static$0	method_1_4651
METHOD	net/minecraft/world/level/levelgen/feature/configurations/TemplateFeatureConfiguration$TemplateEntry	(Lnet/minecraft/resources/Identifier;)Lnet/minecraft/world/level/levelgen/feature/configurations/TemplateFeatureConfiguration$TemplateEntry;	of	method_1_4652
field_29290 is now comp_1_621
field_29291 is now comp_1_622
field_29295 is now comp_1_623
field_29287 is now comp_1_624
field_29286 is now comp_1_625
field_29289 is now comp_1_626
field_29293 is now comp_1_627
field_29288 is now comp_1_628
field_29292 is now comp_1_629
field_29294 is now comp_1_630
CLASS	net/minecraft/world/level/levelgen/feature/configurations/CompositeFeatureConfiguration	class_1_772
FIELD	net/minecraft/world/level/levelgen/feature/configurations/CompositeFeatureConfiguration	Lcom/mojang/serialization/Codec;	CODEC	field_1_3829
FIELD	net/minecraft/world/level/levelgen/feature/configurations/CompositeFeatureConfiguration	Lnet/minecraft/core/HolderSet;	features	comp_1_631
METHOD	net/minecraft/world/level/levelgen/feature/configurations/CompositeFeatureConfiguration	(Lnet/minecraft/core/Holder;)Ljava/util/stream/Stream;	lambda$getSubFeatures$0	method_1_4653
METHOD	net/minecraft/world/level/levelgen/feature/configurations/CompositeFeatureConfiguration	(Lcom/mojang/serialization/codecs/RecordCodecBuilder$Instance;)Lcom/mojang/datafixers/kinds/App;	lambda$static$0	method_1_4654
CLASS	net/minecraft/world/level/levelgen/feature/configurations/SpeleothemClusterConfiguration	class_1_773
FIELD	net/minecraft/world/level/levelgen/feature/configurations/SpeleothemClusterConfiguration	Lcom/mojang/serialization/Codec;	CODEC	field_1_3830
FIELD	net/minecraft/world/level/levelgen/feature/configurations/SpeleothemClusterConfiguration	Lnet/minecraft/world/level/block/state/BlockState;	baseBlock	comp_1_632
FIELD	net/minecraft/world/level/levelgen/feature/configurations/SpeleothemClusterConfiguration	F	chanceOfSpeleothemAtMaxDistanceFromCenter	comp_1_633
FIELD	net/minecraft/world/level/levelgen/feature/configurations/SpeleothemClusterConfiguration	Lnet/minecraft/util/valueproviders/FloatProvider;	density	comp_1_634
FIELD	net/minecraft/world/level/levelgen/feature/configurations/SpeleothemClusterConfiguration	I	floorToCeilingSearchRange	comp_1_635
FIELD	net/minecraft/world/level/levelgen/feature/configurations/SpeleothemClusterConfiguration	I	heightDeviation	comp_1_636
FIELD	net/minecraft/world/level/levelgen/feature/configurations/SpeleothemClusterConfiguration	Lnet/minecraft/util/valueproviders/IntProvider;	height	comp_1_637
FIELD	net/minecraft/world/level/levelgen/feature/configurations/SpeleothemClusterConfiguration	I	maxDistanceFromCenterAffectingHeightBias	comp_1_638
FIELD	net/minecraft/world/level/levelgen/feature/configurations/SpeleothemClusterConfiguration	I	maxDistanceFromEdgeAffectingChanceOfSpeleothem	comp_1_639
FIELD	net/minecraft/world/level/levelgen/feature/configurations/SpeleothemClusterConfiguration	I	maxStalagmiteStalactiteHeightDiff	comp_1_640
FIELD	net/minecraft/world/level/levelgen/feature/configurations/SpeleothemClusterConfiguration	Lnet/minecraft/world/level/block/state/BlockState;	pointedBlock	comp_1_641
FIELD	net/minecraft/world/level/levelgen/feature/configurations/SpeleothemClusterConfiguration	Lnet/minecraft/util/valueproviders/IntProvider;	radius	comp_1_642
FIELD	net/minecraft/world/level/levelgen/feature/configurations/SpeleothemClusterConfiguration	Lnet/minecraft/core/HolderSet;	replaceableBlocks	comp_1_643
FIELD	net/minecraft/world/level/levelgen/feature/configurations/SpeleothemClusterConfiguration	Lnet/minecraft/util/valueproviders/IntProvider;	speleothemBlockLayerThickness	comp_1_644
FIELD	net/minecraft/world/level/levelgen/feature/configurations/SpeleothemClusterConfiguration	Lnet/minecraft/util/valueproviders/FloatProvider;	wetness	comp_1_645
METHOD	net/minecraft/world/level/levelgen/feature/configurations/SpeleothemClusterConfiguration	(Lcom/mojang/serialization/codecs/RecordCodecBuilder$Instance;)Lcom/mojang/datafixers/kinds/App;	lambda$static$0	method_1_4655
METHOD	net/minecraft/world/level/levelgen/feature/configurations/SpeleothemClusterConfiguration	(Lnet/minecraft/world/level/levelgen/feature/configurations/SpeleothemClusterConfiguration;)Lnet/minecraft/world/level/block/state/BlockState;	lambda$static$1	method_1_4656
METHOD	net/minecraft/world/level/levelgen/feature/configurations/SpeleothemClusterConfiguration	(Lnet/minecraft/world/level/levelgen/feature/configurations/SpeleothemClusterConfiguration;)Lnet/minecraft/util/valueproviders/FloatProvider;	lambda$static$10	method_1_4657
METHOD	net/minecraft/world/level/levelgen/feature/configurations/SpeleothemClusterConfiguration	(Lnet/minecraft/world/level/levelgen/feature/configurations/SpeleothemClusterConfiguration;)Lnet/minecraft/util/valueproviders/FloatProvider;	lambda$static$11	method_1_4658
METHOD	net/minecraft/world/level/levelgen/feature/configurations/SpeleothemClusterConfiguration	(Lnet/minecraft/world/level/levelgen/feature/configurations/SpeleothemClusterConfiguration;)Ljava/lang/Float;	lambda$static$12	method_1_4659
METHOD	net/minecraft/world/level/levelgen/feature/configurations/SpeleothemClusterConfiguration	(Lnet/minecraft/world/level/levelgen/feature/configurations/SpeleothemClusterConfiguration;)Ljava/lang/Integer;	lambda$static$13	method_1_4660
METHOD	net/minecraft/world/level/levelgen/feature/configurations/SpeleothemClusterConfiguration	(Lnet/minecraft/world/level/levelgen/feature/configurations/SpeleothemClusterConfiguration;)Ljava/lang/Integer;	lambda$static$14	method_1_4661
METHOD	net/minecraft/world/level/levelgen/feature/configurations/SpeleothemClusterConfiguration	(Lnet/minecraft/world/level/levelgen/feature/configurations/SpeleothemClusterConfiguration;)Lnet/minecraft/world/level/block/state/BlockState;	lambda$static$2	method_1_4662
METHOD	net/minecraft/world/level/levelgen/feature/configurations/SpeleothemClusterConfiguration	(Lnet/minecraft/world/level/levelgen/feature/configurations/SpeleothemClusterConfiguration;)Lnet/minecraft/core/HolderSet;	lambda$static$3	method_1_4663
METHOD	net/minecraft/world/level/levelgen/feature/configurations/SpeleothemClusterConfiguration	(Lnet/minecraft/world/level/levelgen/feature/configurations/SpeleothemClusterConfiguration;)Ljava/lang/Integer;	lambda$static$4	method_1_4664
METHOD	net/minecraft/world/level/levelgen/feature/configurations/SpeleothemClusterConfiguration	(Lnet/minecraft/world/level/levelgen/feature/configurations/SpeleothemClusterConfiguration;)Lnet/minecraft/util/valueproviders/IntProvider;	lambda$static$5	method_1_4665
METHOD	net/minecraft/world/level/levelgen/feature/configurations/SpeleothemClusterConfiguration	(Lnet/minecraft/world/level/levelgen/feature/configurations/SpeleothemClusterConfiguration;)Lnet/minecraft/util/valueproviders/IntProvider;	lambda$static$6	method_1_4666
METHOD	net/minecraft/world/level/levelgen/feature/configurations/SpeleothemClusterConfiguration	(Lnet/minecraft/world/level/levelgen/feature/configurations/SpeleothemClusterConfiguration;)Ljava/lang/Integer;	lambda$static$7	method_1_4667
METHOD	net/minecraft/world/level/levelgen/feature/configurations/SpeleothemClusterConfiguration	(Lnet/minecraft/world/level/levelgen/feature/configurations/SpeleothemClusterConfiguration;)Ljava/lang/Integer;	lambda$static$8	method_1_4668
METHOD	net/minecraft/world/level/levelgen/feature/configurations/SpeleothemClusterConfiguration	(Lnet/minecraft/world/level/levelgen/feature/configurations/SpeleothemClusterConfiguration;)Lnet/minecraft/util/valueproviders/IntProvider;	lambda$static$9	method_1_4669
Done!
