Duplicate assignment for record component com/mojang/blaze3d/vulkan/glsl/IntermediaryShaderModule;nameLjava/lang/String;
Demoting record getter com/mojang/blaze3d/vulkan/glsl/IntermediaryShaderModule;lambda$createVulkanShaderModule$0()Ljava/lang/String; due to conflicts
Demoting record getter com/mojang/blaze3d/vulkan/glsl/IntermediaryShaderModule;name()Ljava/lang/String; due to conflicts
Promoting com/mojang/blaze3d/vulkan/glsl/IntermediaryShaderModule;name()Ljava/lang/String; as record getter for nameLjava/lang/String;
Demoting record getter com/mojang/realmsclient/client/RealmsError$CustomError;errorCode()I
Demoting record getter com/mojang/realmsclient/client/RealmsError$ErrorWithJsonPayload;errorCode()I
Demoting record getter com/mojang/realmsclient/client/RealmsError$ErrorWithRawPayload;errorCode()I
Demoting record getter net/minecraft/advancements/predicates/CollectionContentsPredicate$Multiple;unpack()Ljava/util/List;
Demoting record getter net/minecraft/advancements/predicates/CollectionCountsPredicate$Multiple;unpack()Ljava/util/List;
Demoting record getter net/minecraft/client/gui/ComponentPath$Leaf;leafComponent()Lnet/minecraft/client/gui/components/events/GuiEventListener;
Demoting record getter net/minecraft/client/gui/font/AtlasGlyphProvider$Instance;textureView()Lcom/mojang/blaze3d/textures/GpuTextureView;
Promoting net/minecraft/client/gui/font/AtlasGlyphProvider$Instance;textureView()Lcom/mojang/blaze3d/textures/GpuTextureView; as record getter for textureViewLcom/mojang/blaze3d/textures/GpuTextureView;
Demoting record getter net/minecraft/client/gui/font/EmptyArea;activeLeft()F
Demoting record getter net/minecraft/client/gui/font/glyphs/BakedSheetGlyph$EffectInstance;left()F
Demoting record getter net/minecraft/client/gui/font/glyphs/BakedSheetGlyph$EffectInstance;top()F
Demoting record getter net/minecraft/client/input/KeyEvent;input()I
Demoting record getter net/minecraft/client/input/MouseButtonInfo;input()I
Demoting record getter net/minecraft/client/multiplayer/chat/LoggedChatMessage$System;toContentComponent()Lnet/minecraft/network/chat/Component;
Demoting record getter net/minecraft/client/renderer/PostPass$TextureInput;bilinear()Z
Promoting net/minecraft/client/renderer/PostPass$TextureInput;bilinear()Z as record getter for bilinearZ
Demoting record getter net/minecraft/client/renderer/feature/CustomFeatureRenderer$Submit;batchKey()Ljava/lang/Object;
Demoting record getter net/minecraft/client/renderer/feature/FeatureRendererType;toString()Ljava/lang/String;
Demoting record getter net/minecraft/client/renderer/feature/ModelFeatureRenderer$Submit;batchKey()Ljava/lang/Object;
Demoting record getter net/minecraft/commands/arguments/coordinates/WorldCoordinate;isRelative()Z
Demoting record getter net/minecraft/core/ClientAsset$DownloadedTexture;id()Lnet/minecraft/resources/Identifier;
Demoting record getter net/minecraft/core/particles/GeyserBaseParticleOptions;getType()Lnet/minecraft/core/particles/ParticleType;
Demoting record getter net/minecraft/core/particles/GeyserParticleOptions;getType()Lnet/minecraft/core/particles/ParticleType;
Demoting record getter net/minecraft/nbt/ByteTag;intValue()I
Demoting record getter net/minecraft/nbt/ByteTag;byteValue()B
Demoting record getter net/minecraft/nbt/DoubleTag;doubleValue()D
Demoting record getter net/minecraft/nbt/FloatTag;floatValue()F
Demoting record getter net/minecraft/nbt/IntTag;intValue()I
Demoting record getter net/minecraft/nbt/LongTag;longValue()J
Demoting record getter net/minecraft/nbt/ShortTag;intValue()I
Demoting record getter net/minecraft/nbt/ShortTag;shortValue()S
Demoting record getter net/minecraft/network/chat/OutgoingChatMessage$Disguised;content()Lnet/minecraft/network/chat/Component;
Promoting net/minecraft/network/chat/OutgoingChatMessage$Disguised;content()Lnet/minecraft/network/chat/Component; as record getter for contentLnet/minecraft/network/chat/Component;
Demoting record getter net/minecraft/network/syncher/EntityDataAccessor;hashCode()I
Demoting record getter net/minecraft/server/network/ConfigurationTask$Type;toString()Ljava/lang/String;
Demoting record getter net/minecraft/server/packs/OverlayMetadataSection$OverlayEntry$IntermediateEntry;toString()Ljava/lang/String;
Demoting record getter net/minecraft/util/CubicSpline$Constant;minValue()F
Demoting record getter net/minecraft/util/CubicSpline$Constant;maxValue()F
Demoting record getter net/minecraft/util/ProblemReporter$RootFieldPathElement;get()Ljava/lang/String;
Promoting net/minecraft/util/valueproviders/ClampedInt;minInclusive()I as record getter for minInclusiveI
Promoting net/minecraft/util/valueproviders/ClampedInt;maxInclusive()I as record getter for maxInclusiveI
Demoting record getter net/minecraft/util/valueproviders/ConstantFloat;min()F
Demoting record getter net/minecraft/util/valueproviders/ConstantFloat;max()F
Demoting record getter net/minecraft/util/valueproviders/ConstantInt;minInclusive()I
Demoting record getter net/minecraft/util/valueproviders/ConstantInt;maxInclusive()I
Demoting record getter net/minecraft/world/item/ItemStackTemplate;typeHolder()Lnet/minecraft/core/Holder;
Demoting record getter net/minecraft/world/item/TooltipFlag$Default;isAdvanced()Z
Demoting record getter net/minecraft/world/item/TooltipFlag$Default;isCreative()Z
Promoting net/minecraft/world/item/alchemy/PotionContents;customEffects()Ljava/util/List; as record getter for customEffectsLjava/util/List;
Demoting record getter net/minecraft/world/level/SpawnData;getEntityToSpawn()Lnet/minecraft/nbt/CompoundTag;
Demoting record getter net/minecraft/world/level/SpawnData;getCustomSpawnRules()Ljava/util/Optional;
Demoting record getter net/minecraft/world/level/SpawnData;getEquipment()Ljava/util/Optional;
Promoting net/minecraft/world/level/block/entity/vault/VaultConfig;playerDetector()Lnet/minecraft/world/level/block/entity/trialspawner/PlayerDetector; as record getter for playerDetectorLnet/minecraft/world/level/block/entity/trialspawner/PlayerDetector;
Demoting record getter net/minecraft/world/level/chunk/Configuration$Simple;bitsInMemory()I
Demoting record getter net/minecraft/world/level/chunk/Configuration$Simple;bitsInStorage()I
Demoting record getter net/minecraft/world/level/gameevent/GameEvent;notificationRadius()I
Promoting net/minecraft/world/level/gameevent/GameEvent;notificationRadius()I as record getter for notificationRadiusI
Demoting record getter net/minecraft/world/level/gamerules/GameRuleCategory;getDescriptionId()Lnet/minecraft/resources/Identifier;
Demoting record getter net/minecraft/world/level/levelgen/DensityFunctions$Ap2;minValue()D
Demoting record getter net/minecraft/world/level/levelgen/DensityFunctions$Ap2;maxValue()D
Promoting net/minecraft/world/level/levelgen/DensityFunctions$Ap2;minValue()D as record getter for minValueD
Promoting net/minecraft/world/level/levelgen/DensityFunctions$Ap2;maxValue()D as record getter for maxValueD
Demoting record getter net/minecraft/world/level/levelgen/DensityFunctions$Constant;minValue()D
Demoting record getter net/minecraft/world/level/levelgen/DensityFunctions$Constant;maxValue()D
Demoting record getter net/minecraft/world/level/levelgen/DensityFunctions$MulOrAdd;argument2()Lnet/minecraft/world/level/levelgen/DensityFunction;
Demoting record getter net/minecraft/world/level/levelgen/NoiseGeneratorSettings;disableMobGeneration()Z
Promoting net/minecraft/world/level/levelgen/NoiseGeneratorSettings;disableMobGeneration()Z as record getter for disableMobGenerationZ
Promoting net/minecraft/world/level/levelgen/NoiseGeneratorSettings;oreVeinsEnabled()Z as record getter for oreVeinsEnabledZ
Read 10952 (7055) classes.
Populated subclass entries.
Joining MethodEntries...
Joined 19654 MethodEntries (0 unique, 11194 classes).
Collecting additional information...
- Done. -
Duplicate assignment for record component com/mojang/blaze3d/vulkan/glsl/IntermediaryShaderModule;nameLjava/lang/String;
Demoting record getter com/mojang/blaze3d/vulkan/glsl/IntermediaryShaderModule;lambda$createVulkanShaderModule$0()Ljava/lang/String; due to conflicts
Demoting record getter com/mojang/blaze3d/vulkan/glsl/IntermediaryShaderModule;name()Ljava/lang/String; due to conflicts
Promoting com/mojang/blaze3d/vulkan/glsl/IntermediaryShaderModule;name()Ljava/lang/String; as record getter for nameLjava/lang/String;
Demoting record getter com/mojang/realmsclient/client/RealmsError$CustomError;errorCode()I
Demoting record getter com/mojang/realmsclient/client/RealmsError$ErrorWithJsonPayload;errorCode()I
Demoting record getter com/mojang/realmsclient/client/RealmsError$ErrorWithRawPayload;errorCode()I
Demoting record getter net/minecraft/advancements/predicates/CollectionContentsPredicate$Multiple;unpack()Ljava/util/List;
Demoting record getter net/minecraft/advancements/predicates/CollectionCountsPredicate$Multiple;unpack()Ljava/util/List;
Demoting record getter net/minecraft/client/gui/ComponentPath$Leaf;leafComponent()Lnet/minecraft/client/gui/components/events/GuiEventListener;
Demoting record getter net/minecraft/client/gui/font/AtlasGlyphProvider$Instance;textureView()Lcom/mojang/blaze3d/textures/GpuTextureView;
Promoting net/minecraft/client/gui/font/AtlasGlyphProvider$Instance;textureView()Lcom/mojang/blaze3d/textures/GpuTextureView; as record getter for textureViewLcom/mojang/blaze3d/textures/GpuTextureView;
Demoting record getter net/minecraft/client/gui/font/EmptyArea;activeLeft()F
Demoting record getter net/minecraft/client/gui/font/glyphs/BakedSheetGlyph$EffectInstance;left()F
Demoting record getter net/minecraft/client/gui/font/glyphs/BakedSheetGlyph$EffectInstance;top()F
Demoting record getter net/minecraft/client/input/KeyEvent;input()I
Demoting record getter net/minecraft/client/input/MouseButtonInfo;input()I
Demoting record getter net/minecraft/client/multiplayer/chat/LoggedChatMessage$System;toContentComponent()Lnet/minecraft/network/chat/Component;
Demoting record getter net/minecraft/client/renderer/PostPass$TextureInput;bilinear()Z
Promoting net/minecraft/client/renderer/PostPass$TextureInput;bilinear()Z as record getter for bilinearZ
Demoting record getter net/minecraft/client/renderer/feature/CustomFeatureRenderer$Submit;batchKey()Ljava/lang/Object;
Demoting record getter net/minecraft/client/renderer/feature/FeatureRendererType;toString()Ljava/lang/String;
Demoting record getter net/minecraft/client/renderer/feature/ModelFeatureRenderer$Submit;batchKey()Ljava/lang/Object;
Demoting record getter net/minecraft/commands/arguments/coordinates/WorldCoordinate;isRelative()Z
Demoting record getter net/minecraft/core/ClientAsset$DownloadedTexture;id()Lnet/minecraft/resources/Identifier;
Demoting record getter net/minecraft/core/CompositeDirection;getStep()Lnet/minecraft/core/Vec3i;
Demoting record getter net/minecraft/core/particles/GeyserBaseParticleOptions;getType()Lnet/minecraft/core/particles/ParticleType;
Demoting record getter net/minecraft/core/particles/GeyserParticleOptions;getType()Lnet/minecraft/core/particles/ParticleType;
Demoting record getter net/minecraft/nbt/ByteTag;intValue()I
Demoting record getter net/minecraft/nbt/ByteTag;byteValue()B
Demoting record getter net/minecraft/nbt/DoubleTag;doubleValue()D
Demoting record getter net/minecraft/nbt/FloatTag;floatValue()F
Demoting record getter net/minecraft/nbt/IntTag;intValue()I
Demoting record getter net/minecraft/nbt/LongTag;longValue()J
Demoting record getter net/minecraft/nbt/ShortTag;intValue()I
Demoting record getter net/minecraft/nbt/ShortTag;shortValue()S
Demoting record getter net/minecraft/network/chat/OutgoingChatMessage$Disguised;content()Lnet/minecraft/network/chat/Component;
Promoting net/minecraft/network/chat/OutgoingChatMessage$Disguised;content()Lnet/minecraft/network/chat/Component; as record getter for contentLnet/minecraft/network/chat/Component;
Demoting record getter net/minecraft/network/syncher/EntityDataAccessor;hashCode()I
Demoting record getter net/minecraft/server/network/ConfigurationTask$Type;toString()Ljava/lang/String;
Demoting record getter net/minecraft/server/packs/OverlayMetadataSection$OverlayEntry$IntermediateEntry;toString()Ljava/lang/String;
Demoting record getter net/minecraft/util/CubicSpline$Constant;minValue()F
Demoting record getter net/minecraft/util/CubicSpline$Constant;maxValue()F
Demoting record getter net/minecraft/util/ProblemReporter$RootFieldPathElement;get()Ljava/lang/String;
Promoting net/minecraft/util/valueproviders/ClampedInt;maxInclusive()I as record getter for maxInclusiveI
Promoting net/minecraft/util/valueproviders/ClampedInt;minInclusive()I as record getter for minInclusiveI
Demoting record getter net/minecraft/util/valueproviders/ConstantFloat;min()F
Demoting record getter net/minecraft/util/valueproviders/ConstantFloat;max()F
Demoting record getter net/minecraft/util/valueproviders/ConstantInt;minInclusive()I
Demoting record getter net/minecraft/util/valueproviders/ConstantInt;maxInclusive()I
Demoting record getter net/minecraft/world/item/ItemStackTemplate;typeHolder()Lnet/minecraft/core/Holder;
Demoting record getter net/minecraft/world/item/TooltipFlag$Default;isAdvanced()Z
Demoting record getter net/minecraft/world/item/TooltipFlag$Default;isCreative()Z
Promoting net/minecraft/world/item/alchemy/PotionContents;customEffects()Ljava/util/List; as record getter for customEffectsLjava/util/List;
Demoting record getter net/minecraft/world/level/SpawnData;getEntityToSpawn()Lnet/minecraft/nbt/CompoundTag;
Demoting record getter net/minecraft/world/level/SpawnData;getCustomSpawnRules()Ljava/util/Optional;
Demoting record getter net/minecraft/world/level/SpawnData;getEquipment()Ljava/util/Optional;
Promoting net/minecraft/world/level/block/entity/vault/VaultConfig;playerDetector()Lnet/minecraft/world/level/block/entity/trialspawner/PlayerDetector; as record getter for playerDetectorLnet/minecraft/world/level/block/entity/trialspawner/PlayerDetector;
Demoting record getter net/minecraft/world/level/chunk/Configuration$Simple;bitsInMemory()I
Demoting record getter net/minecraft/world/level/chunk/Configuration$Simple;bitsInStorage()I
Demoting record getter net/minecraft/world/level/gameevent/GameEvent;notificationRadius()I
Promoting net/minecraft/world/level/gameevent/GameEvent;notificationRadius()I as record getter for notificationRadiusI
Demoting record getter net/minecraft/world/level/gamerules/GameRuleCategory;getDescriptionId()Lnet/minecraft/resources/Identifier;
Demoting record getter net/minecraft/world/level/levelgen/DensityFunctions$Ap2;minValue()D
Demoting record getter net/minecraft/world/level/levelgen/DensityFunctions$Ap2;maxValue()D
Promoting net/minecraft/world/level/levelgen/DensityFunctions$Ap2;maxValue()D as record getter for maxValueD
Promoting net/minecraft/world/level/levelgen/DensityFunctions$Ap2;minValue()D as record getter for minValueD
Demoting record getter net/minecraft/world/level/levelgen/DensityFunctions$Constant;minValue()D
Demoting record getter net/minecraft/world/level/levelgen/DensityFunctions$Constant;maxValue()D
Demoting record getter net/minecraft/world/level/levelgen/DensityFunctions$MulOrAdd;argument2()Lnet/minecraft/world/level/levelgen/DensityFunction;
Demoting record getter net/minecraft/world/level/levelgen/NoiseGeneratorSettings;disableMobGeneration()Z
Promoting net/minecraft/world/level/levelgen/NoiseGeneratorSettings;oreVeinsEnabled()Z as record getter for oreVeinsEnabledZ
Promoting net/minecraft/world/level/levelgen/NoiseGeneratorSettings;disableMobGeneration()Z as record getter for disableMobGenerationZ
Read 11005 (7062) classes.
Populated subclass entries.
Joining MethodEntries...
Joined 19831 MethodEntries (0 unique, 11249 classes).
Collecting additional information...
- Done. -
Loading remapping files...
Generating new mappings...
METHOD	net/minecraft/core/Holder	()Ljava/util/Optional;	getRegisteredNameIfPresent	method_1_6425
FIELD	net/minecraft/tags/ItemTags	Lnet/minecraft/tags/TagKey;	MUSHROOMS	field_1_7167
FIELD	net/minecraft/tags/ItemTags	Lnet/minecraft/tags/TagKey;	POPLAR_LOGS	field_1_7168
FIELD	net/minecraft/tags/ItemTags	Lnet/minecraft/tags/TagKey;	WOOL_SLABS	field_1_7169
FIELD	net/minecraft/tags/ItemTags	Lnet/minecraft/tags/TagKey;	WOOL_STAIRS	field_1_7170
FIELD	net/minecraft/tags/BiomeTags	Lnet/minecraft/tags/TagKey;	HAS_ABANDONED_CAMP_BAMBOO_JUNGLE	field_1_7171
FIELD	net/minecraft/tags/BiomeTags	Lnet/minecraft/tags/TagKey;	HAS_ABANDONED_CAMP_BIRCH_FOREST	field_1_7172
FIELD	net/minecraft/tags/BiomeTags	Lnet/minecraft/tags/TagKey;	HAS_ABANDONED_CAMP_CHERRY_GROVE	field_1_7173
FIELD	net/minecraft/tags/BiomeTags	Lnet/minecraft/tags/TagKey;	HAS_ABANDONED_CAMP_DAPPLED_FOREST	field_1_7174
FIELD	net/minecraft/tags/BiomeTags	Lnet/minecraft/tags/TagKey;	HAS_ABANDONED_CAMP_FLOWER_FOREST	field_1_7175
FIELD	net/minecraft/tags/BiomeTags	Lnet/minecraft/tags/TagKey;	HAS_ABANDONED_CAMP_FOREST	field_1_7176
FIELD	net/minecraft/tags/BiomeTags	Lnet/minecraft/tags/TagKey;	HAS_ABANDONED_CAMP_MEADOW	field_1_7177
FIELD	net/minecraft/tags/BiomeTags	Lnet/minecraft/tags/TagKey;	HAS_ABANDONED_CAMP_OLD_GROWTH_BIRCH_FOREST	field_1_7178
FIELD	net/minecraft/tags/BiomeTags	Lnet/minecraft/tags/TagKey;	HAS_ABANDONED_CAMP_OLD_GROWTH_PINE_TAIGA	field_1_7179
FIELD	net/minecraft/tags/BiomeTags	Lnet/minecraft/tags/TagKey;	HAS_ABANDONED_CAMP_OLD_GROWTH_SPRUCE_TAIGA	field_1_7180
FIELD	net/minecraft/tags/BiomeTags	Lnet/minecraft/tags/TagKey;	HAS_ABANDONED_CAMP_PALE_GARDEN	field_1_7181
FIELD	net/minecraft/tags/BiomeTags	Lnet/minecraft/tags/TagKey;	HAS_ABANDONED_CAMP_SAVANNA	field_1_7182
FIELD	net/minecraft/tags/BiomeTags	Lnet/minecraft/tags/TagKey;	HAS_ABANDONED_CAMP_SNOWY_TAIGA	field_1_7183
FIELD	net/minecraft/tags/BiomeTags	Lnet/minecraft/tags/TagKey;	HAS_ABANDONED_CAMP_SPARSE_JUNGLE	field_1_7184
FIELD	net/minecraft/tags/BiomeTags	Lnet/minecraft/tags/TagKey;	HAS_ABANDONED_CAMP_SWAMP	field_1_7185
FIELD	net/minecraft/tags/BiomeTags	Lnet/minecraft/tags/TagKey;	HAS_ABANDONED_CAMP_TAIGA	field_1_7186
FIELD	net/minecraft/tags/BiomeTags	Lnet/minecraft/tags/TagKey;	HAS_ABANDONED_CAMP_WINDSWEPT_FOREST	field_1_7187
FIELD	net/minecraft/tags/BiomeTags	Lnet/minecraft/tags/TagKey;	HAS_ABANDONED_CAMP_WOODED_BADLANDS	field_1_7188
FIELD	net/minecraft/tags/BlockTags	Lnet/minecraft/tags/TagKey;	BLOCKS_DOLPHIN_JUMP	field_1_7189
FIELD	net/minecraft/tags/BlockTags	Lnet/minecraft/tags/TagKey;	BLOCKS_FLUID_FLOW	field_1_7190
FIELD	net/minecraft/tags/BlockTags	Lnet/minecraft/tags/TagKey;	BLOCKS_LAVA_FIRE_SPREAD	field_1_7191
FIELD	net/minecraft/tags/BlockTags	Lnet/minecraft/tags/TagKey;	BLOCKS_MOTION	field_1_7192
FIELD	net/minecraft/tags/BlockTags	Lnet/minecraft/tags/TagKey;	BLOCKS_MOTION_IN_HEIGHTMAP	field_1_7193
FIELD	net/minecraft/tags/BlockTags	Lnet/minecraft/tags/TagKey;	BLOCKS_MOTION_IN_HEIGHTMAP_NO_LEAVES	field_1_7194
FIELD	net/minecraft/tags/BlockTags	Lnet/minecraft/tags/TagKey;	BLOCKS_MOTION_NO_LEAVES	field_1_7195
FIELD	net/minecraft/tags/BlockTags	Lnet/minecraft/tags/TagKey;	CAUSES_SUFFOCATION	field_1_7196
FIELD	net/minecraft/tags/BlockTags	Lnet/minecraft/tags/TagKey;	ENTITIES_CAN_TELEPORT_TO	field_1_7197
FIELD	net/minecraft/tags/BlockTags	Lnet/minecraft/tags/TagKey;	ICE_MELTS_WHEN_DESTROYED_ABOVE	field_1_7198
FIELD	net/minecraft/tags/BlockTags	Lnet/minecraft/tags/TagKey;	ORES	field_1_7199
FIELD	net/minecraft/tags/BlockTags	Lnet/minecraft/tags/TagKey;	REQUIRED_FOR_POPLAR_LEAF_AMBIENCE	field_1_7200
FIELD	net/minecraft/tags/BlockTags	Lnet/minecraft/tags/TagKey;	SAPLINGS	field_1_7201
FIELD	net/minecraft/tags/BlockTags	Lnet/minecraft/tags/TagKey;	SKULLS	field_1_7202
FIELD	net/minecraft/tags/BlockTags	Lnet/minecraft/tags/TagKey;	WASHED_AWAY_BY_FLUIDS	field_1_7203
FIELD	net/minecraft/SharedConstants	Z	DEBUG_CALCULATE_SOLID	field_1_7204
METHOD	net/minecraft/world/item/Item$Properties	(Lnet/minecraft/resources/ResourceKey;Lnet/minecraft/core/HolderLookup$Provider;)Lnet/minecraft/core/Holder;	lambda$potPattern$0	method_1_6426
METHOD	net/minecraft/world/item/Item$Properties	(Lnet/minecraft/resources/ResourceKey;)Lnet/minecraft/world/item/Item$Properties;	potPattern	method_1_6427
FIELD	net/minecraft/client/Minecraft	Lnet/minecraft/client/resources/palette/PalettedTextureManager;	palettedTextureManager	field_1_7205
METHOD	net/minecraft/client/Minecraft	()Lnet/minecraft/client/resources/palette/PalettedTextureManager;	getPalettedTextureManager	method_1_6428
CLASS	net/minecraft/core/Directional	class_1_1038
METHOD	net/minecraft/core/Directional	()Lnet/minecraft/core/Vec3i;	getStep	method_1_6429
METHOD	net/minecraft/data/BlockFamily$Builder	(Lnet/minecraft/world/level/block/Block;)Lnet/minecraft/data/BlockFamily$Builder;	carpet	method_1_6430
FIELD	net/minecraft/data/BlockFamily$Variant	Lnet/minecraft/data/BlockFamily$Variant;	CARPET	field_1_7206
FIELD	net/minecraft/world/item/Items	Lnet/minecraft/world/item/Item;	ORANGE_POPLAR_LEAVES	field_1_7207
FIELD	net/minecraft/world/item/Items	Lnet/minecraft/world/item/Item;	POPLAR_BOAT	field_1_7208
FIELD	net/minecraft/world/item/Items	Lnet/minecraft/world/item/Item;	POPLAR_BUTTON	field_1_7209
FIELD	net/minecraft/world/item/Items	Lnet/minecraft/world/item/Item;	POPLAR_CHEST_BOAT	field_1_7210
FIELD	net/minecraft/world/item/Items	Lnet/minecraft/world/item/Item;	POPLAR_DOOR	field_1_7211
FIELD	net/minecraft/world/item/Items	Lnet/minecraft/world/item/Item;	POPLAR_FENCE	field_1_7212
FIELD	net/minecraft/world/item/Items	Lnet/minecraft/world/item/Item;	POPLAR_FENCE_GATE	field_1_7213
FIELD	net/minecraft/world/item/Items	Lnet/minecraft/world/item/Item;	POPLAR_HANGING_SIGN	field_1_7214
FIELD	net/minecraft/world/item/Items	Lnet/minecraft/world/item/Item;	POPLAR_LOG	field_1_7215
FIELD	net/minecraft/world/item/Items	Lnet/minecraft/world/item/Item;	POPLAR_PLANKS	field_1_7216
FIELD	net/minecraft/world/item/Items	Lnet/minecraft/world/item/Item;	POPLAR_PRESSURE_PLATE	field_1_7217
FIELD	net/minecraft/world/item/Items	Lnet/minecraft/world/item/Item;	POPLAR_SAPLING	field_1_7218
FIELD	net/minecraft/world/item/Items	Lnet/minecraft/world/item/Item;	POPLAR_SHELF	field_1_7219
FIELD	net/minecraft/world/item/Items	Lnet/minecraft/world/item/Item;	POPLAR_SIGN	field_1_7220
FIELD	net/minecraft/world/item/Items	Lnet/minecraft/world/item/Item;	POPLAR_SLAB	field_1_7221
FIELD	net/minecraft/world/item/Items	Lnet/minecraft/world/item/Item;	POPLAR_STAIRS	field_1_7222
FIELD	net/minecraft/world/item/Items	Lnet/minecraft/world/item/Item;	POPLAR_TRAPDOOR	field_1_7223
FIELD	net/minecraft/world/item/Items	Lnet/minecraft/world/item/Item;	POPLAR_WOOD	field_1_7224
FIELD	net/minecraft/world/item/Items	Lnet/minecraft/world/item/Item;	RED_POPLAR_LEAVES	field_1_7225
FIELD	net/minecraft/world/item/Items	Lnet/minecraft/world/item/Item;	RED_SHRUB	field_1_7226
FIELD	net/minecraft/world/item/Items	Lnet/minecraft/world/item/Item;	SHELF_MUSHROOM	field_1_7227
FIELD	net/minecraft/world/item/Items	Lnet/minecraft/world/item/Item;	STRIPPED_POPLAR_LOG	field_1_7228
FIELD	net/minecraft/world/item/Items	Lnet/minecraft/world/item/Item;	STRIPPED_POPLAR_WOOD	field_1_7229
FIELD	net/minecraft/world/item/Items	Lnet/minecraft/world/level/block/ColorCollection;	WOOL_SLAB	field_1_7230
FIELD	net/minecraft/world/item/Items	Lnet/minecraft/world/level/block/ColorCollection;	WOOL_STAIRS	field_1_7231
FIELD	net/minecraft/world/item/Items	Lnet/minecraft/world/item/Item;	YELLOW_POPLAR_LEAVES	field_1_7232
METHOD	net/minecraft/world/item/Items	(Lnet/minecraft/references/BlockItemId;Lnet/minecraft/world/level/block/Block;Lnet/minecraft/world/item/DyeColor;)Lnet/minecraft/world/item/Item;	lambda$static$1	method_1_6431
METHOD	net/minecraft/world/item/Items	(Lnet/minecraft/world/level/block/Block;Lnet/minecraft/world/item/Item$Properties;)Lnet/minecraft/world/item/Item;	lambda$static$109	method_1_6432
METHOD	net/minecraft/world/item/Items	(Lnet/minecraft/world/level/block/Block;Lnet/minecraft/world/item/Item$Properties;)Lnet/minecraft/world/item/Item;	lambda$static$110	method_1_6433
METHOD	net/minecraft/world/item/Items	(Lnet/minecraft/world/level/block/Block;Lnet/minecraft/world/item/Item$Properties;)Lnet/minecraft/world/item/Item;	lambda$static$111	method_1_6434
METHOD	net/minecraft/world/item/Items	(Lnet/minecraft/world/level/block/Block;Lnet/minecraft/world/item/Item$Properties;)Lnet/minecraft/world/item/Item;	lambda$static$112	method_1_6435
METHOD	net/minecraft/world/item/Items	(Lnet/minecraft/world/level/block/Block;Lnet/minecraft/world/item/Item$Properties;)Lnet/minecraft/world/item/Item;	lambda$static$113	method_1_6436
METHOD	net/minecraft/world/item/Items	(Lnet/minecraft/world/level/block/Block;Lnet/minecraft/world/item/Item$Properties;)Lnet/minecraft/world/item/Item;	lambda$static$114	method_1_6437
METHOD	net/minecraft/world/item/Items	(Lnet/minecraft/world/level/block/Block;Lnet/minecraft/world/item/Item$Properties;)Lnet/minecraft/world/item/Item;	lambda$static$121	method_1_6438
METHOD	net/minecraft/world/item/Items	(Lnet/minecraft/world/level/block/Block;Lnet/minecraft/world/item/Item$Properties;)Lnet/minecraft/world/item/Item;	lambda$static$122	method_1_6439
METHOD	net/minecraft/world/item/Items	(Lnet/minecraft/world/level/block/Block;Lnet/minecraft/world/item/Item$Properties;)Lnet/minecraft/world/item/Item;	lambda$static$123	method_1_6440
METHOD	net/minecraft/world/item/Items	(Lnet/minecraft/world/level/block/Block;Lnet/minecraft/world/item/Item$Properties;)Lnet/minecraft/world/item/Item;	lambda$static$124	method_1_6441
METHOD	net/minecraft/world/item/Items	(Lnet/minecraft/world/level/block/Block;Lnet/minecraft/world/item/Item$Properties;)Lnet/minecraft/world/item/Item;	lambda$static$125	method_1_6442
METHOD	net/minecraft/world/item/Items	(Lnet/minecraft/world/level/block/Block;Lnet/minecraft/world/item/Item$Properties;)Lnet/minecraft/world/item/Item;	lambda$static$126	method_1_6443
METHOD	net/minecraft/world/item/Items	(Lnet/minecraft/world/level/block/Block;Lnet/minecraft/world/item/Item$Properties;)Lnet/minecraft/world/item/Item;	lambda$static$127	method_1_6444
METHOD	net/minecraft/world/item/Items	(Lnet/minecraft/world/item/Item$Properties;)Lnet/minecraft/world/item/Item$Properties;	lambda$static$14	method_1_6445
METHOD	net/minecraft/world/item/Items	(Lnet/minecraft/world/item/Item$Properties;)Lnet/minecraft/world/item/Item$Properties;	lambda$static$18	method_1_6446
METHOD	net/minecraft/world/item/Items	(Lnet/minecraft/world/item/Item$Properties;)Lnet/minecraft/world/item/Item$Properties;	lambda$static$19	method_1_6447
METHOD	net/minecraft/world/item/Items	(Lnet/minecraft/references/BlockItemId;Lnet/minecraft/world/level/block/Block;Lnet/minecraft/world/item/DyeColor;)Lnet/minecraft/world/item/Item;	lambda$static$2	method_1_6448
METHOD	net/minecraft/world/item/Items	(Lnet/minecraft/references/BlockItemId;Lnet/minecraft/world/level/block/Block;Lnet/minecraft/world/item/DyeColor;)Lnet/minecraft/world/item/Item;	lambda$static$30	method_1_6449
METHOD	net/minecraft/world/item/Items	(Lnet/minecraft/references/BlockItemId;Lnet/minecraft/world/level/block/Block;Lnet/minecraft/world/item/DyeColor;)Lnet/minecraft/world/item/Item;	lambda$static$31	method_1_6450
METHOD	net/minecraft/world/item/Items	(Lnet/minecraft/world/level/block/Block;Lnet/minecraft/world/item/Item$Properties;)Lnet/minecraft/world/item/Item;	lambda$static$42	method_1_6451
METHOD	net/minecraft/world/item/Items	(Lnet/minecraft/world/level/block/Block;Lnet/minecraft/world/item/Item$Properties;)Lnet/minecraft/world/item/Item;	lambda$static$43	method_1_6452
METHOD	net/minecraft/world/item/Items	(Lnet/minecraft/world/level/block/Block;Lnet/minecraft/world/item/Item$Properties;)Lnet/minecraft/world/item/Item;	lambda$static$44	method_1_6453
METHOD	net/minecraft/world/item/Items	(Lnet/minecraft/world/item/Item$Properties;)Lnet/minecraft/world/item/Item$Properties;	lambda$static$48	method_1_6454
METHOD	net/minecraft/world/item/Items	(Lnet/minecraft/world/item/Item$Properties;)Lnet/minecraft/world/item/Item;	lambda$static$75	method_1_6455
METHOD	net/minecraft/world/item/Items	(Lnet/minecraft/world/item/Item$Properties;)Lnet/minecraft/world/item/Item;	lambda$static$76	method_1_6456
METHOD	net/minecraft/world/item/Items	(Lnet/minecraft/world/item/Item$Properties;)Lnet/minecraft/world/item/Item;	lambda$static$77	method_1_6457
METHOD	net/minecraft/world/item/Items	(Lnet/minecraft/world/item/Item$Properties;)Lnet/minecraft/world/item/Item;	lambda$static$78	method_1_6458
METHOD	net/minecraft/world/item/Items	(Lnet/minecraft/world/item/Item$Properties;)Lnet/minecraft/world/item/Item;	lambda$static$79	method_1_6459
FIELD	net/minecraft/data/BlockFamilies	Lnet/minecraft/data/BlockFamily;	POPLAR_PLANKS	field_1_7233
FIELD	net/minecraft/data/BlockFamilies	Lnet/minecraft/world/level/block/ColorCollection;	WOOL	field_1_7234
METHOD	net/minecraft/data/BlockFamilies	(Lnet/minecraft/world/item/DyeColor;)Lnet/minecraft/data/BlockFamily;	lambda$static$4	method_1_6460
FIELD	net/minecraft/references/ItemIds	Lnet/minecraft/resources/ResourceKey;	POPLAR_BOAT	field_1_7235
FIELD	net/minecraft/references/ItemIds	Lnet/minecraft/resources/ResourceKey;	POPLAR_CHEST_BOAT	field_1_7236
FIELD	net/minecraft/sounds/SoundEvents	Lnet/minecraft/core/Holder$Reference;	POPLAR_LEAVES_AMBIENT	field_1_7237
FIELD	net/minecraft/sounds/SoundEvents	Lnet/minecraft/sounds/SoundEvent;	SHELF_MUSHROOM_BOUNCE	field_1_7238
FIELD	net/minecraft/sounds/SoundEvents	Lnet/minecraft/sounds/SoundEvent;	SHELF_MUSHROOM_BREAK	field_1_7239
FIELD	net/minecraft/sounds/SoundEvents	Lnet/minecraft/sounds/SoundEvent;	SHELF_MUSHROOM_FALL	field_1_7240
FIELD	net/minecraft/sounds/SoundEvents	Lnet/minecraft/sounds/SoundEvent;	SHELF_MUSHROOM_PLACE	field_1_7241
FIELD	net/minecraft/sounds/SoundEvents	Lnet/minecraft/sounds/SoundEvent;	SHELF_MUSHROOM_STEP	field_1_7242
FIELD	net/minecraft/tags/BlockItemTags	Lnet/minecraft/tags/BlockItemTagId;	ORES	field_1_7243
FIELD	net/minecraft/tags/BlockItemTags	Lnet/minecraft/tags/BlockItemTagId;	POPLAR_LOGS	field_1_7244
FIELD	net/minecraft/tags/BlockItemTags	Lnet/minecraft/tags/BlockItemTagId;	SKULLS	field_1_7245
FIELD	net/minecraft/tags/BlockItemTags	Lnet/minecraft/tags/BlockItemTagId;	WOOL_SLABS	field_1_7246
FIELD	net/minecraft/tags/BlockItemTags	Lnet/minecraft/tags/BlockItemTagId;	WOOL_STAIRS	field_1_7247
FIELD	net/minecraft/references/BlockIds	Lnet/minecraft/resources/ResourceKey;	POPLAR_WALL_HANGING_SIGN	field_1_7248
FIELD	net/minecraft/references/BlockIds	Lnet/minecraft/resources/ResourceKey;	POPLAR_WALL_SIGN	field_1_7249
FIELD	net/minecraft/references/BlockIds	Lnet/minecraft/resources/ResourceKey;	POTTED_POPLAR_SAPLING	field_1_7250
FIELD	net/minecraft/tags/DamageTypeTags	Lnet/minecraft/tags/TagKey;	NO_WOLF_RETALIATION	field_1_7251
FIELD	net/minecraft/tags/EntityTypeTags	Lnet/minecraft/tags/TagKey;	CANNOT_BE_DISMOUNTED_BY_ITEM_USAGE	field_1_7252
METHOD	net/minecraft/world/level/Spawner	(Lnet/minecraft/world/item/component/TypedEntityData;Lnet/minecraft/util/RandomSource;)V	setEntityData	method_1_6461
FIELD	com/mojang/blaze3d/platform/Window	Ljava/util/HexFormat;	HEX_FORMAT	field_1_7253
FIELD	net/minecraft/world/item/Instrument	I	durabilityDamage	comp_1_901
METHOD	net/minecraft/world/entity/MoverType	()Z	isServerAndClientSimulated	method_1_6462
FIELD	net/minecraft/world/item/Instruments	I	GOAT_HORN_INSTRUMENT_DAMAGE	field_1_7254
METHOD	com/mojang/blaze3d/vulkan/VulkanUtils	(Lorg/lwjgl/vulkan/VkPhysicalDevice;)Ljava/util/Set;	enumerateExtensions	method_1_6463
METHOD	com/mojang/blaze3d/vulkan/VulkanUtils	(Lorg/lwjgl/vulkan/VkPhysicalDevice;Ljava/util/Set;Lorg/lwjgl/system/MemoryStack;)Lorg/lwjgl/vulkan/VkPhysicalDeviceFeatures2;	enumerateFeatures	method_1_6464
CLASS	net/minecraft/core/CompositeDirection	class_1_1039
FIELD	net/minecraft/core/CompositeDirection	Lnet/minecraft/core/CompositeDirection;	DOWN	field_1_7255
FIELD	net/minecraft/core/CompositeDirection	Lnet/minecraft/core/CompositeDirection;	EAST	field_1_7256
FIELD	net/minecraft/core/CompositeDirection	Lnet/minecraft/core/CompositeDirection;	EAST_DOWN	field_1_7257
FIELD	net/minecraft/core/CompositeDirection	Lnet/minecraft/core/CompositeDirection;	EAST_UP	field_1_7258
FIELD	net/minecraft/core/CompositeDirection	Lnet/minecraft/core/CompositeDirection;	NORTH	field_1_7259
FIELD	net/minecraft/core/CompositeDirection	Lnet/minecraft/core/CompositeDirection;	NORTH_DOWN	field_1_7260
FIELD	net/minecraft/core/CompositeDirection	Lnet/minecraft/core/CompositeDirection;	NORTH_EAST	field_1_7261
FIELD	net/minecraft/core/CompositeDirection	Lnet/minecraft/core/CompositeDirection;	NORTH_EAST_DOWN	field_1_7262
FIELD	net/minecraft/core/CompositeDirection	Lnet/minecraft/core/CompositeDirection;	NORTH_EAST_UP	field_1_7263
FIELD	net/minecraft/core/CompositeDirection	Lnet/minecraft/core/CompositeDirection;	NORTH_UP	field_1_7264
FIELD	net/minecraft/core/CompositeDirection	Lnet/minecraft/core/CompositeDirection;	NORTH_WEST	field_1_7265
FIELD	net/minecraft/core/CompositeDirection	Lnet/minecraft/core/CompositeDirection;	NORTH_WEST_DOWN	field_1_7266
FIELD	net/minecraft/core/CompositeDirection	Lnet/minecraft/core/CompositeDirection;	NORTH_WEST_UP	field_1_7267
FIELD	net/minecraft/core/CompositeDirection	Lnet/minecraft/core/CompositeDirection;	SOUTH	field_1_7268
FIELD	net/minecraft/core/CompositeDirection	Lnet/minecraft/core/CompositeDirection;	SOUTH_DOWN	field_1_7269
FIELD	net/minecraft/core/CompositeDirection	Lnet/minecraft/core/CompositeDirection;	SOUTH_EAST	field_1_7270
FIELD	net/minecraft/core/CompositeDirection	Lnet/minecraft/core/CompositeDirection;	SOUTH_EAST_DOWN	field_1_7271
FIELD	net/minecraft/core/CompositeDirection	Lnet/minecraft/core/CompositeDirection;	SOUTH_EAST_UP	field_1_7272
FIELD	net/minecraft/core/CompositeDirection	Lnet/minecraft/core/CompositeDirection;	SOUTH_UP	field_1_7273
FIELD	net/minecraft/core/CompositeDirection	Lnet/minecraft/core/CompositeDirection;	SOUTH_WEST	field_1_7274
FIELD	net/minecraft/core/CompositeDirection	Lnet/minecraft/core/CompositeDirection;	SOUTH_WEST_DOWN	field_1_7275
FIELD	net/minecraft/core/CompositeDirection	Lnet/minecraft/core/CompositeDirection;	SOUTH_WEST_UP	field_1_7276
FIELD	net/minecraft/core/CompositeDirection	Lnet/minecraft/core/CompositeDirection;	UP	field_1_7277
FIELD	net/minecraft/core/CompositeDirection	Lnet/minecraft/core/CompositeDirection;	WEST	field_1_7278
FIELD	net/minecraft/core/CompositeDirection	Lnet/minecraft/core/CompositeDirection;	WEST_DOWN	field_1_7279
FIELD	net/minecraft/core/CompositeDirection	Lnet/minecraft/core/CompositeDirection;	WEST_UP	field_1_7280
FIELD	net/minecraft/core/CompositeDirection	Ljava/util/Set;	directions	comp_1_902
FIELD	net/minecraft/core/CompositeDirection	Lnet/minecraft/core/Vec3i;	step	comp_1_903
METHOD	net/minecraft/core/CompositeDirection	(Lnet/minecraft/core/CompositeDirection;)Lnet/minecraft/core/CompositeDirection;	compose	method_1_6465
FIELD	net/minecraft/core/CompositeDirection$Direction8	Lnet/minecraft/core/CompositeDirection;	compositeDirection	field_1_7281
FIELD	net/minecraft/references/BlockItemIds	Lnet/minecraft/references/BlockItemId;	ORANGE_POPLAR_LEAVES	field_1_7282
FIELD	net/minecraft/references/BlockItemIds	Lnet/minecraft/references/BlockItemId;	POPLAR_BUTTON	field_1_7283
FIELD	net/minecraft/references/BlockItemIds	Lnet/minecraft/references/BlockItemId;	POPLAR_DOOR	field_1_7284
FIELD	net/minecraft/references/BlockItemIds	Lnet/minecraft/references/BlockItemId;	POPLAR_FENCE	field_1_7285
FIELD	net/minecraft/references/BlockItemIds	Lnet/minecraft/references/BlockItemId;	POPLAR_FENCE_GATE	field_1_7286
FIELD	net/minecraft/references/BlockItemIds	Lnet/minecraft/references/BlockItemId;	POPLAR_HANGING_SIGN	field_1_7287
FIELD	net/minecraft/references/BlockItemIds	Lnet/minecraft/references/BlockItemId;	POPLAR_LOG	field_1_7288
FIELD	net/minecraft/references/BlockItemIds	Lnet/minecraft/references/BlockItemId;	POPLAR_PLANKS	field_1_7289
FIELD	net/minecraft/references/BlockItemIds	Lnet/minecraft/references/BlockItemId;	POPLAR_PRESSURE_PLATE	field_1_7290
FIELD	net/minecraft/references/BlockItemIds	Lnet/minecraft/references/BlockItemId;	POPLAR_SAPLING	field_1_7291
FIELD	net/minecraft/references/BlockItemIds	Lnet/minecraft/references/BlockItemId;	POPLAR_SHELF	field_1_7292
FIELD	net/minecraft/references/BlockItemIds	Lnet/minecraft/references/BlockItemId;	POPLAR_SIGN	field_1_7293
FIELD	net/minecraft/references/BlockItemIds	Lnet/minecraft/references/BlockItemId;	POPLAR_SLAB	field_1_7294
FIELD	net/minecraft/references/BlockItemIds	Lnet/minecraft/references/BlockItemId;	POPLAR_STAIRS	field_1_7295
FIELD	net/minecraft/references/BlockItemIds	Lnet/minecraft/references/BlockItemId;	POPLAR_TRAPDOOR	field_1_7296
FIELD	net/minecraft/references/BlockItemIds	Lnet/minecraft/references/BlockItemId;	POPLAR_WOOD	field_1_7297
FIELD	net/minecraft/references/BlockItemIds	Lnet/minecraft/references/BlockItemId;	RED_POPLAR_LEAVES	field_1_7298
FIELD	net/minecraft/references/BlockItemIds	Lnet/minecraft/references/BlockItemId;	RED_SHRUB	field_1_7299
FIELD	net/minecraft/references/BlockItemIds	Lnet/minecraft/references/BlockItemId;	SHELF_MUSHROOM	field_1_7300
FIELD	net/minecraft/references/BlockItemIds	Lnet/minecraft/references/BlockItemId;	STRIPPED_POPLAR_LOG	field_1_7301
FIELD	net/minecraft/references/BlockItemIds	Lnet/minecraft/references/BlockItemId;	STRIPPED_POPLAR_WOOD	field_1_7302
FIELD	net/minecraft/references/BlockItemIds	Lnet/minecraft/world/level/block/ColorCollection;	WOOL_SLAB	field_1_7303
FIELD	net/minecraft/references/BlockItemIds	Lnet/minecraft/world/level/block/ColorCollection;	WOOL_STAIRS	field_1_7304
FIELD	net/minecraft/references/BlockItemIds	Lnet/minecraft/references/BlockItemId;	YELLOW_POPLAR_LEAVES	field_1_7305
METHOD	net/minecraft/util/profiling/Profiler	()V	lambda$use$0	method_1_6466
FIELD	net/minecraft/world/entity/EntityType	Z	trackDeltas	field_1_7306
FIELD	net/minecraft/world/entity/EntityType$Builder	Z	trackDeltas	field_1_7307
METHOD	net/minecraft/world/entity/EntityType$Builder	()Lnet/minecraft/world/entity/EntityType$Builder;	dontTrackDeltas	method_1_6467
CLASS	net/minecraft/world/item/ItemProvider	class_1_1040
METHOD	net/minecraft/world/item/ItemProvider	(Ljava/util/Collection;)Lnet/minecraft/world/item/ItemProvider;	cycle	method_1_6468
METHOD	net/minecraft/world/item/ItemProvider	([Lnet/minecraft/world/item/ItemStack;)Lnet/minecraft/world/item/ItemProvider;	cycle	method_1_6469
METHOD	net/minecraft/world/item/ItemProvider	(Ljava/util/function/Predicate;)Z	findNext	method_1_6470
METHOD	net/minecraft/world/item/ItemProvider	()Z	findNextNonEmpty	method_1_6471
METHOD	net/minecraft/world/item/ItemProvider	()Z	hasNext	method_1_6472
METHOD	net/minecraft/world/item/ItemProvider	(Lnet/minecraft/world/item/ItemStack;)Z	lambda$findNextNonEmpty$0	method_1_6473
METHOD	net/minecraft/world/item/ItemProvider	()Lnet/minecraft/world/item/ItemStack;	next	method_1_6474
METHOD	net/minecraft/world/item/ItemProvider	(Ljava/util/Collection;)Lnet/minecraft/world/item/ItemProvider;	of	method_1_6475
METHOD	net/minecraft/world/item/ItemProvider	([Lnet/minecraft/world/item/ItemStack;)Lnet/minecraft/world/item/ItemProvider;	of	method_1_6476
METHOD	net/minecraft/world/item/ItemProvider	(Lnet/minecraft/world/item/ItemStack;)Lnet/minecraft/world/item/ItemProvider;	orElseProvide	method_1_6477
METHOD	net/minecraft/world/item/ItemProvider	()Lnet/minecraft/world/item/ItemStack;	peek	method_1_6478
METHOD	net/minecraft/world/item/ItemProvider	()V	restart	method_1_6479
CLASS	net/minecraft/world/item/ItemProvider$FallbackItemProvider	class_1_1041
FIELD	net/minecraft/world/item/ItemProvider$FallbackItemProvider	Lnet/minecraft/world/item/ItemStack;	fallbackItem	field_1_7308
FIELD	net/minecraft/world/item/ItemProvider$FallbackItemProvider	Z	isUsingFallback	field_1_7309
FIELD	net/minecraft/world/item/ItemProvider$FallbackItemProvider	Lnet/minecraft/world/item/ItemProvider;	itemProvider	field_1_7310
METHOD	net/minecraft/world/level/BaseSpawner	(Lnet/minecraft/world/item/component/TypedEntityData;Lnet/minecraft/world/level/Level;Lnet/minecraft/util/RandomSource;Lnet/minecraft/core/BlockPos;)V	setEntityData	method_1_6480
METHOD	net/minecraft/world/level/LevelWriter	(Lnet/minecraft/core/BlockPos;Lnet/minecraft/world/level/block/state/BlockState;)Z	setBlockAndUpdate	method_1_6481
METHOD	net/minecraft/world/level/block/Block	(Lnet/minecraft/world/level/Level;Lnet/minecraft/world/level/block/state/BlockState;Lnet/minecraft/core/BlockPos;Lnet/minecraft/world/entity/Entity;D)V	bounceOn	method_1_6482
METHOD	net/minecraft/world/level/block/Block	()F	getFallDistanceReduction	method_1_6483
FIELD	net/minecraft/world/entity/EntityEvent	B	BOAT_LAUNCH	field_1_7311
FIELD	net/minecraft/world/entity/EntityEvent	B	BOAT_SINK	field_1_7312
FIELD	net/minecraft/world/entity/EntityTypes	Lnet/minecraft/world/entity/EntityType;	POPLAR_BOAT	field_1_7313
FIELD	net/minecraft/world/entity/EntityTypes	Lnet/minecraft/world/entity/EntityType;	POPLAR_CHEST_BOAT	field_1_7314
METHOD	net/minecraft/world/entity/EntityTypes	()Lnet/minecraft/world/item/Item;	lambda$static$20	method_1_6484
METHOD	net/minecraft/world/entity/EntityTypes	()Lnet/minecraft/world/item/Item;	lambda$static$21	method_1_6485
FIELD	net/minecraft/world/level/biome/Biomes	Lnet/minecraft/resources/ResourceKey;	DAPPLED_FOREST	field_1_7315
FIELD	net/minecraft/world/level/block/Blocks	Lnet/minecraft/world/level/block/Block;	ORANGE_POPLAR_LEAVES	field_1_7316
FIELD	net/minecraft/world/level/block/Blocks	Lnet/minecraft/world/level/block/Block;	POPLAR_BUTTON	field_1_7317
FIELD	net/minecraft/world/level/block/Blocks	Lnet/minecraft/world/level/block/Block;	POPLAR_DOOR	field_1_7318
FIELD	net/minecraft/world/level/block/Blocks	Lnet/minecraft/world/level/block/Block;	POPLAR_FENCE	field_1_7319
FIELD	net/minecraft/world/level/block/Blocks	Lnet/minecraft/world/level/block/Block;	POPLAR_FENCE_GATE	field_1_7320
FIELD	net/minecraft/world/level/block/Blocks	Lnet/minecraft/world/level/block/Block;	POPLAR_HANGING_SIGN	field_1_7321
FIELD	net/minecraft/world/level/block/Blocks	Lnet/minecraft/world/level/block/Block;	POPLAR_LOG	field_1_7322
FIELD	net/minecraft/world/level/block/Blocks	Lnet/minecraft/world/level/block/Block;	POPLAR_PLANKS	field_1_7323
FIELD	net/minecraft/world/level/block/Blocks	Lnet/minecraft/world/level/block/Block;	POPLAR_PRESSURE_PLATE	field_1_7324
FIELD	net/minecraft/world/level/block/Blocks	Lnet/minecraft/world/level/block/Block;	POPLAR_SAPLING	field_1_7325
FIELD	net/minecraft/world/level/block/Blocks	Lnet/minecraft/world/level/block/Block;	POPLAR_SHELF	field_1_7326
FIELD	net/minecraft/world/level/block/Blocks	Lnet/minecraft/world/level/block/Block;	POPLAR_SIGN	field_1_7327
FIELD	net/minecraft/world/level/block/Blocks	Lnet/minecraft/world/level/block/Block;	POPLAR_SLAB	field_1_7328
FIELD	net/minecraft/world/level/block/Blocks	Lnet/minecraft/world/level/block/Block;	POPLAR_STAIRS	field_1_7329
FIELD	net/minecraft/world/level/block/Blocks	Lnet/minecraft/world/level/block/Block;	POPLAR_TRAPDOOR	field_1_7330
FIELD	net/minecraft/world/level/block/Blocks	Lnet/minecraft/world/level/block/Block;	POPLAR_WALL_HANGING_SIGN	field_1_7331
FIELD	net/minecraft/world/level/block/Blocks	Lnet/minecraft/world/level/block/Block;	POPLAR_WALL_SIGN	field_1_7332
FIELD	net/minecraft/world/level/block/Blocks	Lnet/minecraft/world/level/block/Block;	POPLAR_WOOD	field_1_7333
FIELD	net/minecraft/world/level/block/Blocks	Lnet/minecraft/world/level/block/Block;	POTTED_POPLAR_SAPLING	field_1_7334
FIELD	net/minecraft/world/level/block/Blocks	Lnet/minecraft/world/level/block/Block;	RED_POPLAR_LEAVES	field_1_7335
FIELD	net/minecraft/world/level/block/Blocks	Lnet/minecraft/world/level/block/Block;	RED_SHRUB	field_1_7336
FIELD	net/minecraft/world/level/block/Blocks	Lnet/minecraft/world/level/block/Block;	SHELF_MUSHROOM	field_1_7337
FIELD	net/minecraft/world/level/block/Blocks	Lnet/minecraft/world/level/block/Block;	STRIPPED_POPLAR_LOG	field_1_7338
FIELD	net/minecraft/world/level/block/Blocks	Lnet/minecraft/world/level/block/Block;	STRIPPED_POPLAR_WOOD	field_1_7339
FIELD	net/minecraft/world/level/block/Blocks	Lnet/minecraft/world/level/block/ColorCollection;	WOOL_SLAB	field_1_7340
FIELD	net/minecraft/world/level/block/Blocks	Lnet/minecraft/world/level/block/ColorCollection;	WOOL_STAIRS	field_1_7341
FIELD	net/minecraft/world/level/block/Blocks	Lnet/minecraft/world/level/block/Block;	YELLOW_POPLAR_LEAVES	field_1_7342
METHOD	net/minecraft/world/level/block/Blocks	(Lnet/minecraft/world/level/block/state/BlockBehaviour$Properties;)Lnet/minecraft/world/level/block/Block;	lambda$static$102	method_1_6486
METHOD	net/minecraft/world/level/block/Blocks	(Lnet/minecraft/world/level/block/state/BlockBehaviour$Properties;)Lnet/minecraft/world/level/block/Block;	lambda$static$11	method_1_6487
METHOD	net/minecraft/world/level/block/Blocks	(Lnet/minecraft/world/level/block/state/BlockBehaviour$Properties;)Lnet/minecraft/world/level/block/Block;	lambda$static$115	method_1_6488
METHOD	net/minecraft/world/level/block/Blocks	(Lnet/minecraft/world/level/block/state/BlockBehaviour$Properties;)Lnet/minecraft/world/level/block/Block;	lambda$static$126	method_1_6489
METHOD	net/minecraft/world/level/block/Blocks	(Lnet/minecraft/world/level/block/state/BlockBehaviour$Properties;)Lnet/minecraft/world/level/block/Block;	lambda$static$141	method_1_6490
METHOD	net/minecraft/world/level/block/Blocks	(Lnet/minecraft/world/level/block/state/BlockBehaviour$Properties;)Lnet/minecraft/world/level/block/Block;	lambda$static$167	method_1_6491
METHOD	net/minecraft/world/level/block/Blocks	(Lnet/minecraft/world/level/block/state/BlockBehaviour$Properties;)Lnet/minecraft/world/level/block/Block;	lambda$static$211	method_1_6492
METHOD	net/minecraft/world/level/block/Blocks	(Lnet/minecraft/world/level/block/state/BlockBehaviour$Properties;)Lnet/minecraft/world/level/block/Block;	lambda$static$212	method_1_6493
METHOD	net/minecraft/world/level/block/Blocks	(Lnet/minecraft/world/level/block/state/BlockBehaviour$Properties;)Lnet/minecraft/world/level/block/Block;	lambda$static$213	method_1_6494
METHOD	net/minecraft/world/level/block/Blocks	(Lnet/minecraft/world/level/block/state/BlockBehaviour$Properties;)Lnet/minecraft/world/level/block/Block;	lambda$static$214	method_1_6495
METHOD	net/minecraft/world/level/block/Blocks	(Lnet/minecraft/world/level/block/state/BlockBehaviour$Properties;)Lnet/minecraft/world/level/block/Block;	lambda$static$215	method_1_6496
METHOD	net/minecraft/world/level/block/Blocks	(Lnet/minecraft/world/level/block/state/BlockBehaviour$Properties;)Lnet/minecraft/world/level/block/Block;	lambda$static$216	method_1_6497
METHOD	net/minecraft/world/level/block/Blocks	(Lnet/minecraft/world/level/block/state/BlockBehaviour$Properties;)Lnet/minecraft/world/level/block/Block;	lambda$static$217	method_1_6498
METHOD	net/minecraft/world/level/block/Blocks	(Lnet/minecraft/world/level/block/state/BlockBehaviour$Properties;)Lnet/minecraft/world/level/block/Block;	lambda$static$218	method_1_6499
METHOD	net/minecraft/world/level/block/Blocks	(Lnet/minecraft/world/level/block/state/BlockBehaviour$Properties;)Lnet/minecraft/world/level/block/Block;	lambda$static$219	method_1_6500
METHOD	net/minecraft/world/level/block/Blocks	(Lnet/minecraft/world/level/block/state/BlockBehaviour$Properties;)Lnet/minecraft/world/level/block/Block;	lambda$static$220	method_1_6501
METHOD	net/minecraft/world/level/block/Blocks	(Lnet/minecraft/world/level/block/state/BlockBehaviour$Properties;)Lnet/minecraft/world/level/block/Block;	lambda$static$238	method_1_6502
METHOD	net/minecraft/world/level/block/Blocks	(Lnet/minecraft/world/level/block/state/BlockBehaviour$Properties;)Lnet/minecraft/world/level/block/Block;	lambda$static$268	method_1_6503
METHOD	net/minecraft/world/level/block/Blocks	(Lnet/minecraft/world/level/block/state/BlockBehaviour$Properties;)Lnet/minecraft/world/level/block/Block;	lambda$static$278	method_1_6504
METHOD	net/minecraft/world/level/block/Blocks	(Lnet/minecraft/world/level/block/state/BlockBehaviour$Properties;)Lnet/minecraft/world/level/block/Block;	lambda$static$28	method_1_6505
METHOD	net/minecraft/world/level/block/Blocks	(Lnet/minecraft/world/level/block/state/BlockBehaviour$Properties;)Lnet/minecraft/world/level/block/Block;	lambda$static$282	method_1_6506
METHOD	net/minecraft/world/level/block/Blocks	(Lnet/minecraft/world/level/block/state/BlockBehaviour$Properties;)Lnet/minecraft/world/level/block/Block;	lambda$static$31	method_1_6507
METHOD	net/minecraft/world/level/block/Blocks	(Lnet/minecraft/world/level/block/state/BlockBehaviour$Properties;)Lnet/minecraft/world/level/block/Block;	lambda$static$36	method_1_6508
METHOD	net/minecraft/world/level/block/Blocks	(Lnet/minecraft/world/level/block/state/BlockBehaviour$Properties;)Lnet/minecraft/world/level/block/Block;	lambda$static$37	method_1_6509
METHOD	net/minecraft/world/level/block/Blocks	(Lnet/minecraft/world/level/block/state/BlockBehaviour$Properties;)Lnet/minecraft/world/level/block/Block;	lambda$static$38	method_1_6510
METHOD	net/minecraft/world/level/block/Blocks	(Lnet/minecraft/world/level/block/state/BlockBehaviour$Properties;)Lnet/minecraft/world/level/block/Block;	lambda$static$409	method_1_6511
METHOD	net/minecraft/world/level/block/Blocks	(Lnet/minecraft/world/level/block/state/BlockBehaviour$Properties;)Lnet/minecraft/world/level/block/Block;	lambda$static$410	method_1_6512
METHOD	net/minecraft/world/level/block/Blocks	()V	lambda$static$426	method_1_6513
METHOD	net/minecraft/world/level/block/Blocks	(Lnet/minecraft/world/item/DyeColor;Lnet/minecraft/references/BlockItemId;)Lnet/minecraft/world/level/block/Block;	lambda$static$49	method_1_6514
METHOD	net/minecraft/world/level/block/Blocks	(Lnet/minecraft/world/item/DyeColor;Lnet/minecraft/references/BlockItemId;)Lnet/minecraft/world/level/block/Block;	lambda$static$50	method_1_6515
METHOD	net/minecraft/world/level/block/Blocks	(Lnet/minecraft/world/level/block/state/BlockBehaviour$Properties;)Lnet/minecraft/world/level/block/Block;	lambda$static$80	method_1_6516
METHOD	net/minecraft/world/level/block/Blocks	(Lnet/minecraft/world/level/block/state/BlockBehaviour$Properties;)Lnet/minecraft/world/level/block/Block;	lambda$static$90	method_1_6517
METHOD	net/minecraft/world/level/block/Blocks	(Lnet/minecraft/references/BlockItemId;Lnet/minecraft/world/level/block/Block;F)Lnet/minecraft/world/level/block/Block;	registerSlab	method_1_6518
METHOD	net/minecraft/world/level/block/Blocks	(Lnet/minecraft/references/BlockItemId;Lnet/minecraft/world/level/block/Block;FF)Lnet/minecraft/world/level/block/Block;	registerSlab	method_1_6519
METHOD	net/minecraft/client/player/LocalPlayer	()V	sendChanges	method_1_6520
METHOD	net/minecraft/world/entity/LivingEntity	(I)Lnet/minecraft/world/damagesource/DamageSource;	getLastDamageSource	method_1_6521
METHOD	net/minecraft/world/entity/LivingEntity	()Z	wasHurtRecently	method_1_6522
FIELD	net/minecraft/core/registries/Registries	Lnet/minecraft/resources/ResourceKey;	FEATURE_TYPE	field_1_7343
FIELD	net/minecraft/core/registries/Registries	Lnet/minecraft/resources/ResourceKey;	MATERIAL_CONDITION_TYPE	field_1_7344
FIELD	net/minecraft/core/registries/Registries	Lnet/minecraft/resources/ResourceKey;	MATERIAL_RULE_TYPE	field_1_7345
FIELD	net/minecraft/core/registries/Registries	Lnet/minecraft/resources/ResourceKey;	SLOT_SOURCE	field_1_7346
FIELD	net/minecraft/server/commands/TagCommand	Lnet/minecraft/server/commands/CommandResponseTracker$MessagesWithArg;	RESPONSE_ADD	field_1_7347
FIELD	net/minecraft/server/commands/TagCommand	Lnet/minecraft/server/commands/CommandResponseTracker$MessagesWithArg;	RESPONSE_LIST	field_1_7348
FIELD	net/minecraft/server/commands/TagCommand	Lnet/minecraft/server/commands/CommandResponseTracker$Messages;	RESPONSE_NO_TAGS	field_1_7349
FIELD	net/minecraft/server/commands/TagCommand	Lnet/minecraft/server/commands/CommandResponseTracker$MessagesWithArg;	RESPONSE_REMOVE	field_1_7350
METHOD	net/minecraft/server/commands/TagCommand	(Lnet/minecraft/world/entity/Entity;I)Lnet/minecraft/network/chat/Component;	lambda$static$0	method_1_6523
METHOD	net/minecraft/server/commands/TagCommand	(II)Lnet/minecraft/network/chat/Component;	lambda$static$1	method_1_6524
METHOD	net/minecraft/server/commands/TagCommand	(Lnet/minecraft/world/entity/Entity;ILjava/lang/String;)Lnet/minecraft/network/chat/Component;	lambda$static$2	method_1_6525
METHOD	net/minecraft/server/commands/TagCommand	(IILjava/lang/String;)Lnet/minecraft/network/chat/Component;	lambda$static$3	method_1_6526
METHOD	net/minecraft/server/commands/TagCommand	(Lnet/minecraft/world/entity/Entity;ILjava/lang/String;)Lnet/minecraft/network/chat/Component;	lambda$static$4	method_1_6527
METHOD	net/minecraft/server/commands/TagCommand	(IILjava/lang/String;)Lnet/minecraft/network/chat/Component;	lambda$static$5	method_1_6528
METHOD	net/minecraft/server/commands/TagCommand	(Lnet/minecraft/world/entity/Entity;ILjava/util/Set;)Lnet/minecraft/network/chat/Component;	lambda$static$6	method_1_6529
METHOD	net/minecraft/server/commands/TagCommand	(IILjava/util/Set;)Lnet/minecraft/network/chat/Component;	lambda$static$7	method_1_6530
CLASS	net/minecraft/server/packs/PackResources$Filter	class_1_1042
METHOD	net/minecraft/server/packs/PackResources$Filter	(Lnet/minecraft/resources/Identifier;)Z	isFiltered	method_1_6531
CLASS	net/minecraft/util/datafix/schemas/V4996	class_1_1043
METHOD	net/minecraft/util/datafix/schemas/V4996	(Lcom/mojang/datafixers/schemas/Schema;)Ljava/util/SequencedMap;	components	method_1_6532
METHOD	net/minecraft/util/datafix/schemas/V4996	(Lcom/mojang/datafixers/schemas/Schema;)Lcom/mojang/datafixers/types/templates/TypeTemplate;	lambda$components$0	method_1_6533
METHOD	net/minecraft/util/datafix/schemas/V4996	(Lcom/mojang/datafixers/schemas/Schema;)Lcom/mojang/datafixers/types/templates/TypeTemplate;	lambda$registerTypes$0	method_1_6534
CLASS	net/minecraft/util/datafix/schemas/V4997	class_1_1044
METHOD	net/minecraft/util/datafix/schemas/V4997	(Lcom/mojang/datafixers/schemas/Schema;Ljava/lang/String;)Lcom/mojang/datafixers/types/templates/TypeTemplate;	lambda$registerEntities$0	method_1_6535
FIELD	net/minecraft/world/entity/EntityTypeIds	Lnet/minecraft/resources/ResourceKey;	POPLAR_BOAT	field_1_7351
FIELD	net/minecraft/world/entity/EntityTypeIds	Lnet/minecraft/resources/ResourceKey;	POPLAR_CHEST_BOAT	field_1_7352
FIELD	net/minecraft/world/inventory/SlotRanges	Lcom/mojang/brigadier/exceptions/DynamicCommandExceptionType;	ERROR_UNKNOWN	field_1_7353
METHOD	net/minecraft/world/inventory/SlotRanges	(C)Z	lambda$read$0	method_1_6536
METHOD	net/minecraft/world/inventory/SlotRanges	(Ljava/lang/Object;)Lcom/mojang/brigadier/Message;	lambda$static$1	method_1_6537
METHOD	net/minecraft/world/inventory/SlotRanges	(C)Z	lambda$tryRead$0	method_1_6538
METHOD	net/minecraft/world/inventory/SlotRanges	(Lcom/mojang/brigadier/StringReader;)Lnet/minecraft/world/inventory/SlotRange;	read	method_1_6539
METHOD	net/minecraft/world/inventory/SlotRanges	(Lcom/mojang/brigadier/StringReader;)Lnet/minecraft/world/inventory/SlotRange;	tryRead	method_1_6540
CLASS	com/mojang/blaze3d/vulkan/init/FeatureSet	class_1_1045
FIELD	com/mojang/blaze3d/vulkan/init/FeatureSet	Lcom/mojang/blaze3d/vulkan/init/FeatureSet$Condition;	condition	comp_1_904
FIELD	com/mojang/blaze3d/vulkan/init/FeatureSet	Ljava/util/Set;	extensions	comp_1_905
FIELD	com/mojang/blaze3d/vulkan/init/FeatureSet	Ljava/util/Set;	features	comp_1_906
FIELD	com/mojang/blaze3d/vulkan/init/FeatureSet	Ljava/lang/String;	name	comp_1_907
METHOD	com/mojang/blaze3d/vulkan/init/FeatureSet	(Lorg/lwjgl/vulkan/VkPhysicalDevice;)Z	allFeaturesSupported	method_1_6541
METHOD	com/mojang/blaze3d/vulkan/init/FeatureSet	(Lorg/lwjgl/vulkan/VkPhysicalDevice;)Z	checkCondition	method_1_6542
METHOD	com/mojang/blaze3d/vulkan/init/FeatureSet	(Lcom/mojang/blaze3d/vulkan/init/FeatureSet;)Lcom/mojang/blaze3d/vulkan/init/FeatureSet;	composite	method_1_6543
METHOD	com/mojang/blaze3d/vulkan/init/FeatureSet	(Lcom/mojang/blaze3d/vulkan/init/FeatureSet;)Z	contains	method_1_6544
METHOD	com/mojang/blaze3d/vulkan/init/FeatureSet	(Lorg/lwjgl/vulkan/VkPhysicalDevice;)Z	isSupported	method_1_6545
METHOD	com/mojang/blaze3d/vulkan/init/FeatureSet	(Lorg/lwjgl/vulkan/VkPhysicalDevice;Ljava/util/Set;)Z	isSupported	method_1_6546
METHOD	com/mojang/blaze3d/vulkan/init/FeatureSet	(Ljava/util/Set;)Ljava/util/Set;	supportedExtensions	method_1_6547
METHOD	com/mojang/blaze3d/vulkan/init/FeatureSet	(Lorg/lwjgl/vulkan/VkPhysicalDevice;)Ljava/util/Set;	supportedFeatures	method_1_6548
METHOD	com/mojang/blaze3d/vulkan/init/FeatureSet	(Ljava/util/Set;)Ljava/util/Set;	unsupportedExtensions	method_1_6549
METHOD	com/mojang/blaze3d/vulkan/init/FeatureSet	(Lorg/lwjgl/vulkan/VkPhysicalDevice;)Ljava/util/Set;	unsupportedFeatures	method_1_6550
CLASS	com/mojang/blaze3d/vulkan/init/FeatureSet$Condition	class_1_1046
FIELD	com/mojang/blaze3d/vulkan/init/FeatureSet$Condition	Lcom/mojang/blaze3d/vulkan/init/FeatureSet$Condition;	IDENTITY_CONDITION	field_1_7354
METHOD	com/mojang/blaze3d/vulkan/init/FeatureSet$Condition	(Lcom/mojang/blaze3d/vulkan/init/FeatureSet$Condition;Lcom/mojang/blaze3d/vulkan/init/FeatureSet$Condition;Lorg/lwjgl/vulkan/VkPhysicalDevice;)Z	lambda$reduce$0	method_1_6551
METHOD	com/mojang/blaze3d/vulkan/init/FeatureSet$Condition	(Lorg/lwjgl/vulkan/VkPhysicalDevice;)Z	lambda$static$0	method_1_6552
METHOD	com/mojang/blaze3d/vulkan/init/FeatureSet$Condition	(Lcom/mojang/blaze3d/vulkan/init/FeatureSet$Condition;Lcom/mojang/blaze3d/vulkan/init/FeatureSet$Condition;)Lcom/mojang/blaze3d/vulkan/init/FeatureSet$Condition;	reduce	method_1_6553
METHOD	com/mojang/blaze3d/vulkan/init/FeatureSet$Condition	(Lorg/lwjgl/vulkan/VkPhysicalDevice;)Z	test	method_1_6554
FIELD	net/minecraft/client/gui/font/FontTexture	I	SPACING	field_1_7355
METHOD	net/minecraft/resources/FileToIdConverter	()Lnet/minecraft/server/packs/resources/ResourceManager$Selector;	extensionSelector	method_1_6555
CLASS	net/minecraft/server/commands/ArgProvider	class_1_1047
METHOD	net/minecraft/server/commands/ArgProvider	(Lcom/mojang/brigadier/context/CommandContext;)Ljava/lang/Object;	access	method_1_6556
METHOD	net/minecraft/server/commands/ArgProvider	(Ljava/lang/String;Ljava/util/List;)Ljava/util/List;	buildList	method_1_6557
METHOD	net/minecraft/server/commands/ArgProvider	(Ljava/lang/String;Ljava/util/function/Supplier;Lnet/minecraft/server/commands/InCommandFunction;)Lnet/minecraft/server/commands/ArgProvider;	create	method_1_6558
METHOD	net/minecraft/server/commands/ArgProvider	(Lcom/mojang/brigadier/builder/ArgumentBuilder;Ljava/util/function/Function;)Lcom/mojang/brigadier/builder/ArgumentBuilder;	wrap	method_1_6559
FIELD	net/minecraft/server/commands/ArgProvider$1	Lnet/minecraft/server/commands/InCommandFunction;	val$access	field_1_7356
FIELD	net/minecraft/server/commands/ArgProvider$1	Ljava/util/function/Supplier;	val$child	field_1_7357
FIELD	net/minecraft/server/commands/ArgProvider$1	Ljava/lang/String;	val$key	field_1_7358
CLASS	net/minecraft/server/commands/ArgProvider$Factory	class_1_1048
METHOD	net/minecraft/server/commands/ArgProvider$Factory	(Ljava/lang/String;)Lnet/minecraft/server/commands/ArgProvider;	create	method_1_6560
FIELD	net/minecraft/server/commands/GiveCommand	Lnet/minecraft/server/commands/CommandResponseTracker$MessagesWithArgs;	RESPONSE_GIVE	field_1_7359
FIELD	net/minecraft/server/commands/GiveCommand	Lcom/mojang/brigadier/exceptions/Dynamic2CommandExceptionType;	TOO_MANY_ITEMS	field_1_7360
METHOD	net/minecraft/server/commands/GiveCommand	(Ljava/lang/Object;Ljava/lang/Object;)Lcom/mojang/brigadier/Message;	lambda$static$0	method_1_6561
METHOD	net/minecraft/server/commands/GiveCommand	(Lnet/minecraft/server/level/ServerPlayer;ILjava/lang/Integer;Lnet/minecraft/world/item/ItemStack;)Lnet/minecraft/network/chat/Component;	lambda$static$1	method_1_6562
METHOD	net/minecraft/server/commands/GiveCommand	(IILjava/lang/Integer;Lnet/minecraft/world/item/ItemStack;)Lnet/minecraft/network/chat/Component;	lambda$static$2	method_1_6563
FIELD	net/minecraft/server/commands/KillCommand	Lnet/minecraft/server/commands/CommandResponseTracker$Messages;	RESPONSE_KILL	field_1_7361
METHOD	net/minecraft/server/commands/KillCommand	(Lnet/minecraft/world/entity/Entity;I)Lnet/minecraft/network/chat/Component;	lambda$static$0	method_1_6564
METHOD	net/minecraft/server/commands/KillCommand	(II)Lnet/minecraft/network/chat/Component;	lambda$static$1	method_1_6565
FIELD	net/minecraft/server/commands/LootCommand	Lnet/minecraft/server/commands/CommandResponseTracker$Messages;	RESPONSE_WITHOUT_LOOT_TABLE	field_1_7362
FIELD	net/minecraft/server/commands/LootCommand	Lnet/minecraft/server/commands/CommandResponseTracker$MessagesWithArg;	RESPONSE_WITH_LOOT_TABLE	field_1_7363
METHOD	net/minecraft/server/commands/LootCommand	(Lnet/minecraft/world/item/ItemStack;I)Lnet/minecraft/network/chat/Component;	lambda$static$3	method_1_6566
METHOD	net/minecraft/server/commands/LootCommand	(II)Lnet/minecraft/network/chat/Component;	lambda$static$4	method_1_6567
METHOD	net/minecraft/server/commands/LootCommand	(Lnet/minecraft/world/item/ItemStack;ILnet/minecraft/resources/ResourceKey;)Lnet/minecraft/network/chat/Component;	lambda$static$5	method_1_6568
METHOD	net/minecraft/server/commands/LootCommand	(IILnet/minecraft/resources/ResourceKey;)Lnet/minecraft/network/chat/Component;	lambda$static$6	method_1_6569
METHOD	net/minecraft/server/commands/RaidCommand	()Lnet/minecraft/network/chat/Component;	lambda$check$0	method_1_6570
METHOD	net/minecraft/server/commands/RaidCommand	(Ljava/lang/String;)Lnet/minecraft/network/chat/Component;	lambda$check$1	method_1_6571
FIELD	net/minecraft/server/commands/TeamCommand	Lnet/minecraft/server/commands/CommandResponseTracker$MessagesWithArg;	RESPONSE_JOIN	field_1_7364
FIELD	net/minecraft/server/commands/TeamCommand	Lnet/minecraft/server/commands/CommandResponseTracker$Messages;	RESPONSE_LEAVE	field_1_7365
METHOD	net/minecraft/server/commands/TeamCommand	(Lnet/minecraft/world/scores/ScoreHolder;I)Lnet/minecraft/network/chat/Component;	lambda$static$0	method_1_6572
METHOD	net/minecraft/server/commands/TeamCommand	(II)Lnet/minecraft/network/chat/Component;	lambda$static$1	method_1_6573
METHOD	net/minecraft/server/commands/TeamCommand	(Lnet/minecraft/world/scores/ScoreHolder;ILnet/minecraft/world/scores/PlayerTeam;)Lnet/minecraft/network/chat/Component;	lambda$static$2	method_1_6574
METHOD	net/minecraft/server/commands/TeamCommand	(IILnet/minecraft/world/scores/PlayerTeam;)Lnet/minecraft/network/chat/Component;	lambda$static$3	method_1_6575
FIELD	net/minecraft/server/commands/TickCommand	Lcom/mojang/brigadier/exceptions/SimpleCommandExceptionType;	ERROR_SPRINT_STOP_NOT_SPRINTING	field_1_7366
FIELD	net/minecraft/server/commands/TickCommand	Lcom/mojang/brigadier/exceptions/SimpleCommandExceptionType;	ERROR_STEP_STOP_NOT_STEPPING	field_1_7367
FIELD	net/minecraft/server/commands/TickCommand	Lcom/mojang/brigadier/exceptions/SimpleCommandExceptionType;	ERROR_TICK_STEP_NOT_FROZEN	field_1_7368
FIELD	net/minecraft/world/level/block/BushBlock	I	DEFAULT_SHAPE_HEIGHT	field_1_7369
FIELD	net/minecraft/world/level/block/BushBlock	I	shapeHeight	field_1_7370
FIELD	net/minecraft/world/level/block/BushBlock	Lnet/minecraft/world/phys/shapes/VoxelShape;	shape	field_1_7371
METHOD	net/minecraft/world/level/block/BushBlock	(Lcom/mojang/serialization/codecs/RecordCodecBuilder$Instance;)Lcom/mojang/datafixers/kinds/App;	lambda$static$0	method_1_6576
METHOD	net/minecraft/world/level/block/BushBlock	(Lnet/minecraft/world/level/block/BushBlock;)Ljava/lang/Integer;	lambda$static$1	method_1_6577
METHOD	net/minecraft/world/level/block/FireBlock	(Lnet/minecraft/world/level/block/FireBlock;Lnet/minecraft/world/level/block/Block;)V	lambda$bootStrap$1	method_1_6578
METHOD	net/minecraft/world/level/block/FireBlock	(Lnet/minecraft/world/level/block/FireBlock;Lnet/minecraft/world/level/block/Block;)V	lambda$bootStrap$2	method_1_6579
METHOD	net/minecraft/world/level/block/FireBlock	(Lnet/minecraft/world/level/block/FireBlock;Lnet/minecraft/world/level/block/Block;)V	lambda$bootStrap$3	method_1_6580
FIELD	net/minecraft/world/level/block/PathBlock	Lnet/minecraft/world/level/block/Block;	baseBlock	field_1_7372
METHOD	net/minecraft/world/level/block/PathBlock	(Lcom/mojang/serialization/codecs/RecordCodecBuilder$Instance;)Lcom/mojang/datafixers/kinds/App;	lambda$static$0	method_1_6581
METHOD	net/minecraft/world/level/block/PathBlock	(Lnet/minecraft/world/level/block/PathBlock;)Lnet/minecraft/world/level/block/Block;	lambda$static$1	method_1_6582
METHOD	net/minecraft/world/level/block/PathBlock	(Lnet/minecraft/world/entity/Entity;Lnet/minecraft/world/level/block/state/BlockState;Lnet/minecraft/world/level/Level;Lnet/minecraft/core/BlockPos;)V	turnToBaseBlock	method_1_6583
FIELD	net/minecraft/world/level/block/SoundType	Lnet/minecraft/world/level/block/SoundType;	SHELF_MUSHROOM	field_1_7373
FIELD	net/minecraft/world/level/levelgen/Noises	Lnet/minecraft/resources/ResourceKey;	SMALL_PATCH	field_1_7374
FIELD	net/minecraft/core/particles/ParticleTypes	Lnet/minecraft/core/particles/SimpleParticleType;	ORANGE_POPLAR_LEAVES	field_1_7375
FIELD	net/minecraft/core/particles/ParticleTypes	Lnet/minecraft/core/particles/SimpleParticleType;	RED_POPLAR_LEAVES	field_1_7376
FIELD	net/minecraft/core/particles/ParticleTypes	Lnet/minecraft/core/particles/SimpleParticleType;	YELLOW_POPLAR_LEAVES	field_1_7377
FIELD	net/minecraft/server/commands/DebugCommand$TraceCustomExecutor	Lnet/minecraft/server/commands/CommandResponseTracker$DispatchWithArg;	RESPONSE_TRACE	field_1_7378
METHOD	net/minecraft/server/commands/DebugCommand$TraceCustomExecutor	(Lnet/minecraft/server/commands/CommandResponseTracker;Ljava/lang/String;)Lnet/minecraft/network/chat/Component;	lambda$runGuarded$1	method_1_6584
METHOD	net/minecraft/server/commands/DebugCommand$TraceCustomExecutor	(Lnet/minecraft/commands/functions/CommandFunction;ILjava/lang/String;)Lnet/minecraft/network/chat/Component;	lambda$static$0	method_1_6585
METHOD	net/minecraft/server/commands/DebugCommand$TraceCustomExecutor	(IILjava/lang/String;)Lnet/minecraft/network/chat/Component;	lambda$static$1	method_1_6586
FIELD	net/minecraft/server/commands/SwingCommand	Lnet/minecraft/server/commands/CommandResponseTracker$Messages;	RESPONSE_SWING	field_1_7379
METHOD	net/minecraft/server/commands/SwingCommand	(Lnet/minecraft/world/entity/LivingEntity;I)Lnet/minecraft/network/chat/Component;	lambda$static$0	method_1_6587
METHOD	net/minecraft/server/commands/SwingCommand	(II)Lnet/minecraft/network/chat/Component;	lambda$static$1	method_1_6588
FIELD	net/minecraft/server/commands/TitleCommand	Lnet/minecraft/server/commands/CommandResponseTracker$Messages;	RESPONSE_CLEAR_TITLE	field_1_7380
FIELD	net/minecraft/server/commands/TitleCommand	Lnet/minecraft/server/commands/CommandResponseTracker$Messages;	RESPONSE_RESET_TITLE	field_1_7381
FIELD	net/minecraft/server/commands/TitleCommand	Lnet/minecraft/server/commands/CommandResponseTracker$Messages;	RESPONSE_SET_TIMES	field_1_7382
FIELD	net/minecraft/server/commands/TitleCommand	Lnet/minecraft/server/commands/CommandResponseTracker$Messages;	RESPONSE_SHOW_ACTIONBAR	field_1_7383
FIELD	net/minecraft/server/commands/TitleCommand	Lnet/minecraft/server/commands/CommandResponseTracker$Messages;	RESPONSE_SHOW_SUBTITLE	field_1_7384
FIELD	net/minecraft/server/commands/TitleCommand	Lnet/minecraft/server/commands/CommandResponseTracker$Messages;	RESPONSE_SHOW_TITLE	field_1_7385
METHOD	net/minecraft/server/commands/TitleCommand	(Lnet/minecraft/server/level/ServerPlayer;I)Lnet/minecraft/network/chat/Component;	lambda$static$0	method_1_6589
METHOD	net/minecraft/server/commands/TitleCommand	(II)Lnet/minecraft/network/chat/Component;	lambda$static$1	method_1_6590
METHOD	net/minecraft/server/commands/TitleCommand	(Lnet/minecraft/server/level/ServerPlayer;I)Lnet/minecraft/network/chat/Component;	lambda$static$10	method_1_6591
METHOD	net/minecraft/server/commands/TitleCommand	(II)Lnet/minecraft/network/chat/Component;	lambda$static$11	method_1_6592
METHOD	net/minecraft/server/commands/TitleCommand	(Lnet/minecraft/server/level/ServerPlayer;I)Lnet/minecraft/network/chat/Component;	lambda$static$2	method_1_6593
METHOD	net/minecraft/server/commands/TitleCommand	(II)Lnet/minecraft/network/chat/Component;	lambda$static$3	method_1_6594
METHOD	net/minecraft/server/commands/TitleCommand	(Lnet/minecraft/server/level/ServerPlayer;I)Lnet/minecraft/network/chat/Component;	lambda$static$4	method_1_6595
METHOD	net/minecraft/server/commands/TitleCommand	(II)Lnet/minecraft/network/chat/Component;	lambda$static$5	method_1_6596
METHOD	net/minecraft/server/commands/TitleCommand	(Lnet/minecraft/server/level/ServerPlayer;I)Lnet/minecraft/network/chat/Component;	lambda$static$6	method_1_6597
METHOD	net/minecraft/server/commands/TitleCommand	(II)Lnet/minecraft/network/chat/Component;	lambda$static$7	method_1_6598
METHOD	net/minecraft/server/commands/TitleCommand	(Lnet/minecraft/server/level/ServerPlayer;I)Lnet/minecraft/network/chat/Component;	lambda$static$8	method_1_6599
METHOD	net/minecraft/server/commands/TitleCommand	(II)Lnet/minecraft/network/chat/Component;	lambda$static$9	method_1_6600
METHOD	net/minecraft/server/commands/TitleCommand	(Lnet/minecraft/commands/CommandSourceStack;Ljava/util/Collection;Lnet/minecraft/network/protocol/Packet;Lnet/minecraft/server/commands/CommandResponseTracker$Messages;)I	sendPacketToPlayers	method_1_6601
METHOD	net/minecraft/server/packs/repository/Pack	()Ljava/util/stream/Stream;	open	method_1_6602
FIELD	net/minecraft/util/datafix/schemas/V3818_5	Lcom/mojang/datafixers/types/templates/Hook$HookFunction;	UNPACK_PLAIN_ID	field_1_7386
CLASS	net/minecraft/util/datafix/schemas/V4996_1	class_1_1049
METHOD	net/minecraft/util/datafix/schemas/V4996_1	(Lcom/mojang/datafixers/schemas/Schema;)Lcom/mojang/datafixers/types/templates/TypeTemplate;	lambda$registerBlockEntities$0	method_1_6603
CLASS	net/minecraft/world/item/ArrayItemProvider	class_1_1050
FIELD	net/minecraft/world/item/ArrayItemProvider	[Lnet/minecraft/world/item/ItemStack;	items	field_1_7387
FIELD	net/minecraft/world/item/ArrayItemProvider	Lnet/minecraft/world/item/ItemStack;	peekedItem	field_1_7388
FIELD	net/minecraft/world/item/ArrayItemProvider	I	position	field_1_7389
METHOD	net/minecraft/world/item/ArrayItemProvider	()Lnet/minecraft/world/item/ItemStack;	computeNextItem	method_1_6604
METHOD	net/minecraft/world/item/ArrayItemProvider	(I)V	setPosition	method_1_6605
CLASS	net/minecraft/world/item/ArrayItemProvider$Cycled	class_1_1051
METHOD	net/minecraft/world/item/ItemStackTemplate	(Lnet/minecraft/world/item/ItemStack;I)Lnet/minecraft/world/item/ItemStackTemplate;	fromNonEmptyStack	method_1_6606
CLASS	net/minecraft/world/item/slot/SlotSelector	class_1_1052
FIELD	net/minecraft/world/item/slot/SlotSelector	Lnet/minecraft/world/item/slot/SlotSelector;	ANY_SLOT	field_1_7390
FIELD	net/minecraft/world/item/slot/SlotSelector	Lnet/minecraft/world/item/slot/SlotSelector;	EMPTY_SLOTS	field_1_7391
FIELD	net/minecraft/world/item/slot/SlotSelector	Lnet/minecraft/world/item/slot/SlotSelector;	NON_EMPTY_SLOTS	field_1_7392
METHOD	net/minecraft/world/item/slot/SlotSelector	(Ljava/util/function/Predicate;)Lnet/minecraft/world/item/slot/SlotSelector;	filter	method_1_6607
METHOD	net/minecraft/world/item/slot/SlotSelector	(Lnet/minecraft/world/item/ItemStack;)Z	lambda$static$0	method_1_6608
METHOD	net/minecraft/world/item/slot/SlotSelector	(I)Lnet/minecraft/world/item/slot/SlotSelector;	limit	method_1_6609
METHOD	net/minecraft/world/item/slot/SlotSelector	(Ljava/util/function/Predicate;)Lnet/minecraft/world/item/slot/SlotSelector;	selecting	method_1_6610
METHOD	net/minecraft/world/item/slot/SlotSelector	(Lnet/minecraft/world/item/slot/SlotSelector;Lorg/apache/commons/lang3/mutable/MutableInt;)Lnet/minecraft/world/item/slot/SlotSelector;	tracking	method_1_6611
METHOD	net/minecraft/world/item/slot/SlotSelector	(Lorg/apache/commons/lang3/mutable/MutableInt;)Lnet/minecraft/world/item/slot/SlotSelector;	tracking	method_1_6612
METHOD	net/minecraft/world/item/slot/SlotSelector	(Lnet/minecraft/world/item/ItemStack;)Z	trySelectSlot	method_1_6613
CLASS	net/minecraft/world/item/slot/SlotSelector$FilteringSelector	class_1_1053
FIELD	net/minecraft/world/item/slot/SlotSelector$FilteringSelector	Ljava/util/function/Predicate;	filter	comp_1_908
METHOD	net/minecraft/world/item/slot/SlotSelector$FilteringSelector	(Ljava/util/function/Predicate;Lnet/minecraft/world/item/ItemStack;)Z	lambda$filter$0	method_1_6614
CLASS	net/minecraft/world/item/slot/SlotSelector$TrackingSelector	class_1_1054
FIELD	net/minecraft/world/item/slot/SlotSelector$TrackingSelector	I	limit	comp_1_909
FIELD	net/minecraft/world/item/slot/SlotSelector$TrackingSelector	Lorg/apache/commons/lang3/mutable/MutableInt;	selectedCount	comp_1_910
FIELD	net/minecraft/world/item/slot/SlotSelector$TrackingSelector	Lnet/minecraft/world/item/slot/SlotSelector;	slotSelector	comp_1_911
FIELD	net/minecraft/world/level/block/GrassBlock	I	ATTEMPT_COUNT	field_1_7393
FIELD	net/minecraft/world/level/block/GrassBlock	F	GROW_TALL_GRASS_CHANCE	field_1_7394
FIELD	net/minecraft/world/level/block/GrassBlock	F	PLACE_FLOWER_CHANCE	field_1_7395
METHOD	net/minecraft/world/level/block/GrassBlock	(Lnet/minecraft/server/level/ServerLevel;Lnet/minecraft/util/RandomSource;Lnet/minecraft/core/BlockPos;)V	placeBonemealEffect	method_1_6615
METHOD	net/minecraft/world/level/block/GrassBlock	(Lnet/minecraft/server/level/ServerLevel;Lnet/minecraft/core/BlockPos;)Z	stopBonemealSpread	method_1_6616
CLASS	com/mojang/blaze3d/vulkan/VulkanFeatureSets	class_1_1055
FIELD	com/mojang/blaze3d/vulkan/VulkanFeatureSets	Lcom/mojang/blaze3d/vulkan/init/FeatureSet;	AMD_BUFFER_MARKER_FEATURESET	field_1_7396
FIELD	com/mojang/blaze3d/vulkan/VulkanFeatureSets	Lcom/mojang/blaze3d/vulkan/init/VulkanPNextStruct;	DYNAMIC_RENDERING_FEATURES_STRUCT	field_1_7397
FIELD	com/mojang/blaze3d/vulkan/VulkanFeatureSets	Lcom/mojang/blaze3d/vulkan/init/FeatureSet;	MULTI_DRAW_FEATURESET	field_1_7398
FIELD	com/mojang/blaze3d/vulkan/VulkanFeatureSets	Lcom/mojang/blaze3d/vulkan/init/VulkanPNextStruct;	MULTI_DRAW_FEATURES_STRUCT	field_1_7399
FIELD	com/mojang/blaze3d/vulkan/VulkanFeatureSets	Lcom/mojang/blaze3d/vulkan/init/FeatureSet;	NV_DIAGNOSTIC_CHECKPOINT_FEATURESET	field_1_7400
FIELD	com/mojang/blaze3d/vulkan/VulkanFeatureSets	Lcom/mojang/blaze3d/vulkan/init/FeatureSet;	PORTABILITY_SUBSET_FEATURESET	field_1_7401
FIELD	com/mojang/blaze3d/vulkan/VulkanFeatureSets	Lcom/mojang/blaze3d/vulkan/init/VulkanPNextStruct;	PORTABILITY_SUBSET_FEATURES_STRUCT	field_1_7402
FIELD	com/mojang/blaze3d/vulkan/VulkanFeatureSets	Lcom/mojang/blaze3d/vulkan/init/FeatureSet;	REQUIRED_FEATURESET	field_1_7403
FIELD	com/mojang/blaze3d/vulkan/VulkanFeatureSets	Lcom/mojang/blaze3d/vulkan/init/VulkanPNextStruct;	SYNC2_FEATURES_STRUCT	field_1_7404
FIELD	com/mojang/blaze3d/vulkan/VulkanFeatureSets	Lcom/mojang/blaze3d/vulkan/init/VulkanPNextStruct;	VERTEX_ATTRIB_DIVISOR_FEATURES_STRUCT	field_1_7405
FIELD	com/mojang/blaze3d/vulkan/VulkanFeatureSets	Lcom/mojang/blaze3d/vulkan/init/VulkanPNextStruct;	VK10_FEATURES_STRUCT	field_1_7406
FIELD	com/mojang/blaze3d/vulkan/VulkanFeatureSets	Lcom/mojang/blaze3d/vulkan/init/VulkanPNextStruct;	VK11_FEATURES_STRUCT	field_1_7407
FIELD	com/mojang/blaze3d/vulkan/VulkanFeatureSets	Lcom/mojang/blaze3d/vulkan/init/VulkanPNextStruct;	VK12_FEATURES_STRUCT	field_1_7408
METHOD	com/mojang/blaze3d/vulkan/VulkanFeatureSets	()V	bootstrap	method_1_6617
METHOD	com/mojang/blaze3d/vulkan/VulkanFeatureSets	(Lorg/lwjgl/vulkan/VkPhysicalDevice;)Z	lambda$static$0	method_1_6618
METHOD	com/mojang/blaze3d/vulkan/VulkanFeatureSets	()Ljava/util/Set;	optionalFeatureSets	method_1_6619
METHOD	com/mojang/blaze3d/vulkan/VulkanFeatureSets	()Ljava/util/Set;	requiredFeatureSets	method_1_6620
METHOD	com/mojang/blaze3d/vulkan/VulkanFeatureSets	()Ljava/util/Set;	requiredIfExtensionsAvailableFeatureSets	method_1_6621
FIELD	net/minecraft/client/model/geom/ModelLayers	Lnet/minecraft/client/model/geom/ModelLayerLocation;	POPLAR_BOAT	field_1_7409
FIELD	net/minecraft/client/model/geom/ModelLayers	Lnet/minecraft/client/model/geom/ModelLayerLocation;	POPLAR_CHEST_BOAT	field_1_7410
FIELD	net/minecraft/core/component/DataComponents	Lnet/minecraft/core/component/DataComponentType;	PROVIDES_POTTERY_PATTERN	field_1_7411
METHOD	net/minecraft/core/component/DataComponents	(Lnet/minecraft/core/component/DataComponentType$Builder;)Lnet/minecraft/core/component/DataComponentType$Builder;	lambda$static$111	method_1_6622
FIELD	net/minecraft/gametest/framework/TestFinder$1	[I	$SwitchMap$net$minecraft$gametest$framework$TestEnvironmentDefinition$Dimension$Type	field_1_7412
METHOD	net/minecraft/gametest/framework/TestFinder$Builder	(Lnet/minecraft/core/Holder;)Lnet/minecraft/resources/ResourceKey;	lambda$levelForDimension$0	method_1_6623
METHOD	net/minecraft/gametest/framework/TestFinder$Builder	(Lnet/minecraft/resources/ResourceKey;)Z	lambda$levelForDimension$1	method_1_6624
METHOD	net/minecraft/gametest/framework/TestFinder$Builder	(Lnet/minecraft/core/Holder$Reference;)Lnet/minecraft/resources/ResourceKey;	lambda$resolveTargetSource$0	method_1_6625
METHOD	net/minecraft/gametest/framework/TestFinder$Builder	(Lnet/minecraft/gametest/framework/TestEnvironmentDefinition;)Lnet/minecraft/resources/ResourceKey;	levelForDimension	method_1_6626
METHOD	net/minecraft/gametest/framework/TestFinder$Builder	(Lnet/minecraft/commands/CommandSourceStack;Ljava/util/List;)Lnet/minecraft/commands/CommandSourceStack;	resolveTargetSource	method_1_6627
FIELD	net/minecraft/server/commands/DialogCommand	Lnet/minecraft/server/commands/CommandResponseTracker$Messages;	RESPONSE_CLEAR	field_1_7413
FIELD	net/minecraft/server/commands/DialogCommand	Lnet/minecraft/server/commands/CommandResponseTracker$Messages;	RESPONSE_SHOW	field_1_7414
METHOD	net/minecraft/server/commands/DialogCommand	(Lnet/minecraft/server/level/ServerPlayer;I)Lnet/minecraft/network/chat/Component;	lambda$static$0	method_1_6628
METHOD	net/minecraft/server/commands/DialogCommand	(II)Lnet/minecraft/network/chat/Component;	lambda$static$1	method_1_6629
METHOD	net/minecraft/server/commands/DialogCommand	(Lnet/minecraft/server/level/ServerPlayer;I)Lnet/minecraft/network/chat/Component;	lambda$static$2	method_1_6630
METHOD	net/minecraft/server/commands/DialogCommand	(II)Lnet/minecraft/network/chat/Component;	lambda$static$3	method_1_6631
FIELD	net/minecraft/server/commands/RecipeCommand	Lnet/minecraft/server/commands/CommandResponseTracker$Messages;	RESPONSE_GIVE	field_1_7415
FIELD	net/minecraft/server/commands/RecipeCommand	Lnet/minecraft/server/commands/CommandResponseTracker$Messages;	RESPONSE_TAKE	field_1_7416
METHOD	net/minecraft/server/commands/RecipeCommand	(Lnet/minecraft/server/level/ServerPlayer;I)Lnet/minecraft/network/chat/Component;	lambda$static$0	method_1_6632
METHOD	net/minecraft/server/commands/RecipeCommand	(II)Lnet/minecraft/network/chat/Component;	lambda$static$1	method_1_6633
METHOD	net/minecraft/server/commands/RecipeCommand	(Lnet/minecraft/server/level/ServerPlayer;I)Lnet/minecraft/network/chat/Component;	lambda$static$2	method_1_6634
METHOD	net/minecraft/server/commands/RecipeCommand	(II)Lnet/minecraft/network/chat/Component;	lambda$static$3	method_1_6635
FIELD	net/minecraft/world/level/block/LeavesBlock	Lcom/mojang/serialization/MapCodec;	CODEC	field_1_7417
FIELD	net/minecraft/world/level/block/LeavesBlock	Lnet/minecraft/world/level/block/sounds/AmbientLeavesBlockSoundPlayer;	ambientLeavesBlockSoundPlayer	field_1_7418
METHOD	net/minecraft/world/level/block/LeavesBlock	(Lcom/mojang/serialization/codecs/RecordCodecBuilder$Instance;)Lcom/mojang/datafixers/kinds/App;	lambda$static$0	method_1_6636
METHOD	net/minecraft/world/level/block/LeavesBlock	(Lnet/minecraft/world/level/block/LeavesBlock;)Lnet/minecraft/world/level/block/sounds/AmbientLeavesBlockSoundPlayer;	lambda$static$1	method_1_6637
METHOD	com/mojang/blaze3d/vulkan/init/VulkanFeature	(J)Z	getVkBool32	method_1_6638
METHOD	com/mojang/blaze3d/vulkan/init/VulkanFeature	(ZJ)V	putVkBool32	method_1_6639
METHOD	net/minecraft/gametest/framework/TestCommand	(Ljava/lang/String;Lnet/minecraft/gametest/framework/TestCommand$Info;FFLnet/minecraft/network/chat/Style;)Lnet/minecraft/network/chat/Style;	lambda$outputCoordinates$0	method_1_6640
METHOD	net/minecraft/gametest/framework/TestCommand	(Lnet/minecraft/network/chat/Component;)Lnet/minecraft/network/chat/Component;	lambda$outputCoordinates$1	method_1_6641
METHOD	net/minecraft/gametest/framework/TestCommand	(Ljava/lang/String;Lnet/minecraft/gametest/framework/TestCommand$Info;Lnet/minecraft/network/chat/Style;)Lnet/minecraft/network/chat/Style;	lambda$outputCoordinates$2	method_1_6642
METHOD	net/minecraft/gametest/framework/TestCommand	(Lnet/minecraft/network/chat/Component;)Lnet/minecraft/network/chat/Component;	lambda$outputCoordinates$3	method_1_6643
METHOD	net/minecraft/gametest/framework/TestCommand	(Lnet/minecraft/commands/CommandSourceStack;)V	outputCoordinates	method_1_6644
METHOD	net/minecraft/gametest/framework/TestCommand	(Lnet/minecraft/commands/CommandSourceStack;)Lnet/minecraft/gametest/framework/TestCommand$Info;	playerAndTestInfo	method_1_6645
CLASS	net/minecraft/gametest/framework/TestCommand$Info	class_1_1056
FIELD	net/minecraft/gametest/framework/TestCommand$Info	Lnet/minecraft/server/level/ServerPlayer;	player	comp_1_912
FIELD	net/minecraft/gametest/framework/TestCommand$Info	Lnet/minecraft/core/BlockPos;	playerPos	comp_1_913
FIELD	net/minecraft/gametest/framework/TestCommand$Info	I	surfaceY	comp_1_914
FIELD	net/minecraft/gametest/framework/TestCommand$Info	Lnet/minecraft/core/BlockPos;	testPos	comp_1_915
FIELD	net/minecraft/network/chat/ResolutionContext	I	DEFAULT_RESOLVED_COMPONENT_LIMIT	field_1_7419
FIELD	net/minecraft/network/chat/ResolutionContext	Lorg/apache/commons/lang3/mutable/MutableInt;	resolvedComponentCount	comp_1_916
FIELD	net/minecraft/network/chat/ResolutionContext	I	resolvedComponentLimit	comp_1_917
FIELD	net/minecraft/server/commands/EffectCommands	Lnet/minecraft/server/commands/CommandResponseTracker$Messages;	RESPONSE_CLEAR_ALL	field_1_7420
FIELD	net/minecraft/server/commands/EffectCommands	Lnet/minecraft/server/commands/CommandResponseTracker$MessagesWithArg;	RESPONSE_CLEAR_SINGLE	field_1_7421
FIELD	net/minecraft/server/commands/EffectCommands	Lnet/minecraft/server/commands/CommandResponseTracker$MessagesWithArgs;	RESPONSE_GIVE	field_1_7422
METHOD	net/minecraft/server/commands/EffectCommands	(Ljava/lang/Integer;Lnet/minecraft/world/effect/MobEffect;)I	computeDurationInTicks	method_1_6646
METHOD	net/minecraft/server/commands/EffectCommands	(Lnet/minecraft/world/entity/LivingEntity;ILnet/minecraft/world/effect/MobEffect;Ljava/lang/Integer;)Lnet/minecraft/network/chat/Component;	lambda$static$0	method_1_6647
METHOD	net/minecraft/server/commands/EffectCommands	(IILnet/minecraft/world/effect/MobEffect;Ljava/lang/Integer;)Lnet/minecraft/network/chat/Component;	lambda$static$1	method_1_6648
METHOD	net/minecraft/server/commands/EffectCommands	(Lnet/minecraft/world/entity/Entity;I)Lnet/minecraft/network/chat/Component;	lambda$static$2	method_1_6649
METHOD	net/minecraft/server/commands/EffectCommands	(II)Lnet/minecraft/network/chat/Component;	lambda$static$3	method_1_6650
METHOD	net/minecraft/server/commands/EffectCommands	(Lnet/minecraft/world/entity/Entity;ILnet/minecraft/world/effect/MobEffect;)Lnet/minecraft/network/chat/Component;	lambda$static$4	method_1_6651
METHOD	net/minecraft/server/commands/EffectCommands	(IILnet/minecraft/world/effect/MobEffect;)Lnet/minecraft/network/chat/Component;	lambda$static$5	method_1_6652
FIELD	net/minecraft/server/commands/EnchantCommand	Lnet/minecraft/server/commands/CommandResponseTracker$MessagesWithArgs;	RESPONSE_ENCHANT	field_1_7423
METHOD	net/minecraft/server/commands/EnchantCommand	(Lnet/minecraft/world/entity/Entity;ILnet/minecraft/core/Holder;Ljava/lang/Integer;)Lnet/minecraft/network/chat/Component;	lambda$static$4	method_1_6653
METHOD	net/minecraft/server/commands/EnchantCommand	(IILnet/minecraft/core/Holder;Ljava/lang/Integer;)Lnet/minecraft/network/chat/Component;	lambda$static$5	method_1_6654
METHOD	net/minecraft/server/commands/ExecuteCommand	(Lnet/minecraft/commands/CommandSourceStack;Lnet/minecraft/server/commands/item/ItemAccessor;Lnet/minecraft/commands/arguments/SlotSourceArgument$Result;Ljava/util/function/Predicate;)I	countItems	method_1_6655
METHOD	net/minecraft/server/commands/ExecuteCommand	(Lnet/minecraft/commands/CommandSourceStack;Lnet/minecraft/server/commands/item/ItemAccessor;Lnet/minecraft/commands/arguments/SlotSourceArgument$Result;)I	countSlots	method_1_6656
METHOD	net/minecraft/server/commands/ExecuteCommand	(Lnet/minecraft/commands/CommandBuildContext;Lcom/mojang/brigadier/tree/CommandNode;ZLnet/minecraft/server/commands/ArgProvider;Lcom/mojang/brigadier/builder/ArgumentBuilder;)Lcom/mojang/brigadier/builder/ArgumentBuilder;	lambda$addConditionals$22	method_1_6657
METHOD	net/minecraft/server/commands/ExecuteCommand	(ZLnet/minecraft/server/commands/ArgProvider;Lcom/mojang/brigadier/context/CommandContext;)Ljava/util/Collection;	lambda$addConditionals$23	method_1_6658
METHOD	net/minecraft/server/commands/ExecuteCommand	(Lnet/minecraft/server/commands/ArgProvider;Lcom/mojang/brigadier/context/CommandContext;)I	lambda$addConditionals$24	method_1_6659
METHOD	net/minecraft/server/commands/ExecuteCommand	(Lnet/minecraft/commands/CommandBuildContext;Lcom/mojang/brigadier/tree/CommandNode;ZLnet/minecraft/server/commands/ArgProvider;Lcom/mojang/brigadier/builder/ArgumentBuilder;)Lcom/mojang/brigadier/builder/ArgumentBuilder;	lambda$addConditionals$25	method_1_6660
METHOD	net/minecraft/server/commands/ExecuteCommand	(ZLnet/minecraft/server/commands/ArgProvider;Lcom/mojang/brigadier/context/CommandContext;)Ljava/util/Collection;	lambda$addConditionals$26	method_1_6661
METHOD	net/minecraft/server/commands/ExecuteCommand	(Lnet/minecraft/server/commands/ArgProvider;Lcom/mojang/brigadier/context/CommandContext;)I	lambda$addConditionals$27	method_1_6662
METHOD	net/minecraft/server/packs/PathPackResources$PathResourcesSupplier	(Lnet/minecraft/server/packs/PackLocationInfo;)Lnet/minecraft/server/packs/PathPackResources;	openPrimaryResources	method_1_6663
METHOD	net/minecraft/world/item/slot/SlotCollection	(Ljava/util/function/Consumer;)V	modifySlots	method_1_6664
METHOD	net/minecraft/world/item/slot/SlotCollection	(Ljava/util/function/Consumer;Lnet/minecraft/world/item/slot/SlotSelector;)V	modifySlots	method_1_6665
METHOD	net/minecraft/world/item/slot/SlotCollection	(Lnet/minecraft/world/item/ItemProvider;)I	replaceSlotItems	method_1_6666
METHOD	net/minecraft/world/item/slot/SlotCollection	(Lnet/minecraft/world/item/ItemProvider;Lnet/minecraft/world/item/slot/SlotSelector;)I	replaceSlotItems	method_1_6667
METHOD	net/minecraft/world/item/slot/SlotCollection	()I	size	method_1_6668
FIELD	net/minecraft/world/item/slot/SlotCollection$2	Lnet/minecraft/world/entity/SlotAccess;	val$slotAccess	field_1_7424
FIELD	net/minecraft/world/item/slot/SlotCollection$3	Ljava/util/Collection;	val$slots	field_1_7425
FIELD	net/minecraft/world/item/slot/SlotCollection$4	Lnet/minecraft/world/item/slot/SlotCollection;	val$first	field_1_7426
FIELD	net/minecraft/world/item/slot/SlotCollection$4	Lnet/minecraft/world/item/slot/SlotCollection;	val$second	field_1_7427
FIELD	net/minecraft/world/item/slot/SlotCollection$5	Ljava/util/List;	val$terms	field_1_7428
METHOD	net/minecraft/world/item/slot/SlotCollection$FlatMapped	(Ljava/util/function/Consumer;Lnet/minecraft/world/item/slot/SlotSelector;Lnet/minecraft/world/entity/SlotAccess;)V	lambda$modifySlots$0	method_1_6669
METHOD	net/minecraft/world/item/slot/SlotCollection$FlatMapped	(Lorg/apache/commons/lang3/mutable/MutableInt;Lnet/minecraft/world/item/ItemProvider;Lnet/minecraft/world/item/slot/SlotSelector;Lnet/minecraft/world/entity/SlotAccess;)V	lambda$replaceSlotItems$0	method_1_6670
FIELD	net/minecraft/world/level/block/SaplingBlock	I	BRIGHTNESS_FOR_SAPLING_GROWTH	field_1_7429
FIELD	net/minecraft/world/level/block/SaplingBlock	I	TICK_CHANCE_FOR_SAPLING_GROWTH	field_1_7430
METHOD	net/minecraft/world/level/levelgen/Heightmap	(Lnet/minecraft/world/level/block/state/BlockState;)Z	lambda$static$1	method_1_6671
FIELD	net/minecraft/server/commands/SetSpawnCommand	Lnet/minecraft/server/commands/CommandResponseTracker$MessagesWithArg;	RESPONSE_SET	field_1_7431
METHOD	net/minecraft/server/commands/SetSpawnCommand	(Lnet/minecraft/server/level/ServerPlayer;ILnet/minecraft/world/level/storage/LevelData$RespawnData;)Lnet/minecraft/network/chat/Component;	lambda$static$0	method_1_6672
METHOD	net/minecraft/server/commands/SetSpawnCommand	(IILnet/minecraft/world/level/storage/LevelData$RespawnData;)Lnet/minecraft/network/chat/Component;	lambda$static$1	method_1_6673
FIELD	net/minecraft/server/commands/TeleportCommand	Lnet/minecraft/server/commands/CommandResponseTracker$MessagesWithArg;	RESPONSE_TELEPORT_TO_ENTITY	field_1_7432
FIELD	net/minecraft/server/commands/TeleportCommand	Lnet/minecraft/server/commands/CommandResponseTracker$MessagesWithArg;	RESPONSE_TELEPORT_TO_POS	field_1_7433
METHOD	net/minecraft/server/commands/TeleportCommand	(Lnet/minecraft/world/entity/Entity;ILnet/minecraft/world/entity/Entity;)Lnet/minecraft/network/chat/Component;	lambda$static$0	method_1_6674
METHOD	net/minecraft/server/commands/TeleportCommand	(IILnet/minecraft/world/entity/Entity;)Lnet/minecraft/network/chat/Component;	lambda$static$1	method_1_6675
METHOD	net/minecraft/server/commands/TeleportCommand	(Lnet/minecraft/world/entity/Entity;ILnet/minecraft/world/phys/Vec3;)Lnet/minecraft/network/chat/Component;	lambda$static$2	method_1_6676
METHOD	net/minecraft/server/commands/TeleportCommand	(IILnet/minecraft/world/phys/Vec3;)Lnet/minecraft/network/chat/Component;	lambda$static$3	method_1_6677
FIELD	net/minecraft/server/commands/TransferCommand	Lnet/minecraft/server/commands/CommandResponseTracker$MessagesWithArgs;	RESPONSE_TRANSFER	field_1_7434
METHOD	net/minecraft/server/commands/TransferCommand	(Lnet/minecraft/server/level/ServerPlayer;ILjava/lang/String;Ljava/lang/Integer;)Lnet/minecraft/network/chat/Component;	lambda$static$0	method_1_6678
METHOD	net/minecraft/server/commands/TransferCommand	(IILjava/lang/String;Ljava/lang/Integer;)Lnet/minecraft/network/chat/Component;	lambda$static$1	method_1_6679
FIELD	net/minecraft/world/item/slot/RangeSlotSource	Lnet/minecraft/world/level/storage/loot/LootContextArg;	CONTAINER_ARG	field_1_7435
FIELD	net/minecraft/world/item/slot/RangeSlotSource	Lcom/mojang/serialization/Codec;	SOURCE_CODEC	field_1_7436
METHOD	net/minecraft/world/item/slot/RangeSlotSource	(Lnet/minecraft/world/level/storage/loot/LootContextArg$ArgCodecBuilder;)Lnet/minecraft/world/level/storage/loot/LootContextArg$ArgCodecBuilder;	lambda$static$0	method_1_6680
METHOD	net/minecraft/world/item/slot/RangeSlotSource	(Lnet/minecraft/world/inventory/SlotRange;)Lnet/minecraft/world/item/slot/RangeSlotSource;	slotRange	method_1_6681
FIELD	net/minecraft/world/level/block/FarmlandBlock	Lnet/minecraft/world/level/block/Block;	baseBlock	field_1_7437
METHOD	net/minecraft/world/level/block/FarmlandBlock	(Lcom/mojang/serialization/codecs/RecordCodecBuilder$Instance;)Lcom/mojang/datafixers/kinds/App;	lambda$static$0	method_1_6682
METHOD	net/minecraft/world/level/block/FarmlandBlock	(Lnet/minecraft/world/level/block/FarmlandBlock;)Lnet/minecraft/world/level/block/Block;	lambda$static$1	method_1_6683
METHOD	net/minecraft/client/renderer/block/FluidModel$Unbaked	(Lnet/minecraft/client/resources/model/sprite/Material;Lnet/minecraft/client/resources/model/sprite/MaterialBaker;Ljava/lang/String;Lnet/minecraft/client/resources/model/ModelDebugName;)Lnet/minecraft/client/resources/model/sprite/Material$Baked;	getAndValidateMaterial	method_1_6684
CLASS	net/minecraft/client/resources/palette/Palette	class_1_1057
FIELD	net/minecraft/client/resources/palette/Palette	Lnet/minecraft/client/resources/palette/Palette;	EMPTY	field_1_7438
FIELD	net/minecraft/client/resources/palette/Palette	Lnet/minecraft/resources/FileToIdConverter;	ID_CONVERTER	field_1_7439
FIELD	net/minecraft/client/resources/palette/Palette	Lorg/slf4j/Logger;	LOGGER	field_1_7440
FIELD	net/minecraft/client/resources/palette/Palette	[I	colors	field_1_7441
METHOD	net/minecraft/client/resources/palette/Palette	(Lcom/mojang/blaze3d/platform/NativeImage;)Lnet/minecraft/client/resources/palette/Palette;	from	method_1_6685
METHOD	net/minecraft/client/resources/palette/Palette	(I)I	get	method_1_6686
METHOD	net/minecraft/client/resources/palette/Palette	()Z	isEmpty	method_1_6687
METHOD	net/minecraft/client/resources/palette/Palette	(Lnet/minecraft/server/packs/resources/ResourceManager;)Ljava/util/Map;	lambda$listAndLoad$0	method_1_6688
METHOD	net/minecraft/client/resources/palette/Palette	(Ljava/util/concurrent/Executor;Ljava/util/Map;)Ljava/util/concurrent/CompletionStage;	lambda$listAndLoad$1	method_1_6689
METHOD	net/minecraft/client/resources/palette/Palette	(Ljava/util/Map;)Ljava/util/Map;	lambda$listAndLoad$2	method_1_6690
METHOD	net/minecraft/client/resources/palette/Palette	(Ljava/util/Map$Entry;)Z	lambda$listAndLoad$3	method_1_6691
METHOD	net/minecraft/client/resources/palette/Palette	(Ljava/util/Map$Entry;)Lnet/minecraft/resources/Identifier;	lambda$listAndLoad$4	method_1_6692
METHOD	net/minecraft/client/resources/palette/Palette	(Lnet/minecraft/server/packs/resources/ResourceManager;Ljava/util/concurrent/Executor;)Ljava/util/concurrent/CompletableFuture;	listAndLoad	method_1_6693
METHOD	net/minecraft/client/resources/palette/Palette	(Lnet/minecraft/server/packs/resources/Resource;)Lnet/minecraft/client/resources/palette/Palette;	load	method_1_6694
METHOD	net/minecraft/client/resources/palette/Palette	([I)Lnet/minecraft/client/resources/palette/Palette;	of	method_1_6695
METHOD	net/minecraft/client/resources/palette/Palette	()I	size	method_1_6696
METHOD	net/minecraft/client/resources/palette/Palette	(Lnet/minecraft/resources/Identifier;Lnet/minecraft/server/packs/resources/Resource;)Lnet/minecraft/client/resources/palette/Palette;	tryLoad	method_1_6697
METHOD	net/minecraft/data/loot/packs/VanillaBlockLoot	(Lnet/minecraft/data/loot/packs/VanillaBlockLoot;Lnet/minecraft/world/level/block/Block;)Lnet/minecraft/world/level/storage/loot/LootTable$Builder;	lambda$generate$100	method_1_6698
METHOD	net/minecraft/data/loot/packs/VanillaBlockLoot	(Lnet/minecraft/data/loot/packs/VanillaBlockLoot;Lnet/minecraft/world/level/block/Block;)Lnet/minecraft/world/level/storage/loot/LootTable$Builder;	lambda$generate$101	method_1_6699
METHOD	net/minecraft/data/loot/packs/VanillaBlockLoot	(Lnet/minecraft/data/loot/packs/VanillaBlockLoot;Lnet/minecraft/world/level/block/Block;)Lnet/minecraft/world/level/storage/loot/LootTable$Builder;	lambda$generate$111	method_1_6700
METHOD	net/minecraft/data/loot/packs/VanillaBlockLoot	(Lnet/minecraft/data/loot/packs/VanillaBlockLoot;Lnet/minecraft/world/level/block/Block;)Lnet/minecraft/world/level/storage/loot/LootTable$Builder;	lambda$generate$112	method_1_6701
METHOD	net/minecraft/data/loot/packs/VanillaBlockLoot	(Lnet/minecraft/data/loot/packs/VanillaBlockLoot;Lnet/minecraft/world/level/block/Block;)Lnet/minecraft/world/level/storage/loot/LootTable$Builder;	lambda$generate$113	method_1_6702
METHOD	net/minecraft/data/loot/packs/VanillaBlockLoot	(Lnet/minecraft/data/loot/packs/VanillaBlockLoot;Lnet/minecraft/world/level/block/Block;)Lnet/minecraft/world/level/storage/loot/LootTable$Builder;	lambda$generate$114	method_1_6703
METHOD	net/minecraft/data/loot/packs/VanillaBlockLoot	(Lnet/minecraft/data/loot/packs/VanillaBlockLoot;Lnet/minecraft/world/level/block/Block;)Lnet/minecraft/world/level/storage/loot/LootTable$Builder;	lambda$generate$115	method_1_6704
METHOD	net/minecraft/data/loot/packs/VanillaBlockLoot	(Lnet/minecraft/world/level/block/Block;)Lnet/minecraft/world/level/storage/loot/LootTable$Builder;	lambda$generate$125	method_1_6705
METHOD	net/minecraft/data/loot/packs/VanillaBlockLoot	(Lnet/minecraft/data/loot/packs/VanillaBlockLoot;Lnet/minecraft/world/level/block/Block;)V	lambda$generate$13	method_1_6706
METHOD	net/minecraft/data/loot/packs/VanillaBlockLoot	(Lnet/minecraft/data/loot/packs/VanillaBlockLoot;Lnet/minecraft/world/level/block/Block;)V	lambda$generate$14	method_1_6707
METHOD	net/minecraft/data/loot/packs/VanillaBlockLoot	(Lnet/minecraft/data/loot/packs/VanillaBlockLoot;Lnet/minecraft/world/level/block/Block;)Lnet/minecraft/world/level/storage/loot/LootTable$Builder;	lambda$generate$142	method_1_6708
METHOD	net/minecraft/data/loot/packs/VanillaBlockLoot	(Lnet/minecraft/data/loot/packs/VanillaBlockLoot;Lnet/minecraft/world/level/block/Block;)Lnet/minecraft/world/level/storage/loot/LootTable$Builder;	lambda$generate$145	method_1_6709
METHOD	net/minecraft/data/loot/packs/VanillaBlockLoot	(Lnet/minecraft/data/loot/packs/VanillaBlockLoot;Lnet/minecraft/world/level/block/Block;)Lnet/minecraft/world/level/storage/loot/LootTable$Builder;	lambda$generate$146	method_1_6710
METHOD	net/minecraft/data/loot/packs/VanillaBlockLoot	(Lnet/minecraft/data/loot/packs/VanillaBlockLoot;Lnet/minecraft/world/level/block/Block;)Lnet/minecraft/world/level/storage/loot/LootTable$Builder;	lambda$generate$147	method_1_6711
METHOD	net/minecraft/data/loot/packs/VanillaBlockLoot	(Lnet/minecraft/data/loot/packs/VanillaBlockLoot;Lnet/minecraft/world/level/block/Block;)V	lambda$generate$15	method_1_6712
METHOD	net/minecraft/data/loot/packs/VanillaBlockLoot	(Lnet/minecraft/data/loot/packs/VanillaBlockLoot;Lnet/minecraft/world/level/block/Block;)V	lambda$generate$16	method_1_6713
METHOD	net/minecraft/data/loot/packs/VanillaBlockLoot	(Lnet/minecraft/world/level/block/Block;)Lnet/minecraft/world/level/storage/loot/LootTable$Builder;	lambda$generate$165	method_1_6714
METHOD	net/minecraft/data/loot/packs/VanillaBlockLoot	(Lnet/minecraft/world/level/block/Block;)Lnet/minecraft/world/level/storage/loot/LootTable$Builder;	lambda$generate$166	method_1_6715
METHOD	net/minecraft/data/loot/packs/VanillaBlockLoot	(Lnet/minecraft/world/level/block/Block;)Lnet/minecraft/world/level/storage/loot/LootTable$Builder;	lambda$generate$167	method_1_6716
METHOD	net/minecraft/data/loot/packs/VanillaBlockLoot	(Lnet/minecraft/world/level/block/Block;)V	lambda$generate$2	method_1_6717
METHOD	net/minecraft/data/loot/packs/VanillaBlockLoot	(Lnet/minecraft/data/loot/packs/VanillaBlockLoot;Lnet/minecraft/world/level/block/Block;)Lnet/minecraft/world/level/storage/loot/LootTable$Builder;	lambda$generate$25	method_1_6718
METHOD	net/minecraft/data/loot/packs/VanillaBlockLoot	(Lnet/minecraft/data/loot/packs/VanillaBlockLoot;Lnet/minecraft/world/level/block/Block;)Lnet/minecraft/world/level/storage/loot/LootTable$Builder;	lambda$generate$26	method_1_6719
METHOD	net/minecraft/data/loot/packs/VanillaBlockLoot	(Lnet/minecraft/data/loot/packs/VanillaBlockLoot;Lnet/minecraft/world/level/block/Block;)Lnet/minecraft/world/level/storage/loot/LootTable$Builder;	lambda$generate$27	method_1_6720
METHOD	net/minecraft/data/loot/packs/VanillaBlockLoot	(Lnet/minecraft/data/loot/packs/VanillaBlockLoot;Lnet/minecraft/world/level/block/Block;)Lnet/minecraft/world/level/storage/loot/LootTable$Builder;	lambda$generate$3	method_1_6721
METHOD	net/minecraft/data/loot/packs/VanillaBlockLoot	(Lnet/minecraft/world/level/block/Block;)Lnet/minecraft/world/level/storage/loot/LootTable$Builder;	lambda$generate$36	method_1_6722
METHOD	net/minecraft/data/loot/packs/VanillaBlockLoot	(Lnet/minecraft/world/level/block/Block;)Lnet/minecraft/world/level/storage/loot/LootTable$Builder;	lambda$generate$40	method_1_6723
METHOD	net/minecraft/data/loot/packs/VanillaBlockLoot	(Lnet/minecraft/world/level/block/Block;)Lnet/minecraft/world/level/storage/loot/LootTable$Builder;	lambda$generate$41	method_1_6724
METHOD	net/minecraft/data/loot/packs/VanillaBlockLoot	(Lnet/minecraft/data/loot/packs/VanillaBlockLoot;Lnet/minecraft/world/level/block/Block;)V	lambda$generate$9	method_1_6725
METHOD	net/minecraft/data/loot/packs/VanillaBlockLoot	(Lnet/minecraft/data/loot/packs/VanillaBlockLoot;Lnet/minecraft/world/level/block/Block;)Lnet/minecraft/world/level/storage/loot/LootTable$Builder;	lambda$generate$90	method_1_6726
METHOD	net/minecraft/data/loot/packs/VanillaBlockLoot	(Lnet/minecraft/data/loot/packs/VanillaBlockLoot;Lnet/minecraft/world/level/block/Block;)Lnet/minecraft/world/level/storage/loot/LootTable$Builder;	lambda$generate$91	method_1_6727
METHOD	net/minecraft/data/loot/packs/VanillaChestLoot	(Ljava/util/function/BiConsumer;)V	abandonedCampLootTables	method_1_6728
FIELD	net/minecraft/server/commands/ForceLoadCommand	Lnet/minecraft/server/commands/CommandResponseTracker$MessagesWithArg;	RESPONSE_ADD	field_1_7442
FIELD	net/minecraft/server/commands/ForceLoadCommand	Lnet/minecraft/server/commands/CommandResponseTracker$MessagesWithArg;	RESPONSE_REMOVE	field_1_7443
METHOD	net/minecraft/server/commands/ForceLoadCommand	(Lnet/minecraft/world/level/ChunkPos;ILnet/minecraft/server/commands/ForceLoadCommand$ForceLoadParams;)Lnet/minecraft/network/chat/Component;	lambda$static$2	method_1_6729
METHOD	net/minecraft/server/commands/ForceLoadCommand	(IILnet/minecraft/server/commands/ForceLoadCommand$ForceLoadParams;)Lnet/minecraft/network/chat/Component;	lambda$static$3	method_1_6730
METHOD	net/minecraft/server/commands/ForceLoadCommand	(Lnet/minecraft/world/level/ChunkPos;ILnet/minecraft/server/commands/ForceLoadCommand$ForceLoadParams;)Lnet/minecraft/network/chat/Component;	lambda$static$4	method_1_6731
METHOD	net/minecraft/server/commands/ForceLoadCommand	(IILnet/minecraft/server/commands/ForceLoadCommand$ForceLoadParams;)Lnet/minecraft/network/chat/Component;	lambda$static$5	method_1_6732
CLASS	net/minecraft/server/commands/ForceLoadCommand$ForceLoadParams	class_1_1058
FIELD	net/minecraft/server/commands/ForceLoadCommand$ForceLoadParams	Lnet/minecraft/resources/ResourceKey;	dimension	comp_1_918
FIELD	net/minecraft/server/commands/ForceLoadCommand$ForceLoadParams	I	maxChunkX	comp_1_919
FIELD	net/minecraft/server/commands/ForceLoadCommand$ForceLoadParams	I	maxChunkZ	comp_1_920
FIELD	net/minecraft/server/commands/ForceLoadCommand$ForceLoadParams	I	minChunkX	comp_1_921
FIELD	net/minecraft/server/commands/ForceLoadCommand$ForceLoadParams	I	minChunkZ	comp_1_922
METHOD	net/minecraft/server/commands/ForceLoadCommand$ForceLoadParams	()Lnet/minecraft/world/level/ChunkPos;	max	method_1_6733
METHOD	net/minecraft/server/commands/ForceLoadCommand$ForceLoadParams	()Lnet/minecraft/world/level/ChunkPos;	min	method_1_6734
FIELD	net/minecraft/server/commands/PlaySoundCommand	Lnet/minecraft/server/commands/CommandResponseTracker$MessagesWithArg;	RESPONSE_PLAY	field_1_7444
METHOD	net/minecraft/server/commands/PlaySoundCommand	(Lnet/minecraft/server/level/ServerPlayer;ILnet/minecraft/resources/Identifier;)Lnet/minecraft/network/chat/Component;	lambda$static$0	method_1_6735
METHOD	net/minecraft/server/commands/PlaySoundCommand	(IILnet/minecraft/resources/Identifier;)Lnet/minecraft/network/chat/Component;	lambda$static$1	method_1_6736
FIELD	net/minecraft/server/commands/UnpublishCommand	Lcom/mojang/brigadier/exceptions/SimpleCommandExceptionType;	ERROR_NOT_PUBLISHED	field_1_7445
FIELD	net/minecraft/util/worldupdate/UpgradeProgress	Lnet/minecraft/server/notifications/NotificationService;	notificationService	field_1_7446
METHOD	net/minecraft/util/worldupdate/UpgradeProgress	()Lnet/minecraft/server/notifications/NotificationService;	notifications	method_1_6737
CLASS	net/minecraft/world/item/slot/CountingModifier	class_1_1059
FIELD	net/minecraft/world/item/slot/CountingModifier	Ljava/util/function/UnaryOperator;	modifier	field_1_7447
FIELD	net/minecraft/world/item/slot/CountingModifier	I	updatedCount	field_1_7448
METHOD	net/minecraft/world/item/slot/CountingModifier	(Lnet/minecraft/world/entity/SlotAccess;)V	accept	method_1_6738
METHOD	net/minecraft/world/item/slot/CountingModifier	()I	updatedCount	method_1_6739
FIELD	net/minecraft/world/level/block/FlowerBedBlock	I	shapeHeight	field_1_7449
METHOD	net/minecraft/world/level/block/FlowerBedBlock	(Lcom/mojang/serialization/codecs/RecordCodecBuilder$Instance;)Lcom/mojang/datafixers/kinds/App;	lambda$static$0	method_1_6740
METHOD	net/minecraft/world/level/block/FlowerBedBlock	(Lnet/minecraft/world/level/block/FlowerBedBlock;)Ljava/lang/Integer;	lambda$static$1	method_1_6741
METHOD	net/minecraft/world/level/chunk/ChunkGenerator	(Lnet/minecraft/world/level/levelgen/RandomState;)Lnet/minecraft/world/level/ChunkPos;	getOrigin	method_1_6742
CLASS	net/minecraft/client/renderer/texture/UvMapping	class_1_1060
METHOD	net/minecraft/client/renderer/texture/UvMapping	(Lcom/mojang/blaze3d/vertex/VertexConsumer;)Lcom/mojang/blaze3d/vertex/VertexConsumer;	wrap	method_1_6743
FIELD	net/minecraft/core/registries/BuiltInRegistries	Lnet/minecraft/core/Registry;	FEATURE_TYPE	field_1_7450
METHOD	net/minecraft/gametest/framework/GameTestHelper	(Lnet/minecraft/world/entity/Entity;)V	rotateEntityWithTest	method_1_6744
METHOD	net/minecraft/gametest/framework/GameTestHelper	(JLnet/minecraft/resources/ResourceKey;)V	setTimeInDimension	method_1_6745
METHOD	net/minecraft/gametest/framework/GameTestHelper	(Lnet/minecraft/world/entity/player/Player;Lnet/minecraft/world/item/Item;Lnet/minecraft/core/BlockPos;)V	useItemOnBlock	method_1_6746
FIELD	net/minecraft/gametest/framework/GameTestRunner	Lnet/minecraft/server/MinecraftServer;	server	field_1_7451
METHOD	net/minecraft/gametest/framework/GameTestRunner$1	(Lnet/minecraft/gametest/framework/GameTestInfo;J)V	lambda$testCompleted$1	method_1_6747
METHOD	net/minecraft/gametest/framework/GameTestRunner$1	(Lnet/minecraft/gametest/framework/GameTestInfo;J)V	lambda$testFailed$0	method_1_6748
FIELD	net/minecraft/gametest/framework/GameTestRunner$Builder	Lnet/minecraft/server/MinecraftServer;	server	field_1_7452
METHOD	net/minecraft/server/commands/ExperienceCommand	(Lnet/minecraft/server/commands/ExperienceCommand$Type;Lnet/minecraft/server/level/ServerPlayer;I)Lnet/minecraft/network/chat/Component;	lambda$queryExperience$0	method_1_6749
FIELD	net/minecraft/server/commands/ExperienceCommand$Type	Lnet/minecraft/server/commands/CommandResponseTracker$MessagesWithArg;	addResponse	field_1_7453
FIELD	net/minecraft/server/commands/ExperienceCommand$Type	Ljava/lang/String;	queryTranslationKey	field_1_7454
FIELD	net/minecraft/server/commands/ExperienceCommand$Type	Lnet/minecraft/server/commands/CommandResponseTracker$MessagesWithArg;	setResponse	field_1_7455
METHOD	net/minecraft/server/commands/ExperienceCommand$Type	(Ljava/lang/String;Lnet/minecraft/server/level/ServerPlayer;ILjava/lang/Integer;)Lnet/minecraft/network/chat/Component;	lambda$new$0	method_1_6750
METHOD	net/minecraft/server/commands/ExperienceCommand$Type	(Ljava/lang/String;IILjava/lang/Integer;)Lnet/minecraft/network/chat/Component;	lambda$new$1	method_1_6751
METHOD	net/minecraft/server/commands/ExperienceCommand$Type	(Ljava/lang/String;Lnet/minecraft/server/level/ServerPlayer;ILjava/lang/Integer;)Lnet/minecraft/network/chat/Component;	lambda$new$2	method_1_6752
METHOD	net/minecraft/server/commands/ExperienceCommand$Type	(Ljava/lang/String;IILjava/lang/Integer;)Lnet/minecraft/network/chat/Component;	lambda$new$3	method_1_6753
METHOD	net/minecraft/server/commands/ExperienceCommand$Type	(Lnet/minecraft/server/level/ServerPlayer;I)Lnet/minecraft/network/chat/Component;	queryResponse	method_1_6754
FIELD	net/minecraft/server/commands/ScoreboardCommand	Lnet/minecraft/server/commands/CommandResponseTracker$MessagesWithArg;	RESPONSE_DISPLAY_CLEAR	field_1_7456
FIELD	net/minecraft/server/commands/ScoreboardCommand	Lnet/minecraft/server/commands/CommandResponseTracker$MessagesWithArgs;	RESPONSE_DISPLAY_SET	field_1_7457
FIELD	net/minecraft/server/commands/ScoreboardCommand	Lnet/minecraft/server/commands/CommandResponseTracker$MessagesWithArg;	RESPONSE_ENABLE	field_1_7458
FIELD	net/minecraft/server/commands/ScoreboardCommand	Lnet/minecraft/server/commands/CommandResponseTracker$MessagesWithArg;	RESPONSE_NUMBER_FORMAT_CLEAR	field_1_7459
FIELD	net/minecraft/server/commands/ScoreboardCommand	Lnet/minecraft/server/commands/CommandResponseTracker$MessagesWithArg;	RESPONSE_NUMBER_FORMAT_SET	field_1_7460
FIELD	net/minecraft/server/commands/ScoreboardCommand	Lnet/minecraft/server/commands/CommandResponseTracker$MessagesWithArgs;	RESPONSE_SCORE_ADD	field_1_7461
FIELD	net/minecraft/server/commands/ScoreboardCommand	Lnet/minecraft/server/commands/CommandResponseTracker$MessagesWithArg;	RESPONSE_SCORE_OPERATION	field_1_7462
FIELD	net/minecraft/server/commands/ScoreboardCommand	Lnet/minecraft/server/commands/CommandResponseTracker$MessagesWithArgs;	RESPONSE_SCORE_REMOVE	field_1_7463
FIELD	net/minecraft/server/commands/ScoreboardCommand	Lnet/minecraft/server/commands/CommandResponseTracker$MessagesWithArg;	RESPONSE_SCORE_RESET	field_1_7464
FIELD	net/minecraft/server/commands/ScoreboardCommand	Lnet/minecraft/server/commands/CommandResponseTracker$Messages;	RESPONSE_SCORE_RESET_ALL	field_1_7465
FIELD	net/minecraft/server/commands/ScoreboardCommand	Lnet/minecraft/server/commands/CommandResponseTracker$MessagesWithArgs;	RESPONSE_SCORE_SET	field_1_7466
METHOD	net/minecraft/server/commands/ScoreboardCommand	(Lnet/minecraft/world/scores/ScoreHolder;ILnet/minecraft/world/scores/Objective;)Lnet/minecraft/network/chat/Component;	lambda$static$1	method_1_6755
METHOD	net/minecraft/server/commands/ScoreboardCommand	(IILnet/minecraft/world/scores/Objective;Ljava/lang/Integer;)Lnet/minecraft/network/chat/Component;	lambda$static$10	method_1_6756
METHOD	net/minecraft/server/commands/ScoreboardCommand	(Lnet/minecraft/world/scores/ScoreHolder;ILnet/minecraft/world/scores/Objective;Ljava/lang/Integer;)Lnet/minecraft/network/chat/Component;	lambda$static$11	method_1_6757
METHOD	net/minecraft/server/commands/ScoreboardCommand	(IILnet/minecraft/world/scores/Objective;Ljava/lang/Integer;)Lnet/minecraft/network/chat/Component;	lambda$static$12	method_1_6758
METHOD	net/minecraft/server/commands/ScoreboardCommand	(Lnet/minecraft/world/scores/ScoreHolder;ILnet/minecraft/world/scores/Objective;)Lnet/minecraft/network/chat/Component;	lambda$static$13	method_1_6759
METHOD	net/minecraft/server/commands/ScoreboardCommand	(IILnet/minecraft/world/scores/Objective;)Lnet/minecraft/network/chat/Component;	lambda$static$14	method_1_6760
METHOD	net/minecraft/server/commands/ScoreboardCommand	(Lnet/minecraft/world/scores/ScoreHolder;ILnet/minecraft/world/scores/Objective;)Lnet/minecraft/network/chat/Component;	lambda$static$15	method_1_6761
METHOD	net/minecraft/server/commands/ScoreboardCommand	(IILnet/minecraft/world/scores/Objective;)Lnet/minecraft/network/chat/Component;	lambda$static$16	method_1_6762
METHOD	net/minecraft/server/commands/ScoreboardCommand	(Lnet/minecraft/world/scores/ScoreHolder;ILnet/minecraft/world/scores/Objective;)Lnet/minecraft/network/chat/Component;	lambda$static$17	method_1_6763
METHOD	net/minecraft/server/commands/ScoreboardCommand	(IILnet/minecraft/world/scores/Objective;)Lnet/minecraft/network/chat/Component;	lambda$static$18	method_1_6764
METHOD	net/minecraft/server/commands/ScoreboardCommand	(Lnet/minecraft/world/scores/ScoreHolder;ILnet/minecraft/world/scores/Objective;)Lnet/minecraft/network/chat/Component;	lambda$static$19	method_1_6765
METHOD	net/minecraft/server/commands/ScoreboardCommand	(IILnet/minecraft/world/scores/Objective;)Lnet/minecraft/network/chat/Component;	lambda$static$2	method_1_6766
METHOD	net/minecraft/server/commands/ScoreboardCommand	(IILnet/minecraft/world/scores/Objective;)Lnet/minecraft/network/chat/Component;	lambda$static$20	method_1_6767
METHOD	net/minecraft/server/commands/ScoreboardCommand	(Lnet/minecraft/world/scores/ScoreHolder;ILnet/minecraft/world/scores/Objective;Lnet/minecraft/network/chat/Component;)Lnet/minecraft/network/chat/Component;	lambda$static$21	method_1_6768
METHOD	net/minecraft/server/commands/ScoreboardCommand	(IILnet/minecraft/world/scores/Objective;Lnet/minecraft/network/chat/Component;)Lnet/minecraft/network/chat/Component;	lambda$static$22	method_1_6769
METHOD	net/minecraft/server/commands/ScoreboardCommand	(Lnet/minecraft/world/scores/ScoreHolder;I)Lnet/minecraft/network/chat/Component;	lambda$static$3	method_1_6770
METHOD	net/minecraft/server/commands/ScoreboardCommand	(II)Lnet/minecraft/network/chat/Component;	lambda$static$4	method_1_6771
METHOD	net/minecraft/server/commands/ScoreboardCommand	(Lnet/minecraft/world/scores/ScoreHolder;ILnet/minecraft/world/scores/Objective;)Lnet/minecraft/network/chat/Component;	lambda$static$5	method_1_6772
METHOD	net/minecraft/server/commands/ScoreboardCommand	(IILnet/minecraft/world/scores/Objective;)Lnet/minecraft/network/chat/Component;	lambda$static$6	method_1_6773
METHOD	net/minecraft/server/commands/ScoreboardCommand	(Lnet/minecraft/world/scores/ScoreHolder;ILnet/minecraft/world/scores/Objective;Ljava/lang/Integer;)Lnet/minecraft/network/chat/Component;	lambda$static$7	method_1_6774
METHOD	net/minecraft/server/commands/ScoreboardCommand	(IILnet/minecraft/world/scores/Objective;Ljava/lang/Integer;)Lnet/minecraft/network/chat/Component;	lambda$static$8	method_1_6775
METHOD	net/minecraft/server/commands/ScoreboardCommand	(Lnet/minecraft/world/scores/ScoreHolder;ILnet/minecraft/world/scores/Objective;Ljava/lang/Integer;)Lnet/minecraft/network/chat/Component;	lambda$static$9	method_1_6776
CLASS	net/minecraft/server/commands/item/ItemAccessor	class_1_1061
METHOD	net/minecraft/server/commands/item/ItemAccessor	(Lnet/minecraft/commands/CommandSourceStack;Lnet/minecraft/server/commands/CommandResponseTracker;)I	getModifySuccess	method_1_6777
METHOD	net/minecraft/server/commands/item/ItemAccessor	(Lnet/minecraft/commands/CommandSourceStack;Lnet/minecraft/server/commands/CommandResponseTracker;Lnet/minecraft/world/item/ItemStack;)I	getReplaceSuccess	method_1_6778
METHOD	net/minecraft/server/commands/item/ItemAccessor	(Lnet/minecraft/commands/CommandSourceStack;Lnet/minecraft/world/item/slot/SlotSource;)Lnet/minecraft/world/item/slot/SlotCollection;	getSlots	method_1_6779
METHOD	net/minecraft/server/commands/item/ItemAccessor	(Lnet/minecraft/commands/CommandSourceStack;Lnet/minecraft/world/item/slot/SlotSource;Lnet/minecraft/server/commands/item/ItemAccessor$SetterFunction;)V	setItems	method_1_6780
CLASS	net/minecraft/server/commands/item/ItemAccessor$SetterFunction	class_1_1062
METHOD	net/minecraft/server/commands/item/ItemAccessor$SetterFunction	(Ljava/lang/Object;Lnet/minecraft/world/item/slot/SlotCollection;)I	apply	method_1_6781
FIELD	net/minecraft/server/commands/item/ItemCommands	Ljava/util/List;	ALL_PROVIDERS	field_1_7467
FIELD	net/minecraft/server/commands/item/ItemCommands	Lcom/mojang/brigadier/exceptions/SimpleCommandExceptionType;	ERROR_SOURCE_INAPPLICABLE_UNNAMED_SLOT	field_1_7468
FIELD	net/minecraft/server/commands/item/ItemCommands	Lcom/mojang/brigadier/exceptions/SimpleCommandExceptionType;	ERROR_TARGET_INAPPLICABLE_UNNAMED_SLOT	field_1_7469
FIELD	net/minecraft/server/commands/item/ItemCommands	Ljava/util/List;	SOURCE_PROVIDERS	field_1_7470
FIELD	net/minecraft/server/commands/item/ItemCommands	Ljava/util/List;	TARGET_PROVIDERS	field_1_7471
METHOD	net/minecraft/server/commands/item/ItemCommands	(Ljava/util/Collection;)Lnet/minecraft/world/item/ItemProvider;	fillItemProvider	method_1_6782
METHOD	net/minecraft/server/commands/item/ItemCommands	(Lnet/minecraft/commands/CommandSourceStack;Lnet/minecraft/server/commands/item/ItemAccessor;Lnet/minecraft/commands/arguments/SlotSourceArgument$Result;Lnet/minecraft/core/Holder;)Ljava/util/Collection;	getItems	method_1_6783
METHOD	net/minecraft/server/commands/item/ItemCommands	(Lnet/minecraft/commands/CommandSourceStack;Lnet/minecraft/world/entity/SlotProvider;Lnet/minecraft/world/item/slot/SlotSource;)Lnet/minecraft/world/item/slot/SlotCollection;	getSlotsFromProvider	method_1_6784
METHOD	net/minecraft/server/commands/item/ItemCommands	(Lnet/minecraft/world/level/storage/loot/functions/LootItemFunction;Lnet/minecraft/world/level/storage/loot/LootContext;Lnet/minecraft/world/item/ItemStack;)Lnet/minecraft/world/item/ItemStack;	lambda$applyModifier$0	method_1_6785
METHOD	net/minecraft/server/commands/item/ItemCommands	(Lnet/minecraft/world/item/slot/CountingModifier;Lnet/minecraft/world/item/slot/SlotSelector;Lnet/minecraft/server/commands/CommandResponseTracker;Ljava/lang/Object;Lnet/minecraft/world/item/slot/SlotCollection;)I	lambda$modifyItems$0	method_1_6786
METHOD	net/minecraft/server/commands/item/ItemCommands	(Lnet/minecraft/commands/CommandBuildContext;Lnet/minecraft/server/commands/ArgProvider;Lcom/mojang/brigadier/builder/ArgumentBuilder;)Lcom/mojang/brigadier/builder/ArgumentBuilder;	lambda$register$0	method_1_6787
METHOD	net/minecraft/server/commands/item/ItemCommands	(Lnet/minecraft/server/commands/ArgProvider;Lcom/mojang/brigadier/context/CommandContext;)I	lambda$register$1	method_1_6788
METHOD	net/minecraft/server/commands/item/ItemCommands	(Lnet/minecraft/world/item/ItemProvider;Lnet/minecraft/world/item/slot/SlotSelector;Lnet/minecraft/server/commands/CommandResponseTracker;Ljava/lang/Object;Lnet/minecraft/world/item/slot/SlotCollection;)I	lambda$setItems$0	method_1_6789
METHOD	net/minecraft/server/commands/item/ItemCommands	(Lnet/minecraft/commands/CommandBuildContext;Lnet/minecraft/server/commands/ArgProvider;Lnet/minecraft/server/commands/item/ItemCommands$ItemDistributor;Lcom/mojang/brigadier/builder/ArgumentBuilder;)Lcom/mojang/brigadier/builder/ArgumentBuilder;	lambda$wrapSetItems$0	method_1_6790
METHOD	net/minecraft/server/commands/item/ItemCommands	(Lnet/minecraft/commands/CommandBuildContext;Lnet/minecraft/server/commands/ArgProvider;Lnet/minecraft/server/commands/item/ItemCommands$ItemDistributor;Lnet/minecraft/server/commands/ArgProvider;Lcom/mojang/brigadier/builder/ArgumentBuilder;)Lcom/mojang/brigadier/builder/ArgumentBuilder;	lambda$wrapSetItems$1	method_1_6791
METHOD	net/minecraft/server/commands/item/ItemCommands	(Lnet/minecraft/server/commands/ArgProvider;Lnet/minecraft/server/commands/item/ItemCommands$ItemDistributor;Lnet/minecraft/server/commands/ArgProvider;Lcom/mojang/brigadier/context/CommandContext;)I	lambda$wrapSetItems$2	method_1_6792
METHOD	net/minecraft/server/commands/item/ItemCommands	(Lnet/minecraft/server/commands/ArgProvider;Lnet/minecraft/server/commands/item/ItemCommands$ItemDistributor;Lnet/minecraft/server/commands/ArgProvider;Lcom/mojang/brigadier/context/CommandContext;)I	lambda$wrapSetItems$3	method_1_6793
METHOD	net/minecraft/server/commands/item/ItemCommands	(Lnet/minecraft/server/commands/ArgProvider;Lnet/minecraft/server/commands/item/ItemCommands$ItemDistributor;Lcom/mojang/brigadier/context/CommandContext;)I	lambda$wrapSetItems$4	method_1_6794
METHOD	net/minecraft/server/commands/item/ItemCommands	(Lnet/minecraft/server/commands/ArgProvider;Lnet/minecraft/server/commands/item/ItemCommands$ItemDistributor;Lcom/mojang/brigadier/context/CommandContext;)I	lambda$wrapSetItems$5	method_1_6795
METHOD	net/minecraft/server/commands/item/ItemCommands	(Lnet/minecraft/commands/CommandSourceStack;Lnet/minecraft/server/commands/item/ItemAccessor;Lnet/minecraft/commands/arguments/SlotSourceArgument$Result;Lnet/minecraft/core/Holder;)I	modifyItems	method_1_6796
METHOD	net/minecraft/server/commands/item/ItemCommands	(Ljava/util/Collection;)Lnet/minecraft/world/item/ItemProvider;	overrideItemProvider	method_1_6797
METHOD	net/minecraft/server/commands/item/ItemCommands	(Ljava/util/Collection;)Lnet/minecraft/world/item/ItemProvider;	replaceItemProvider	method_1_6798
METHOD	net/minecraft/server/commands/item/ItemCommands	(Lnet/minecraft/commands/CommandSourceStack;Lnet/minecraft/server/commands/item/ItemAccessor;Lnet/minecraft/commands/arguments/SlotSourceArgument$Result;Lnet/minecraft/server/commands/item/ItemCommands$ItemDistributor;Lnet/minecraft/world/item/ItemStack;)I	setItem	method_1_6799
METHOD	net/minecraft/server/commands/item/ItemCommands	(Lnet/minecraft/commands/CommandSourceStack;Lnet/minecraft/server/commands/item/ItemAccessor;Lnet/minecraft/commands/arguments/SlotSourceArgument$Result;Lnet/minecraft/server/commands/item/ItemCommands$ItemDistributor;Ljava/util/Collection;)I	setItems	method_1_6800
METHOD	net/minecraft/server/commands/item/ItemCommands	(Lnet/minecraft/commands/CommandSourceStack;Lnet/minecraft/server/commands/item/ItemAccessor;Lnet/minecraft/commands/arguments/SlotSourceArgument$Result;Lnet/minecraft/world/item/ItemProvider;Lnet/minecraft/world/item/ItemStack;)I	setItems	method_1_6801
METHOD	net/minecraft/server/commands/item/ItemCommands	(Lnet/minecraft/commands/CommandBuildContext;Lcom/mojang/brigadier/builder/ArgumentBuilder;Lnet/minecraft/server/commands/ArgProvider;Lnet/minecraft/server/commands/item/ItemCommands$ItemDistributor;)Lcom/mojang/brigadier/builder/ArgumentBuilder;	wrapSetItems	method_1_6802
CLASS	net/minecraft/server/commands/item/ItemCommands$ItemDistributor	class_1_1063
METHOD	net/minecraft/server/commands/item/ItemCommands$ItemDistributor	(Ljava/util/Collection;)Lnet/minecraft/world/item/ItemProvider;	apply	method_1_6803
CLASS	net/minecraft/server/commands/item/package-info	class_1_1064
FIELD	net/minecraft/server/jsonrpc/OutgoingRpcMethods	Lnet/minecraft/core/Holder$Reference;	WORLD_UPGRADE_FAILED	field_1_7472
FIELD	net/minecraft/server/jsonrpc/OutgoingRpcMethods	Lnet/minecraft/core/Holder$Reference;	WORLD_UPGRADE_FINISHED	field_1_7473
FIELD	net/minecraft/server/jsonrpc/OutgoingRpcMethods	Lnet/minecraft/core/Holder$Reference;	WORLD_UPGRADE_PROGRESS	field_1_7474
FIELD	net/minecraft/server/jsonrpc/OutgoingRpcMethods	Lnet/minecraft/core/Holder$Reference;	WORLD_UPGRADE_STARTED	field_1_7475
CLASS	net/minecraft/server/packs/VanillaPackResources	class_1_1065
FIELD	net/minecraft/server/packs/VanillaPackResources	Lnet/minecraft/server/packs/FixedPathPackResources;	fullResources	field_1_7476
FIELD	net/minecraft/server/packs/VanillaPackResources	Ljava/util/List;	resourceLayers	field_1_7477
METHOD	net/minecraft/server/packs/VanillaPackResources	()Lnet/minecraft/server/packs/resources/ResourceProvider;	asProvider	method_1_6804
METHOD	net/minecraft/server/packs/VanillaPackResources	()Lnet/minecraft/server/packs/repository/Pack$ResourcesSupplier;	asResourcesSupplier	method_1_6805
METHOD	net/minecraft/server/packs/VanillaPackResources	()Lnet/minecraft/server/packs/PackResources;	fullResources	method_1_6806
METHOD	net/minecraft/server/packs/VanillaPackResources	(Lnet/minecraft/resources/Identifier;)Ljava/util/Optional;	lambda$asProvider$0	method_1_6807
METHOD	net/minecraft/server/packs/VanillaPackResources	(Lnet/minecraft/server/packs/resources/IoSupplier;)Lnet/minecraft/server/packs/resources/Resource;	lambda$asProvider$1	method_1_6808
METHOD	net/minecraft/server/packs/VanillaPackResources	(Lnet/minecraft/server/packs/PackType;Lnet/minecraft/resources/Identifier;Ljava/util/function/Consumer;)V	listRawPaths	method_1_6809
FIELD	net/minecraft/server/packs/VanillaPackResources$1	Lnet/minecraft/server/packs/VanillaPackResources;	this$0	field_1_7478
FIELD	net/minecraft/world/entity/animal/allay/AllayAi	I	ITEM_PICKUP_COOLDOWN_DURATION	field_1_7479
FIELD	net/minecraft/world/entity/animal/allay/AllayAi	Lnet/minecraft/world/phys/Vec3;	THROW_VELOCITY	field_1_7480
METHOD	net/minecraft/world/entity/animal/allay/AllayAi	(Lnet/minecraft/world/entity/animal/allay/Allay;)Z	hasItemToThrow	method_1_6810
METHOD	net/minecraft/world/entity/decoration/ItemFrame	()Lnet/minecraft/world/item/ItemStack;	getFrameItemStackWithData	method_1_6811
FIELD	net/minecraft/world/item/trading/VillagerTrades	Lnet/minecraft/resources/ResourceKey;	WANDERING_TRADER_EMERALD_POPLAR_SAPLING	field_1_7481
FIELD	net/minecraft/world/item/trading/VillagerTrades	Lnet/minecraft/resources/ResourceKey;	WANDERING_TRADER_EMERALD_SHELF_MUSHROOM	field_1_7482
METHOD	net/minecraft/world/level/levelgen/SurfaceRules	(Lnet/minecraft/core/HolderGetter;Lnet/minecraft/resources/ResourceKey;)Lnet/minecraft/world/level/levelgen/SurfaceRules$ConditionSource;	getCondition	method_1_6812
METHOD	net/minecraft/world/level/levelgen/SurfaceRules	(Lnet/minecraft/core/HolderGetter;Lnet/minecraft/resources/ResourceKey;)Lnet/minecraft/world/level/levelgen/SurfaceRules$RuleSource;	getRule	method_1_6813
METHOD	net/minecraft/world/level/levelgen/SurfaceRules	(Lnet/minecraft/data/worldgen/BootstrapContext;Lnet/minecraft/resources/ResourceKey;Lnet/minecraft/world/level/levelgen/SurfaceRules$ConditionSource;)Lnet/minecraft/world/level/levelgen/SurfaceRules$ConditionSource;	registerAndWrap	method_1_6814
METHOD	net/minecraft/world/level/levelgen/SurfaceRules	(Lnet/minecraft/data/worldgen/BootstrapContext;Lnet/minecraft/resources/ResourceKey;Lnet/minecraft/world/level/levelgen/SurfaceRules$RuleSource;)Lnet/minecraft/world/level/levelgen/SurfaceRules$RuleSource;	registerAndWrap	method_1_6815
FIELD	net/minecraft/world/level/levelgen/SurfaceRules$ConditionSource	Lcom/mojang/serialization/Codec;	CODEC	field_1_7483
METHOD	net/minecraft/world/level/levelgen/SurfaceRules$ConditionSource	(Lnet/minecraft/core/Holder;)Lnet/minecraft/world/level/levelgen/SurfaceRules$ConditionSource;	lambda$static$0	method_1_6816
METHOD	net/minecraft/world/level/levelgen/SurfaceRules$ConditionSource	(Lnet/minecraft/world/level/levelgen/SurfaceRules$ConditionSource;)Lnet/minecraft/core/Holder;	lambda$static$1	method_1_6817
CLASS	net/minecraft/world/level/levelgen/SurfaceRules$HolderConditionSource	class_1_1066
FIELD	net/minecraft/world/level/levelgen/SurfaceRules$HolderConditionSource	Lnet/minecraft/core/Holder;	holder	comp_1_923
METHOD	net/minecraft/world/level/levelgen/SurfaceRules$HolderConditionSource	(Lnet/minecraft/world/level/levelgen/SurfaceRules$Context;)Lnet/minecraft/world/level/levelgen/SurfaceRules$Condition;	apply	method_1_6818
CLASS	net/minecraft/world/level/levelgen/SurfaceRules$HolderRuleSource	class_1_1067
FIELD	net/minecraft/world/level/levelgen/SurfaceRules$HolderRuleSource	Lnet/minecraft/core/Holder;	holder	comp_1_924
METHOD	net/minecraft/world/level/levelgen/SurfaceRules$HolderRuleSource	(Lnet/minecraft/world/level/levelgen/SurfaceRules$Context;)Lnet/minecraft/world/level/levelgen/SurfaceRules$SurfaceRule;	apply	method_1_6819
FIELD	net/minecraft/world/level/levelgen/SurfaceRules$RuleSource	Lcom/mojang/serialization/Codec;	CODEC	field_1_7484
FIELD	net/minecraft/world/level/levelgen/SurfaceRules$RuleSource	Lcom/mojang/serialization/Codec;	HOLDER_CODEC	field_1_7485
METHOD	net/minecraft/world/level/levelgen/SurfaceRules$RuleSource	(Lnet/minecraft/core/Holder;)Lnet/minecraft/world/level/levelgen/SurfaceRules$RuleSource;	lambda$static$0	method_1_6820
METHOD	net/minecraft/world/level/levelgen/SurfaceRules$RuleSource	(Lnet/minecraft/world/level/levelgen/SurfaceRules$RuleSource;)Lnet/minecraft/core/Holder;	lambda$static$1	method_1_6821
FIELD	com/mojang/blaze3d/vulkan/init/VulkanPNextStruct	I	OFFSET_PNEXT	field_1_7486
FIELD	com/mojang/blaze3d/vulkan/init/VulkanPNextStruct	I	OFFSET_STYPE	field_1_7487
FIELD	com/mojang/blaze3d/vulkan/init/VulkanPNextStruct	Ljava/lang/Class;	pNextStructClass	comp_1_925
METHOD	com/mojang/blaze3d/vulkan/init/VulkanPNextStruct	(Ljava/lang/String;)J	fieldOffset	method_1_6822
METHOD	com/mojang/blaze3d/vulkan/init/VulkanPNextStruct	(J)J	pNext	method_1_6823
METHOD	com/mojang/blaze3d/vulkan/init/VulkanPNextStruct	(JJ)V	pNext	method_1_6824
METHOD	com/mojang/blaze3d/vulkan/init/VulkanPNextStruct	(J)I	sType	method_1_6825
METHOD	com/mojang/blaze3d/vulkan/init/VulkanPNextStruct	(JI)V	sType	method_1_6826
METHOD	net/minecraft/data/worldgen/BiomeDefaultFeatures	(Lnet/minecraft/world/level/biome/BiomeGenerationSettings$Builder;)V	addDappledForestVegetation	method_1_6827
FIELD	net/minecraft/data/worldgen/features/EndFeatures	Lnet/minecraft/resources/ResourceKey;	END_PODIUM_ACTIVE	field_1_7488
FIELD	net/minecraft/data/worldgen/features/EndFeatures	Lnet/minecraft/resources/ResourceKey;	END_PODIUM_INACTIVE	field_1_7489
CLASS	net/minecraft/server/packs/PackMetadataResources	class_1_1068
METHOD	net/minecraft/data/worldgen/biome/OverworldBiomes	(Lnet/minecraft/core/HolderGetter;Lnet/minecraft/core/HolderGetter;)Lnet/minecraft/world/level/biome/Biome;	dappledForest	method_1_6828
FIELD	net/minecraft/data/worldgen/features/TreeFeatures	Lnet/minecraft/resources/ResourceKey;	FALLEN_POPLAR_TREE	field_1_7490
FIELD	net/minecraft/data/worldgen/features/TreeFeatures	Lnet/minecraft/resources/ResourceKey;	ORANGE_POPLAR	field_1_7491
FIELD	net/minecraft/data/worldgen/features/TreeFeatures	Lnet/minecraft/resources/ResourceKey;	ORANGE_POPLAR_LEAF_LITTER	field_1_7492
FIELD	net/minecraft/data/worldgen/features/TreeFeatures	Lnet/minecraft/resources/ResourceKey;	RED_POPLAR	field_1_7493
FIELD	net/minecraft/data/worldgen/features/TreeFeatures	Lnet/minecraft/resources/ResourceKey;	RED_POPLAR_LEAF_LITTER	field_1_7494
FIELD	net/minecraft/data/worldgen/features/TreeFeatures	Lnet/minecraft/resources/ResourceKey;	YELLOW_POPLAR	field_1_7495
FIELD	net/minecraft/data/worldgen/features/TreeFeatures	Lnet/minecraft/resources/ResourceKey;	YELLOW_POPLAR_LEAF_LITTER	field_1_7496
METHOD	net/minecraft/data/worldgen/features/TreeFeatures	()Lnet/minecraft/world/level/levelgen/feature/FallenTreeFeature$Builder;	createFallenPoplar	method_1_6829
METHOD	net/minecraft/data/worldgen/features/TreeFeatures	(Lnet/minecraft/world/level/block/Block;Lnet/minecraft/world/level/levelgen/feature/stateproviders/BlockStateProvider;)Lnet/minecraft/world/level/levelgen/feature/TreeFeature$Builder;	createPoplar	method_1_6830
CLASS	net/minecraft/data/worldgen/material/package-info	class_1_1069
METHOD	net/minecraft/network/protocol/game/VecDeltaCodec	(D)D	encodingPrecisionLoss	method_1_6831
FIELD	net/minecraft/server/commands/AdvancementCommands$Action	Lnet/minecraft/server/commands/CommandResponseTracker$DispatchWithArgs;	criterionError	field_1_7497
FIELD	net/minecraft/server/commands/AdvancementCommands$Action	Lnet/minecraft/server/commands/CommandResponseTracker$MessagesWithArgs;	criterionSuccessResponse	field_1_7498
FIELD	net/minecraft/server/commands/AdvancementCommands$Action	Lnet/minecraft/server/commands/CommandResponseTracker$DispatchWithArg;	multipleAdvancementsError	field_1_7499
FIELD	net/minecraft/server/commands/AdvancementCommands$Action	Lnet/minecraft/server/commands/CommandResponseTracker$MessagesWithArg;	multipleAdvancementsSuccessResponse	field_1_7500
FIELD	net/minecraft/server/commands/AdvancementCommands$Action	Lnet/minecraft/server/commands/CommandResponseTracker$MessagesWithArg;	singleAdvancementSuccessResponse	field_1_7501
FIELD	net/minecraft/server/commands/AdvancementCommands$Action	Lnet/minecraft/server/commands/CommandResponseTracker$DispatchWithArg;	singleAdvancementsError	field_1_7502
METHOD	net/minecraft/server/commands/AdvancementCommands$Action	(Ljava/lang/String;Lnet/minecraft/server/level/ServerPlayer;ILnet/minecraft/advancements/AdvancementHolder;)Lnet/minecraft/network/chat/Component;	lambda$new$0	method_1_6832
METHOD	net/minecraft/server/commands/AdvancementCommands$Action	(Ljava/lang/String;IILnet/minecraft/advancements/AdvancementHolder;)Lnet/minecraft/network/chat/Component;	lambda$new$1	method_1_6833
METHOD	net/minecraft/server/commands/AdvancementCommands$Action	(Lcom/mojang/brigadier/exceptions/Dynamic2CommandExceptionType;Lnet/minecraft/server/level/ServerPlayer;ILjava/lang/Integer;)Lcom/mojang/brigadier/exceptions/CommandSyntaxException;	lambda$new$10	method_1_6834
METHOD	net/minecraft/server/commands/AdvancementCommands$Action	(Lcom/mojang/brigadier/exceptions/Dynamic2CommandExceptionType;IILjava/lang/Integer;)Lcom/mojang/brigadier/exceptions/CommandSyntaxException;	lambda$new$11	method_1_6835
METHOD	net/minecraft/server/commands/AdvancementCommands$Action	(Ljava/lang/String;Lnet/minecraft/server/level/ServerPlayer;ILnet/minecraft/advancements/AdvancementHolder;Ljava/lang/String;)Lnet/minecraft/network/chat/Component;	lambda$new$12	method_1_6836
METHOD	net/minecraft/server/commands/AdvancementCommands$Action	(Ljava/lang/String;IILnet/minecraft/advancements/AdvancementHolder;Ljava/lang/String;)Lnet/minecraft/network/chat/Component;	lambda$new$13	method_1_6837
METHOD	net/minecraft/server/commands/AdvancementCommands$Action	(Ljava/lang/String;Ljava/lang/Object;Ljava/lang/Object;Ljava/lang/Object;)Lcom/mojang/brigadier/Message;	lambda$new$14	method_1_6838
METHOD	net/minecraft/server/commands/AdvancementCommands$Action	(Ljava/lang/String;Ljava/lang/Object;Ljava/lang/Object;Ljava/lang/Object;)Lcom/mojang/brigadier/Message;	lambda$new$15	method_1_6839
METHOD	net/minecraft/server/commands/AdvancementCommands$Action	(Lcom/mojang/brigadier/exceptions/Dynamic3CommandExceptionType;Lnet/minecraft/server/level/ServerPlayer;ILnet/minecraft/advancements/AdvancementHolder;Ljava/lang/String;)Lcom/mojang/brigadier/exceptions/CommandSyntaxException;	lambda$new$16	method_1_6840
METHOD	net/minecraft/server/commands/AdvancementCommands$Action	(Lcom/mojang/brigadier/exceptions/Dynamic3CommandExceptionType;IILnet/minecraft/advancements/AdvancementHolder;Ljava/lang/String;)Lcom/mojang/brigadier/exceptions/CommandSyntaxException;	lambda$new$17	method_1_6841
METHOD	net/minecraft/server/commands/AdvancementCommands$Action	(Ljava/lang/String;Ljava/lang/Object;Ljava/lang/Object;)Lcom/mojang/brigadier/Message;	lambda$new$2	method_1_6842
METHOD	net/minecraft/server/commands/AdvancementCommands$Action	(Ljava/lang/String;Ljava/lang/Object;Ljava/lang/Object;)Lcom/mojang/brigadier/Message;	lambda$new$3	method_1_6843
METHOD	net/minecraft/server/commands/AdvancementCommands$Action	(Lcom/mojang/brigadier/exceptions/Dynamic2CommandExceptionType;Lnet/minecraft/server/level/ServerPlayer;ILnet/minecraft/advancements/AdvancementHolder;)Lcom/mojang/brigadier/exceptions/CommandSyntaxException;	lambda$new$4	method_1_6844
METHOD	net/minecraft/server/commands/AdvancementCommands$Action	(Lcom/mojang/brigadier/exceptions/Dynamic2CommandExceptionType;IILnet/minecraft/advancements/AdvancementHolder;)Lcom/mojang/brigadier/exceptions/CommandSyntaxException;	lambda$new$5	method_1_6845
METHOD	net/minecraft/server/commands/AdvancementCommands$Action	(Ljava/lang/String;Lnet/minecraft/server/level/ServerPlayer;ILjava/lang/Integer;)Lnet/minecraft/network/chat/Component;	lambda$new$6	method_1_6846
METHOD	net/minecraft/server/commands/AdvancementCommands$Action	(Ljava/lang/String;IILjava/lang/Integer;)Lnet/minecraft/network/chat/Component;	lambda$new$7	method_1_6847
METHOD	net/minecraft/server/commands/AdvancementCommands$Action	(Ljava/lang/String;Ljava/lang/Object;Ljava/lang/Object;)Lcom/mojang/brigadier/Message;	lambda$new$8	method_1_6848
METHOD	net/minecraft/server/commands/AdvancementCommands$Action	(Ljava/lang/String;Ljava/lang/Object;Ljava/lang/Object;)Lcom/mojang/brigadier/Message;	lambda$new$9	method_1_6849
CLASS	net/minecraft/server/packs/FixedPathPackResources$Builder	class_1_1070
FIELD	net/minecraft/server/packs/FixedPathPackResources$Builder	Lnet/minecraft/server/packs/resources/ResourceMetadata;	metadata	field_1_7503
FIELD	net/minecraft/server/packs/FixedPathPackResources$Builder	Ljava/util/Set;	namespaces	field_1_7504
FIELD	net/minecraft/server/packs/FixedPathPackResources$Builder	Ljava/util/Map;	pathsForType	field_1_7505
FIELD	net/minecraft/server/packs/FixedPathPackResources$Builder	Ljava/util/Set;	rootPaths	field_1_7506
METHOD	net/minecraft/server/packs/FixedPathPackResources$Builder	(Lnet/minecraft/server/packs/PackLocationInfo;)Lnet/minecraft/server/packs/FixedPathPackResources;	build	method_1_6850
METHOD	net/minecraft/server/packs/FixedPathPackResources$Builder	(Ljava/util/Collection;)Ljava/util/List;	copyAndReverse	method_1_6851
METHOD	net/minecraft/server/packs/FixedPathPackResources$Builder	(Ljava/util/Collection;)V	exposeNamespace	method_1_6852
METHOD	net/minecraft/server/packs/FixedPathPackResources$Builder	(Lnet/minecraft/server/packs/PackType;)Ljava/util/List;	lambda$build$0	method_1_6853
METHOD	net/minecraft/server/packs/FixedPathPackResources$Builder	(Lnet/minecraft/server/packs/PackType;)Ljava/util/Set;	lambda$pushPathForType$0	method_1_6854
METHOD	net/minecraft/server/packs/FixedPathPackResources$Builder	(Lnet/minecraft/server/packs/PackType;Ljava/nio/file/Path;)V	pushPathForType	method_1_6855
METHOD	net/minecraft/server/packs/FixedPathPackResources$Builder	(Ljava/nio/file/Path;)V	pushRootPath	method_1_6856
METHOD	net/minecraft/server/packs/FixedPathPackResources$Builder	(Lnet/minecraft/server/packs/resources/ResourceMetadata;)V	setMetadata	method_1_6857
METHOD	net/minecraft/server/packs/FixedPathPackResources$Builder	(Ljava/nio/file/Path;)Z	validateDirPath	method_1_6858
METHOD	net/minecraft/world/item/component/BundleContents	()Lnet/minecraft/world/item/component/BundleContents$Mutable;	asMutable	method_1_6859
METHOD	net/minecraft/world/item/component/BundleContents	(Ljava/util/stream/Stream;)Lnet/minecraft/world/item/component/BundleContents;	copyWithContents	method_1_6860
FIELD	net/minecraft/world/item/component/BundleContents$Mutable	Z	needsFlattening	field_1_7507
METHOD	net/minecraft/world/item/component/BundleContents$Mutable	(Lnet/minecraft/world/item/ItemStack;II)I	findStackIndexWithinRange	method_1_6861
METHOD	net/minecraft/world/item/component/BundleContents$Mutable	(Lnet/minecraft/world/item/ItemStack;)Lorg/apache/commons/lang3/math/Fraction;	getStackedWeight	method_1_6862
METHOD	net/minecraft/world/item/component/BundleContents$Mutable	(Lorg/apache/commons/lang3/math/Fraction;I)Lorg/apache/commons/lang3/math/Fraction;	getStackedWeight	method_1_6863
METHOD	net/minecraft/world/item/component/BundleContents$Mutable	(Lorg/apache/commons/lang3/math/Fraction;Lnet/minecraft/world/item/ItemStack;)Lorg/apache/commons/lang3/math/Fraction;	getWeightWithAddedItems	method_1_6864
METHOD	net/minecraft/world/item/component/BundleContents$Mutable	()V	mergeIdenticalStacks	method_1_6865
CLASS	net/minecraft/world/item/slot/SlotSourceReference	class_1_1071
FIELD	net/minecraft/world/item/slot/SlotSourceReference	Lorg/slf4j/Logger;	LOGGER	field_1_7508
FIELD	net/minecraft/world/item/slot/SlotSourceReference	Lcom/mojang/serialization/MapCodec;	MAP_CODEC	field_1_7509
FIELD	net/minecraft/world/item/slot/SlotSourceReference	Lnet/minecraft/resources/ResourceKey;	name	comp_1_926
METHOD	net/minecraft/world/item/slot/SlotSourceReference	(Lcom/mojang/serialization/codecs/RecordCodecBuilder$Instance;)Lcom/mojang/datafixers/kinds/App;	lambda$static$0	method_1_6866
METHOD	net/minecraft/world/level/block/DecoratedPotBlock	(Ljava/util/function/Consumer;Lnet/minecraft/world/item/ItemStackTemplate;)V	lambda$getDrops$1	method_1_6867
METHOD	net/minecraft/world/level/block/DecoratedPotBlock	(Ljava/util/function/Consumer;Lnet/minecraft/world/item/ItemStackTemplate;)V	lambda$getDrops$2	method_1_6868
METHOD	net/minecraft/world/level/block/DecoratedPotBlock	(Ljava/util/function/Consumer;Lnet/minecraft/world/item/ItemStackTemplate;)V	lambda$getDrops$3	method_1_6869
METHOD	net/minecraft/world/level/block/DecoratedPotBlock	(Ljava/util/function/Consumer;Lnet/minecraft/world/item/ItemStackTemplate;)V	lambda$getDrops$4	method_1_6870
FIELD	net/minecraft/world/level/block/grower/TreeGrower	Lnet/minecraft/world/level/block/grower/TreeGrower;	POPLAR	field_1_7510
FIELD	net/minecraft/world/level/block/grower/TreeGrower	Lnet/minecraft/util/random/WeightedList;	flowerTrees	field_1_7511
FIELD	net/minecraft/world/level/block/grower/TreeGrower	Lnet/minecraft/resources/ResourceKey;	shortestTreeType	field_1_7512
FIELD	net/minecraft/world/level/block/grower/TreeGrower	Lnet/minecraft/util/random/WeightedList;	trees	field_1_7513
METHOD	net/minecraft/world/level/block/grower/TreeGrower	(Lnet/minecraft/server/level/ServerLevel;Lnet/minecraft/core/BlockPos;Lnet/minecraft/world/level/block/state/BlockState;)Z	canGrow	method_1_6871
METHOD	net/minecraft/world/level/block/grower/TreeGrower	(Lnet/minecraft/server/level/ServerLevel;Lnet/minecraft/world/level/block/state/BlockState;Lnet/minecraft/core/BlockPos;)Ljava/util/Optional;	findTwoByTwoSaplingPos	method_1_6872
METHOD	net/minecraft/world/level/block/grower/TreeGrower	(Lnet/minecraft/server/level/ServerLevel;Lnet/minecraft/core/BlockPos;II)Ljava/util/List;	getSurroundingBlockStates	method_1_6873
METHOD	net/minecraft/world/level/block/grower/TreeGrower	(Lnet/minecraft/server/level/ServerLevel;Lnet/minecraft/core/BlockPos;)V	removeSapling	method_1_6874
METHOD	net/minecraft/world/level/block/grower/TreeGrower	(Lnet/minecraft/server/level/ServerLevel;Ljava/util/List;)V	removeSaplings	method_1_6875
METHOD	net/minecraft/world/level/block/grower/TreeGrower	(Lnet/minecraft/server/level/ServerLevel;Ljava/util/List;)V	resetSaplings	method_1_6876
CLASS	net/minecraft/world/level/block/grower/TreeGrower$TwoByTwoSaplingPos	class_1_1072
FIELD	net/minecraft/world/level/block/grower/TreeGrower$TwoByTwoSaplingPos	Ljava/util/List;	groundLevelSurroundingBlocks	comp_1_927
FIELD	net/minecraft/world/level/block/grower/TreeGrower$TwoByTwoSaplingPos	I	offsetX	comp_1_928
FIELD	net/minecraft/world/level/block/grower/TreeGrower$TwoByTwoSaplingPos	I	offsetZ	comp_1_929
METHOD	net/minecraft/world/item/component/TypedEntityData	(Lnet/minecraft/world/level/SpawnData;Lnet/minecraft/core/DefaultedRegistry;)Z	loadInto	method_1_6877
CLASS	net/minecraft/world/level/block/ShelfMushroomBlock	class_1_1073
FIELD	net/minecraft/world/level/block/ShelfMushroomBlock	Lnet/minecraft/world/level/block/state/properties/IntegerProperty;	AGE	field_1_7514
FIELD	net/minecraft/world/level/block/ShelfMushroomBlock	Lcom/mojang/serialization/MapCodec;	CODEC	field_1_7515
FIELD	net/minecraft/world/level/block/ShelfMushroomBlock	I	MAX_AGE	field_1_7516
FIELD	net/minecraft/world/level/block/ShelfMushroomBlock	Ljava/util/List;	SHAPES	field_1_7517
METHOD	net/minecraft/world/level/block/ShelfMushroomBlock	(I)Ljava/util/Map;	lambda$static$0	method_1_6878
FIELD	net/minecraft/world/level/levelgen/feature/Feature	Lcom/mojang/serialization/Codec;	CODEC	field_1_7518
FIELD	net/minecraft/world/level/levelgen/feature/Feature	Lcom/mojang/serialization/Codec;	DIRECT_CODEC	field_1_7519
FIELD	net/minecraft/world/level/levelgen/feature/Feature	Lcom/mojang/serialization/Codec;	LIST_CODEC	field_1_7520
METHOD	net/minecraft/world/level/levelgen/feature/Feature	()Lcom/mojang/serialization/MapCodec;	codec	method_1_6879
METHOD	net/minecraft/world/level/levelgen/feature/Feature	()Ljava/util/stream/Stream;	getSubFeatures	method_1_6880
METHOD	net/minecraft/world/level/levelgen/feature/Feature	(Lcom/mojang/serialization/MapCodec;)Lcom/mojang/serialization/MapCodec;	lambda$static$0	method_1_6881
METHOD	net/minecraft/world/level/storage/loot/LootContext	(Lnet/minecraft/world/item/slot/SlotSource;)Lnet/minecraft/world/level/storage/loot/LootContext$VisitedEntry;	createVisitedEntry	method_1_6882
FIELD	com/mojang/blaze3d/systems/BackendCreationException$Reason	Lcom/mojang/blaze3d/systems/BackendCreationException$Reason;	VULKAN_KNOWN_PROBLEMATIC	field_1_7521
FIELD	net/minecraft/client/gui/screens/friends/FriendsTab	Lnet/minecraft/client/gui/layouts/FrameLayout;	contentFrame	field_1_7522
FIELD	net/minecraft/client/gui/screens/friends/PendingTab	Lnet/minecraft/client/gui/layouts/FrameLayout;	contentFrame	field_1_7523
CLASS	net/minecraft/client/particle/FallingLeavesParticle	class_1_1074
CLASS	net/minecraft/client/particle/FallingLeavesParticle$PoplarProvider	class_1_1075
FIELD	net/minecraft/client/particle/FallingLeavesParticle$PoplarProvider	Lnet/minecraft/client/particle/SpriteSet;	sprites	field_1_7524
METHOD	net/minecraft/client/particle/FallingLeavesParticle$PoplarProvider	(Lnet/minecraft/core/particles/SimpleParticleType;Lnet/minecraft/client/multiplayer/ClientLevel;DDDDDDLnet/minecraft/util/RandomSource;)Lnet/minecraft/client/particle/Particle;	createParticle	method_1_6883
CLASS	net/minecraft/client/resources/palette/package-info	class_1_1076
CLASS	net/minecraft/commands/arguments/SlotSourceArgument	class_1_1077
FIELD	net/minecraft/commands/arguments/SlotSourceArgument	Ljava/util/Collection;	EXAMPLES	field_1_7525
FIELD	net/minecraft/commands/arguments/SlotSourceArgument	Lcom/mojang/brigadier/arguments/ArgumentType;	holderArgument	field_1_7526
METHOD	net/minecraft/commands/arguments/SlotSourceArgument	(Lcom/mojang/brigadier/context/CommandContext;Ljava/lang/String;)Lnet/minecraft/commands/arguments/SlotSourceArgument$Result;	getSlotSource	method_1_6884
METHOD	net/minecraft/commands/arguments/SlotSourceArgument	(Lcom/mojang/brigadier/StringReader;)Lnet/minecraft/commands/arguments/SlotSourceArgument$Result;	parse	method_1_6885
METHOD	net/minecraft/commands/arguments/SlotSourceArgument	(Lnet/minecraft/commands/CommandBuildContext;)Lnet/minecraft/commands/arguments/SlotSourceArgument;	slotSource	method_1_6886
CLASS	net/minecraft/commands/arguments/SlotSourceArgument$HolderResult	class_1_1078
FIELD	net/minecraft/commands/arguments/SlotSourceArgument$HolderResult	Lnet/minecraft/core/Holder;	holder	comp_1_930
CLASS	net/minecraft/commands/arguments/SlotSourceArgument$LiteralResult	class_1_1079
FIELD	net/minecraft/commands/arguments/SlotSourceArgument$LiteralResult	Lnet/minecraft/world/inventory/SlotRange;	slotRange	comp_1_931
CLASS	net/minecraft/commands/arguments/SlotSourceArgument$Result	class_1_1080
METHOD	net/minecraft/commands/arguments/SlotSourceArgument$Result	()Ljava/util/Optional;	name	method_1_6887
METHOD	net/minecraft/commands/arguments/SlotSourceArgument$Result	()Lnet/minecraft/world/item/slot/SlotSource;	value	method_1_6888
CLASS	net/minecraft/world/level/block/state/SolidDebugger	class_1_1081
FIELD	net/minecraft/world/level/block/state/SolidDebugger	Lorg/slf4j/Logger;	LOGGER	field_1_7527
FIELD	net/minecraft/world/level/block/state/SolidDebugger	Ljava/lang/ScopedValue;	STATUS	field_1_7528
FIELD	net/minecraft/world/level/block/state/SolidDebugger	Ljava/util/Map;	reasonByBlock	field_1_7529
METHOD	net/minecraft/world/level/block/state/SolidDebugger	()V	dump	method_1_6889
METHOD	net/minecraft/world/level/block/state/SolidDebugger	(Lnet/minecraft/world/level/block/state/SolidDebugger$Reason;Ljava/util/List;)V	lambda$dump$0	method_1_6890
METHOD	net/minecraft/world/level/block/state/SolidDebugger	(Lnet/minecraft/core/Holder;)Ljava/lang/String;	lambda$dump$1	method_1_6891
METHOD	net/minecraft/world/level/block/state/SolidDebugger	(Lnet/minecraft/core/Holder;Lnet/minecraft/world/level/block/state/SolidDebugger$Reason;)Z	logAndGet	method_1_6892
METHOD	net/minecraft/world/level/block/state/SolidDebugger	(Ljava/lang/Runnable;)V	runAndDump	method_1_6893
CLASS	net/minecraft/world/level/block/state/SolidDebugger$Reason	class_1_1082
FIELD	net/minecraft/world/level/block/state/SolidDebugger$Reason	[Lnet/minecraft/world/level/block/state/SolidDebugger$Reason;	$VALUES	field_1_7530
FIELD	net/minecraft/world/level/block/state/SolidDebugger$Reason	Lnet/minecraft/world/level/block/state/SolidDebugger$Reason;	EMPTY_COLLISION_SHAPE	field_1_7531
FIELD	net/minecraft/world/level/block/state/SolidDebugger$Reason	Lnet/minecraft/world/level/block/state/SolidDebugger$Reason;	FALLTHROUGH	field_1_7532
FIELD	net/minecraft/world/level/block/state/SolidDebugger$Reason	Lnet/minecraft/world/level/block/state/SolidDebugger$Reason;	FORCE_SOLID_OFF	field_1_7533
FIELD	net/minecraft/world/level/block/state/SolidDebugger$Reason	Lnet/minecraft/world/level/block/state/SolidDebugger$Reason;	FORCE_SOLID_ON	field_1_7534
FIELD	net/minecraft/world/level/block/state/SolidDebugger$Reason	Lnet/minecraft/world/level/block/state/SolidDebugger$Reason;	HIGH_ENOUGH_COLLISION_SHAPE	field_1_7535
FIELD	net/minecraft/world/level/block/state/SolidDebugger$Reason	Lnet/minecraft/world/level/block/state/SolidDebugger$Reason;	LARGE_ENOUGH_COLLISION_SHAPE	field_1_7536
FIELD	net/minecraft/world/level/block/state/SolidDebugger$Reason	Lnet/minecraft/world/level/block/state/SolidDebugger$Reason;	NULL_CACHE	field_1_7537
FIELD	net/minecraft/world/level/block/state/SolidDebugger$Reason	Z	causesSolid	field_1_7538
FIELD	net/minecraft/world/level/block/state/SolidDebugger$Reason	Ljava/lang/String;	message	field_1_7539
METHOD	net/minecraft/world/level/block/state/SolidDebugger$Reason	()[Lnet/minecraft/world/level/block/state/SolidDebugger$Reason;	$values	method_1_6894
FIELD	net/minecraft/world/level/storage/loot/LootDataType	Lnet/minecraft/world/level/storage/loot/LootDataType;	SLOT_SOURCE	field_1_7540
METHOD	net/minecraft/client/data/models/ItemModelGenerators	(Lnet/minecraft/world/item/Item;Lnet/minecraft/world/item/Item;Lnet/minecraft/world/item/Item;Lnet/minecraft/world/item/Item;ZLjava/util/Map;)V	generateTrimmableArmorSet	method_1_6895
FIELD	net/minecraft/client/data/models/model/TexturedModel	Lnet/minecraft/client/data/models/model/TexturedModel$Provider;	CUBE_BOTTOM_TOP_INDENTED	field_1_7541
FIELD	net/minecraft/client/multiplayer/MultiPlayerGameMode	I	DEFAULT_DESTROY_COOLDOWN_TICKS	field_1_7542
METHOD	net/minecraft/client/renderer/entity/EntityRenderers	(Lnet/minecraft/client/renderer/entity/EntityRendererProvider$Context;)Lnet/minecraft/client/renderer/entity/EntityRenderer;	lambda$static$32	method_1_6896
METHOD	net/minecraft/client/renderer/entity/EntityRenderers	(Lnet/minecraft/client/renderer/entity/EntityRendererProvider$Context;)Lnet/minecraft/client/renderer/entity/EntityRenderer;	lambda$static$33	method_1_6897
FIELD	net/minecraft/client/renderer/rendertype/RenderTypes	Ljava/util/function/Function;	ARMOR_TRIM	field_1_7543
FIELD	net/minecraft/client/renderer/rendertype/RenderTypes	Ljava/util/function/Function;	ARMOR_TRIM_DECAL	field_1_7544
METHOD	net/minecraft/client/renderer/rendertype/RenderTypes	(Lnet/minecraft/resources/Identifier;Z)Lnet/minecraft/client/renderer/rendertype/RenderType;	armorTrim	method_1_6898
METHOD	net/minecraft/client/renderer/rendertype/RenderTypes	(Lnet/minecraft/resources/Identifier;)Lnet/minecraft/client/renderer/rendertype/RenderType;	lambda$static$2	method_1_6899
METHOD	net/minecraft/client/renderer/rendertype/RenderTypes	(Lnet/minecraft/resources/Identifier;)Lnet/minecraft/client/renderer/rendertype/RenderType;	lambda$static$3	method_1_6900
METHOD	net/minecraft/client/resources/model/sprite/Material	(Ljava/lang/String;)Lnet/minecraft/client/resources/model/sprite/Material;	withSuffix	method_1_6901
FIELD	net/minecraft/data/worldgen/placement/TreePlacements	Lnet/minecraft/resources/ResourceKey;	FALLEN_POPLAR_TREE	field_1_7545
FIELD	net/minecraft/data/worldgen/placement/TreePlacements	Lnet/minecraft/resources/ResourceKey;	ORANGE_POPLAR_LEAF_LITTER	field_1_7546
FIELD	net/minecraft/data/worldgen/placement/TreePlacements	Lnet/minecraft/resources/ResourceKey;	RED_POPLAR_LEAF_LITTER	field_1_7547
FIELD	net/minecraft/data/worldgen/placement/TreePlacements	Lnet/minecraft/resources/ResourceKey;	YELLOW_POPLAR_LEAF_LITTER	field_1_7548
FIELD	net/minecraft/server/commands/ClearInventoryCommands	Lnet/minecraft/server/commands/CommandResponseTracker$Dispatch;	ERROR_DISPATCH	field_1_7549
FIELD	net/minecraft/server/commands/ClearInventoryCommands	Lnet/minecraft/server/commands/CommandResponseTracker$Messages;	RESPONSE_CLEAR	field_1_7550
FIELD	net/minecraft/server/commands/ClearInventoryCommands	Lnet/minecraft/server/commands/CommandResponseTracker$Messages;	RESPONSE_TEST	field_1_7551
METHOD	net/minecraft/server/commands/ClearInventoryCommands	(Lnet/minecraft/server/level/ServerPlayer;I)Lnet/minecraft/network/chat/Component;	lambda$static$2	method_1_6902
METHOD	net/minecraft/server/commands/ClearInventoryCommands	(II)Lnet/minecraft/network/chat/Component;	lambda$static$3	method_1_6903
METHOD	net/minecraft/server/commands/ClearInventoryCommands	(Lnet/minecraft/server/level/ServerPlayer;I)Lnet/minecraft/network/chat/Component;	lambda$static$4	method_1_6904
METHOD	net/minecraft/server/commands/ClearInventoryCommands	(II)Lnet/minecraft/network/chat/Component;	lambda$static$5	method_1_6905
METHOD	net/minecraft/server/commands/ClearInventoryCommands	(Lnet/minecraft/server/level/ServerPlayer;I)Lcom/mojang/brigadier/exceptions/CommandSyntaxException;	lambda$static$6	method_1_6906
METHOD	net/minecraft/server/commands/ClearInventoryCommands	(II)Lcom/mojang/brigadier/exceptions/CommandSyntaxException;	lambda$static$7	method_1_6907
CLASS	net/minecraft/server/commands/CommandResponseTracker	class_1_1083
FIELD	net/minecraft/server/commands/CommandResponseTracker	I	elementCount	field_1_7552
FIELD	net/minecraft/server/commands/CommandResponseTracker	I	nonZeroElementCount	field_1_7553
FIELD	net/minecraft/server/commands/CommandResponseTracker	Ljava/lang/Object;	onlyElement	field_1_7554
FIELD	net/minecraft/server/commands/CommandResponseTracker	Ljava/lang/Object;	onlyNonZeroElement	field_1_7555
FIELD	net/minecraft/server/commands/CommandResponseTracker	I	totalValue	field_1_7556
METHOD	net/minecraft/server/commands/CommandResponseTracker	()Lnet/minecraft/server/commands/CommandResponseTracker;	create	method_1_6908
METHOD	net/minecraft/server/commands/CommandResponseTracker	(Lnet/minecraft/server/commands/CommandResponseTracker$ElementType;Lnet/minecraft/server/commands/CommandResponseTracker$Dispatch;)Ljava/lang/Object;	dispatch	method_1_6909
METHOD	net/minecraft/server/commands/CommandResponseTracker	(Lnet/minecraft/server/commands/CommandResponseTracker$ElementType;Lnet/minecraft/server/commands/CommandResponseTracker$DispatchWithArg;Ljava/lang/Object;)Ljava/lang/Object;	dispatch	method_1_6910
METHOD	net/minecraft/server/commands/CommandResponseTracker	(Lnet/minecraft/server/commands/CommandResponseTracker$ElementType;Lnet/minecraft/server/commands/CommandResponseTracker$DispatchWithArgs;Ljava/lang/Object;Ljava/lang/Object;)Ljava/lang/Object;	dispatch	method_1_6911
METHOD	net/minecraft/server/commands/CommandResponseTracker	(Lnet/minecraft/server/commands/CommandResponseTracker$ElementType;)I	elementCount	method_1_6912
METHOD	net/minecraft/server/commands/CommandResponseTracker	(Lnet/minecraft/server/commands/CommandResponseTracker$ElementType;)Ljava/lang/Object;	firstElement	method_1_6913
METHOD	net/minecraft/server/commands/CommandResponseTracker	(Lcom/mojang/brigadier/exceptions/SimpleCommandExceptionType;Ljava/lang/Object;)Lcom/mojang/brigadier/exceptions/CommandSyntaxException;	lambda$messages$0	method_1_6914
METHOD	net/minecraft/server/commands/CommandResponseTracker	(Lcom/mojang/brigadier/exceptions/SimpleCommandExceptionType;Ljava/lang/Object;Ljava/lang/Object;)Lcom/mojang/brigadier/exceptions/CommandSyntaxException;	lambda$messages$1	method_1_6915
METHOD	net/minecraft/server/commands/CommandResponseTracker	(Lnet/minecraft/server/commands/CommandResponseTracker$ElementType;Lnet/minecraft/server/commands/CommandResponseTracker$Messages;)Lnet/minecraft/network/chat/Component;	lambda$sendFeedback$0	method_1_6916
METHOD	net/minecraft/server/commands/CommandResponseTracker	(Lnet/minecraft/server/commands/CommandResponseTracker$ElementType;Lnet/minecraft/server/commands/CommandResponseTracker$MessagesWithArg;Ljava/lang/Object;)Lnet/minecraft/network/chat/Component;	lambda$sendFeedback$1	method_1_6917
METHOD	net/minecraft/server/commands/CommandResponseTracker	(Lnet/minecraft/server/commands/CommandResponseTracker$ElementType;Lnet/minecraft/server/commands/CommandResponseTracker$MessagesWithArgs;Ljava/lang/Object;Ljava/lang/Object;)Lnet/minecraft/network/chat/Component;	lambda$sendFeedback$2	method_1_6918
METHOD	net/minecraft/server/commands/CommandResponseTracker	(Lcom/mojang/brigadier/exceptions/SimpleCommandExceptionType;Lnet/minecraft/server/commands/CommandResponseTracker$SingleHandler;Lnet/minecraft/server/commands/CommandResponseTracker$MultipleHandler;)Lnet/minecraft/server/commands/CommandResponseTracker$Messages;	messages	method_1_6919
METHOD	net/minecraft/server/commands/CommandResponseTracker	(Lcom/mojang/brigadier/exceptions/SimpleCommandExceptionType;Lnet/minecraft/server/commands/CommandResponseTracker$SingleHandlerWithArg;Lnet/minecraft/server/commands/CommandResponseTracker$MultipleHandlerWithArg;)Lnet/minecraft/server/commands/CommandResponseTracker$MessagesWithArg;	messages	method_1_6920
METHOD	net/minecraft/server/commands/CommandResponseTracker	(Lcom/mojang/brigadier/exceptions/SimpleCommandExceptionType;Lnet/minecraft/server/commands/CommandResponseTracker$SingleHandlerWithArgs;Lnet/minecraft/server/commands/CommandResponseTracker$MultipleHandlerWithArgs;)Lnet/minecraft/server/commands/CommandResponseTracker$MessagesWithArgs;	messages	method_1_6921
METHOD	net/minecraft/server/commands/CommandResponseTracker	(Lnet/minecraft/server/commands/CommandResponseTracker$ErrorHandler;Lnet/minecraft/server/commands/CommandResponseTracker$SingleHandler;Lnet/minecraft/server/commands/CommandResponseTracker$MultipleHandler;)Lnet/minecraft/server/commands/CommandResponseTracker$Messages;	messages	method_1_6922
METHOD	net/minecraft/server/commands/CommandResponseTracker	(Lnet/minecraft/server/commands/CommandResponseTracker$ErrorHandlerWithArg;Lnet/minecraft/server/commands/CommandResponseTracker$SingleHandlerWithArg;Lnet/minecraft/server/commands/CommandResponseTracker$MultipleHandlerWithArg;)Lnet/minecraft/server/commands/CommandResponseTracker$MessagesWithArg;	messages	method_1_6923
METHOD	net/minecraft/server/commands/CommandResponseTracker	(Lnet/minecraft/server/commands/CommandResponseTracker$ErrorHandlerWithArgs;Lnet/minecraft/server/commands/CommandResponseTracker$SingleHandlerWithArgs;Lnet/minecraft/server/commands/CommandResponseTracker$MultipleHandlerWithArgs;)Lnet/minecraft/server/commands/CommandResponseTracker$MessagesWithArgs;	messages	method_1_6924
METHOD	net/minecraft/server/commands/CommandResponseTracker	(Lnet/minecraft/server/commands/CommandResponseTracker$SingleHandler;Lnet/minecraft/server/commands/CommandResponseTracker$MultipleHandler;)Lnet/minecraft/server/commands/CommandResponseTracker$Messages;	messages	method_1_6925
METHOD	net/minecraft/server/commands/CommandResponseTracker	(Lnet/minecraft/server/commands/CommandResponseTracker$SingleHandlerWithArg;Lnet/minecraft/server/commands/CommandResponseTracker$MultipleHandlerWithArg;)Lnet/minecraft/server/commands/CommandResponseTracker$MessagesWithArg;	messages	method_1_6926
METHOD	net/minecraft/server/commands/CommandResponseTracker	(Lnet/minecraft/server/commands/CommandResponseTracker$SingleHandlerWithArgs;Lnet/minecraft/server/commands/CommandResponseTracker$MultipleHandlerWithArgs;)Lnet/minecraft/server/commands/CommandResponseTracker$MessagesWithArgs;	messages	method_1_6927
METHOD	net/minecraft/server/commands/CommandResponseTracker	(Lnet/minecraft/commands/CommandSourceStack;ZLnet/minecraft/server/commands/CommandResponseTracker$ElementType;Lnet/minecraft/server/commands/CommandResponseTracker$Messages;)I	sendFeedback	method_1_6928
METHOD	net/minecraft/server/commands/CommandResponseTracker	(Lnet/minecraft/commands/CommandSourceStack;ZLnet/minecraft/server/commands/CommandResponseTracker$ElementType;Lnet/minecraft/server/commands/CommandResponseTracker$MessagesWithArg;Ljava/lang/Object;)I	sendFeedback	method_1_6929
METHOD	net/minecraft/server/commands/CommandResponseTracker	(Lnet/minecraft/commands/CommandSourceStack;ZLnet/minecraft/server/commands/CommandResponseTracker$ElementType;Lnet/minecraft/server/commands/CommandResponseTracker$MessagesWithArgs;Ljava/lang/Object;Ljava/lang/Object;)I	sendFeedback	method_1_6930
METHOD	net/minecraft/server/commands/CommandResponseTracker	(Lnet/minecraft/commands/CommandSourceStack;ZLnet/minecraft/server/commands/CommandResponseTracker$Messages;)I	sendFeedback	method_1_6931
METHOD	net/minecraft/server/commands/CommandResponseTracker	(Lnet/minecraft/commands/CommandSourceStack;ZLnet/minecraft/server/commands/CommandResponseTracker$MessagesWithArg;Ljava/lang/Object;)I	sendFeedback	method_1_6932
METHOD	net/minecraft/server/commands/CommandResponseTracker	(Lnet/minecraft/commands/CommandSourceStack;ZLnet/minecraft/server/commands/CommandResponseTracker$MessagesWithArgs;Ljava/lang/Object;Ljava/lang/Object;)I	sendFeedback	method_1_6933
METHOD	net/minecraft/server/commands/CommandResponseTracker	()I	totalValue	method_1_6934
METHOD	net/minecraft/server/commands/CommandResponseTracker	(Ljava/lang/Object;)V	track	method_1_6935
METHOD	net/minecraft/server/commands/CommandResponseTracker	(Ljava/lang/Object;I)V	track	method_1_6936
METHOD	net/minecraft/server/commands/CommandResponseTracker	(Ljava/lang/Object;Z)V	track	method_1_6937
CLASS	net/minecraft/server/commands/CommandResponseTracker$Dispatch	class_1_1084
FIELD	net/minecraft/server/commands/CommandResponseTracker$Dispatch	Lnet/minecraft/server/commands/CommandResponseTracker$MultipleHandler;	onMultiple	comp_1_932
FIELD	net/minecraft/server/commands/CommandResponseTracker$Dispatch	Lnet/minecraft/server/commands/CommandResponseTracker$SingleHandler;	onSingle	comp_1_933
CLASS	net/minecraft/server/commands/CommandResponseTracker$DispatchWithArg	class_1_1085
FIELD	net/minecraft/server/commands/CommandResponseTracker$DispatchWithArg	Lnet/minecraft/server/commands/CommandResponseTracker$MultipleHandlerWithArg;	onMultiple	comp_1_934
FIELD	net/minecraft/server/commands/CommandResponseTracker$DispatchWithArg	Lnet/minecraft/server/commands/CommandResponseTracker$SingleHandlerWithArg;	onSingle	comp_1_935
CLASS	net/minecraft/server/commands/CommandResponseTracker$DispatchWithArgs	class_1_1086
FIELD	net/minecraft/server/commands/CommandResponseTracker$DispatchWithArgs	Lnet/minecraft/server/commands/CommandResponseTracker$MultipleHandlerWithArgs;	onMultiple	comp_1_936
FIELD	net/minecraft/server/commands/CommandResponseTracker$DispatchWithArgs	Lnet/minecraft/server/commands/CommandResponseTracker$SingleHandlerWithArgs;	onSingle	comp_1_937
CLASS	net/minecraft/server/commands/CommandResponseTracker$ElementType	class_1_1087
FIELD	net/minecraft/server/commands/CommandResponseTracker$ElementType	[Lnet/minecraft/server/commands/CommandResponseTracker$ElementType;	$VALUES	field_1_7557
FIELD	net/minecraft/server/commands/CommandResponseTracker$ElementType	Lnet/minecraft/server/commands/CommandResponseTracker$ElementType;	ANY	field_1_7558
FIELD	net/minecraft/server/commands/CommandResponseTracker$ElementType	Lnet/minecraft/server/commands/CommandResponseTracker$ElementType;	NON_ZERO	field_1_7559
METHOD	net/minecraft/server/commands/CommandResponseTracker$ElementType	()[Lnet/minecraft/server/commands/CommandResponseTracker$ElementType;	$values	method_1_6938
CLASS	net/minecraft/server/commands/CommandResponseTracker$ErrorHandler	class_1_1088
METHOD	net/minecraft/server/commands/CommandResponseTracker$ErrorHandler	()Lcom/mojang/brigadier/exceptions/CommandSyntaxException;	get	method_1_6939
CLASS	net/minecraft/server/commands/CommandResponseTracker$ErrorHandlerWithArg	class_1_1089
METHOD	net/minecraft/server/commands/CommandResponseTracker$ErrorHandlerWithArg	(Ljava/lang/Object;)Lcom/mojang/brigadier/exceptions/CommandSyntaxException;	get	method_1_6940
CLASS	net/minecraft/server/commands/CommandResponseTracker$ErrorHandlerWithArgs	class_1_1090
METHOD	net/minecraft/server/commands/CommandResponseTracker$ErrorHandlerWithArgs	(Ljava/lang/Object;Ljava/lang/Object;)Lcom/mojang/brigadier/exceptions/CommandSyntaxException;	get	method_1_6941
CLASS	net/minecraft/server/commands/CommandResponseTracker$Messages	class_1_1091
FIELD	net/minecraft/server/commands/CommandResponseTracker$Messages	Lnet/minecraft/server/commands/CommandResponseTracker$Dispatch;	onSuccess	comp_1_938
FIELD	net/minecraft/server/commands/CommandResponseTracker$Messages	Lnet/minecraft/server/commands/CommandResponseTracker$ErrorHandler;	onZero	comp_1_939
METHOD	net/minecraft/server/commands/CommandResponseTracker$Messages	(I)V	throwIfZero	method_1_6942
CLASS	net/minecraft/server/commands/CommandResponseTracker$MessagesWithArg	class_1_1092
FIELD	net/minecraft/server/commands/CommandResponseTracker$MessagesWithArg	Lnet/minecraft/server/commands/CommandResponseTracker$DispatchWithArg;	onSuccess	comp_1_940
FIELD	net/minecraft/server/commands/CommandResponseTracker$MessagesWithArg	Lnet/minecraft/server/commands/CommandResponseTracker$ErrorHandlerWithArg;	onZero	comp_1_941
METHOD	net/minecraft/server/commands/CommandResponseTracker$MessagesWithArg	(ILjava/lang/Object;)V	throwIfZero	method_1_6943
CLASS	net/minecraft/server/commands/CommandResponseTracker$MessagesWithArgs	class_1_1093
FIELD	net/minecraft/server/commands/CommandResponseTracker$MessagesWithArgs	Lnet/minecraft/server/commands/CommandResponseTracker$DispatchWithArgs;	onSuccess	comp_1_942
FIELD	net/minecraft/server/commands/CommandResponseTracker$MessagesWithArgs	Lnet/minecraft/server/commands/CommandResponseTracker$ErrorHandlerWithArgs;	onZero	comp_1_943
METHOD	net/minecraft/server/commands/CommandResponseTracker$MessagesWithArgs	(ILjava/lang/Object;Ljava/lang/Object;)V	throwIfZero	method_1_6944
CLASS	net/minecraft/server/commands/CommandResponseTracker$MultipleHandler	class_1_1094
METHOD	net/minecraft/server/commands/CommandResponseTracker$MultipleHandler	(II)Ljava/lang/Object;	create	method_1_6945
CLASS	net/minecraft/server/commands/CommandResponseTracker$MultipleHandlerWithArg	class_1_1095
METHOD	net/minecraft/server/commands/CommandResponseTracker$MultipleHandlerWithArg	(IILjava/lang/Object;)Ljava/lang/Object;	create	method_1_6946
CLASS	net/minecraft/server/commands/CommandResponseTracker$MultipleHandlerWithArgs	class_1_1096
METHOD	net/minecraft/server/commands/CommandResponseTracker$MultipleHandlerWithArgs	(IILjava/lang/Object;Ljava/lang/Object;)Ljava/lang/Object;	create	method_1_6947
CLASS	net/minecraft/server/commands/CommandResponseTracker$SingleHandler	class_1_1097
METHOD	net/minecraft/server/commands/CommandResponseTracker$SingleHandler	(Ljava/lang/Object;I)Ljava/lang/Object;	create	method_1_6948
CLASS	net/minecraft/server/commands/CommandResponseTracker$SingleHandlerWithArg	class_1_1098
METHOD	net/minecraft/server/commands/CommandResponseTracker$SingleHandlerWithArg	(Ljava/lang/Object;ILjava/lang/Object;)Ljava/lang/Object;	create	method_1_6949
CLASS	net/minecraft/server/commands/CommandResponseTracker$SingleHandlerWithArgs	class_1_1099
METHOD	net/minecraft/server/commands/CommandResponseTracker$SingleHandlerWithArgs	(Ljava/lang/Object;ILjava/lang/Object;Ljava/lang/Object;)Ljava/lang/Object;	create	method_1_6950
FIELD	net/minecraft/server/commands/data/BlockDataAccessor	Lnet/minecraft/server/commands/ArgProvider$Factory;	PROVIDER	field_1_7560
METHOD	net/minecraft/server/commands/data/BlockDataAccessor	(Ljava/lang/String;)Lnet/minecraft/server/commands/ArgProvider;	lambda$static$0	method_1_6951
METHOD	net/minecraft/server/commands/data/BlockDataAccessor	(Ljava/lang/String;)Lcom/mojang/brigadier/builder/ArgumentBuilder;	lambda$static$1	method_1_6952
METHOD	net/minecraft/server/commands/data/BlockDataAccessor	(Ljava/lang/String;Lcom/mojang/brigadier/context/CommandContext;)Lnet/minecraft/server/commands/data/DataAccessor;	lambda$static$2	method_1_6953
CLASS	net/minecraft/server/commands/item/BlockItemAccessor	class_1_1100
FIELD	net/minecraft/server/commands/item/BlockItemAccessor	Lnet/minecraft/server/commands/ArgProvider$Factory;	PROVIDER	field_1_7561
FIELD	net/minecraft/server/commands/item/BlockItemAccessor	Lnet/minecraft/server/commands/CommandResponseTracker$Messages;	RESPONSE_MODIFY	field_1_7562
FIELD	net/minecraft/server/commands/item/BlockItemAccessor	Lnet/minecraft/server/commands/CommandResponseTracker$Messages;	RESPONSE_SET	field_1_7563
FIELD	net/minecraft/server/commands/item/BlockItemAccessor	Lnet/minecraft/server/commands/CommandResponseTracker$MessagesWithArg;	RESPONSE_SET_KNOWN_ITEM	field_1_7564
FIELD	net/minecraft/server/commands/item/BlockItemAccessor	Lnet/minecraft/core/BlockPos;	pos	comp_1_944
METHOD	net/minecraft/server/commands/item/BlockItemAccessor	(Lnet/minecraft/commands/CommandSourceStack;Lnet/minecraft/world/item/slot/SlotSource;Lcom/mojang/brigadier/exceptions/Dynamic3CommandExceptionType;)Lnet/minecraft/world/item/slot/SlotCollection;	getBlockSlots	method_1_6954
METHOD	net/minecraft/server/commands/item/BlockItemAccessor	(Lnet/minecraft/commands/CommandSourceStack;Lnet/minecraft/core/BlockPos;Lcom/mojang/brigadier/exceptions/Dynamic3CommandExceptionType;)Lnet/minecraft/world/Container;	getContainer	method_1_6955
METHOD	net/minecraft/server/commands/item/BlockItemAccessor	(Ljava/lang/String;)Lnet/minecraft/server/commands/ArgProvider;	lambda$static$0	method_1_6956
METHOD	net/minecraft/server/commands/item/BlockItemAccessor	(Ljava/lang/String;)Lcom/mojang/brigadier/builder/ArgumentBuilder;	lambda$static$1	method_1_6957
METHOD	net/minecraft/server/commands/item/BlockItemAccessor	(Ljava/lang/String;Lcom/mojang/brigadier/context/CommandContext;)Lnet/minecraft/server/commands/item/ItemAccessor;	lambda$static$2	method_1_6958
METHOD	net/minecraft/server/commands/item/BlockItemAccessor	(Lnet/minecraft/core/BlockPos;I)Lnet/minecraft/network/chat/Component;	lambda$static$3	method_1_6959
METHOD	net/minecraft/server/commands/item/BlockItemAccessor	(II)Lnet/minecraft/network/chat/Component;	lambda$static$4	method_1_6960
METHOD	net/minecraft/server/commands/item/BlockItemAccessor	(Lnet/minecraft/core/BlockPos;ILnet/minecraft/world/item/ItemStack;)Lnet/minecraft/network/chat/Component;	lambda$static$5	method_1_6961
METHOD	net/minecraft/server/commands/item/BlockItemAccessor	(IILnet/minecraft/world/item/ItemStack;)Lnet/minecraft/network/chat/Component;	lambda$static$6	method_1_6962
METHOD	net/minecraft/server/commands/item/BlockItemAccessor	(Lnet/minecraft/core/BlockPos;I)Lnet/minecraft/network/chat/Component;	lambda$static$7	method_1_6963
METHOD	net/minecraft/server/commands/item/BlockItemAccessor	(II)Lnet/minecraft/network/chat/Component;	lambda$static$8	method_1_6964
CLASS	net/minecraft/server/packs/resources/ResourceManager$Selector	class_1_1101
METHOD	net/minecraft/server/packs/resources/ResourceManager$Selector	(Lnet/minecraft/resources/Identifier;)Z	isIncluded	method_1_6965
METHOD	net/minecraft/world/entity/vehicle/boat/AbstractBoat	(Z)V	handleBubbleColumnEffect	method_1_6966
METHOD	net/minecraft/world/item/crafting/DecoratedPotRecipe	(Lnet/minecraft/world/item/ItemStack;)Ljava/util/Optional;	convertToOptional	method_1_6967
FIELD	net/minecraft/world/item/equipment/trim/TrimMaterial	Lnet/minecraft/resources/Identifier;	paletteId	comp_1_945
FIELD	net/minecraft/world/level/block/state/BlockBehaviour	F	fallDistanceReduction	field_1_7565
FIELD	net/minecraft/world/level/block/state/BlockBehaviour$Properties	F	fallDistanceReduction	field_1_7566
METHOD	net/minecraft/world/level/block/state/BlockBehaviour$Properties	(F)Lnet/minecraft/world/level/block/state/BlockBehaviour$Properties;	fallDistanceReduction	method_1_6968
METHOD	net/minecraft/client/data/models/BlockModelGenerators	(Lnet/minecraft/world/item/Item;Lnet/minecraft/world/level/block/Block;)Lnet/minecraft/resources/Identifier;	createFlatItemModelWithBlockTexture	method_1_6969
METHOD	net/minecraft/client/data/models/BlockModelGenerators	(Lnet/minecraft/world/level/block/Block;Lnet/minecraft/client/data/models/model/TexturedModel$Provider;)V	createRotatedVariantBlock	method_1_6970
METHOD	net/minecraft/client/data/models/BlockModelGenerators	(Lnet/minecraft/world/level/block/Block;Lnet/minecraft/resources/Identifier;)V	createRotatedVariantBlock	method_1_6971
METHOD	net/minecraft/client/data/models/BlockModelGenerators	()V	createShelfMushroom	method_1_6972
METHOD	net/minecraft/client/data/models/BlockModelGenerators	(Lnet/minecraft/world/item/Item;Lnet/minecraft/client/resources/model/sprite/Material;Lnet/minecraft/client/resources/model/sprite/Material;)Lnet/minecraft/resources/Identifier;	createTwoLayeredItemModel	method_1_6973
METHOD	net/minecraft/client/data/models/BlockModelGenerators	(Lnet/minecraft/client/data/models/model/TextureMapping;)V	lambda$run$7	method_1_6974
METHOD	net/minecraft/client/data/models/BlockModelGenerators$BlockFamilyProvider	(Lnet/minecraft/world/level/block/Block;)Lnet/minecraft/client/data/models/BlockModelGenerators$BlockFamilyProvider;	carpet	method_1_6975
METHOD	net/minecraft/client/data/models/BlockModelGenerators$PlantType	(Lnet/minecraft/client/data/models/BlockModelGenerators;Lnet/minecraft/world/level/block/Block;)Lnet/minecraft/resources/Identifier;	createItemModelUsingBlockTexture	method_1_6976
METHOD	net/minecraft/client/data/models/BlockModelGenerators$PlantType	(Lnet/minecraft/client/data/models/BlockModelGenerators;Lnet/minecraft/world/level/block/Block;)Lnet/minecraft/resources/Identifier;	createItemModelUsingItemTexture	method_1_6977
METHOD	net/minecraft/client/data/models/BlockModelGenerators$PlantType	(Lnet/minecraft/client/data/models/BlockModelGenerators;Lnet/minecraft/world/level/block/Block;Ljava/lang/String;)Lnet/minecraft/resources/Identifier;	createItemModelUsingItemTexture	method_1_6978
FIELD	net/minecraft/client/data/models/model/ModelTemplates	Lnet/minecraft/client/data/models/model/ModelTemplate;	CUBE_BOTTOM_TOP_INDENTED	field_1_7567
CLASS	net/minecraft/client/resources/palette/PaletteMapping	class_1_1102
FIELD	net/minecraft/client/resources/palette/PaletteMapping	Lnet/minecraft/client/resources/palette/PaletteMapping;	NONE	field_1_7568
FIELD	net/minecraft/client/resources/palette/PaletteMapping	Lit/unimi/dsi/fastutil/ints/Int2IntMap;	palette	comp_1_946
METHOD	net/minecraft/client/resources/palette/PaletteMapping	(Lnet/minecraft/client/resources/palette/Palette;Lnet/minecraft/client/resources/palette/Palette;)Lnet/minecraft/client/resources/palette/PaletteMapping;	create	method_1_6979
CLASS	net/minecraft/data/worldgen/material/EndMaterialRules	class_1_1103
FIELD	net/minecraft/data/worldgen/material/EndMaterialRules	Lnet/minecraft/resources/ResourceKey;	END	field_1_7569
METHOD	net/minecraft/data/worldgen/material/EndMaterialRules	(Lnet/minecraft/data/worldgen/BootstrapContext;)V	bootstrap	method_1_6980
METHOD	net/minecraft/data/worldgen/material/EndMaterialRules	(Ljava/lang/String;)Lnet/minecraft/resources/ResourceKey;	createKey	method_1_6981
METHOD	net/minecraft/gametest/framework/GameTestBatchFactory	(Lnet/minecraft/core/Holder$Reference;)Lnet/minecraft/core/Holder;	lambda$divideIntoBatches$0	method_1_6982
METHOD	net/minecraft/gametest/framework/GameTestBatchFactory	(Lnet/minecraft/server/MinecraftServer;Lnet/minecraft/gametest/framework/GameTestBatchFactory$TestDecorator;Ljava/util/Map$Entry;)Ljava/util/stream/Stream;	lambda$divideIntoBatches$1	method_1_6983
FIELD	net/minecraft/server/commands/data/EntityDataAccessor	Lnet/minecraft/server/commands/ArgProvider$Factory;	PROVIDER	field_1_7570
METHOD	net/minecraft/server/commands/data/EntityDataAccessor	(Ljava/lang/String;)Lnet/minecraft/server/commands/ArgProvider;	lambda$static$0	method_1_6984
METHOD	net/minecraft/server/commands/data/EntityDataAccessor	(Ljava/lang/String;)Lcom/mojang/brigadier/builder/ArgumentBuilder;	lambda$static$1	method_1_6985
METHOD	net/minecraft/server/commands/data/EntityDataAccessor	(Ljava/lang/String;Lcom/mojang/brigadier/context/CommandContext;)Lnet/minecraft/server/commands/data/DataAccessor;	lambda$static$2	method_1_6986
CLASS	net/minecraft/server/commands/item/EntityItemAccessor	class_1_1104
FIELD	net/minecraft/server/commands/item/EntityItemAccessor	Lnet/minecraft/server/commands/ArgProvider$Factory;	PROVIDER	field_1_7571
FIELD	net/minecraft/server/commands/item/EntityItemAccessor	Lnet/minecraft/server/commands/CommandResponseTracker$Messages;	RESPONSE_MODIFY	field_1_7572
FIELD	net/minecraft/server/commands/item/EntityItemAccessor	Lnet/minecraft/server/commands/CommandResponseTracker$Messages;	RESPONSE_SET	field_1_7573
FIELD	net/minecraft/server/commands/item/EntityItemAccessor	Lnet/minecraft/server/commands/CommandResponseTracker$MessagesWithArg;	RESPONSE_SET_KNOWN_ITEM	field_1_7574
FIELD	net/minecraft/server/commands/item/EntityItemAccessor	Ljava/util/Collection;	entities	comp_1_947
METHOD	net/minecraft/server/commands/item/EntityItemAccessor	(Ljava/lang/String;)Lnet/minecraft/server/commands/ArgProvider;	lambda$static$0	method_1_6987
METHOD	net/minecraft/server/commands/item/EntityItemAccessor	(Ljava/lang/String;)Lcom/mojang/brigadier/builder/ArgumentBuilder;	lambda$static$1	method_1_6988
METHOD	net/minecraft/server/commands/item/EntityItemAccessor	(Ljava/lang/String;Lcom/mojang/brigadier/context/CommandContext;)Lnet/minecraft/server/commands/item/ItemAccessor;	lambda$static$2	method_1_6989
METHOD	net/minecraft/server/commands/item/EntityItemAccessor	(Lnet/minecraft/world/entity/Entity;I)Lnet/minecraft/network/chat/Component;	lambda$static$3	method_1_6990
METHOD	net/minecraft/server/commands/item/EntityItemAccessor	(II)Lnet/minecraft/network/chat/Component;	lambda$static$4	method_1_6991
METHOD	net/minecraft/server/commands/item/EntityItemAccessor	(Lnet/minecraft/world/entity/Entity;ILnet/minecraft/world/item/ItemStack;)Lnet/minecraft/network/chat/Component;	lambda$static$5	method_1_6992
METHOD	net/minecraft/server/commands/item/EntityItemAccessor	(IILnet/minecraft/world/item/ItemStack;)Lnet/minecraft/network/chat/Component;	lambda$static$6	method_1_6993
METHOD	net/minecraft/server/commands/item/EntityItemAccessor	(Lnet/minecraft/world/entity/Entity;I)Lnet/minecraft/network/chat/Component;	lambda$static$7	method_1_6994
METHOD	net/minecraft/server/commands/item/EntityItemAccessor	(II)Lnet/minecraft/network/chat/Component;	lambda$static$8	method_1_6995
METHOD	net/minecraft/world/item/component/ChargedProjectiles	()Lnet/minecraft/world/item/component/ChargedProjectiles$Mutable;	asMutable	method_1_6996
METHOD	net/minecraft/world/item/component/ChargedProjectiles	(Ljava/util/stream/Stream;)Lnet/minecraft/world/item/component/ChargedProjectiles;	copyWithContents	method_1_6997
METHOD	net/minecraft/world/item/component/ChargedProjectiles	(Lnet/minecraft/world/item/ItemStack;)Z	lambda$copyWithContents$0	method_1_6998
CLASS	net/minecraft/world/item/component/ChargedProjectiles$Mutable	class_1_1105
METHOD	net/minecraft/world/item/component/ChargedProjectiles$Mutable	()Lnet/minecraft/world/item/component/ChargedProjectiles;	toImmutable	method_1_6999
CLASS	net/minecraft/world/item/component/ContainerComponent	class_1_1106
METHOD	net/minecraft/world/item/component/ContainerComponent	()Lnet/minecraft/world/item/component/ContainerComponent$Mutable;	asMutable	method_1_7000
METHOD	net/minecraft/world/item/component/ContainerComponent	(Ljava/util/stream/Stream;)Lnet/minecraft/world/item/component/ContainerComponent;	copyWithContents	method_1_7001
CLASS	net/minecraft/world/item/component/ContainerComponent$Mutable	class_1_1107
METHOD	net/minecraft/world/item/component/ContainerComponent$Mutable	()Ljava/lang/Object;	toImmutable	method_1_7002
CLASS	net/minecraft/world/item/equipment/trim/TrimMaterials$Palette	class_1_1108
FIELD	net/minecraft/world/item/equipment/trim/TrimMaterials$Palette	[Lnet/minecraft/world/item/equipment/trim/TrimMaterials$Palette;	$VALUES	field_1_7575
FIELD	net/minecraft/world/item/equipment/trim/TrimMaterials$Palette	Lnet/minecraft/world/item/equipment/trim/TrimMaterials$Palette;	AMETHYST	field_1_7576
FIELD	net/minecraft/world/item/equipment/trim/TrimMaterials$Palette	Lnet/minecraft/world/item/equipment/trim/TrimMaterials$Palette;	COPPER	field_1_7577
FIELD	net/minecraft/world/item/equipment/trim/TrimMaterials$Palette	Lnet/minecraft/world/item/equipment/trim/TrimMaterials$Palette;	COPPER_DARKER	field_1_7578
FIELD	net/minecraft/world/item/equipment/trim/TrimMaterials$Palette	Lnet/minecraft/world/item/equipment/trim/TrimMaterials$Palette;	DIAMOND	field_1_7579
FIELD	net/minecraft/world/item/equipment/trim/TrimMaterials$Palette	Lnet/minecraft/world/item/equipment/trim/TrimMaterials$Palette;	DIAMOND_DARKER	field_1_7580
FIELD	net/minecraft/world/item/equipment/trim/TrimMaterials$Palette	Lnet/minecraft/world/item/equipment/trim/TrimMaterials$Palette;	EMERALD	field_1_7581
FIELD	net/minecraft/world/item/equipment/trim/TrimMaterials$Palette	Lnet/minecraft/world/item/equipment/trim/TrimMaterials$Palette;	GOLD	field_1_7582
FIELD	net/minecraft/world/item/equipment/trim/TrimMaterials$Palette	Lnet/minecraft/world/item/equipment/trim/TrimMaterials$Palette;	GOLD_DARKER	field_1_7583
FIELD	net/minecraft/world/item/equipment/trim/TrimMaterials$Palette	Lnet/minecraft/world/item/equipment/trim/TrimMaterials$Palette;	IRON	field_1_7584
FIELD	net/minecraft/world/item/equipment/trim/TrimMaterials$Palette	Lnet/minecraft/world/item/equipment/trim/TrimMaterials$Palette;	IRON_DARKER	field_1_7585
FIELD	net/minecraft/world/item/equipment/trim/TrimMaterials$Palette	Lnet/minecraft/world/item/equipment/trim/TrimMaterials$Palette;	LAPIS	field_1_7586
FIELD	net/minecraft/world/item/equipment/trim/TrimMaterials$Palette	Lnet/minecraft/world/item/equipment/trim/TrimMaterials$Palette;	NETHERITE	field_1_7587
FIELD	net/minecraft/world/item/equipment/trim/TrimMaterials$Palette	Lnet/minecraft/world/item/equipment/trim/TrimMaterials$Palette;	NETHERITE_DARKER	field_1_7588
FIELD	net/minecraft/world/item/equipment/trim/TrimMaterials$Palette	Lnet/minecraft/world/item/equipment/trim/TrimMaterials$Palette;	QUARTZ	field_1_7589
FIELD	net/minecraft/world/item/equipment/trim/TrimMaterials$Palette	Lnet/minecraft/world/item/equipment/trim/TrimMaterials$Palette;	REDSTONE	field_1_7590
FIELD	net/minecraft/world/item/equipment/trim/TrimMaterials$Palette	Lnet/minecraft/world/item/equipment/trim/TrimMaterials$Palette;	RESIN	field_1_7591
FIELD	net/minecraft/world/item/equipment/trim/TrimMaterials$Palette	Lnet/minecraft/resources/Identifier;	id	field_1_7592
FIELD	net/minecraft/world/item/equipment/trim/TrimMaterials$Palette	Ljava/lang/String;	suffix	field_1_7593
METHOD	net/minecraft/world/item/equipment/trim/TrimMaterials$Palette	()[Lnet/minecraft/world/item/equipment/trim/TrimMaterials$Palette;	$values	method_1_7003
METHOD	net/minecraft/world/item/equipment/trim/TrimMaterials$Palette	()Lnet/minecraft/resources/Identifier;	id	method_1_7004
METHOD	net/minecraft/world/item/equipment/trim/TrimMaterials$Palette	()Ljava/lang/String;	suffix	method_1_7005
METHOD	net/minecraft/world/level/block/entity/PotDecorations	(Ljava/util/function/Consumer;Lnet/minecraft/world/item/ItemStackTemplate;)V	lambda$addSideDetailsToTooltip$0	method_1_7006
METHOD	net/minecraft/world/level/block/entity/PotDecorations	(Lcom/mojang/serialization/codecs/RecordCodecBuilder$Instance;)Lcom/mojang/datafixers/kinds/App;	lambda$static$0	method_1_7007
FIELD	net/minecraft/world/level/levelgen/feature/OreFeature	Lcom/mojang/serialization/MapCodec;	CODEC	field_1_7594
METHOD	net/minecraft/world/level/storage/loot/LootContextArg	(Lnet/minecraft/util/context/ContextKey;)Lnet/minecraft/util/context/ContextKey;	lambda$of$0	method_1_7008
METHOD	net/minecraft/world/level/storage/loot/LootContextArg	(Lnet/minecraft/util/context/ContextKey;)Lnet/minecraft/world/level/storage/loot/LootContextArg;	of	method_1_7009
METHOD	net/minecraft/world/level/storage/loot/LootContextArg$ArgCodecBuilder	(Ljava/lang/String;Lnet/minecraft/world/level/storage/loot/LootContextArg;)Lnet/minecraft/world/level/storage/loot/LootContextArg$ArgCodecBuilder;	or	method_1_7010
field_21730 is now comp_1_948
FIELD	net/minecraft/client/renderer/SpriteCoordinateExpander	Lnet/minecraft/client/renderer/texture/UvMapping;	mapping	comp_1_949
CLASS	net/minecraft/client/renderer/texture/DynamicAtlasTree	class_1_1109
FIELD	net/minecraft/client/renderer/texture/DynamicAtlasTree	I	height	field_1_7595
FIELD	net/minecraft/client/renderer/texture/DynamicAtlasTree	Lnet/minecraft/client/renderer/texture/DynamicAtlasTree;	left	field_1_7596
FIELD	net/minecraft/client/renderer/texture/DynamicAtlasTree	Z	occupied	field_1_7597
FIELD	net/minecraft/client/renderer/texture/DynamicAtlasTree	Lnet/minecraft/client/renderer/texture/DynamicAtlasTree;	right	field_1_7598
FIELD	net/minecraft/client/renderer/texture/DynamicAtlasTree	I	width	field_1_7599
FIELD	net/minecraft/client/renderer/texture/DynamicAtlasTree	I	x	field_1_7600
FIELD	net/minecraft/client/renderer/texture/DynamicAtlasTree	I	y	field_1_7601
METHOD	net/minecraft/client/renderer/texture/DynamicAtlasTree	(III)Lnet/minecraft/client/renderer/texture/DynamicAtlasTreeSlot;	insert	method_1_7011
METHOD	net/minecraft/client/renderer/texture/DynamicAtlasTree	(III)Lnet/minecraft/client/renderer/texture/DynamicAtlasTree;	insertInner	method_1_7012
FIELD	net/minecraft/server/commands/data/StorageDataAccessor	Lnet/minecraft/server/commands/ArgProvider$Factory;	PROVIDER	field_1_7602
METHOD	net/minecraft/server/commands/data/StorageDataAccessor	(Ljava/lang/String;)Lnet/minecraft/server/commands/ArgProvider;	lambda$static$1	method_1_7013
METHOD	net/minecraft/server/commands/data/StorageDataAccessor	(Ljava/lang/String;)Lcom/mojang/brigadier/builder/ArgumentBuilder;	lambda$static$2	method_1_7014
METHOD	net/minecraft/server/commands/data/StorageDataAccessor	(Ljava/lang/String;Lcom/mojang/brigadier/context/CommandContext;)Lnet/minecraft/server/commands/data/DataAccessor;	lambda$static$3	method_1_7015
METHOD	net/minecraft/server/notifications/NotificationManager	(Ljava/lang/String;Lnet/minecraft/server/notifications/NotificationService;)V	lambda$worldUpgradeFailed$0	method_1_7016
METHOD	net/minecraft/server/notifications/NotificationManager	(Lnet/minecraft/server/notifications/NotificationService;)V	lambda$worldUpgradeFinished$0	method_1_7017
METHOD	net/minecraft/server/notifications/NotificationManager	(FLnet/minecraft/server/notifications/NotificationService;)V	lambda$worldUpgradeProgress$0	method_1_7018
METHOD	net/minecraft/server/notifications/NotificationManager	(Lnet/minecraft/server/notifications/NotificationService;)V	lambda$worldUpgradeStarted$0	method_1_7019
METHOD	net/minecraft/server/notifications/NotificationService	(Ljava/lang/String;)V	worldUpgradeFailed	method_1_7020
METHOD	net/minecraft/server/notifications/NotificationService	()V	worldUpgradeFinished	method_1_7021
METHOD	net/minecraft/server/notifications/NotificationService	(F)V	worldUpgradeProgress	method_1_7022
METHOD	net/minecraft/server/notifications/NotificationService	()V	worldUpgradeStarted	method_1_7023
FIELD	net/minecraft/server/packs/VanillaPackResourcesBuilder	Lnet/minecraft/server/packs/FixedPathPackResources$Builder;	fullBuilder	field_1_7603
FIELD	net/minecraft/server/packs/VanillaPackResourcesBuilder	Ljava/util/List;	layeredBuilders	field_1_7604
METHOD	net/minecraft/server/packs/VanillaPackResourcesBuilder	(Ljava/util/function/Consumer;)V	forAllLayers	method_1_7024
METHOD	net/minecraft/server/packs/VanillaPackResourcesBuilder	(Ljava/util/function/Consumer;)V	forLastLayer	method_1_7025
METHOD	net/minecraft/server/packs/VanillaPackResourcesBuilder	(Lnet/minecraft/server/packs/PackLocationInfo;Lnet/minecraft/server/packs/FixedPathPackResources$Builder;)Lnet/minecraft/server/packs/FixedPathPackResources;	lambda$build$0	method_1_7026
METHOD	net/minecraft/server/packs/VanillaPackResourcesBuilder	(Ljava/util/List;Lnet/minecraft/server/packs/FixedPathPackResources$Builder;)V	lambda$exposeNamespace$0	method_1_7027
METHOD	net/minecraft/server/packs/VanillaPackResourcesBuilder	(Lnet/minecraft/server/packs/PackType;Ljava/nio/file/Path;Lnet/minecraft/server/packs/FixedPathPackResources$Builder;)V	lambda$pushPathForType$0	method_1_7028
METHOD	net/minecraft/server/packs/VanillaPackResourcesBuilder	(Ljava/nio/file/Path;Lnet/minecraft/server/packs/FixedPathPackResources$Builder;)V	lambda$pushRootPath$0	method_1_7029
METHOD	net/minecraft/server/packs/VanillaPackResourcesBuilder	(Lnet/minecraft/server/packs/resources/ResourceMetadata;Lnet/minecraft/server/packs/FixedPathPackResources$Builder;)V	lambda$setMetadata$0	method_1_7030
METHOD	net/minecraft/server/packs/VanillaPackResourcesBuilder	()Lnet/minecraft/server/packs/VanillaPackResourcesBuilder;	pushLayer	method_1_7031
FIELD	net/minecraft/world/level/levelgen/feature/DiskFeature	Lcom/mojang/serialization/MapCodec;	CODEC	field_1_7605
FIELD	net/minecraft/world/level/levelgen/feature/DiskFeature	I	halfHeight	comp_1_950
FIELD	net/minecraft/world/level/levelgen/feature/DiskFeature	Lnet/minecraft/util/valueproviders/IntProvider;	radius	comp_1_951
FIELD	net/minecraft/world/level/levelgen/feature/DiskFeature	Lnet/minecraft/world/level/levelgen/feature/stateproviders/BlockStateProvider;	stateProvider	comp_1_952
FIELD	net/minecraft/world/level/levelgen/feature/DiskFeature	Lnet/minecraft/world/level/levelgen/blockpredicates/BlockPredicate;	target	comp_1_953
METHOD	net/minecraft/world/level/levelgen/feature/DiskFeature	(Lcom/mojang/serialization/codecs/RecordCodecBuilder$Instance;)Lcom/mojang/datafixers/kinds/App;	lambda$static$0	method_1_7032
FIELD	net/minecraft/world/level/levelgen/feature/KelpFeature	Lcom/mojang/serialization/MapCodec;	CODEC	field_1_7606
FIELD	net/minecraft/world/level/levelgen/feature/KelpFeature	Lnet/minecraft/world/level/levelgen/feature/KelpFeature;	INSTANCE	field_1_7607
FIELD	net/minecraft/world/level/levelgen/feature/LakeFeature	Lcom/mojang/serialization/MapCodec;	CODEC	field_1_7608
FIELD	net/minecraft/world/level/levelgen/feature/LakeFeature	Lnet/minecraft/world/level/levelgen/feature/stateproviders/BlockStateProvider;	barrier	comp_1_954
FIELD	net/minecraft/world/level/levelgen/feature/LakeFeature	Lnet/minecraft/world/level/levelgen/blockpredicates/BlockPredicate;	canPlaceFeature	comp_1_955
FIELD	net/minecraft/world/level/levelgen/feature/LakeFeature	Lnet/minecraft/world/level/levelgen/blockpredicates/BlockPredicate;	canReplaceWithAirOrFluid	comp_1_956
FIELD	net/minecraft/world/level/levelgen/feature/LakeFeature	Lnet/minecraft/world/level/levelgen/blockpredicates/BlockPredicate;	canReplaceWithBarrier	comp_1_957
FIELD	net/minecraft/world/level/levelgen/feature/LakeFeature	Lnet/minecraft/world/level/levelgen/feature/stateproviders/BlockStateProvider;	fluid	comp_1_958
METHOD	net/minecraft/world/level/levelgen/feature/LakeFeature	(Lcom/mojang/serialization/codecs/RecordCodecBuilder$Instance;)Lcom/mojang/datafixers/kinds/App;	lambda$static$0	method_1_7033
FIELD	net/minecraft/world/level/levelgen/feature/NoOpFeature	Lcom/mojang/serialization/MapCodec;	CODEC	field_1_7609
FIELD	net/minecraft/world/level/levelgen/feature/NoOpFeature	Lnet/minecraft/world/level/levelgen/feature/NoOpFeature;	INSTANCE	field_1_7610
FIELD	net/minecraft/world/level/levelgen/feature/TreeFeature	Lnet/minecraft/world/level/levelgen/blockpredicates/BlockPredicate;	CAN_PLACE_BELOW_TREE_TRUNKS	field_1_7611
FIELD	net/minecraft/world/level/levelgen/feature/TreeFeature	Lcom/mojang/serialization/MapCodec;	CODEC	field_1_7612
FIELD	net/minecraft/world/level/levelgen/feature/TreeFeature	Lnet/minecraft/world/level/levelgen/feature/stateproviders/BlockStateProvider;	belowTrunkProvider	comp_1_959
FIELD	net/minecraft/world/level/levelgen/feature/TreeFeature	Ljava/util/List;	decorators	comp_1_960
FIELD	net/minecraft/world/level/levelgen/feature/TreeFeature	Lnet/minecraft/world/level/levelgen/feature/foliageplacers/FoliagePlacer;	foliagePlacer	comp_1_961
FIELD	net/minecraft/world/level/levelgen/feature/TreeFeature	Lnet/minecraft/world/level/levelgen/feature/stateproviders/BlockStateProvider;	foliageProvider	comp_1_962
FIELD	net/minecraft/world/level/levelgen/feature/TreeFeature	Z	ignoreVines	comp_1_963
FIELD	net/minecraft/world/level/levelgen/feature/TreeFeature	Lnet/minecraft/world/level/levelgen/feature/featuresize/FeatureSize;	minimumSize	comp_1_964
FIELD	net/minecraft/world/level/levelgen/feature/TreeFeature	Ljava/util/Optional;	rootPlacer	comp_1_965
FIELD	net/minecraft/world/level/levelgen/feature/TreeFeature	Lnet/minecraft/world/level/levelgen/feature/trunkplacers/TrunkPlacer;	trunkPlacer	comp_1_966
FIELD	net/minecraft/world/level/levelgen/feature/TreeFeature	Lnet/minecraft/world/level/levelgen/feature/stateproviders/BlockStateProvider;	trunkProvider	comp_1_967
METHOD	net/minecraft/world/level/levelgen/feature/TreeFeature	(Lnet/minecraft/core/HolderGetter;)Lnet/minecraft/world/level/levelgen/feature/stateproviders/BlockStateProvider;	defaultPlaceBelowTreeTrunkProvider	method_1_7034
METHOD	net/minecraft/world/level/levelgen/feature/TreeFeature	(Lcom/mojang/serialization/codecs/RecordCodecBuilder$Instance;)Lcom/mojang/datafixers/kinds/App;	lambda$static$0	method_1_7035
FIELD	com/mojang/realmsclient/gui/screens/AddRealmPopupScreen	Lnet/minecraft/resources/FileToIdConverter;	CAROUSEL_SELECTOR	field_1_7613
FIELD	net/minecraft/client/renderer/entity/SulfurCubeRenderer	F	COUNTER_SKULL_SCALE	field_1_7614
FIELD	net/minecraft/client/renderer/entity/SulfurCubeRenderer	Lnet/minecraft/client/renderer/entity/layers/CustomHeadLayer$Transforms;	CUSTOM_HEAD_TRANSFORMS	field_1_7615
CLASS	net/minecraft/data/worldgen/AbandonedCampStructurePools	class_1_1110
FIELD	net/minecraft/data/worldgen/AbandonedCampStructurePools	Lnet/minecraft/data/worldgen/AbandonedCampStructurePools$AbandonedCampStructure;	BAMBOO_JUNGLE	field_1_7616
FIELD	net/minecraft/data/worldgen/AbandonedCampStructurePools	Ljava/util/List;	BIOME_VARIANTS	field_1_7617
FIELD	net/minecraft/data/worldgen/AbandonedCampStructurePools	Lnet/minecraft/data/worldgen/AbandonedCampStructurePools$AbandonedCampStructure;	BIRCH_FOREST	field_1_7618
FIELD	net/minecraft/data/worldgen/AbandonedCampStructurePools	Ljava/lang/String;	CAMP_BIOME_IDENTIFIER_TEMPLATE	field_1_7619
FIELD	net/minecraft/data/worldgen/AbandonedCampStructurePools	Ljava/lang/String;	CAMP_DEFAULT_IDENTIFIER_TEMPLATE	field_1_7620
FIELD	net/minecraft/data/worldgen/AbandonedCampStructurePools	Lnet/minecraft/data/worldgen/AbandonedCampStructurePools$AbandonedCampStructure;	CHERRY_GROVE	field_1_7621
FIELD	net/minecraft/data/worldgen/AbandonedCampStructurePools	Lnet/minecraft/data/worldgen/AbandonedCampStructurePools$AbandonedCampStructure;	DAPPLED_FOREST	field_1_7622
FIELD	net/minecraft/data/worldgen/AbandonedCampStructurePools	Ljava/util/List;	DEFAULT_CAMP_TYPES	field_1_7623
FIELD	net/minecraft/data/worldgen/AbandonedCampStructurePools	Lnet/minecraft/data/worldgen/AbandonedCampStructurePools$AbandonedCampStructure;	FLOWER_FOREST	field_1_7624
FIELD	net/minecraft/data/worldgen/AbandonedCampStructurePools	Lnet/minecraft/data/worldgen/AbandonedCampStructurePools$AbandonedCampStructure;	FOREST	field_1_7625
FIELD	net/minecraft/data/worldgen/AbandonedCampStructurePools	Lnet/minecraft/data/worldgen/AbandonedCampStructurePools$AbandonedCampStructure;	MEADOW	field_1_7626
FIELD	net/minecraft/data/worldgen/AbandonedCampStructurePools	I	NUM_OF_BIOME_SPECIFIC_CAMPSITES	field_1_7627
FIELD	net/minecraft/data/worldgen/AbandonedCampStructurePools	I	NUM_OF_DEFAULT_CAMPSITES	field_1_7628
FIELD	net/minecraft/data/worldgen/AbandonedCampStructurePools	I	NUM_OF_TENTS	field_1_7629
FIELD	net/minecraft/data/worldgen/AbandonedCampStructurePools	Lnet/minecraft/data/worldgen/AbandonedCampStructurePools$AbandonedCampStructure;	OLD_GROWTH_BIRCH_FOREST	field_1_7630
FIELD	net/minecraft/data/worldgen/AbandonedCampStructurePools	Lnet/minecraft/data/worldgen/AbandonedCampStructurePools$AbandonedCampStructure;	OLD_GROWTH_PINE_TAIGA	field_1_7631
FIELD	net/minecraft/data/worldgen/AbandonedCampStructurePools	Lnet/minecraft/data/worldgen/AbandonedCampStructurePools$AbandonedCampStructure;	OLD_GROWTH_SPRUCE_TAIGA	field_1_7632
FIELD	net/minecraft/data/worldgen/AbandonedCampStructurePools	Lnet/minecraft/data/worldgen/AbandonedCampStructurePools$AbandonedCampStructure;	PALE_GARDEN	field_1_7633
FIELD	net/minecraft/data/worldgen/AbandonedCampStructurePools	Lnet/minecraft/data/worldgen/AbandonedCampStructurePools$AbandonedCampStructure;	SAVANNA	field_1_7634
FIELD	net/minecraft/data/worldgen/AbandonedCampStructurePools	Lnet/minecraft/data/worldgen/AbandonedCampStructurePools$AbandonedCampStructure;	SNOWY_TAIGA	field_1_7635
FIELD	net/minecraft/data/worldgen/AbandonedCampStructurePools	Lnet/minecraft/data/worldgen/AbandonedCampStructurePools$AbandonedCampStructure;	SPARSE_JUNGLE	field_1_7636
FIELD	net/minecraft/data/worldgen/AbandonedCampStructurePools	Lnet/minecraft/data/worldgen/AbandonedCampStructurePools$AbandonedCampStructure;	SWAMP	field_1_7637
FIELD	net/minecraft/data/worldgen/AbandonedCampStructurePools	Lnet/minecraft/data/worldgen/AbandonedCampStructurePools$AbandonedCampStructure;	TAIGA	field_1_7638
FIELD	net/minecraft/data/worldgen/AbandonedCampStructurePools	Ljava/lang/String;	TENT_IDENTIFIER_TEMPLATE	field_1_7639
FIELD	net/minecraft/data/worldgen/AbandonedCampStructurePools	Lnet/minecraft/data/worldgen/AbandonedCampStructurePools$AbandonedCampStructure;	WINDSWEPT_FOREST	field_1_7640
FIELD	net/minecraft/data/worldgen/AbandonedCampStructurePools	Lnet/minecraft/data/worldgen/AbandonedCampStructurePools$AbandonedCampStructure;	WOODED_BADLANDS	field_1_7641
METHOD	net/minecraft/data/worldgen/AbandonedCampStructurePools	(Lnet/minecraft/data/worldgen/BootstrapContext;)V	bootstrap	method_1_7036
METHOD	net/minecraft/data/worldgen/AbandonedCampStructurePools	(Lnet/minecraft/data/worldgen/BootstrapContext;Lnet/minecraft/core/Holder;)V	bootstrapCampsitePools	method_1_7037
METHOD	net/minecraft/data/worldgen/AbandonedCampStructurePools	(Lnet/minecraft/data/worldgen/AbandonedCampStructurePools$AbandonedCampStructure;Ljava/lang/String;I)Ljava/lang/String;	getBiomeSpecificStructureName	method_1_7038
METHOD	net/minecraft/data/worldgen/AbandonedCampStructurePools	(Ljava/lang/String;I)Ljava/lang/String;	getDefaultCampsiteStructureName	method_1_7039
METHOD	net/minecraft/data/worldgen/AbandonedCampStructurePools	(Lnet/minecraft/data/worldgen/BootstrapContext;Lnet/minecraft/core/Holder;Lnet/minecraft/data/worldgen/AbandonedCampStructurePools$AbandonedCampStructure;)V	registerCampsitePool	method_1_7040
METHOD	net/minecraft/data/worldgen/AbandonedCampStructurePools	(Lnet/minecraft/data/worldgen/BootstrapContext;Lnet/minecraft/core/Holder;Lnet/minecraft/data/worldgen/AbandonedCampStructurePools$AbandonedCampStructure;)V	registerTentPool	method_1_7041
CLASS	net/minecraft/data/worldgen/AbandonedCampStructurePools$AbandonedCampStructure	class_1_1111
FIELD	net/minecraft/data/worldgen/AbandonedCampStructurePools$AbandonedCampStructure	Lnet/minecraft/resources/ResourceKey;	campStructureDirectory	comp_1_968
FIELD	net/minecraft/data/worldgen/AbandonedCampStructurePools$AbandonedCampStructure	Ljava/lang/String;	name	comp_1_969
FIELD	net/minecraft/data/worldgen/AbandonedCampStructurePools$AbandonedCampStructure	Lnet/minecraft/resources/ResourceKey;	tentStructureDirectory	comp_1_970
FIELD	net/minecraft/data/worldgen/features/VegetationFeatures	Lnet/minecraft/resources/ResourceKey;	RED_SHRUB	field_1_7642
FIELD	net/minecraft/data/worldgen/features/VegetationFeatures	Lnet/minecraft/resources/ResourceKey;	TREES_DAPPLED_FOREST	field_1_7643
FIELD	net/minecraft/server/commands/WardenSpawnTrackerCommand	Lnet/minecraft/server/commands/CommandResponseTracker$Messages;	RESPONSE_RESET	field_1_7644
FIELD	net/minecraft/server/commands/WardenSpawnTrackerCommand	Lnet/minecraft/server/commands/CommandResponseTracker$Messages;	RESPONSE_SET_LEVEL	field_1_7645
METHOD	net/minecraft/server/commands/WardenSpawnTrackerCommand	(Lnet/minecraft/server/level/ServerPlayer;I)Lnet/minecraft/network/chat/Component;	lambda$static$0	method_1_7042
METHOD	net/minecraft/server/commands/WardenSpawnTrackerCommand	(II)Lnet/minecraft/network/chat/Component;	lambda$static$1	method_1_7043
METHOD	net/minecraft/server/commands/WardenSpawnTrackerCommand	(Lnet/minecraft/server/level/ServerPlayer;I)Lnet/minecraft/network/chat/Component;	lambda$static$2	method_1_7044
METHOD	net/minecraft/server/commands/WardenSpawnTrackerCommand	(II)Lnet/minecraft/network/chat/Component;	lambda$static$3	method_1_7045
FIELD	net/minecraft/world/level/levelgen/feature/DeltaFeature	Lcom/mojang/serialization/MapCodec;	CODEC	field_1_7646
FIELD	net/minecraft/world/level/levelgen/feature/DeltaFeature	Lnet/minecraft/world/level/block/state/BlockState;	contents	comp_1_971
FIELD	net/minecraft/world/level/levelgen/feature/DeltaFeature	Lnet/minecraft/world/level/block/state/BlockState;	rim	comp_1_972
FIELD	net/minecraft/world/level/levelgen/feature/DeltaFeature	Lnet/minecraft/util/valueproviders/IntProvider;	rimSize	comp_1_973
FIELD	net/minecraft/world/level/levelgen/feature/DeltaFeature	Lnet/minecraft/util/valueproviders/IntProvider;	size	comp_1_974
METHOD	net/minecraft/world/level/levelgen/feature/DeltaFeature	(Lcom/mojang/serialization/codecs/RecordCodecBuilder$Instance;)Lcom/mojang/datafixers/kinds/App;	lambda$static$0	method_1_7046
CLASS	net/minecraft/world/level/levelgen/feature/FeatureTypes	class_1_1112
METHOD	net/minecraft/world/level/levelgen/feature/FeatureTypes	(Lnet/minecraft/core/Registry;)Lcom/mojang/serialization/MapCodec;	bootstrap	method_1_7047
FIELD	net/minecraft/world/level/levelgen/feature/GeodeFeature	Lcom/mojang/serialization/Codec;	CHANCE_RANGE	field_1_7647
FIELD	net/minecraft/world/level/levelgen/feature/GeodeFeature	Lcom/mojang/serialization/MapCodec;	CODEC	field_1_7648
FIELD	net/minecraft/world/level/levelgen/feature/GeodeFeature	Lnet/minecraft/world/level/levelgen/GeodeBlockSettings;	blockSettings	comp_1_975
FIELD	net/minecraft/world/level/levelgen/feature/GeodeFeature	Lnet/minecraft/world/level/levelgen/GeodeCrackSettings;	crackSettings	comp_1_976
FIELD	net/minecraft/world/level/levelgen/feature/GeodeFeature	Lnet/minecraft/util/valueproviders/IntProvider;	distributionPoints	comp_1_977
FIELD	net/minecraft/world/level/levelgen/feature/GeodeFeature	I	invalidBlocksThreshold	comp_1_978
FIELD	net/minecraft/world/level/levelgen/feature/GeodeFeature	Lnet/minecraft/world/level/levelgen/GeodeLayerSettings;	layerSettings	comp_1_979
FIELD	net/minecraft/world/level/levelgen/feature/GeodeFeature	I	maxGenOffset	comp_1_980
FIELD	net/minecraft/world/level/levelgen/feature/GeodeFeature	I	minGenOffset	comp_1_981
FIELD	net/minecraft/world/level/levelgen/feature/GeodeFeature	D	noiseMultiplier	comp_1_982
FIELD	net/minecraft/world/level/levelgen/feature/GeodeFeature	Lnet/minecraft/util/valueproviders/IntProvider;	outerWallDistance	comp_1_983
FIELD	net/minecraft/world/level/levelgen/feature/GeodeFeature	Z	placementsRequireLayer0Alternate	comp_1_984
FIELD	net/minecraft/world/level/levelgen/feature/GeodeFeature	Lnet/minecraft/util/valueproviders/IntProvider;	pointOffset	comp_1_985
FIELD	net/minecraft/world/level/levelgen/feature/GeodeFeature	D	useAlternateLayer0Chance	comp_1_986
FIELD	net/minecraft/world/level/levelgen/feature/GeodeFeature	D	usePotentialPlacementsChance	comp_1_987
METHOD	net/minecraft/world/level/levelgen/feature/GeodeFeature	(Lcom/mojang/serialization/codecs/RecordCodecBuilder$Instance;)Lcom/mojang/datafixers/kinds/App;	lambda$static$0	method_1_7048
FIELD	net/minecraft/world/level/levelgen/feature/SpikeFeature	Lcom/mojang/serialization/MapCodec;	CODEC	field_1_7649
FIELD	net/minecraft/world/level/levelgen/feature/SpikeFeature	Lnet/minecraft/world/level/levelgen/blockpredicates/BlockPredicate;	canPlaceOn	comp_1_988
FIELD	net/minecraft/world/level/levelgen/feature/SpikeFeature	Lnet/minecraft/world/level/levelgen/blockpredicates/BlockPredicate;	canReplace	comp_1_989
FIELD	net/minecraft/world/level/levelgen/feature/SpikeFeature	Lnet/minecraft/world/level/block/state/BlockState;	state	comp_1_990
METHOD	net/minecraft/world/level/levelgen/feature/SpikeFeature	(Lcom/mojang/serialization/codecs/RecordCodecBuilder$Instance;)Lcom/mojang/datafixers/kinds/App;	lambda$static$0	method_1_7049
FIELD	net/minecraft/world/level/levelgen/feature/VinesFeature	Lcom/mojang/serialization/MapCodec;	CODEC	field_1_7650
FIELD	net/minecraft/world/level/levelgen/feature/VinesFeature	Lnet/minecraft/world/level/levelgen/feature/VinesFeature;	INSTANCE	field_1_7651
FIELD	net/minecraft/client/resources/model/EquipmentClientInfo	Ljava/util/Map;	trimPaletteReplacements	comp_1_991
FIELD	net/minecraft/client/resources/model/EquipmentClientInfo$Builder	Lcom/google/common/collect/ImmutableMap$Builder;	trimPaletteReplacements	field_1_7652
METHOD	net/minecraft/client/resources/model/EquipmentClientInfo$Builder	(Lnet/minecraft/resources/Identifier;Lnet/minecraft/resources/Identifier;)Lnet/minecraft/client/resources/model/EquipmentClientInfo$Builder;	replaceTrimPalette	method_1_7050
CLASS	net/minecraft/data/worldgen/material/NetherMaterialRules	class_1_1113
FIELD	net/minecraft/data/worldgen/material/NetherMaterialRules	Lnet/minecraft/world/level/levelgen/SurfaceRules$RuleSource;	BASALT	field_1_7653
FIELD	net/minecraft/data/worldgen/material/NetherMaterialRules	Lnet/minecraft/world/level/levelgen/SurfaceRules$RuleSource;	BLACKSTONE	field_1_7654
FIELD	net/minecraft/data/worldgen/material/NetherMaterialRules	Lnet/minecraft/world/level/levelgen/SurfaceRules$RuleSource;	CRIMSON_NYLIUM	field_1_7655
FIELD	net/minecraft/data/worldgen/material/NetherMaterialRules	Lnet/minecraft/world/level/levelgen/SurfaceRules$RuleSource;	GRAVEL	field_1_7656
FIELD	net/minecraft/data/worldgen/material/NetherMaterialRules	Lnet/minecraft/world/level/levelgen/SurfaceRules$RuleSource;	LAVA	field_1_7657
FIELD	net/minecraft/data/worldgen/material/NetherMaterialRules	Lnet/minecraft/resources/ResourceKey;	NETHER	field_1_7658
FIELD	net/minecraft/data/worldgen/material/NetherMaterialRules	Lnet/minecraft/world/level/levelgen/SurfaceRules$RuleSource;	NETHERRACK	field_1_7659
FIELD	net/minecraft/data/worldgen/material/NetherMaterialRules	Lnet/minecraft/world/level/levelgen/SurfaceRules$RuleSource;	NETHER_WART_BLOCK	field_1_7660
FIELD	net/minecraft/data/worldgen/material/NetherMaterialRules	Lnet/minecraft/world/level/levelgen/SurfaceRules$RuleSource;	SOUL_SAND	field_1_7661
FIELD	net/minecraft/data/worldgen/material/NetherMaterialRules	Lnet/minecraft/world/level/levelgen/SurfaceRules$RuleSource;	SOUL_SOIL	field_1_7662
FIELD	net/minecraft/data/worldgen/material/NetherMaterialRules	Lnet/minecraft/world/level/levelgen/SurfaceRules$RuleSource;	WARPED_NYLIUM	field_1_7663
FIELD	net/minecraft/data/worldgen/material/NetherMaterialRules	Lnet/minecraft/world/level/levelgen/SurfaceRules$RuleSource;	WARPED_WART_BLOCK	field_1_7664
METHOD	net/minecraft/data/worldgen/material/NetherMaterialRules	(Lnet/minecraft/data/worldgen/BootstrapContext;)V	bootstrap	method_1_7051
METHOD	net/minecraft/data/worldgen/material/NetherMaterialRules	(Ljava/lang/String;)Lnet/minecraft/resources/ResourceKey;	createKey	method_1_7052
METHOD	net/minecraft/data/worldgen/material/NetherMaterialRules	(Lnet/minecraft/world/level/block/Block;)Lnet/minecraft/world/level/levelgen/SurfaceRules$RuleSource;	makeStateRule	method_1_7053
METHOD	net/minecraft/world/item/component/ItemContainerContents	()Lnet/minecraft/world/item/component/ItemContainerContents$Mutable;	asMutable	method_1_7054
METHOD	net/minecraft/world/item/component/ItemContainerContents	(Ljava/util/stream/Stream;)Lnet/minecraft/world/item/component/ItemContainerContents;	copyWithContents	method_1_7055
CLASS	net/minecraft/world/item/component/ItemContainerContents$Mutable	class_1_1114
METHOD	net/minecraft/world/item/component/ItemContainerContents$Mutable	()Lnet/minecraft/world/item/component/ItemContainerContents;	toImmutable	method_1_7056
FIELD	net/minecraft/world/level/dimension/end/EnderDragonFight	Lnet/minecraft/core/BlockPos;	END_PODIUM_LOCATION	field_1_7665
METHOD	net/minecraft/world/level/dimension/end/EnderDragonFight	(Lnet/minecraft/core/BlockPos;)Lnet/minecraft/core/BlockPos;	getPodiumLocation	method_1_7057
FIELD	net/minecraft/world/level/levelgen/feature/BambooFeature	Lcom/mojang/serialization/MapCodec;	CODEC	field_1_7666
FIELD	net/minecraft/world/level/levelgen/feature/BambooFeature	F	probability	comp_1_992
METHOD	net/minecraft/world/level/levelgen/feature/BambooFeature	(Lcom/mojang/serialization/codecs/RecordCodecBuilder$Instance;)Lcom/mojang/datafixers/kinds/App;	lambda$static$0	method_1_7058
FIELD	net/minecraft/world/level/levelgen/feature/FossilFeature	Lcom/mojang/serialization/MapCodec;	CODEC	field_1_7667
FIELD	net/minecraft/world/level/levelgen/feature/FossilFeature	Lnet/minecraft/core/Holder;	fossilProcessors	comp_1_993
FIELD	net/minecraft/world/level/levelgen/feature/FossilFeature	Ljava/util/List;	fossilStructures	comp_1_994
FIELD	net/minecraft/world/level/levelgen/feature/FossilFeature	I	maxEmptyCornersAllowed	comp_1_995
FIELD	net/minecraft/world/level/levelgen/feature/FossilFeature	Lnet/minecraft/core/Holder;	overlayProcessors	comp_1_996
FIELD	net/minecraft/world/level/levelgen/feature/FossilFeature	Ljava/util/List;	overlayStructures	comp_1_997
METHOD	net/minecraft/world/level/levelgen/feature/FossilFeature	(Lcom/mojang/serialization/codecs/RecordCodecBuilder$Instance;)Lcom/mojang/datafixers/kinds/App;	lambda$static$0	method_1_7059
METHOD	net/minecraft/world/level/levelgen/feature/FossilFeature	(Lnet/minecraft/world/level/levelgen/feature/FossilFeature;)Lcom/mojang/serialization/DataResult;	lambda$static$1	method_1_7060
METHOD	net/minecraft/world/level/levelgen/feature/FossilFeature	()Ljava/lang/String;	lambda$static$2	method_1_7061
FIELD	net/minecraft/world/level/levelgen/feature/SpringFeature	Lcom/mojang/serialization/MapCodec;	CODEC	field_1_7668
FIELD	net/minecraft/world/level/levelgen/feature/SpringFeature	I	holeCount	comp_1_998
FIELD	net/minecraft/world/level/levelgen/feature/SpringFeature	Z	requiresBlockBelow	comp_1_999
FIELD	net/minecraft/world/level/levelgen/feature/SpringFeature	I	rockCount	comp_1_1000
FIELD	net/minecraft/world/level/levelgen/feature/SpringFeature	Lnet/minecraft/world/level/material/FluidState;	state	comp_1_1001
FIELD	net/minecraft/world/level/levelgen/feature/SpringFeature	Lnet/minecraft/core/HolderSet;	validBlocks	comp_1_1002
METHOD	net/minecraft/world/level/levelgen/feature/SpringFeature	(Lcom/mojang/serialization/codecs/RecordCodecBuilder$Instance;)Lcom/mojang/datafixers/kinds/App;	lambda$static$0	method_1_7062
FIELD	net/minecraft/world/level/storage/loot/BuiltInLootTables	Lnet/minecraft/resources/ResourceKey;	ABANDONED_CAMP_BARREL	field_1_7669
FIELD	net/minecraft/world/level/storage/loot/BuiltInLootTables	Lnet/minecraft/resources/ResourceKey;	ABANDONED_CAMP_COMMON_CHEST	field_1_7670
FIELD	net/minecraft/world/level/storage/loot/BuiltInLootTables	Lnet/minecraft/resources/ResourceKey;	ABANDONED_CAMP_SECRET_CHEST	field_1_7671
FIELD	net/minecraft/client/resources/model/sprite/MaterialBaker	Lnet/minecraft/client/renderer/texture/SpriteLoader$Preparations;	blockAtlas	field_1_7672
FIELD	net/minecraft/client/resources/model/sprite/MaterialBaker	Lnet/minecraft/client/renderer/texture/SpriteLoader$Preparations;	itemAtlas	field_1_7673
CLASS	net/minecraft/data/worldgen/material/VanillaMaterialRules	class_1_1115
FIELD	net/minecraft/data/worldgen/material/VanillaMaterialRules	Lnet/minecraft/world/level/levelgen/SurfaceRules$RuleSource;	BEDROCK	field_1_7674
FIELD	net/minecraft/data/worldgen/material/VanillaMaterialRules	Lnet/minecraft/resources/ResourceKey;	BEDROCK_FLOOR	field_1_7675
FIELD	net/minecraft/data/worldgen/material/VanillaMaterialRules	Lnet/minecraft/resources/ResourceKey;	BEDROCK_ROOF	field_1_7676
METHOD	net/minecraft/data/worldgen/material/VanillaMaterialRules	()Lnet/minecraft/world/level/levelgen/SurfaceRules$RuleSource;	air	method_1_7063
METHOD	net/minecraft/data/worldgen/material/VanillaMaterialRules	(Lnet/minecraft/data/worldgen/BootstrapContext;)V	bootstrap	method_1_7064
METHOD	net/minecraft/data/worldgen/material/VanillaMaterialRules	(Ljava/lang/String;)Lnet/minecraft/resources/ResourceKey;	createKey	method_1_7065
METHOD	net/minecraft/data/worldgen/material/VanillaMaterialRules	(Lnet/minecraft/world/level/block/Block;)Lnet/minecraft/world/level/levelgen/SurfaceRules$RuleSource;	makeStateRule	method_1_7066
CLASS	net/minecraft/world/item/component/SimpleMutableContainer	class_1_1116
FIELD	net/minecraft/world/item/component/SimpleMutableContainer	Ljava/util/List;	items	field_1_7677
METHOD	net/minecraft/world/item/component/SimpleMutableContainer	(Lnet/minecraft/world/item/ItemStack;)Z	addSlotWithItem	method_1_7067
METHOD	net/minecraft/world/item/component/SimpleMutableContainer	()Z	canInsertNewSlots	method_1_7068
METHOD	net/minecraft/world/item/component/SimpleMutableContainer	(Lnet/minecraft/world/item/ItemProvider;Lnet/minecraft/world/item/slot/SlotSelector;)I	insertNewSlots	method_1_7069
METHOD	net/minecraft/world/item/component/SimpleMutableContainer	(I)Lnet/minecraft/world/item/ItemStack;	lambda$modifySlots$0	method_1_7070
METHOD	net/minecraft/world/item/component/SimpleMutableContainer	(ILnet/minecraft/world/item/ItemStack;)V	lambda$modifySlots$1	method_1_7071
METHOD	net/minecraft/world/item/component/SimpleMutableContainer	(ILnet/minecraft/world/item/ItemStack;)Z	setItem	method_1_7072
FIELD	net/minecraft/world/level/block/state/properties/WoodType	Lnet/minecraft/world/level/block/state/properties/WoodType;	POPLAR	field_1_7678
FIELD	net/minecraft/world/level/levelgen/NoiseGeneratorSettings	Lnet/minecraft/core/Holder;	materialRule	comp_1_1003
FIELD	net/minecraft/world/level/levelgen/feature/BlueIceFeature	Lcom/mojang/serialization/MapCodec;	CODEC	field_1_7679
FIELD	net/minecraft/world/level/levelgen/feature/BlueIceFeature	Lnet/minecraft/world/level/levelgen/feature/BlueIceFeature;	INSTANCE	field_1_7680
FIELD	net/minecraft/world/level/levelgen/feature/IcebergFeature	Lcom/mojang/serialization/MapCodec;	CODEC	field_1_7681
FIELD	net/minecraft/world/level/levelgen/feature/IcebergFeature	Lnet/minecraft/world/level/block/state/BlockState;	state	comp_1_1004
METHOD	net/minecraft/world/level/levelgen/feature/IcebergFeature	(Lcom/mojang/serialization/codecs/RecordCodecBuilder$Instance;)Lcom/mojang/datafixers/kinds/App;	lambda$static$0	method_1_7073
FIELD	net/minecraft/client/renderer/feature/ModelFeatureRenderer$Submit	Lnet/minecraft/client/renderer/texture/UvMapping;	uvMapping	comp_1_1005
CLASS	net/minecraft/client/renderer/texture/DynamicAtlasTreeSlot	class_1_1117
METHOD	net/minecraft/client/renderer/texture/DynamicAtlasTreeSlot	()I	height	method_1_7074
METHOD	net/minecraft/client/renderer/texture/DynamicAtlasTreeSlot	()I	width	method_1_7075
METHOD	net/minecraft/client/renderer/texture/DynamicAtlasTreeSlot	()I	x	method_1_7076
METHOD	net/minecraft/client/renderer/texture/DynamicAtlasTreeSlot	()I	y	method_1_7077
CLASS	net/minecraft/client/resources/palette/PaletteMappingCache	class_1_1118
FIELD	net/minecraft/client/resources/palette/PaletteMappingCache	Lorg/slf4j/Logger;	LOGGER	field_1_7682
FIELD	net/minecraft/client/resources/palette/PaletteMappingCache	Lcom/google/common/cache/LoadingCache;	cache	field_1_7683
METHOD	net/minecraft/client/resources/palette/PaletteMappingCache	(Lnet/minecraft/resources/Identifier;Lnet/minecraft/resources/Identifier;)Lnet/minecraft/client/resources/palette/PaletteMapping;	get	method_1_7078
FIELD	net/minecraft/client/resources/palette/PaletteMappingCache$1	Ljava/util/Map;	val$palettes	field_1_7684
METHOD	net/minecraft/client/resources/palette/PaletteMappingCache$1	(Lnet/minecraft/client/resources/palette/PaletteMappingCache$IdPair;)Lnet/minecraft/client/resources/palette/PaletteMapping;	load	method_1_7079
CLASS	net/minecraft/client/resources/palette/PaletteMappingCache$IdPair	class_1_1119
FIELD	net/minecraft/client/resources/palette/PaletteMappingCache$IdPair	Lnet/minecraft/resources/Identifier;	base	comp_1_1006
FIELD	net/minecraft/client/resources/palette/PaletteMappingCache$IdPair	Lnet/minecraft/resources/Identifier;	target	comp_1_1007
FIELD	net/minecraft/data/worldgen/placement/VegetationPlacements	Lnet/minecraft/resources/ResourceKey;	BROWN_MUSHROOM_DAPPLED_FOREST	field_1_7685
FIELD	net/minecraft/data/worldgen/placement/VegetationPlacements	Lnet/minecraft/resources/ResourceKey;	PATCH_RED_SHRUB	field_1_7686
FIELD	net/minecraft/data/worldgen/placement/VegetationPlacements	Lnet/minecraft/resources/ResourceKey;	TREES_DAPPLED_FOREST	field_1_7687
CLASS	net/minecraft/gametest/framework/TestEnvironmentDefinition$Dimension	class_1_1120
FIELD	net/minecraft/gametest/framework/TestEnvironmentDefinition$Dimension	Lcom/mojang/serialization/MapCodec;	CODEC	field_1_7688
FIELD	net/minecraft/gametest/framework/TestEnvironmentDefinition$Dimension	Lnet/minecraft/gametest/framework/TestEnvironmentDefinition$Dimension$Type;	type	comp_1_1008
METHOD	net/minecraft/gametest/framework/TestEnvironmentDefinition$Dimension	(Lcom/mojang/serialization/codecs/RecordCodecBuilder$Instance;)Lcom/mojang/datafixers/kinds/App;	lambda$static$0	method_1_7080
METHOD	net/minecraft/gametest/framework/TestEnvironmentDefinition$Dimension	(Lnet/minecraft/server/level/ServerLevel;)Lnet/minecraft/gametest/framework/TestEnvironmentDefinition$Dimension$Type;	setup	method_1_7081
METHOD	net/minecraft/gametest/framework/TestEnvironmentDefinition$Dimension	(Lnet/minecraft/server/level/ServerLevel;Lnet/minecraft/gametest/framework/TestEnvironmentDefinition$Dimension$Type;)V	teardown	method_1_7082
CLASS	net/minecraft/gametest/framework/TestEnvironmentDefinition$Dimension$Type	class_1_1121
FIELD	net/minecraft/gametest/framework/TestEnvironmentDefinition$Dimension$Type	[Lnet/minecraft/gametest/framework/TestEnvironmentDefinition$Dimension$Type;	$VALUES	field_1_7689
FIELD	net/minecraft/gametest/framework/TestEnvironmentDefinition$Dimension$Type	Lcom/mojang/serialization/Codec;	CODEC	field_1_7690
FIELD	net/minecraft/gametest/framework/TestEnvironmentDefinition$Dimension$Type	Lnet/minecraft/gametest/framework/TestEnvironmentDefinition$Dimension$Type;	END	field_1_7691
FIELD	net/minecraft/gametest/framework/TestEnvironmentDefinition$Dimension$Type	Lnet/minecraft/gametest/framework/TestEnvironmentDefinition$Dimension$Type;	NETHER	field_1_7692
FIELD	net/minecraft/gametest/framework/TestEnvironmentDefinition$Dimension$Type	Lnet/minecraft/gametest/framework/TestEnvironmentDefinition$Dimension$Type;	OVERWORLD	field_1_7693
FIELD	net/minecraft/gametest/framework/TestEnvironmentDefinition$Dimension$Type	Ljava/lang/String;	id	field_1_7694
METHOD	net/minecraft/gametest/framework/TestEnvironmentDefinition$Dimension$Type	()[Lnet/minecraft/gametest/framework/TestEnvironmentDefinition$Dimension$Type;	$values	method_1_7083
FIELD	net/minecraft/world/level/block/entity/DecoratedPotPattern	Lcom/mojang/serialization/Codec;	CODEC	field_1_7695
METHOD	net/minecraft/world/level/block/entity/DecoratedPotPattern	(Lcom/mojang/serialization/codecs/RecordCodecBuilder$Instance;)Lcom/mojang/datafixers/kinds/App;	lambda$static$0	method_1_7084
FIELD	net/minecraft/world/level/levelgen/feature/EndSpikeFeature	Lcom/mojang/serialization/MapCodec;	CODEC	field_1_7696
FIELD	net/minecraft/world/level/levelgen/feature/EndSpikeFeature	Ljava/util/Optional;	crystalBeamTarget	comp_1_1009
FIELD	net/minecraft/world/level/levelgen/feature/EndSpikeFeature	Z	crystalInvulnerable	comp_1_1010
FIELD	net/minecraft/world/level/levelgen/feature/EndSpikeFeature	Ljava/util/List;	spikes	comp_1_1011
METHOD	net/minecraft/world/level/levelgen/feature/EndSpikeFeature	(Lcom/mojang/serialization/codecs/RecordCodecBuilder$Instance;)Lcom/mojang/datafixers/kinds/App;	lambda$static$0	method_1_7085
FIELD	net/minecraft/world/level/levelgen/feature/SeagrassFeature	Lcom/mojang/serialization/MapCodec;	CODEC	field_1_7697
FIELD	net/minecraft/world/level/levelgen/feature/SeagrassFeature	F	probability	comp_1_1012
METHOD	net/minecraft/world/level/levelgen/feature/SeagrassFeature	(Lcom/mojang/serialization/codecs/RecordCodecBuilder$Instance;)Lcom/mojang/datafixers/kinds/App;	lambda$static$0	method_1_7086
FIELD	net/minecraft/world/level/levelgen/feature/SequenceFeature	Lcom/mojang/serialization/MapCodec;	CODEC	field_1_7698
FIELD	net/minecraft/world/level/levelgen/feature/SequenceFeature	Lnet/minecraft/core/HolderSet;	features	comp_1_1013
METHOD	net/minecraft/world/level/levelgen/feature/SequenceFeature	(Lnet/minecraft/core/Holder;)Ljava/util/stream/Stream;	lambda$getSubFeatures$0	method_1_7087
METHOD	net/minecraft/world/level/levelgen/feature/SequenceFeature	(Lcom/mojang/serialization/codecs/RecordCodecBuilder$Instance;)Lcom/mojang/datafixers/kinds/App;	lambda$static$0	method_1_7088
FIELD	net/minecraft/world/level/levelgen/feature/TemplateFeature	Lcom/mojang/serialization/MapCodec;	CODEC	field_1_7699
FIELD	net/minecraft/world/level/levelgen/feature/TemplateFeature	Lnet/minecraft/util/random/WeightedList;	templates	comp_1_1014
METHOD	net/minecraft/world/level/levelgen/feature/TemplateFeature	(Lcom/mojang/serialization/codecs/RecordCodecBuilder$Instance;)Lcom/mojang/datafixers/kinds/App;	lambda$static$0	method_1_7089
FIELD	net/minecraft/client/renderer/entity/EntityRenderDispatcher	Lnet/minecraft/client/resources/palette/PalettedTextureManager;	palettedTextures	field_1_7700
FIELD	net/minecraft/client/renderer/entity/layers/CustomHeadLayer$Transforms	Ljava/util/function/Function;	CUTOUT_PLAYER_SKIN_RESOLVER	field_1_7701
FIELD	net/minecraft/client/renderer/entity/layers/CustomHeadLayer$Transforms	Ljava/util/function/Function;	TRANSLUCENT_PLAYER_SKIN_RESOLVER	field_1_7702
FIELD	net/minecraft/client/renderer/entity/layers/CustomHeadLayer$Transforms	Ljava/util/function/Function;	playerSkinRenderTypeResolver	comp_1_1015
FIELD	net/minecraft/client/renderer/entity/layers/CustomHeadLayer$Transforms	F	verticalScale	comp_1_1016
METHOD	net/minecraft/client/renderer/entity/layers/CustomHeadLayer$Transforms	(Lnet/minecraft/client/renderer/PlayerSkinRenderCache$RenderInfo;)Lnet/minecraft/client/renderer/rendertype/RenderType;	lambda$static$0	method_1_7090
CLASS	net/minecraft/data/worldgen/material/OverworldMaterialRules	class_1_1122
FIELD	net/minecraft/data/worldgen/material/OverworldMaterialRules	Lnet/minecraft/world/level/levelgen/SurfaceRules$RuleSource;	AIR	field_1_7703
FIELD	net/minecraft/data/worldgen/material/OverworldMaterialRules	Lnet/minecraft/resources/ResourceKey;	BIOME_SURFACE	field_1_7704
FIELD	net/minecraft/data/worldgen/material/OverworldMaterialRules	Lnet/minecraft/world/level/levelgen/SurfaceRules$RuleSource;	CALCITE	field_1_7705
FIELD	net/minecraft/data/worldgen/material/OverworldMaterialRules	Lnet/minecraft/world/level/levelgen/SurfaceRules$RuleSource;	CINNABAR	field_1_7706
FIELD	net/minecraft/data/worldgen/material/OverworldMaterialRules	Lnet/minecraft/world/level/levelgen/SurfaceRules$RuleSource;	COARSE_DIRT	field_1_7707
FIELD	net/minecraft/data/worldgen/material/OverworldMaterialRules	Lnet/minecraft/resources/ResourceKey;	DAPPLED_FOREST_SURFACE	field_1_7708
FIELD	net/minecraft/data/worldgen/material/OverworldMaterialRules	Lnet/minecraft/world/level/levelgen/SurfaceRules$RuleSource;	DEEPSLATE	field_1_7709
FIELD	net/minecraft/data/worldgen/material/OverworldMaterialRules	Lnet/minecraft/resources/ResourceKey;	DEFAULT_BIOME_SURFACE	field_1_7710
FIELD	net/minecraft/data/worldgen/material/OverworldMaterialRules	Lnet/minecraft/resources/ResourceKey;	DEFAULT_UNDER_BIOME_SURFACE	field_1_7711
FIELD	net/minecraft/data/worldgen/material/OverworldMaterialRules	Lnet/minecraft/world/level/levelgen/SurfaceRules$RuleSource;	DIRT	field_1_7712
FIELD	net/minecraft/data/worldgen/material/OverworldMaterialRules	Lnet/minecraft/resources/ResourceKey;	DRIPSTONE_CAVES_SURFACE	field_1_7713
FIELD	net/minecraft/data/worldgen/material/OverworldMaterialRules	Lnet/minecraft/resources/ResourceKey;	FROZEN_PEAKS_SURFACE	field_1_7714
FIELD	net/minecraft/data/worldgen/material/OverworldMaterialRules	Lnet/minecraft/resources/ResourceKey;	FROZEN_PEAKS_UNDER_SURFACE	field_1_7715
FIELD	net/minecraft/data/worldgen/material/OverworldMaterialRules	Lnet/minecraft/world/level/levelgen/SurfaceRules$RuleSource;	GRASS_BLOCK	field_1_7716
FIELD	net/minecraft/data/worldgen/material/OverworldMaterialRules	Lnet/minecraft/world/level/levelgen/SurfaceRules$RuleSource;	GRAVEL	field_1_7717
FIELD	net/minecraft/data/worldgen/material/OverworldMaterialRules	Lnet/minecraft/resources/ResourceKey;	GRAVEL_OR_STONE_IF_CEILING	field_1_7718
FIELD	net/minecraft/data/worldgen/material/OverworldMaterialRules	Lnet/minecraft/resources/ResourceKey;	GROVE_SURFACE	field_1_7719
FIELD	net/minecraft/data/worldgen/material/OverworldMaterialRules	Lnet/minecraft/resources/ResourceKey;	GROVE_UNDER_SURFACE	field_1_7720
FIELD	net/minecraft/data/worldgen/material/OverworldMaterialRules	Lnet/minecraft/world/level/levelgen/SurfaceRules$RuleSource;	ICE	field_1_7721
FIELD	net/minecraft/data/worldgen/material/OverworldMaterialRules	Lnet/minecraft/resources/ResourceKey;	ICE_SPIKES_SURFACE	field_1_7722
FIELD	net/minecraft/data/worldgen/material/OverworldMaterialRules	Lnet/minecraft/resources/ResourceKey;	JAGGED_PEAKS_SURFACE	field_1_7723
FIELD	net/minecraft/data/worldgen/material/OverworldMaterialRules	Lnet/minecraft/resources/ResourceKey;	JAGGED_PEAKS_UNDER_SURFACE	field_1_7724
FIELD	net/minecraft/data/worldgen/material/OverworldMaterialRules	Lnet/minecraft/resources/ResourceKey;	MANGROVE_SWAMP_SURFACE	field_1_7725
FIELD	net/minecraft/data/worldgen/material/OverworldMaterialRules	Lnet/minecraft/world/level/levelgen/SurfaceRules$RuleSource;	MUD	field_1_7726
FIELD	net/minecraft/data/worldgen/material/OverworldMaterialRules	Lnet/minecraft/resources/ResourceKey;	MUSHROOM_FIELDS_SURFACE	field_1_7727
FIELD	net/minecraft/data/worldgen/material/OverworldMaterialRules	Lnet/minecraft/world/level/levelgen/SurfaceRules$RuleSource;	MYCELIUM	field_1_7728
FIELD	net/minecraft/data/worldgen/material/OverworldMaterialRules	Lnet/minecraft/resources/ResourceKey;	OLD_GROWTH_PINE_TAIGA_SURFACE	field_1_7729
FIELD	net/minecraft/data/worldgen/material/OverworldMaterialRules	Lnet/minecraft/world/level/levelgen/SurfaceRules$RuleSource;	ORANGE_TERRACOTTA	field_1_7730
FIELD	net/minecraft/data/worldgen/material/OverworldMaterialRules	Lnet/minecraft/resources/ResourceKey;	OVERWORLD	field_1_7731
FIELD	net/minecraft/data/worldgen/material/OverworldMaterialRules	Lnet/minecraft/resources/ResourceKey;	OVERWORLD_CAVES	field_1_7732
FIELD	net/minecraft/data/worldgen/material/OverworldMaterialRules	Lnet/minecraft/resources/ResourceKey;	OVERWORLD_FLOATING_ISLANDS	field_1_7733
FIELD	net/minecraft/data/worldgen/material/OverworldMaterialRules	Lnet/minecraft/world/level/levelgen/SurfaceRules$RuleSource;	PACKED_ICE	field_1_7734
FIELD	net/minecraft/data/worldgen/material/OverworldMaterialRules	Lnet/minecraft/world/level/levelgen/SurfaceRules$RuleSource;	PODZOL	field_1_7735
FIELD	net/minecraft/data/worldgen/material/OverworldMaterialRules	Lnet/minecraft/world/level/levelgen/SurfaceRules$RuleSource;	POWDER_SNOW	field_1_7736
FIELD	net/minecraft/data/worldgen/material/OverworldMaterialRules	Lnet/minecraft/resources/ResourceKey;	POWDER_SNOW_SURFACE	field_1_7737
FIELD	net/minecraft/data/worldgen/material/OverworldMaterialRules	Lnet/minecraft/resources/ResourceKey;	POWDER_SNOW_UNDER_SURFACE	field_1_7738
FIELD	net/minecraft/data/worldgen/material/OverworldMaterialRules	Lnet/minecraft/world/level/levelgen/SurfaceRules$RuleSource;	RED_SAND	field_1_7739
FIELD	net/minecraft/data/worldgen/material/OverworldMaterialRules	Lnet/minecraft/world/level/levelgen/SurfaceRules$RuleSource;	RED_SANDSTONE	field_1_7740
FIELD	net/minecraft/data/worldgen/material/OverworldMaterialRules	Lnet/minecraft/world/level/levelgen/SurfaceRules$RuleSource;	SAND	field_1_7741
FIELD	net/minecraft/data/worldgen/material/OverworldMaterialRules	Lnet/minecraft/world/level/levelgen/SurfaceRules$RuleSource;	SANDSTONE	field_1_7742
FIELD	net/minecraft/data/worldgen/material/OverworldMaterialRules	Lnet/minecraft/resources/ResourceKey;	SAND_OR_SANDSTONE_IF_CEILING	field_1_7743
FIELD	net/minecraft/data/worldgen/material/OverworldMaterialRules	Lnet/minecraft/resources/ResourceKey;	SNOWY_SLOPES_SURFACE	field_1_7744
FIELD	net/minecraft/data/worldgen/material/OverworldMaterialRules	Lnet/minecraft/resources/ResourceKey;	SNOWY_SLOPES_UNDER_SURFACE	field_1_7745
FIELD	net/minecraft/data/worldgen/material/OverworldMaterialRules	Lnet/minecraft/world/level/levelgen/SurfaceRules$RuleSource;	SNOW_BLOCK	field_1_7746
FIELD	net/minecraft/data/worldgen/material/OverworldMaterialRules	Lnet/minecraft/world/level/levelgen/SurfaceRules$RuleSource;	STONE	field_1_7747
FIELD	net/minecraft/data/worldgen/material/OverworldMaterialRules	Lnet/minecraft/resources/ResourceKey;	STONY_PEAKS_SURFACE	field_1_7748
FIELD	net/minecraft/data/worldgen/material/OverworldMaterialRules	Lnet/minecraft/resources/ResourceKey;	STONY_SHORE_SURFACE	field_1_7749
FIELD	net/minecraft/data/worldgen/material/OverworldMaterialRules	Lnet/minecraft/world/level/levelgen/SurfaceRules$RuleSource;	SULFUR	field_1_7750
FIELD	net/minecraft/data/worldgen/material/OverworldMaterialRules	Lnet/minecraft/resources/ResourceKey;	SULFUR_CAVES_SURFACE	field_1_7751
FIELD	net/minecraft/data/worldgen/material/OverworldMaterialRules	Lnet/minecraft/resources/ResourceKey;	SULFUR_CAVE_BANDS	field_1_7752
FIELD	net/minecraft/data/worldgen/material/OverworldMaterialRules	Lnet/minecraft/resources/ResourceKey;	SURFACE	field_1_7753
FIELD	net/minecraft/data/worldgen/material/OverworldMaterialRules	Lnet/minecraft/world/level/levelgen/SurfaceRules$RuleSource;	TERRACOTTA	field_1_7754
FIELD	net/minecraft/data/worldgen/material/OverworldMaterialRules	Lnet/minecraft/resources/ResourceKey;	UNDERGROUND	field_1_7755
FIELD	net/minecraft/data/worldgen/material/OverworldMaterialRules	Lnet/minecraft/resources/ResourceKey;	UNDER_BIOME_SURFACE	field_1_7756
FIELD	net/minecraft/data/worldgen/material/OverworldMaterialRules	Lnet/minecraft/world/level/levelgen/SurfaceRules$RuleSource;	WATER	field_1_7757
FIELD	net/minecraft/data/worldgen/material/OverworldMaterialRules	Lnet/minecraft/world/level/levelgen/SurfaceRules$RuleSource;	WHITE_TERRACOTTA	field_1_7758
FIELD	net/minecraft/data/worldgen/material/OverworldMaterialRules	Lnet/minecraft/resources/ResourceKey;	WINDSWEPT_GRAVELLY_HILLS_SURFACE	field_1_7759
FIELD	net/minecraft/data/worldgen/material/OverworldMaterialRules	Lnet/minecraft/resources/ResourceKey;	WINDSWEPT_GRAVELLY_HILLS_UNDER_SURFACE	field_1_7760
FIELD	net/minecraft/data/worldgen/material/OverworldMaterialRules	Lnet/minecraft/resources/ResourceKey;	WINDSWEPT_HILLS_SURFACE	field_1_7761
FIELD	net/minecraft/data/worldgen/material/OverworldMaterialRules	Lnet/minecraft/resources/ResourceKey;	WINDSWEPT_SAVANNA_SURFACE	field_1_7762
FIELD	net/minecraft/data/worldgen/material/OverworldMaterialRules	Lnet/minecraft/resources/ResourceKey;	WINDSWEPT_SAVANNA_UNDER_SURFACE	field_1_7763
METHOD	net/minecraft/data/worldgen/material/OverworldMaterialRules	(Lnet/minecraft/data/worldgen/BootstrapContext;)V	bootstrap	method_1_7091
METHOD	net/minecraft/data/worldgen/material/OverworldMaterialRules	(Ljava/lang/String;)Lnet/minecraft/resources/ResourceKey;	createKey	method_1_7092
METHOD	net/minecraft/data/worldgen/material/OverworldMaterialRules	(Lnet/minecraft/core/HolderGetter;ZZZLnet/minecraft/world/level/levelgen/SurfaceRules$RuleSource;Lnet/minecraft/world/level/levelgen/SurfaceRules$RuleSource;)Lnet/minecraft/world/level/levelgen/SurfaceRules$RuleSource;	createOverworldLike	method_1_7093
METHOD	net/minecraft/data/worldgen/material/OverworldMaterialRules	(I)[Lnet/minecraft/world/level/levelgen/SurfaceRules$RuleSource;	lambda$createOverworldLike$0	method_1_7094
METHOD	net/minecraft/data/worldgen/material/OverworldMaterialRules	(Lnet/minecraft/world/level/block/Block;)Lnet/minecraft/world/level/levelgen/SurfaceRules$RuleSource;	makeStateRule	method_1_7095
METHOD	net/minecraft/data/worldgen/material/OverworldMaterialRules	(Lnet/minecraft/data/worldgen/BootstrapContext;Lnet/minecraft/world/level/levelgen/SurfaceRules$RuleSource;)Lnet/minecraft/world/level/levelgen/SurfaceRules$RuleSource;	registerSurface	method_1_7096
METHOD	net/minecraft/data/worldgen/material/OverworldMaterialRules	(D)Lnet/minecraft/world/level/levelgen/SurfaceRules$ConditionSource;	surfaceNoiseAbove	method_1_7097
CLASS	net/minecraft/world/level/block/FallingParticlesLeavesBlock	class_1_1123
FIELD	net/minecraft/world/level/block/FallingParticlesLeavesBlock	F	leafParticleChance	field_1_7764
METHOD	net/minecraft/world/level/block/FallingParticlesLeavesBlock	(Lnet/minecraft/world/level/Level;Lnet/minecraft/core/BlockPos;Lnet/minecraft/util/RandomSource;)V	makeFallingLeavesParticles	method_1_7098
METHOD	net/minecraft/world/level/block/UntintedParticleLeavesBlock	(Lnet/minecraft/world/level/block/UntintedParticleLeavesBlock;)Lnet/minecraft/world/level/block/sounds/AmbientLeavesBlockSoundPlayer;	lambda$static$3	method_1_7099
FIELD	net/minecraft/world/level/block/entity/DecoratedPotPatterns	Lcom/mojang/serialization/Codec;	CODEC	field_1_7765
FIELD	net/minecraft/world/level/block/entity/DecoratedPotPatterns	Lnet/minecraft/network/codec/StreamCodec;	STREAM_CODEC	field_1_7766
FIELD	net/minecraft/world/level/levelgen/feature/BlockBlobFeature	Lcom/mojang/serialization/MapCodec;	CODEC	field_1_7767
FIELD	net/minecraft/world/level/levelgen/feature/BlockBlobFeature	Lnet/minecraft/world/level/levelgen/blockpredicates/BlockPredicate;	canPlaceOn	comp_1_1017
FIELD	net/minecraft/world/level/levelgen/feature/BlockBlobFeature	Lnet/minecraft/world/level/block/state/BlockState;	state	comp_1_1018
METHOD	net/minecraft/world/level/levelgen/feature/BlockBlobFeature	(Lcom/mojang/serialization/codecs/RecordCodecBuilder$Instance;)Lcom/mojang/datafixers/kinds/App;	lambda$static$0	method_1_7100
FIELD	net/minecraft/world/level/levelgen/feature/BlockPileFeature	Lcom/mojang/serialization/MapCodec;	CODEC	field_1_7768
FIELD	net/minecraft/world/level/levelgen/feature/BlockPileFeature	Lnet/minecraft/world/level/levelgen/feature/stateproviders/BlockStateProvider;	stateProvider	comp_1_1019
METHOD	net/minecraft/world/level/levelgen/feature/BlockPileFeature	(Lcom/mojang/serialization/codecs/RecordCodecBuilder$Instance;)Lcom/mojang/datafixers/kinds/App;	lambda$static$0	method_1_7101
CLASS	net/minecraft/world/level/levelgen/feature/BlockReplacement	class_1_1124
FIELD	net/minecraft/world/level/levelgen/feature/BlockReplacement	Lcom/mojang/serialization/Codec;	CODEC	field_1_7769
FIELD	net/minecraft/world/level/levelgen/feature/BlockReplacement	Lnet/minecraft/world/level/block/state/BlockState;	state	comp_1_1020
FIELD	net/minecraft/world/level/levelgen/feature/BlockReplacement	Lnet/minecraft/world/level/levelgen/structure/templatesystem/RuleTest;	target	comp_1_1021
METHOD	net/minecraft/world/level/levelgen/feature/BlockReplacement	(Lcom/mojang/serialization/codecs/RecordCodecBuilder$Instance;)Lcom/mojang/datafixers/kinds/App;	lambda$static$0	method_1_7102
METHOD	net/minecraft/world/level/levelgen/feature/BlockReplacement	(Lnet/minecraft/world/level/levelgen/feature/BlockReplacement;)Lnet/minecraft/world/level/levelgen/structure/templatesystem/RuleTest;	lambda$static$1	method_1_7103
METHOD	net/minecraft/world/level/levelgen/feature/BlockReplacement	(Lnet/minecraft/world/level/levelgen/feature/BlockReplacement;)Lnet/minecraft/world/level/block/state/BlockState;	lambda$static$2	method_1_7104
METHOD	net/minecraft/world/level/levelgen/feature/BlockReplacement	(Lnet/minecraft/world/level/levelgen/structure/templatesystem/RuleTest;Lnet/minecraft/world/level/block/state/BlockState;)Lnet/minecraft/world/level/levelgen/feature/BlockReplacement;	replace	method_1_7105
FIELD	net/minecraft/world/level/levelgen/feature/CoralClawFeature	Lcom/mojang/serialization/MapCodec;	CODEC	field_1_7770
FIELD	net/minecraft/world/level/levelgen/feature/CoralClawFeature	Lnet/minecraft/world/level/levelgen/feature/CoralClawFeature;	INSTANCE	field_1_7771
FIELD	net/minecraft/world/level/levelgen/feature/CoralTreeFeature	Lcom/mojang/serialization/MapCodec;	CODEC	field_1_7772
FIELD	net/minecraft/world/level/levelgen/feature/CoralTreeFeature	Lnet/minecraft/world/level/levelgen/feature/CoralTreeFeature;	INSTANCE	field_1_7773
FIELD	net/minecraft/world/level/levelgen/feature/EndIslandFeature	Lcom/mojang/serialization/MapCodec;	CODEC	field_1_7774
FIELD	net/minecraft/world/level/levelgen/feature/EndIslandFeature	Lnet/minecraft/world/level/levelgen/feature/EndIslandFeature;	INSTANCE	field_1_7775
FIELD	net/minecraft/world/level/levelgen/feature/EndPodiumFeature	Lcom/mojang/serialization/MapCodec;	CODEC	field_1_7776
field_13599 is now comp_1_1022
METHOD	net/minecraft/world/level/levelgen/feature/EndPodiumFeature	(Lcom/mojang/serialization/codecs/RecordCodecBuilder$Instance;)Lcom/mojang/datafixers/kinds/App;	lambda$static$0	method_1_7106
FIELD	net/minecraft/world/level/levelgen/feature/FillLayerFeature	Lcom/mojang/serialization/MapCodec;	CODEC	field_1_7777
FIELD	net/minecraft/world/level/levelgen/feature/FillLayerFeature	I	height	comp_1_1023
FIELD	net/minecraft/world/level/levelgen/feature/FillLayerFeature	Lnet/minecraft/world/level/block/state/BlockState;	state	comp_1_1024
METHOD	net/minecraft/world/level/levelgen/feature/FillLayerFeature	(Lcom/mojang/serialization/codecs/RecordCodecBuilder$Instance;)Lcom/mojang/datafixers/kinds/App;	lambda$static$0	method_1_7107
FIELD	net/minecraft/world/level/levelgen/feature/GlowstoneFeature	Lcom/mojang/serialization/MapCodec;	CODEC	field_1_7778
FIELD	net/minecraft/world/level/levelgen/feature/GlowstoneFeature	Lnet/minecraft/world/level/levelgen/feature/GlowstoneFeature;	INSTANCE	field_1_7779
FIELD	net/minecraft/world/level/levelgen/feature/SeaPickleFeature	Lcom/mojang/serialization/MapCodec;	CODEC	field_1_7780
FIELD	net/minecraft/world/level/levelgen/feature/SeaPickleFeature	Lnet/minecraft/util/valueproviders/IntProvider;	count	comp_1_1025
METHOD	net/minecraft/world/level/levelgen/feature/SeaPickleFeature	(Lcom/mojang/serialization/codecs/RecordCodecBuilder$Instance;)Lcom/mojang/datafixers/kinds/App;	lambda$static$0	method_1_7108
METHOD	net/minecraft/client/renderer/blockentity/SkullBlockRenderer	(Lnet/minecraft/resources/Identifier;)Lnet/minecraft/client/renderer/rendertype/RenderType;	getPlayerSkinRenderTypeCutout	method_1_7109
FIELD	net/minecraft/world/level/chunk/ChunkGeneratorStructureState	Lnet/minecraft/world/level/ChunkPos;	origin	field_1_7781
METHOD	net/minecraft/world/level/chunk/ChunkGeneratorStructureState	()Lnet/minecraft/world/level/ChunkPos;	getDimensionOrigin	method_1_7110
FIELD	net/minecraft/world/level/levelgen/feature/BonusChestFeature	Lcom/mojang/serialization/MapCodec;	CODEC	field_1_7782
FIELD	net/minecraft/world/level/levelgen/feature/BonusChestFeature	Lnet/minecraft/world/level/levelgen/feature/BonusChestFeature;	INSTANCE	field_1_7783
FIELD	net/minecraft/world/level/levelgen/feature/DesertWellFeature	Lcom/mojang/serialization/MapCodec;	CODEC	field_1_7784
FIELD	net/minecraft/world/level/levelgen/feature/DesertWellFeature	Lnet/minecraft/world/level/levelgen/feature/DesertWellFeature;	INSTANCE	field_1_7785
FIELD	net/minecraft/world/level/levelgen/feature/DesertWellFeature	Lnet/minecraft/world/level/block/state/BlockState;	SAND	field_1_7786
FIELD	net/minecraft/world/level/levelgen/feature/DesertWellFeature	Lnet/minecraft/world/level/block/state/BlockState;	SANDSTONE	field_1_7787
FIELD	net/minecraft/world/level/levelgen/feature/DesertWellFeature	Lnet/minecraft/world/level/block/state/BlockState;	SAND_SLAB	field_1_7788
FIELD	net/minecraft/world/level/levelgen/feature/DesertWellFeature	Lnet/minecraft/world/level/block/state/BlockState;	WATER	field_1_7789
FIELD	net/minecraft/world/level/levelgen/feature/EndGatewayFeature	Lcom/mojang/serialization/MapCodec;	CODEC	field_1_7790
FIELD	net/minecraft/world/level/levelgen/feature/EndGatewayFeature	Z	exact	comp_1_1026
FIELD	net/minecraft/world/level/levelgen/feature/EndGatewayFeature	Ljava/util/Optional;	exit	comp_1_1027
METHOD	net/minecraft/world/level/levelgen/feature/EndGatewayFeature	()Lnet/minecraft/world/level/levelgen/feature/EndGatewayFeature;	delayedExitSearch	method_1_7111
METHOD	net/minecraft/world/level/levelgen/feature/EndGatewayFeature	(Lnet/minecraft/core/BlockPos;Z)Lnet/minecraft/world/level/levelgen/feature/EndGatewayFeature;	knownExit	method_1_7112
METHOD	net/minecraft/world/level/levelgen/feature/EndGatewayFeature	(Lcom/mojang/serialization/codecs/RecordCodecBuilder$Instance;)Lcom/mojang/datafixers/kinds/App;	lambda$static$0	method_1_7113
FIELD	net/minecraft/world/level/levelgen/feature/FallenTreeFeature	Lcom/mojang/serialization/MapCodec;	CODEC	field_1_7791
FIELD	net/minecraft/world/level/levelgen/feature/FallenTreeFeature	Ljava/util/List;	logDecorators	comp_1_1028
FIELD	net/minecraft/world/level/levelgen/feature/FallenTreeFeature	Lnet/minecraft/util/valueproviders/IntProvider;	logLength	comp_1_1029
FIELD	net/minecraft/world/level/levelgen/feature/FallenTreeFeature	Ljava/util/List;	stumpDecorators	comp_1_1030
FIELD	net/minecraft/world/level/levelgen/feature/FallenTreeFeature	Lnet/minecraft/world/level/levelgen/feature/stateproviders/BlockStateProvider;	trunkProvider	comp_1_1031
METHOD	net/minecraft/world/level/levelgen/feature/FallenTreeFeature	(Lnet/minecraft/world/level/levelgen/feature/stateproviders/BlockStateProvider;Lnet/minecraft/util/valueproviders/IntProvider;)Lnet/minecraft/world/level/levelgen/feature/FallenTreeFeature$Builder;	builder	method_1_7114
METHOD	net/minecraft/world/level/levelgen/feature/FallenTreeFeature	(Lcom/mojang/serialization/codecs/RecordCodecBuilder$Instance;)Lcom/mojang/datafixers/kinds/App;	lambda$static$0	method_1_7115
CLASS	net/minecraft/world/level/levelgen/feature/FallenTreeFeature$Builder	class_1_1125
FIELD	net/minecraft/world/level/levelgen/feature/FallenTreeFeature$Builder	Ljava/util/List;	logDecorators	field_1_7792
FIELD	net/minecraft/world/level/levelgen/feature/FallenTreeFeature$Builder	Lnet/minecraft/util/valueproviders/IntProvider;	logLength	field_1_7793
FIELD	net/minecraft/world/level/levelgen/feature/FallenTreeFeature$Builder	Ljava/util/List;	stumpDecorators	field_1_7794
FIELD	net/minecraft/world/level/levelgen/feature/FallenTreeFeature$Builder	Lnet/minecraft/world/level/levelgen/feature/stateproviders/BlockStateProvider;	trunkProvider	field_1_7795
METHOD	net/minecraft/world/level/levelgen/feature/FallenTreeFeature$Builder	()Lnet/minecraft/world/level/levelgen/feature/FallenTreeFeature;	build	method_1_7116
METHOD	net/minecraft/world/level/levelgen/feature/FallenTreeFeature$Builder	(Lnet/minecraft/world/level/levelgen/feature/treedecorators/TreeDecorator;)Lnet/minecraft/world/level/levelgen/feature/FallenTreeFeature$Builder;	logDecorator	method_1_7117
METHOD	net/minecraft/world/level/levelgen/feature/FallenTreeFeature$Builder	(Lnet/minecraft/world/level/levelgen/feature/treedecorators/TreeDecorator;)Lnet/minecraft/world/level/levelgen/feature/FallenTreeFeature$Builder;	stumpDecorator	method_1_7118
FIELD	net/minecraft/world/level/levelgen/feature/HugeFungusFeature	Lcom/mojang/serialization/MapCodec;	CODEC	field_1_7796
FIELD	net/minecraft/world/level/levelgen/feature/HugeFungusFeature	Lnet/minecraft/world/level/block/state/BlockState;	decorState	comp_1_1032
FIELD	net/minecraft/world/level/levelgen/feature/HugeFungusFeature	Lnet/minecraft/world/level/block/state/BlockState;	hatState	comp_1_1033
FIELD	net/minecraft/world/level/levelgen/feature/HugeFungusFeature	Z	planted	comp_1_1034
FIELD	net/minecraft/world/level/levelgen/feature/HugeFungusFeature	Lnet/minecraft/world/level/levelgen/blockpredicates/BlockPredicate;	replaceableBlocks	comp_1_1035
FIELD	net/minecraft/world/level/levelgen/feature/HugeFungusFeature	Lnet/minecraft/world/level/block/state/BlockState;	stemState	comp_1_1036
FIELD	net/minecraft/world/level/levelgen/feature/HugeFungusFeature	Lnet/minecraft/world/level/block/state/BlockState;	validBaseState	comp_1_1037
METHOD	net/minecraft/world/level/levelgen/feature/HugeFungusFeature	(Lcom/mojang/serialization/codecs/RecordCodecBuilder$Instance;)Lcom/mojang/datafixers/kinds/App;	lambda$static$0	method_1_7119
FIELD	net/minecraft/world/level/levelgen/feature/RootSystemFeature	Lcom/mojang/serialization/MapCodec;	CODEC	field_1_7797
FIELD	net/minecraft/world/level/levelgen/feature/RootSystemFeature	Lnet/minecraft/world/level/levelgen/blockpredicates/BlockPredicate;	allowedTreePosition	comp_1_1038
FIELD	net/minecraft/world/level/levelgen/feature/RootSystemFeature	I	allowedVerticalWaterForTree	comp_1_1039
FIELD	net/minecraft/world/level/levelgen/feature/RootSystemFeature	I	hangingRootPlacementAttempts	comp_1_1040
FIELD	net/minecraft/world/level/levelgen/feature/RootSystemFeature	I	hangingRootRadius	comp_1_1041
FIELD	net/minecraft/world/level/levelgen/feature/RootSystemFeature	Lnet/minecraft/world/level/levelgen/feature/stateproviders/BlockStateProvider;	hangingRootStateProvider	comp_1_1042
FIELD	net/minecraft/world/level/levelgen/feature/RootSystemFeature	I	hangingRootsVerticalSpan	comp_1_1043
FIELD	net/minecraft/world/level/levelgen/feature/RootSystemFeature	I	levelTestDistance	comp_1_1044
FIELD	net/minecraft/world/level/levelgen/feature/RootSystemFeature	I	maxLevelDeviation	comp_1_1045
FIELD	net/minecraft/world/level/levelgen/feature/RootSystemFeature	I	requiredVerticalSpaceForTree	comp_1_1046
FIELD	net/minecraft/world/level/levelgen/feature/RootSystemFeature	I	rootColumnMaxHeight	comp_1_1047
FIELD	net/minecraft/world/level/levelgen/feature/RootSystemFeature	I	rootPlacementAttempts	comp_1_1048
FIELD	net/minecraft/world/level/levelgen/feature/RootSystemFeature	I	rootRadius	comp_1_1049
FIELD	net/minecraft/world/level/levelgen/feature/RootSystemFeature	Lnet/minecraft/core/HolderSet;	rootReplaceable	comp_1_1050
FIELD	net/minecraft/world/level/levelgen/feature/RootSystemFeature	Lnet/minecraft/world/level/levelgen/feature/stateproviders/BlockStateProvider;	rootStateProvider	comp_1_1051
FIELD	net/minecraft/world/level/levelgen/feature/RootSystemFeature	Lnet/minecraft/core/Holder;	treeFeature	comp_1_1052
METHOD	net/minecraft/world/level/levelgen/feature/RootSystemFeature	(Lcom/mojang/serialization/codecs/RecordCodecBuilder$Instance;)Lcom/mojang/datafixers/kinds/App;	lambda$static$0	method_1_7120
FIELD	net/minecraft/world/level/levelgen/feature/SculkPatchFeature	Lcom/mojang/serialization/MapCodec;	CODEC	field_1_7798
FIELD	net/minecraft/world/level/levelgen/feature/SculkPatchFeature	I	amountPerCharge	comp_1_1053
FIELD	net/minecraft/world/level/levelgen/feature/SculkPatchFeature	F	catalystChance	comp_1_1054
FIELD	net/minecraft/world/level/levelgen/feature/SculkPatchFeature	I	chargeCount	comp_1_1055
FIELD	net/minecraft/world/level/levelgen/feature/SculkPatchFeature	Lnet/minecraft/util/valueproviders/IntProvider;	extraRareGrowths	comp_1_1056
FIELD	net/minecraft/world/level/levelgen/feature/SculkPatchFeature	I	growthRounds	comp_1_1057
FIELD	net/minecraft/world/level/levelgen/feature/SculkPatchFeature	I	spreadAttempts	comp_1_1058
FIELD	net/minecraft/world/level/levelgen/feature/SculkPatchFeature	I	spreadRounds	comp_1_1059
METHOD	net/minecraft/world/level/levelgen/feature/SculkPatchFeature	(Lcom/mojang/serialization/codecs/RecordCodecBuilder$Instance;)Lcom/mojang/datafixers/kinds/App;	lambda$static$0	method_1_7121
FIELD	net/minecraft/world/level/levelgen/feature/SpeleothemFeature	Lcom/mojang/serialization/MapCodec;	CODEC	field_1_7799
FIELD	net/minecraft/world/level/levelgen/feature/SpeleothemFeature	Lnet/minecraft/world/level/block/state/BlockState;	baseBlock	comp_1_1060
FIELD	net/minecraft/world/level/levelgen/feature/SpeleothemFeature	F	chanceOfDirectionalSpread	comp_1_1061
FIELD	net/minecraft/world/level/levelgen/feature/SpeleothemFeature	F	chanceOfSpreadRadius2	comp_1_1062
FIELD	net/minecraft/world/level/levelgen/feature/SpeleothemFeature	F	chanceOfSpreadRadius3	comp_1_1063
FIELD	net/minecraft/world/level/levelgen/feature/SpeleothemFeature	F	chanceOfTallerGeneration	comp_1_1064
FIELD	net/minecraft/world/level/levelgen/feature/SpeleothemFeature	Lnet/minecraft/world/level/block/state/BlockState;	pointedBlock	comp_1_1065
FIELD	net/minecraft/world/level/levelgen/feature/SpeleothemFeature	Lnet/minecraft/core/HolderSet;	replaceableBlocks	comp_1_1066
METHOD	net/minecraft/world/level/levelgen/feature/SpeleothemFeature	(Lcom/mojang/serialization/codecs/RecordCodecBuilder$Instance;)Lcom/mojang/datafixers/kinds/App;	lambda$static$0	method_1_7122
CLASS	net/minecraft/client/resources/palette/PalettedTextureManager	class_1_1126
FIELD	net/minecraft/client/resources/palette/PalettedTextureManager	Lorg/slf4j/Logger;	LOGGER	field_1_7800
FIELD	net/minecraft/client/resources/palette/PalettedTextureManager	Ljava/util/List;	atlasTextures	field_1_7801
FIELD	net/minecraft/client/resources/palette/PalettedTextureManager	Lcom/google/common/cache/LoadingCache;	baseTextureCache	field_1_7802
FIELD	net/minecraft/client/resources/palette/PalettedTextureManager	Ljava/util/Map;	handles	field_1_7803
FIELD	net/minecraft/client/resources/palette/PalettedTextureManager	Lnet/minecraft/client/resources/palette/PalettedTextureManager$Handle;	missingHandle	field_1_7804
FIELD	net/minecraft/client/resources/palette/PalettedTextureManager	Ljava/util/List;	overflowTextures	field_1_7805
FIELD	net/minecraft/client/resources/palette/PalettedTextureManager	Ljava/util/function/BiFunction;	paletteMappings	field_1_7806
FIELD	net/minecraft/client/resources/palette/PalettedTextureManager	Lnet/minecraft/client/renderer/texture/TextureManager;	textureManager	field_1_7807
METHOD	net/minecraft/client/resources/palette/PalettedTextureManager	(II)Lnet/minecraft/client/resources/palette/PalettedTextureManager$Slot;	allocateSlot	method_1_7123
METHOD	net/minecraft/client/resources/palette/PalettedTextureManager	(Lnet/minecraft/resources/Identifier;Lnet/minecraft/resources/Identifier;)Lnet/minecraft/client/resources/palette/PalettedTextureManager$Handle;	getOrPrepare	method_1_7124
METHOD	net/minecraft/client/resources/palette/PalettedTextureManager	(Lnet/minecraft/resources/Identifier;Lnet/minecraft/resources/Identifier;)Lnet/minecraft/client/resources/palette/PaletteMapping;	lambda$close$0	method_1_7125
METHOD	net/minecraft/client/resources/palette/PalettedTextureManager	(Ljava/lang/String;)Ljava/lang/String;	lambda$loadBaseTexture$0	method_1_7126
METHOD	net/minecraft/client/resources/palette/PalettedTextureManager	(Lnet/minecraft/resources/Identifier;Lnet/minecraft/resources/Identifier;)Lnet/minecraft/client/resources/palette/PaletteMapping;	lambda$new$0	method_1_7127
METHOD	net/minecraft/client/resources/palette/PalettedTextureManager	(Lcom/google/common/cache/RemovalNotification;)V	lambda$new$1	method_1_7128
METHOD	net/minecraft/client/resources/palette/PalettedTextureManager	(Ljava/util/Map;)V	lambda$reload$0	method_1_7129
METHOD	net/minecraft/client/resources/palette/PalettedTextureManager	(Lnet/minecraft/resources/Identifier;Lnet/minecraft/server/packs/resources/ResourceManager;)Lnet/minecraft/client/resources/palette/PalettedTextureManager$BaseTexture;	loadBaseTexture	method_1_7130
METHOD	net/minecraft/client/resources/palette/PalettedTextureManager	(Lnet/minecraft/resources/Identifier;Lnet/minecraft/resources/Identifier;)Lnet/minecraft/client/resources/palette/PalettedTextureManager$Handle;	prepareSlot	method_1_7131
FIELD	net/minecraft/client/resources/palette/PalettedTextureManager$1	Lnet/minecraft/server/packs/resources/ResourceManager;	val$resourceManager	field_1_7808
METHOD	net/minecraft/client/resources/palette/PalettedTextureManager$1	(Lnet/minecraft/resources/Identifier;)Ljava/util/Optional;	load	method_1_7132
CLASS	net/minecraft/client/resources/palette/PalettedTextureManager$AtlasTexture	class_1_1127
FIELD	net/minecraft/client/resources/palette/PalettedTextureManager$AtlasTexture	I	SIZE	field_1_7809
FIELD	net/minecraft/client/resources/palette/PalettedTextureManager$AtlasTexture	Lnet/minecraft/resources/Identifier;	location	field_1_7810
FIELD	net/minecraft/client/resources/palette/PalettedTextureManager$AtlasTexture	Lnet/minecraft/client/renderer/texture/DynamicAtlasTree;	tree	field_1_7811
METHOD	net/minecraft/client/resources/palette/PalettedTextureManager$AtlasTexture	(I)I	lambda$dumpContents$0	method_1_7133
METHOD	net/minecraft/client/resources/palette/PalettedTextureManager$AtlasTexture	()Ljava/lang/String;	lambda$new$0	method_1_7134
METHOD	net/minecraft/client/resources/palette/PalettedTextureManager$AtlasTexture	(II)Lnet/minecraft/client/renderer/texture/DynamicAtlasTreeSlot;	tryAllocateSlot	method_1_7135
CLASS	net/minecraft/client/resources/palette/PalettedTextureManager$BaseTexture	class_1_1128
FIELD	net/minecraft/client/resources/palette/PalettedTextureManager$BaseTexture	Lcom/mojang/blaze3d/platform/NativeImage;	image	comp_1_1067
FIELD	net/minecraft/client/resources/palette/PalettedTextureManager$BaseTexture	Lnet/minecraft/client/resources/metadata/texture/PaletteMetadataSection;	paletteMetadata	comp_1_1068
CLASS	net/minecraft/client/resources/palette/PalettedTextureManager$Handle	class_1_1129
METHOD	net/minecraft/client/resources/palette/PalettedTextureManager$Handle	()Lnet/minecraft/resources/Identifier;	textureLocation	comp_1_1069
CLASS	net/minecraft/client/resources/palette/PalettedTextureManager$OverflowTexture	class_1_1130
FIELD	net/minecraft/client/resources/palette/PalettedTextureManager$OverflowTexture	Lnet/minecraft/resources/Identifier;	location	field_1_7812
CLASS	net/minecraft/client/resources/palette/PalettedTextureManager$Slot	class_1_1131
FIELD	net/minecraft/client/resources/palette/PalettedTextureManager$Slot	I	height	comp_1_1070
FIELD	net/minecraft/client/resources/palette/PalettedTextureManager$Slot	Lnet/minecraft/client/renderer/texture/AbstractTexture;	texture	comp_1_1071
FIELD	net/minecraft/client/resources/palette/PalettedTextureManager$Slot	I	width	comp_1_1072
FIELD	net/minecraft/client/resources/palette/PalettedTextureManager$Slot	I	x	comp_1_1073
FIELD	net/minecraft/client/resources/palette/PalettedTextureManager$Slot	I	y	comp_1_1074
CLASS	net/minecraft/client/resources/palette/PalettedTextureManager$SlotKey	class_1_1132
FIELD	net/minecraft/client/resources/palette/PalettedTextureManager$SlotKey	Lnet/minecraft/resources/Identifier;	baseTexture	comp_1_1075
FIELD	net/minecraft/client/resources/palette/PalettedTextureManager$SlotKey	Lnet/minecraft/resources/Identifier;	paletteId	comp_1_1076
FIELD	net/minecraft/world/entity/ai/behavior/GoAndGiveItemsToTarget	I	cooldownDuration	field_1_7813
FIELD	net/minecraft/world/entity/ai/behavior/GoAndGiveItemsToTarget	Lnet/minecraft/world/entity/ai/memory/MemoryModuleType;	cooldownMemory	field_1_7814
FIELD	net/minecraft/world/entity/ai/behavior/GoAndGiveItemsToTarget	Ljava/util/function/Predicate;	hasItemPredicate	field_1_7815
FIELD	net/minecraft/world/level/block/state/properties/BlockSetType	Lnet/minecraft/world/level/block/state/properties/BlockSetType;	POPLAR	field_1_7816
FIELD	net/minecraft/world/level/levelgen/carver/CarverConfiguration	F	probability	field_1_7817
CLASS	net/minecraft/world/level/levelgen/feature/AbstractOreFeature	class_1_1133
FIELD	net/minecraft/world/level/levelgen/feature/AbstractOreFeature	F	discardChanceOnAirExposure	field_1_7818
FIELD	net/minecraft/world/level/levelgen/feature/AbstractOreFeature	I	size	field_1_7819
FIELD	net/minecraft/world/level/levelgen/feature/AbstractOreFeature	Ljava/util/List;	targetStates	field_1_7820
METHOD	net/minecraft/world/level/levelgen/feature/AbstractOreFeature	(Lnet/minecraft/world/level/block/state/BlockState;Ljava/util/function/Function;Lnet/minecraft/util/RandomSource;Lnet/minecraft/world/level/levelgen/feature/BlockReplacement;Lnet/minecraft/core/BlockPos$MutableBlockPos;)Z	canPlaceOre	method_1_7136
METHOD	net/minecraft/world/level/levelgen/feature/AbstractOreFeature	(Ljava/util/function/Function;Lnet/minecraft/core/BlockPos;Ljava/util/function/Predicate;)Z	checkNeighbors	method_1_7137
METHOD	net/minecraft/world/level/levelgen/feature/AbstractOreFeature	()F	discardChanceOnAirExposure	method_1_7138
METHOD	net/minecraft/world/level/levelgen/feature/AbstractOreFeature	(Ljava/util/function/Function;Lnet/minecraft/core/BlockPos;)Z	isAdjacentToAir	method_1_7139
METHOD	net/minecraft/world/level/levelgen/feature/AbstractOreFeature	(Lcom/mojang/datafixers/util/Function3;Lcom/mojang/serialization/codecs/RecordCodecBuilder$Instance;)Lcom/mojang/datafixers/kinds/App;	lambda$makeCodec$0	method_1_7140
METHOD	net/minecraft/world/level/levelgen/feature/AbstractOreFeature	(Lcom/mojang/datafixers/util/Function3;)Lcom/mojang/serialization/MapCodec;	makeCodec	method_1_7141
METHOD	net/minecraft/world/level/levelgen/feature/AbstractOreFeature	(Lnet/minecraft/util/RandomSource;F)Z	shouldSkipAirCheck	method_1_7142
METHOD	net/minecraft/world/level/levelgen/feature/AbstractOreFeature	()I	size	method_1_7143
METHOD	net/minecraft/world/level/levelgen/feature/AbstractOreFeature	()Ljava/util/List;	targetStates	method_1_7144
FIELD	net/minecraft/world/level/levelgen/feature/BlockColumnFeature	Lcom/mojang/serialization/MapCodec;	CODEC	field_1_7821
FIELD	net/minecraft/world/level/levelgen/feature/BlockColumnFeature	Lnet/minecraft/world/level/levelgen/blockpredicates/BlockPredicate;	allowedPlacement	comp_1_1077
FIELD	net/minecraft/world/level/levelgen/feature/BlockColumnFeature	Lnet/minecraft/core/Direction;	direction	comp_1_1078
FIELD	net/minecraft/world/level/levelgen/feature/BlockColumnFeature	Ljava/util/List;	layers	comp_1_1079
FIELD	net/minecraft/world/level/levelgen/feature/BlockColumnFeature	Z	prioritizeTip	comp_1_1080
METHOD	net/minecraft/world/level/levelgen/feature/BlockColumnFeature	(Lcom/mojang/serialization/codecs/RecordCodecBuilder$Instance;)Lcom/mojang/datafixers/kinds/App;	lambda$static$0	method_1_7145
METHOD	net/minecraft/world/level/levelgen/feature/BlockColumnFeature	(Lnet/minecraft/util/valueproviders/IntProvider;Lnet/minecraft/world/level/levelgen/feature/stateproviders/BlockStateProvider;)Lnet/minecraft/world/level/levelgen/feature/BlockColumnFeature$Layer;	layer	method_1_7146
METHOD	net/minecraft/world/level/levelgen/feature/BlockColumnFeature	(Lnet/minecraft/util/valueproviders/IntProvider;Lnet/minecraft/world/level/levelgen/feature/stateproviders/BlockStateProvider;)Lnet/minecraft/world/level/levelgen/feature/BlockColumnFeature;	simple	method_1_7147
FIELD	net/minecraft/world/level/levelgen/feature/ChorusPlantFeature	Lcom/mojang/serialization/MapCodec;	CODEC	field_1_7822
FIELD	net/minecraft/world/level/levelgen/feature/ChorusPlantFeature	Lnet/minecraft/world/level/levelgen/feature/ChorusPlantFeature;	INSTANCE	field_1_7823
FIELD	net/minecraft/world/level/levelgen/feature/EndPlatformFeature	Lcom/mojang/serialization/MapCodec;	CODEC	field_1_7824
FIELD	net/minecraft/world/level/levelgen/feature/EndPlatformFeature	Lnet/minecraft/world/level/levelgen/feature/EndPlatformFeature;	INSTANCE	field_1_7825
FIELD	net/minecraft/world/level/levelgen/feature/MonsterRoomFeature	Lcom/mojang/serialization/MapCodec;	CODEC	field_1_7826
FIELD	net/minecraft/world/level/levelgen/feature/MonsterRoomFeature	Lnet/minecraft/world/level/levelgen/feature/MonsterRoomFeature;	INSTANCE	field_1_7827
METHOD	net/minecraft/world/level/levelgen/feature/MonsterRoomFeature	(Lnet/minecraft/world/level/block/state/BlockState;)Z	lambda$place$0	method_1_7148
FIELD	net/minecraft/world/level/levelgen/feature/SimpleBlockFeature	Lcom/mojang/serialization/MapCodec;	CODEC	field_1_7828
FIELD	net/minecraft/world/level/levelgen/feature/SimpleBlockFeature	Z	scheduleTick	comp_1_1081
FIELD	net/minecraft/world/level/levelgen/feature/SimpleBlockFeature	Lnet/minecraft/world/level/levelgen/feature/stateproviders/BlockStateProvider;	toPlace	comp_1_1082
METHOD	net/minecraft/world/level/levelgen/feature/SimpleBlockFeature	(Lcom/mojang/serialization/codecs/RecordCodecBuilder$Instance;)Lcom/mojang/datafixers/kinds/App;	lambda$static$0	method_1_7149
FIELD	net/minecraft/client/renderer/blockentity/DecoratedPotRenderer	Lnet/minecraft/client/renderer/blockentity/DecoratedPotRenderer$SideSprite;	blankSide	field_1_7829
FIELD	net/minecraft/client/renderer/blockentity/DecoratedPotRenderer	Ljava/util/Map;	sideCache	field_1_7830
METHOD	net/minecraft/client/renderer/blockentity/DecoratedPotRenderer	(Lnet/minecraft/resources/Identifier;)Lnet/minecraft/client/renderer/blockentity/DecoratedPotRenderer$SideSprite;	lambda$getSideSprite$0	method_1_7150
CLASS	net/minecraft/client/renderer/blockentity/DecoratedPotRenderer$SideSprite	class_1_1134
FIELD	net/minecraft/client/renderer/blockentity/DecoratedPotRenderer$SideSprite	Lnet/minecraft/client/renderer/rendertype/RenderType;	renderType	comp_1_1083
FIELD	net/minecraft/client/renderer/blockentity/DecoratedPotRenderer$SideSprite	Lnet/minecraft/client/renderer/texture/TextureAtlasSprite;	sprite	comp_1_1084
METHOD	net/minecraft/client/renderer/blockentity/DecoratedPotRenderer$SideSprite	(Lnet/minecraft/client/resources/model/sprite/SpriteGetter;Lnet/minecraft/client/resources/model/sprite/SpriteId;)Lnet/minecraft/client/renderer/blockentity/DecoratedPotRenderer$SideSprite;	create	method_1_7151
CLASS	net/minecraft/data/worldgen/material/VanillaMaterialConditions	class_1_1135
FIELD	net/minecraft/data/worldgen/material/VanillaMaterialConditions	Lnet/minecraft/resources/ResourceKey;	ABOVE_WATER	field_1_7831
FIELD	net/minecraft/data/worldgen/material/VanillaMaterialConditions	Lnet/minecraft/resources/ResourceKey;	DEEP_UNDER_FLOOR	field_1_7832
FIELD	net/minecraft/data/worldgen/material/VanillaMaterialConditions	Lnet/minecraft/resources/ResourceKey;	NOT_UNDERWATER	field_1_7833
FIELD	net/minecraft/data/worldgen/material/VanillaMaterialConditions	Lnet/minecraft/resources/ResourceKey;	NOT_UNDER_DEEP_WATER	field_1_7834
FIELD	net/minecraft/data/worldgen/material/VanillaMaterialConditions	Lnet/minecraft/resources/ResourceKey;	ON_CEILING	field_1_7835
FIELD	net/minecraft/data/worldgen/material/VanillaMaterialConditions	Lnet/minecraft/resources/ResourceKey;	ON_FLOOR	field_1_7836
FIELD	net/minecraft/data/worldgen/material/VanillaMaterialConditions	Lnet/minecraft/resources/ResourceKey;	UNDER_CEILING	field_1_7837
FIELD	net/minecraft/data/worldgen/material/VanillaMaterialConditions	Lnet/minecraft/resources/ResourceKey;	UNDER_FLOOR	field_1_7838
FIELD	net/minecraft/data/worldgen/material/VanillaMaterialConditions	Lnet/minecraft/resources/ResourceKey;	VERY_DEEP_UNDER_FLOOR	field_1_7839
METHOD	net/minecraft/data/worldgen/material/VanillaMaterialConditions	(Lnet/minecraft/data/worldgen/BootstrapContext;)V	bootstrap	method_1_7152
METHOD	net/minecraft/data/worldgen/material/VanillaMaterialConditions	(Ljava/lang/String;)Lnet/minecraft/resources/ResourceKey;	createKey	method_1_7153
FIELD	net/minecraft/world/level/levelgen/feature/BasaltPillarFeature	Lcom/mojang/serialization/MapCodec;	CODEC	field_1_7840
FIELD	net/minecraft/world/level/levelgen/feature/BasaltPillarFeature	Lnet/minecraft/world/level/levelgen/feature/BasaltPillarFeature;	INSTANCE	field_1_7841
FIELD	net/minecraft/world/level/levelgen/feature/ReplaceBlobsFeature	Lcom/mojang/serialization/MapCodec;	CODEC	field_1_7842
FIELD	net/minecraft/world/level/levelgen/feature/ReplaceBlobsFeature	Lnet/minecraft/util/valueproviders/IntProvider;	radius	comp_1_1085
FIELD	net/minecraft/world/level/levelgen/feature/ReplaceBlobsFeature	Lnet/minecraft/world/level/block/state/BlockState;	replaceState	comp_1_1086
FIELD	net/minecraft/world/level/levelgen/feature/ReplaceBlobsFeature	Lnet/minecraft/world/level/block/state/BlockState;	targetState	comp_1_1087
METHOD	net/minecraft/world/level/levelgen/feature/ReplaceBlobsFeature	(Lcom/mojang/serialization/codecs/RecordCodecBuilder$Instance;)Lcom/mojang/datafixers/kinds/App;	lambda$static$0	method_1_7154
FIELD	net/minecraft/world/level/levelgen/feature/ReplaceBlockFeature	Lcom/mojang/serialization/MapCodec;	CODEC	field_1_7843
FIELD	net/minecraft/world/level/levelgen/feature/ReplaceBlockFeature	Ljava/util/List;	replacements	comp_1_1088
METHOD	net/minecraft/world/level/levelgen/feature/ReplaceBlockFeature	(Lcom/mojang/serialization/codecs/RecordCodecBuilder$Instance;)Lcom/mojang/datafixers/kinds/App;	lambda$static$0	method_1_7155
FIELD	net/minecraft/world/level/levelgen/feature/ScatteredOreFeature	Lcom/mojang/serialization/MapCodec;	CODEC	field_1_7844
FIELD	net/minecraft/world/level/levelgen/feature/WeepingVinesFeature	Lcom/mojang/serialization/MapCodec;	CODEC	field_1_7845
FIELD	net/minecraft/world/level/levelgen/feature/WeepingVinesFeature	Lnet/minecraft/world/level/levelgen/feature/WeepingVinesFeature;	INSTANCE	field_1_7846
FIELD	net/minecraft/world/level/levelgen/structure/BuiltinStructures	Lnet/minecraft/resources/ResourceKey;	ABANDONDED_CAMP_BAMBOO_JUNGLE	field_1_7847
FIELD	net/minecraft/world/level/levelgen/structure/BuiltinStructures	Lnet/minecraft/resources/ResourceKey;	ABANDONDED_CAMP_BIRCH_FOREST	field_1_7848
FIELD	net/minecraft/world/level/levelgen/structure/BuiltinStructures	Lnet/minecraft/resources/ResourceKey;	ABANDONDED_CAMP_CHERRY_GROVE	field_1_7849
FIELD	net/minecraft/world/level/levelgen/structure/BuiltinStructures	Lnet/minecraft/resources/ResourceKey;	ABANDONDED_CAMP_DAPPLED_FOREST	field_1_7850
FIELD	net/minecraft/world/level/levelgen/structure/BuiltinStructures	Lnet/minecraft/resources/ResourceKey;	ABANDONDED_CAMP_FLOWER_FOREST	field_1_7851
FIELD	net/minecraft/world/level/levelgen/structure/BuiltinStructures	Lnet/minecraft/resources/ResourceKey;	ABANDONDED_CAMP_FOREST	field_1_7852
FIELD	net/minecraft/world/level/levelgen/structure/BuiltinStructures	Lnet/minecraft/resources/ResourceKey;	ABANDONDED_CAMP_MEADOW	field_1_7853
FIELD	net/minecraft/world/level/levelgen/structure/BuiltinStructures	Lnet/minecraft/resources/ResourceKey;	ABANDONDED_CAMP_OLD_GROWTH_BIRCH_FOREST	field_1_7854
FIELD	net/minecraft/world/level/levelgen/structure/BuiltinStructures	Lnet/minecraft/resources/ResourceKey;	ABANDONDED_CAMP_OLD_GROWTH_PINE_TAIGA	field_1_7855
FIELD	net/minecraft/world/level/levelgen/structure/BuiltinStructures	Lnet/minecraft/resources/ResourceKey;	ABANDONDED_CAMP_OLD_GROWTH_SPRUCE_TAIGA	field_1_7856
FIELD	net/minecraft/world/level/levelgen/structure/BuiltinStructures	Lnet/minecraft/resources/ResourceKey;	ABANDONDED_CAMP_PALE_GARDEN	field_1_7857
FIELD	net/minecraft/world/level/levelgen/structure/BuiltinStructures	Lnet/minecraft/resources/ResourceKey;	ABANDONDED_CAMP_SAVANNA	field_1_7858
FIELD	net/minecraft/world/level/levelgen/structure/BuiltinStructures	Lnet/minecraft/resources/ResourceKey;	ABANDONDED_CAMP_SNOWY_TAIGA	field_1_7859
FIELD	net/minecraft/world/level/levelgen/structure/BuiltinStructures	Lnet/minecraft/resources/ResourceKey;	ABANDONDED_CAMP_SPARSE_JUNGLE	field_1_7860
FIELD	net/minecraft/world/level/levelgen/structure/BuiltinStructures	Lnet/minecraft/resources/ResourceKey;	ABANDONDED_CAMP_SWAMP	field_1_7861
FIELD	net/minecraft/world/level/levelgen/structure/BuiltinStructures	Lnet/minecraft/resources/ResourceKey;	ABANDONDED_CAMP_TAIGA	field_1_7862
FIELD	net/minecraft/world/level/levelgen/structure/BuiltinStructures	Lnet/minecraft/resources/ResourceKey;	ABANDONDED_CAMP_WINDSWEPT_FOREST	field_1_7863
FIELD	net/minecraft/world/level/levelgen/structure/BuiltinStructures	Lnet/minecraft/resources/ResourceKey;	ABANDONDED_CAMP_WOODED_BADLANDS	field_1_7864
FIELD	net/minecraft/world/level/levelgen/feature/BasaltColumnsFeature	Lcom/mojang/serialization/MapCodec;	CODEC	field_1_7865
FIELD	net/minecraft/world/level/levelgen/feature/BasaltColumnsFeature	Lnet/minecraft/util/valueproviders/IntProvider;	height	comp_1_1089
FIELD	net/minecraft/world/level/levelgen/feature/BasaltColumnsFeature	Lnet/minecraft/util/valueproviders/IntProvider;	reach	comp_1_1090
METHOD	net/minecraft/world/level/levelgen/feature/BasaltColumnsFeature	(Lcom/mojang/serialization/codecs/RecordCodecBuilder$Instance;)Lcom/mojang/datafixers/kinds/App;	lambda$static$0	method_1_7156
FIELD	net/minecraft/world/level/levelgen/feature/CoralMushroomFeature	Lcom/mojang/serialization/MapCodec;	CODEC	field_1_7866
FIELD	net/minecraft/world/level/levelgen/feature/CoralMushroomFeature	Lnet/minecraft/world/level/levelgen/feature/CoralMushroomFeature;	INSTANCE	field_1_7867
FIELD	net/minecraft/world/level/levelgen/feature/SnowAndFreezeFeature	Lcom/mojang/serialization/MapCodec;	CODEC	field_1_7868
FIELD	net/minecraft/world/level/levelgen/feature/SnowAndFreezeFeature	Lnet/minecraft/world/level/levelgen/feature/SnowAndFreezeFeature;	INSTANCE	field_1_7869
FIELD	net/minecraft/world/level/levelgen/feature/TwistingVinesFeature	Lcom/mojang/serialization/MapCodec;	CODEC	field_1_7870
FIELD	net/minecraft/world/level/levelgen/feature/TwistingVinesFeature	I	maxHeight	comp_1_1091
FIELD	net/minecraft/world/level/levelgen/feature/TwistingVinesFeature	I	spreadHeight	comp_1_1092
FIELD	net/minecraft/world/level/levelgen/feature/TwistingVinesFeature	I	spreadWidth	comp_1_1093
METHOD	net/minecraft/world/level/levelgen/feature/TwistingVinesFeature	(Lcom/mojang/serialization/codecs/RecordCodecBuilder$Instance;)Lcom/mojang/datafixers/kinds/App;	lambda$static$0	method_1_7157
METHOD	net/minecraft/world/level/storage/loot/predicates/LocationCheck	(Lnet/minecraft/advancements/predicates/LocationPredicate$Builder;Lnet/minecraft/core/Direction;)Lnet/minecraft/world/level/storage/loot/predicates/LootItemCondition$Builder;	checkLocation	method_1_7158
METHOD	net/minecraft/world/level/block/entity/trialspawner/TrialSpawner	(Lnet/minecraft/world/item/component/TypedEntityData;Lnet/minecraft/world/level/Level;)V	overrideEntityToSpawn	method_1_7159
METHOD	net/minecraft/world/level/block/entity/trialspawner/TrialSpawner$FullConfig	(Lnet/minecraft/world/item/component/TypedEntityData;)Lnet/minecraft/world/level/block/entity/trialspawner/TrialSpawner$FullConfig;	overrideEntityData	method_1_7160
FIELD	net/minecraft/world/level/levelgen/feature/LargeDripstoneFeature	Lcom/mojang/serialization/MapCodec;	CODEC	field_1_7871
FIELD	net/minecraft/world/level/levelgen/feature/LargeDripstoneFeature	Lnet/minecraft/util/valueproviders/IntProvider;	columnRadius	comp_1_1094
FIELD	net/minecraft/world/level/levelgen/feature/LargeDripstoneFeature	I	floorToCeilingSearchRange	comp_1_1095
FIELD	net/minecraft/world/level/levelgen/feature/LargeDripstoneFeature	Lnet/minecraft/util/valueproviders/FloatProvider;	heightScale	comp_1_1096
FIELD	net/minecraft/world/level/levelgen/feature/LargeDripstoneFeature	F	maxColumnRadiusToCaveHeightRatio	comp_1_1097
FIELD	net/minecraft/world/level/levelgen/feature/LargeDripstoneFeature	F	minBluntnessForWind	comp_1_1098
FIELD	net/minecraft/world/level/levelgen/feature/LargeDripstoneFeature	I	minRadiusForWind	comp_1_1099
FIELD	net/minecraft/world/level/levelgen/feature/LargeDripstoneFeature	Lnet/minecraft/core/HolderSet;	replaceableBlocks	comp_1_1100
FIELD	net/minecraft/world/level/levelgen/feature/LargeDripstoneFeature	Lnet/minecraft/util/valueproviders/FloatProvider;	stalactiteBluntness	comp_1_1101
FIELD	net/minecraft/world/level/levelgen/feature/LargeDripstoneFeature	Lnet/minecraft/util/valueproviders/FloatProvider;	stalagmiteBluntness	comp_1_1102
FIELD	net/minecraft/world/level/levelgen/feature/LargeDripstoneFeature	Lnet/minecraft/util/valueproviders/FloatProvider;	windSpeed	comp_1_1103
METHOD	net/minecraft/world/level/levelgen/feature/LargeDripstoneFeature	(Lnet/minecraft/world/level/block/state/BlockState;)Z	lambda$place$0	method_1_7161
METHOD	net/minecraft/world/level/levelgen/feature/LargeDripstoneFeature	(Lcom/mojang/serialization/codecs/RecordCodecBuilder$Instance;)Lcom/mojang/datafixers/kinds/App;	lambda$static$0	method_1_7162
FIELD	net/minecraft/world/level/levelgen/feature/RandomSelectorFeature	Lcom/mojang/serialization/MapCodec;	CODEC	field_1_7872
FIELD	net/minecraft/world/level/levelgen/feature/RandomSelectorFeature	Lnet/minecraft/core/Holder;	defaultFeature	comp_1_1104
FIELD	net/minecraft/world/level/levelgen/feature/RandomSelectorFeature	Ljava/util/List;	features	comp_1_1105
METHOD	net/minecraft/world/level/levelgen/feature/RandomSelectorFeature	(Lnet/minecraft/world/level/levelgen/feature/WeightedPlacedFeature;)Ljava/util/stream/Stream;	lambda$getSubFeatures$0	method_1_7163
METHOD	net/minecraft/world/level/levelgen/feature/RandomSelectorFeature	(Lcom/mojang/serialization/codecs/RecordCodecBuilder$Instance;)Lcom/mojang/datafixers/kinds/App;	lambda$static$0	method_1_7164
METHOD	net/minecraft/world/level/levelgen/blockpredicates/BlockPredicate	(Lnet/minecraft/core/Directional;Lnet/minecraft/tags/TagKey;)Lnet/minecraft/world/level/levelgen/blockpredicates/BlockPredicate;	matchesTag	method_1_7165
FIELD	net/minecraft/world/level/levelgen/feature/HugeRedMushroomFeature	Lcom/mojang/serialization/MapCodec;	CODEC	field_1_7873
FIELD	net/minecraft/world/level/levelgen/feature/HugeRedMushroomFeature	Lnet/minecraft/world/level/levelgen/blockpredicates/BlockPredicate;	canPlaceOn	comp_1_1106
FIELD	net/minecraft/world/level/levelgen/feature/HugeRedMushroomFeature	Lnet/minecraft/world/level/levelgen/feature/stateproviders/BlockStateProvider;	capProvider	comp_1_1107
FIELD	net/minecraft/world/level/levelgen/feature/HugeRedMushroomFeature	I	foliageRadius	comp_1_1108
FIELD	net/minecraft/world/level/levelgen/feature/HugeRedMushroomFeature	Lnet/minecraft/world/level/levelgen/feature/stateproviders/BlockStateProvider;	stemProvider	comp_1_1109
METHOD	net/minecraft/world/level/levelgen/feature/HugeRedMushroomFeature	(Lcom/mojang/serialization/codecs/RecordCodecBuilder$Instance;)Lcom/mojang/datafixers/kinds/App;	lambda$static$0	method_1_7166
FIELD	net/minecraft/world/level/levelgen/feature/MultifaceGrowthFeature	Lcom/mojang/serialization/MapCodec;	CODEC	field_1_7874
FIELD	net/minecraft/world/level/levelgen/feature/MultifaceGrowthFeature	Lnet/minecraft/core/HolderSet;	canBePlacedOn	comp_1_1110
FIELD	net/minecraft/world/level/levelgen/feature/MultifaceGrowthFeature	Z	canPlaceOnCeiling	comp_1_1111
FIELD	net/minecraft/world/level/levelgen/feature/MultifaceGrowthFeature	Z	canPlaceOnFloor	comp_1_1112
FIELD	net/minecraft/world/level/levelgen/feature/MultifaceGrowthFeature	Z	canPlaceOnWall	comp_1_1113
FIELD	net/minecraft/world/level/levelgen/feature/MultifaceGrowthFeature	F	chanceOfSpreading	comp_1_1114
FIELD	net/minecraft/world/level/levelgen/feature/MultifaceGrowthFeature	Lnet/minecraft/world/level/block/Block;	placeBlock	comp_1_1115
FIELD	net/minecraft/world/level/levelgen/feature/MultifaceGrowthFeature	I	searchRange	comp_1_1116
METHOD	net/minecraft/world/level/levelgen/feature/MultifaceGrowthFeature	(Lnet/minecraft/util/RandomSource;)Ljava/util/List;	getShuffledDirections	method_1_7167
METHOD	net/minecraft/world/level/levelgen/feature/MultifaceGrowthFeature	(Lnet/minecraft/util/RandomSource;Lnet/minecraft/core/Direction;)Ljava/util/List;	getShuffledDirectionsExcept	method_1_7168
METHOD	net/minecraft/world/level/levelgen/feature/MultifaceGrowthFeature	(Lnet/minecraft/core/Direction;Lnet/minecraft/core/Direction;)Z	lambda$getShuffledDirectionsExcept$0	method_1_7169
METHOD	net/minecraft/world/level/levelgen/feature/MultifaceGrowthFeature	(Lcom/mojang/serialization/codecs/RecordCodecBuilder$Instance;)Lcom/mojang/datafixers/kinds/App;	lambda$static$0	method_1_7170
METHOD	net/minecraft/world/level/levelgen/feature/MultifaceGrowthFeature	()Ljava/lang/String;	lambda$validateBlock$0	method_1_7171
METHOD	net/minecraft/world/level/levelgen/feature/MultifaceGrowthFeature	()Lit/unimi/dsi/fastutil/objects/ObjectArrayList;	validDirections	method_1_7172
METHOD	net/minecraft/world/level/levelgen/feature/MultifaceGrowthFeature	(Lnet/minecraft/world/level/block/Block;)Lcom/mojang/serialization/DataResult;	validateBlock	method_1_7173
FIELD	net/minecraft/world/level/levelgen/feature/UnderwaterMagmaFeature	Lcom/mojang/serialization/MapCodec;	CODEC	field_1_7875
FIELD	net/minecraft/world/level/levelgen/feature/UnderwaterMagmaFeature	I	floorSearchRange	comp_1_1117
FIELD	net/minecraft/world/level/levelgen/feature/UnderwaterMagmaFeature	F	placementProbabilityPerValidPosition	comp_1_1118
FIELD	net/minecraft/world/level/levelgen/feature/UnderwaterMagmaFeature	I	placementRadiusAroundFloor	comp_1_1119
METHOD	net/minecraft/world/level/levelgen/feature/UnderwaterMagmaFeature	(Lcom/mojang/serialization/codecs/RecordCodecBuilder$Instance;)Lcom/mojang/datafixers/kinds/App;	lambda$static$0	method_1_7174
FIELD	net/minecraft/world/level/levelgen/feature/VegetationPatchFeature	Lcom/mojang/serialization/MapCodec;	CODEC	field_1_7876
FIELD	net/minecraft/world/level/levelgen/feature/VegetationPatchFeature	Lnet/minecraft/util/valueproviders/IntProvider;	depth	field_1_7877
FIELD	net/minecraft/world/level/levelgen/feature/VegetationPatchFeature	F	extraBottomBlockChance	field_1_7878
FIELD	net/minecraft/world/level/levelgen/feature/VegetationPatchFeature	F	extraEdgeColumnChance	field_1_7879
FIELD	net/minecraft/world/level/levelgen/feature/VegetationPatchFeature	Lnet/minecraft/world/level/levelgen/feature/stateproviders/BlockStateProvider;	groundState	field_1_7880
FIELD	net/minecraft/world/level/levelgen/feature/VegetationPatchFeature	Lnet/minecraft/core/HolderSet;	replaceable	field_1_7881
FIELD	net/minecraft/world/level/levelgen/feature/VegetationPatchFeature	Lnet/minecraft/world/level/levelgen/placement/CaveSurface;	surface	field_1_7882
FIELD	net/minecraft/world/level/levelgen/feature/VegetationPatchFeature	F	vegetationChance	field_1_7883
FIELD	net/minecraft/world/level/levelgen/feature/VegetationPatchFeature	Lnet/minecraft/core/Holder;	vegetationFeature	field_1_7884
FIELD	net/minecraft/world/level/levelgen/feature/VegetationPatchFeature	I	verticalRange	field_1_7885
FIELD	net/minecraft/world/level/levelgen/feature/VegetationPatchFeature	Lnet/minecraft/util/valueproviders/IntProvider;	xzRadius	field_1_7886
METHOD	net/minecraft/world/level/levelgen/feature/VegetationPatchFeature	(Lcom/mojang/datafixers/util/Function10;Lcom/mojang/serialization/codecs/RecordCodecBuilder$Instance;)Lcom/mojang/datafixers/kinds/App;	lambda$makeCodec$0	method_1_7175
METHOD	net/minecraft/world/level/levelgen/feature/VegetationPatchFeature	(Lnet/minecraft/world/level/levelgen/feature/VegetationPatchFeature;)Lnet/minecraft/core/HolderSet;	lambda$makeCodec$1	method_1_7176
METHOD	net/minecraft/world/level/levelgen/feature/VegetationPatchFeature	(Lnet/minecraft/world/level/levelgen/feature/VegetationPatchFeature;)Ljava/lang/Float;	lambda$makeCodec$10	method_1_7177
METHOD	net/minecraft/world/level/levelgen/feature/VegetationPatchFeature	(Lnet/minecraft/world/level/levelgen/feature/VegetationPatchFeature;)Lnet/minecraft/world/level/levelgen/feature/stateproviders/BlockStateProvider;	lambda$makeCodec$2	method_1_7178
METHOD	net/minecraft/world/level/levelgen/feature/VegetationPatchFeature	(Lnet/minecraft/world/level/levelgen/feature/VegetationPatchFeature;)Lnet/minecraft/core/Holder;	lambda$makeCodec$3	method_1_7179
METHOD	net/minecraft/world/level/levelgen/feature/VegetationPatchFeature	(Lnet/minecraft/world/level/levelgen/feature/VegetationPatchFeature;)Lnet/minecraft/world/level/levelgen/placement/CaveSurface;	lambda$makeCodec$4	method_1_7180
METHOD	net/minecraft/world/level/levelgen/feature/VegetationPatchFeature	(Lnet/minecraft/world/level/levelgen/feature/VegetationPatchFeature;)Lnet/minecraft/util/valueproviders/IntProvider;	lambda$makeCodec$5	method_1_7181
METHOD	net/minecraft/world/level/levelgen/feature/VegetationPatchFeature	(Lnet/minecraft/world/level/levelgen/feature/VegetationPatchFeature;)Ljava/lang/Float;	lambda$makeCodec$6	method_1_7182
METHOD	net/minecraft/world/level/levelgen/feature/VegetationPatchFeature	(Lnet/minecraft/world/level/levelgen/feature/VegetationPatchFeature;)Ljava/lang/Integer;	lambda$makeCodec$7	method_1_7183
METHOD	net/minecraft/world/level/levelgen/feature/VegetationPatchFeature	(Lnet/minecraft/world/level/levelgen/feature/VegetationPatchFeature;)Ljava/lang/Float;	lambda$makeCodec$8	method_1_7184
METHOD	net/minecraft/world/level/levelgen/feature/VegetationPatchFeature	(Lnet/minecraft/world/level/levelgen/feature/VegetationPatchFeature;)Lnet/minecraft/util/valueproviders/IntProvider;	lambda$makeCodec$9	method_1_7185
METHOD	net/minecraft/world/level/levelgen/feature/VegetationPatchFeature	(Lcom/mojang/datafixers/util/Function10;)Lcom/mojang/serialization/MapCodec;	makeCodec	method_1_7186
FIELD	net/minecraft/world/level/levelgen/structure/BuiltinStructureSets	Lnet/minecraft/resources/ResourceKey;	ABANDONED_CAMP	field_1_7887
METHOD	net/minecraft/client/renderer/entity/layers/EquipmentLayerRenderer	(Lnet/minecraft/client/resources/palette/PalettedTextureManager;Lnet/minecraft/client/renderer/entity/layers/EquipmentLayerRenderer$TrimTextureKey;)Lnet/minecraft/client/resources/palette/PalettedTextureManager$Handle;	lambda$new$1	method_1_7187
FIELD	net/minecraft/client/renderer/entity/layers/EquipmentLayerRenderer$TrimTextureKey	Lnet/minecraft/client/resources/model/EquipmentClientInfo;	equipmentInfo	comp_1_1120
METHOD	net/minecraft/client/renderer/entity/layers/EquipmentLayerRenderer$TrimTextureKey	()Lnet/minecraft/resources/Identifier;	baseTexture	method_1_7188
METHOD	net/minecraft/client/renderer/entity/layers/EquipmentLayerRenderer$TrimTextureKey	(Ljava/lang/String;)Ljava/lang/String;	lambda$baseTexture$0	method_1_7189
METHOD	net/minecraft/client/renderer/entity/layers/EquipmentLayerRenderer$TrimTextureKey	()Lnet/minecraft/resources/Identifier;	paletteId	method_1_7190
METHOD	net/minecraft/client/renderer/blockentity/AbstractEndPortalRenderer	(Lcom/mojang/blaze3d/vertex/VertexConsumer;)V	lambda$submitCube$0	method_1_7191
METHOD	net/minecraft/client/renderer/blockentity/AbstractEndPortalRenderer	(ILcom/mojang/blaze3d/vertex/VertexConsumer;)V	lambda$submitSpecial$0	method_1_7192
METHOD	net/minecraft/client/renderer/blockentity/AbstractEndPortalRenderer	(Ljava/util/Collection;Lnet/minecraft/client/renderer/rendertype/RenderType;Lcom/mojang/blaze3d/vertex/PoseStack;Lnet/minecraft/client/renderer/SubmitNodeCollector;Ljava/util/function/Consumer;)V	submitCube	method_1_7193
FIELD	net/minecraft/world/level/levelgen/feature/HugeBrownMushroomFeature	Lcom/mojang/serialization/MapCodec;	CODEC	field_1_7888
FIELD	net/minecraft/world/level/levelgen/feature/HugeBrownMushroomFeature	Lnet/minecraft/world/level/levelgen/blockpredicates/BlockPredicate;	canPlaceOn	comp_1_1121
FIELD	net/minecraft/world/level/levelgen/feature/HugeBrownMushroomFeature	Lnet/minecraft/world/level/levelgen/feature/stateproviders/BlockStateProvider;	capProvider	comp_1_1122
FIELD	net/minecraft/world/level/levelgen/feature/HugeBrownMushroomFeature	I	foliageRadius	comp_1_1123
FIELD	net/minecraft/world/level/levelgen/feature/HugeBrownMushroomFeature	Lnet/minecraft/world/level/levelgen/feature/stateproviders/BlockStateProvider;	stemProvider	comp_1_1124
METHOD	net/minecraft/world/level/levelgen/feature/HugeBrownMushroomFeature	(Lcom/mojang/serialization/codecs/RecordCodecBuilder$Instance;)Lcom/mojang/datafixers/kinds/App;	lambda$static$0	method_1_7194
FIELD	net/minecraft/world/level/levelgen/feature/SpeleothemClusterFeature	Lcom/mojang/serialization/MapCodec;	CODEC	field_1_7889
FIELD	net/minecraft/world/level/levelgen/feature/SpeleothemClusterFeature	Lnet/minecraft/world/level/block/state/BlockState;	baseBlock	comp_1_1125
FIELD	net/minecraft/world/level/levelgen/feature/SpeleothemClusterFeature	F	chanceOfSpeleothemAtMaxDistanceFromCenter	comp_1_1126
FIELD	net/minecraft/world/level/levelgen/feature/SpeleothemClusterFeature	Lnet/minecraft/util/valueproviders/FloatProvider;	density	comp_1_1127
FIELD	net/minecraft/world/level/levelgen/feature/SpeleothemClusterFeature	I	floorToCeilingSearchRange	comp_1_1128
FIELD	net/minecraft/world/level/levelgen/feature/SpeleothemClusterFeature	I	heightDeviation	comp_1_1129
FIELD	net/minecraft/world/level/levelgen/feature/SpeleothemClusterFeature	Lnet/minecraft/util/valueproviders/IntProvider;	height	comp_1_1130
FIELD	net/minecraft/world/level/levelgen/feature/SpeleothemClusterFeature	I	maxDistanceFromCenterAffectingHeightBias	comp_1_1131
FIELD	net/minecraft/world/level/levelgen/feature/SpeleothemClusterFeature	I	maxDistanceFromEdgeAffectingChanceOfSpeleothem	comp_1_1132
FIELD	net/minecraft/world/level/levelgen/feature/SpeleothemClusterFeature	I	maxStalagmiteStalactiteHeightDiff	comp_1_1133
FIELD	net/minecraft/world/level/levelgen/feature/SpeleothemClusterFeature	Lnet/minecraft/world/level/block/state/BlockState;	pointedBlock	comp_1_1134
FIELD	net/minecraft/world/level/levelgen/feature/SpeleothemClusterFeature	Lnet/minecraft/util/valueproviders/IntProvider;	radius	comp_1_1135
FIELD	net/minecraft/world/level/levelgen/feature/SpeleothemClusterFeature	Lnet/minecraft/core/HolderSet;	replaceableBlocks	comp_1_1136
FIELD	net/minecraft/world/level/levelgen/feature/SpeleothemClusterFeature	Lnet/minecraft/util/valueproviders/IntProvider;	speleothemBlockLayerThickness	comp_1_1137
FIELD	net/minecraft/world/level/levelgen/feature/SpeleothemClusterFeature	Lnet/minecraft/util/valueproviders/FloatProvider;	wetness	comp_1_1138
METHOD	net/minecraft/world/level/levelgen/feature/SpeleothemClusterFeature	(Lcom/mojang/serialization/codecs/RecordCodecBuilder$Instance;)Lcom/mojang/datafixers/kinds/App;	lambda$static$0	method_1_7195
FIELD	net/minecraft/world/level/levelgen/feature/VoidStartPlatformFeature	Lcom/mojang/serialization/MapCodec;	CODEC	field_1_7890
FIELD	net/minecraft/world/level/levelgen/feature/VoidStartPlatformFeature	Lnet/minecraft/world/level/levelgen/feature/VoidStartPlatformFeature;	INSTANCE	field_1_7891
FIELD	net/minecraft/world/level/storage/loot/parameters/LootContextParams	Lnet/minecraft/util/context/ContextKey;	CONTAINER	field_1_7892
CLASS	net/minecraft/world/level/block/sounds/AmbientLeavesBlockSoundPlayer	class_1_1136
FIELD	net/minecraft/world/level/block/sounds/AmbientLeavesBlockSoundPlayer	I	AMBIENT_SOUND_CHANCE	field_1_7893
FIELD	net/minecraft/world/level/block/sounds/AmbientLeavesBlockSoundPlayer	Lcom/mojang/serialization/Codec;	CODEC	field_1_7894
FIELD	net/minecraft/world/level/block/sounds/AmbientLeavesBlockSoundPlayer	I	NEARBY_SAME_LEAVES_REQUIRED	field_1_7895
FIELD	net/minecraft/world/level/block/sounds/AmbientLeavesBlockSoundPlayer	I	NEARBY_SATISFYING_BLOCKS_REQUIRED	field_1_7896
FIELD	net/minecraft/world/level/block/sounds/AmbientLeavesBlockSoundPlayer	Lnet/minecraft/world/level/block/sounds/AmbientLeavesBlockSoundPlayer;	NO_SOUND	field_1_7897
FIELD	net/minecraft/world/level/block/sounds/AmbientLeavesBlockSoundPlayer	Ljava/util/Optional;	ambientSound	comp_1_1139
FIELD	net/minecraft/world/level/block/sounds/AmbientLeavesBlockSoundPlayer	I	chance	comp_1_1140
FIELD	net/minecraft/world/level/block/sounds/AmbientLeavesBlockSoundPlayer	I	nearbySameLeavesRequired	comp_1_1141
FIELD	net/minecraft/world/level/block/sounds/AmbientLeavesBlockSoundPlayer	I	nearbySatisfyingBlocksRequired	comp_1_1142
FIELD	net/minecraft/world/level/block/sounds/AmbientLeavesBlockSoundPlayer	Ljava/util/Optional;	satisfyingBlocks	comp_1_1143
METHOD	net/minecraft/world/level/block/sounds/AmbientLeavesBlockSoundPlayer	(Lcom/mojang/serialization/codecs/RecordCodecBuilder$Instance;)Lcom/mojang/datafixers/kinds/App;	lambda$static$0	method_1_7196
METHOD	net/minecraft/world/level/block/sounds/AmbientLeavesBlockSoundPlayer	()Lnet/minecraft/world/level/block/sounds/AmbientLeavesBlockSoundPlayer;	noAmbientSound	method_1_7197
METHOD	net/minecraft/world/level/block/sounds/AmbientLeavesBlockSoundPlayer	(Lnet/minecraft/core/Holder;Lnet/minecraft/tags/TagKey;)Lnet/minecraft/world/level/block/sounds/AmbientLeavesBlockSoundPlayer;	of	method_1_7198
METHOD	net/minecraft/world/level/block/sounds/AmbientLeavesBlockSoundPlayer	(Lnet/minecraft/world/level/Level;Lnet/minecraft/core/BlockPos;Lnet/minecraft/world/level/block/Block;Lnet/minecraft/util/RandomSource;)V	playAmbientLeavesSounds	method_1_7199
METHOD	net/minecraft/world/level/levelgen/structure/templatesystem/RuleTest	(Ljava/util/List;)Lnet/minecraft/world/level/levelgen/structure/templatesystem/RuleTest;	allOf	method_1_7200
METHOD	net/minecraft/world/level/levelgen/structure/templatesystem/RuleTest	([Lnet/minecraft/world/level/levelgen/structure/templatesystem/RuleTest;)Lnet/minecraft/world/level/levelgen/structure/templatesystem/RuleTest;	allOf	method_1_7201
FIELD	net/minecraft/world/level/storage/loot/ContainerComponentManipulator	Lnet/minecraft/world/item/component/ContainerComponent;	empty	comp_1_1144
FIELD	net/minecraft/world/level/storage/loot/ContainerComponentManipulator	Lnet/minecraft/core/component/DataComponentType;	type	comp_1_1145
CLASS	net/minecraft/world/level/storage/loot/ContainerComponentManipulator$ComponentSlotCollection	class_1_1137
FIELD	net/minecraft/world/level/storage/loot/ContainerComponentManipulator$ComponentSlotCollection	Lnet/minecraft/world/level/storage/loot/ContainerComponentManipulator;	component	comp_1_1146
FIELD	net/minecraft/world/level/storage/loot/ContainerComponentManipulator$ComponentSlotCollection	Lnet/minecraft/world/item/ItemStack;	itemStack	comp_1_1147
CLASS	net/minecraft/client/resources/sounds/UnderLiquidAmbientSoundInstance	class_1_1138
FIELD	net/minecraft/client/resources/sounds/UnderLiquidAmbientSoundInstance	I	FADE_DURATION	field_1_7898
FIELD	net/minecraft/client/resources/sounds/UnderLiquidAmbientSoundInstance	I	fade	field_1_7899
FIELD	net/minecraft/client/resources/sounds/UnderLiquidAmbientSoundInstance	Ljava/util/function/Predicate;	isUnderLiquid	field_1_7900
FIELD	net/minecraft/client/resources/sounds/UnderLiquidAmbientSoundInstance	Lnet/minecraft/client/player/LocalPlayer;	player	field_1_7901
METHOD	net/minecraft/client/resources/sounds/UnderLiquidAmbientSoundInstance	(Lnet/minecraft/client/player/LocalPlayer;)Lnet/minecraft/client/resources/sounds/UnderLiquidAmbientSoundInstance;	underwater	method_1_7202
CLASS	net/minecraft/client/resources/metadata/texture/PaletteMetadataSection	class_1_1139
FIELD	net/minecraft/client/resources/metadata/texture/PaletteMetadataSection	Lcom/mojang/serialization/Codec;	CODEC	field_1_7902
FIELD	net/minecraft/client/resources/metadata/texture/PaletteMetadataSection	Lnet/minecraft/server/packs/metadata/MetadataSectionType;	TYPE	field_1_7903
FIELD	net/minecraft/client/resources/metadata/texture/PaletteMetadataSection	Lnet/minecraft/resources/Identifier;	basePalette	comp_1_1148
METHOD	net/minecraft/client/resources/metadata/texture/PaletteMetadataSection	(Lcom/mojang/serialization/codecs/RecordCodecBuilder$Instance;)Lcom/mojang/datafixers/kinds/App;	lambda$static$0	method_1_7203
METHOD	net/minecraft/world/level/block/entity/trialspawner/TrialSpawnerConfig	(Lnet/minecraft/world/item/component/TypedEntityData;)Lnet/minecraft/world/level/block/entity/trialspawner/TrialSpawnerConfig;	withSpawning	method_1_7204
FIELD	net/minecraft/world/level/levelgen/feature/SimpleRandomSelectorFeature	Lcom/mojang/serialization/MapCodec;	CODEC	field_1_7904
FIELD	net/minecraft/world/level/levelgen/feature/SimpleRandomSelectorFeature	Lnet/minecraft/core/HolderSet;	features	comp_1_1149
METHOD	net/minecraft/world/level/levelgen/feature/SimpleRandomSelectorFeature	(Lnet/minecraft/core/Holder;)Ljava/util/stream/Stream;	lambda$getSubFeatures$0	method_1_7205
METHOD	net/minecraft/world/level/levelgen/feature/SimpleRandomSelectorFeature	(Lcom/mojang/serialization/codecs/RecordCodecBuilder$Instance;)Lcom/mojang/datafixers/kinds/App;	lambda$static$0	method_1_7206
FIELD	net/minecraft/world/level/storage/loot/parameters/LootContextParamSets	Lnet/minecraft/util/context/ContextKeySet;	COMMAND_SLOT_SOURCE	field_1_7905
METHOD	net/minecraft/world/level/storage/loot/parameters/LootContextParamSets	(Lnet/minecraft/util/context/ContextKeySet$Builder;)V	lambda$static$6	method_1_7207
CLASS	net/minecraft/util/datafix/fixes/PotDecorationsComponentUnflatteningFix	class_1_1140
METHOD	net/minecraft/util/datafix/fixes/PotDecorationsComponentUnflatteningFix	(Lcom/mojang/serialization/Dynamic;)Lcom/mojang/serialization/Dynamic;	lambda$makeRule$0	method_1_7208
METHOD	net/minecraft/util/datafix/fixes/PotDecorationsComponentUnflatteningFix	(Lcom/mojang/serialization/Dynamic;)Ljava/util/Optional;	lambda$unpackList$0	method_1_7209
METHOD	net/minecraft/util/datafix/fixes/PotDecorationsComponentUnflatteningFix	(Lcom/mojang/serialization/Dynamic;)Lcom/mojang/serialization/Dynamic;	unpackList	method_1_7210
FIELD	net/minecraft/world/level/levelgen/feature/RandomBooleanSelectorFeature	Lcom/mojang/serialization/MapCodec;	CODEC	field_1_7906
FIELD	net/minecraft/world/level/levelgen/feature/RandomBooleanSelectorFeature	Lnet/minecraft/core/Holder;	featureFalse	comp_1_1150
FIELD	net/minecraft/world/level/levelgen/feature/RandomBooleanSelectorFeature	Lnet/minecraft/core/Holder;	featureTrue	comp_1_1151
METHOD	net/minecraft/world/level/levelgen/feature/RandomBooleanSelectorFeature	(Lcom/mojang/serialization/codecs/RecordCodecBuilder$Instance;)Lcom/mojang/datafixers/kinds/App;	lambda$static$0	method_1_7211
FIELD	net/minecraft/world/level/levelgen/feature/foliageplacers/FoliagePlacer$FoliageAttachment	I	sizeX	field_1_7907
FIELD	net/minecraft/world/level/levelgen/feature/foliageplacers/FoliagePlacer$FoliageAttachment	I	sizeZ	field_1_7908
METHOD	net/minecraft/world/level/levelgen/feature/foliageplacers/FoliagePlacer$FoliageAttachment	()I	sizeX	method_1_7212
METHOD	net/minecraft/world/level/levelgen/feature/foliageplacers/FoliagePlacer$FoliageAttachment	()I	sizeZ	method_1_7213
METHOD	net/minecraft/world/level/levelgen/feature/treedecorators/TreeDecorator$Context	(Lnet/minecraft/core/BlockPos;)Z	isReplaceable	method_1_7214
FIELD	net/minecraft/world/level/levelgen/feature/trunkplacers/TrunkPlacerType	Lnet/minecraft/world/level/levelgen/feature/trunkplacers/TrunkPlacerType;	POPLAR_TRUNK_PLACER	field_1_7909
FIELD	net/minecraft/world/level/levelgen/feature/NetherForestVegetationFeature	Lcom/mojang/serialization/MapCodec;	CODEC	field_1_7910
FIELD	net/minecraft/world/level/levelgen/feature/NetherForestVegetationFeature	I	spreadHeight	comp_1_1152
FIELD	net/minecraft/world/level/levelgen/feature/NetherForestVegetationFeature	I	spreadWidth	comp_1_1153
FIELD	net/minecraft/world/level/levelgen/feature/NetherForestVegetationFeature	Lnet/minecraft/world/level/levelgen/feature/stateproviders/BlockStateProvider;	stateProvider	comp_1_1154
METHOD	net/minecraft/world/level/levelgen/feature/NetherForestVegetationFeature	(Lcom/mojang/serialization/codecs/RecordCodecBuilder$Instance;)Lcom/mojang/datafixers/kinds/App;	lambda$static$0	method_1_7215
FIELD	net/minecraft/world/level/levelgen/feature/WeightedRandomSelectorFeature	Lcom/mojang/serialization/MapCodec;	CODEC	field_1_7911
FIELD	net/minecraft/world/level/levelgen/feature/WeightedRandomSelectorFeature	Lnet/minecraft/util/random/WeightedList;	features	comp_1_1155
METHOD	net/minecraft/world/level/levelgen/feature/WeightedRandomSelectorFeature	(Lnet/minecraft/util/random/Weighted;)Ljava/util/stream/Stream;	lambda$getSubFeatures$0	method_1_7216
METHOD	net/minecraft/world/level/levelgen/feature/WeightedRandomSelectorFeature	(Lcom/mojang/serialization/codecs/RecordCodecBuilder$Instance;)Lcom/mojang/datafixers/kinds/App;	lambda$static$0	method_1_7217
FIELD	net/minecraft/world/level/levelgen/structure/templatesystem/RuleTestType	Lnet/minecraft/world/level/levelgen/structure/templatesystem/RuleTestType;	ALL_OF_TEST	field_1_7912
FIELD	net/minecraft/world/level/levelgen/structure/templatesystem/RuleTestType	Lnet/minecraft/world/level/levelgen/structure/templatesystem/RuleTestType;	HEIGHT_TEST	field_1_7913
CLASS	net/minecraft/util/datafix/fixes/PotDecorationsBlockEntityUnflatteningFix	class_1_1141
METHOD	net/minecraft/util/datafix/fixes/PotDecorationsBlockEntityUnflatteningFix	(Lcom/mojang/serialization/Dynamic;)Lcom/mojang/serialization/Dynamic;	lambda$fix$0	method_1_7218
CLASS	net/minecraft/world/level/levelgen/feature/trunkplacers/PoplarTrunkPlacer	class_1_1142
FIELD	net/minecraft/world/level/levelgen/feature/trunkplacers/PoplarTrunkPlacer	Lcom/mojang/serialization/MapCodec;	CODEC	field_1_7914
FIELD	net/minecraft/world/level/levelgen/feature/trunkplacers/PoplarTrunkPlacer	Lnet/minecraft/util/valueproviders/IntProvider;	branchAmount	field_1_7915
FIELD	net/minecraft/world/level/levelgen/feature/trunkplacers/PoplarTrunkPlacer	Lnet/minecraft/util/valueproviders/IntProvider;	trunkHeightAboveBranches	field_1_7916
METHOD	net/minecraft/world/level/levelgen/feature/trunkplacers/PoplarTrunkPlacer	(Lnet/minecraft/util/RandomSource;)Ljava/util/List;	getRandomBranchDirection	method_1_7219
METHOD	net/minecraft/world/level/levelgen/feature/trunkplacers/PoplarTrunkPlacer	(Lnet/minecraft/core/Direction;)Ljava/util/function/Function;	getSidewaysStateModifier	method_1_7220
METHOD	net/minecraft/world/level/levelgen/feature/trunkplacers/PoplarTrunkPlacer	(Lnet/minecraft/core/Direction;)Z	lambda$getRandomBranchDirection$0	method_1_7221
METHOD	net/minecraft/world/level/levelgen/feature/trunkplacers/PoplarTrunkPlacer	(Lnet/minecraft/core/Direction;Lnet/minecraft/world/level/block/state/BlockState;)Lnet/minecraft/world/level/block/state/BlockState;	lambda$getSidewaysStateModifier$0	method_1_7222
METHOD	net/minecraft/world/level/levelgen/feature/trunkplacers/PoplarTrunkPlacer	(Lcom/mojang/serialization/codecs/RecordCodecBuilder$Instance;)Lcom/mojang/datafixers/kinds/App;	lambda$static$0	method_1_7223
METHOD	net/minecraft/world/level/levelgen/feature/trunkplacers/PoplarTrunkPlacer	(Lnet/minecraft/world/level/levelgen/feature/trunkplacers/PoplarTrunkPlacer;)Lnet/minecraft/util/valueproviders/IntProvider;	lambda$static$1	method_1_7224
METHOD	net/minecraft/world/level/levelgen/feature/trunkplacers/PoplarTrunkPlacer	(Lnet/minecraft/world/level/levelgen/feature/trunkplacers/PoplarTrunkPlacer;)Lnet/minecraft/util/valueproviders/IntProvider;	lambda$static$2	method_1_7225
CLASS	net/minecraft/world/level/levelgen/structure/placement/StructurePlacement	class_1_1143
FIELD	net/minecraft/world/level/levelgen/structure/placement/StructurePlacement	Lcom/mojang/serialization/Codec;	CODEC	field_1_7917
METHOD	net/minecraft/world/level/levelgen/structure/placement/StructurePlacement	()Lcom/mojang/serialization/MapCodec;	codec	method_1_7226
METHOD	net/minecraft/world/level/levelgen/structure/placement/StructurePlacement	(Lnet/minecraft/world/level/ChunkPos;)Lnet/minecraft/core/BlockPos;	getLocatePos	method_1_7227
METHOD	net/minecraft/world/level/levelgen/structure/placement/StructurePlacement	(Lcom/mojang/serialization/MapCodec;)Lcom/mojang/serialization/MapCodec;	lambda$static$0	method_1_7228
CLASS	net/minecraft/world/level/levelgen/structure/templatesystem/AllOfRuleTest	class_1_1144
FIELD	net/minecraft/world/level/levelgen/structure/templatesystem/AllOfRuleTest	Lcom/mojang/serialization/MapCodec;	CODEC	field_1_7918
FIELD	net/minecraft/world/level/levelgen/structure/templatesystem/AllOfRuleTest	Ljava/util/List;	rules	field_1_7919
METHOD	net/minecraft/world/level/levelgen/structure/templatesystem/AllOfRuleTest	(Lnet/minecraft/world/level/levelgen/structure/templatesystem/AllOfRuleTest;)Ljava/util/List;	lambda$static$0	method_1_7229
CLASS	net/minecraft/world/level/levelgen/structure/placement/StructurePlacements	class_1_1145
METHOD	net/minecraft/world/level/levelgen/structure/placement/StructurePlacements	(Lnet/minecraft/core/Registry;)Lcom/mojang/serialization/MapCodec;	bootstrap	method_1_7230
FIELD	net/minecraft/world/level/levelgen/feature/foliageplacers/FoliagePlacerType	Lnet/minecraft/world/level/levelgen/feature/foliageplacers/FoliagePlacerType;	POPLAR_FOLIAGE_PLACER	field_1_7920
FIELD	net/minecraft/world/level/levelgen/feature/treedecorators/TreeDecoratorType	Lnet/minecraft/world/level/levelgen/feature/treedecorators/TreeDecoratorType;	SHELF_MUSHROOM	field_1_7921
CLASS	net/minecraft/world/level/levelgen/structure/templatesystem/HeightMatchTest	class_1_1146
FIELD	net/minecraft/world/level/levelgen/structure/templatesystem/HeightMatchTest	Lcom/mojang/serialization/MapCodec;	CODEC	field_1_7922
FIELD	net/minecraft/world/level/levelgen/structure/templatesystem/HeightMatchTest	I	maxInclusive	field_1_7923
FIELD	net/minecraft/world/level/levelgen/structure/templatesystem/HeightMatchTest	I	minInclusive	field_1_7924
METHOD	net/minecraft/world/level/levelgen/structure/templatesystem/HeightMatchTest	(Lcom/mojang/serialization/codecs/RecordCodecBuilder$Instance;)Lcom/mojang/datafixers/kinds/App;	lambda$static$0	method_1_7231
METHOD	net/minecraft/world/level/levelgen/structure/templatesystem/HeightMatchTest	(Lnet/minecraft/world/level/levelgen/structure/templatesystem/HeightMatchTest;)Ljava/lang/Integer;	lambda$static$1	method_1_7232
METHOD	net/minecraft/world/level/levelgen/structure/templatesystem/HeightMatchTest	(Lnet/minecraft/world/level/levelgen/structure/templatesystem/HeightMatchTest;)Ljava/lang/Integer;	lambda$static$2	method_1_7233
METHOD	net/minecraft/world/level/levelgen/structure/templatesystem/HeightMatchTest	(I)Lnet/minecraft/world/level/levelgen/structure/templatesystem/RuleTest;	max	method_1_7234
METHOD	net/minecraft/world/level/levelgen/structure/templatesystem/HeightMatchTest	(I)Lnet/minecraft/world/level/levelgen/structure/templatesystem/RuleTest;	min	method_1_7235
FIELD	net/minecraft/world/level/levelgen/feature/WaterloggedVegetationPatchFeature	Lcom/mojang/serialization/MapCodec;	CODEC	field_1_7925
CLASS	net/minecraft/world/level/levelgen/feature/foliageplacers/PoplarFoliagePlacer	class_1_1147
FIELD	net/minecraft/world/level/levelgen/feature/foliageplacers/PoplarFoliagePlacer	Lcom/mojang/serialization/MapCodec;	CODEC	field_1_7926
FIELD	net/minecraft/world/level/levelgen/feature/foliageplacers/PoplarFoliagePlacer	Z	flipRhombusShape	field_1_7927
FIELD	net/minecraft/world/level/levelgen/feature/foliageplacers/PoplarFoliagePlacer	I	foliageHeight	field_1_7928
FIELD	net/minecraft/world/level/levelgen/feature/foliageplacers/PoplarFoliagePlacer	Lnet/minecraft/util/valueproviders/IntProvider;	height	field_1_7929
FIELD	net/minecraft/world/level/levelgen/feature/foliageplacers/PoplarFoliagePlacer	Ljava/util/function/Function;	secondTopFoliageLayer	field_1_7930
FIELD	net/minecraft/world/level/levelgen/feature/foliageplacers/PoplarFoliagePlacer	F	sideHoleChance	field_1_7931
FIELD	net/minecraft/world/level/levelgen/feature/foliageplacers/PoplarFoliagePlacer	Ljava/util/function/Function;	topFoliageLayer	field_1_7932
METHOD	net/minecraft/world/level/levelgen/feature/foliageplacers/PoplarFoliagePlacer	(IIIZ)I	getCornerBlocksToCutForRhombusShape	method_1_7236
METHOD	net/minecraft/world/level/levelgen/feature/foliageplacers/PoplarFoliagePlacer	(Lnet/minecraft/core/Direction;)Ljava/util/function/Function;	getSidewaysStateModifier	method_1_7237
METHOD	net/minecraft/world/level/levelgen/feature/foliageplacers/PoplarFoliagePlacer	(II)Z	isLeftLowerCornerOrRightTopCorner	method_1_7238
METHOD	net/minecraft/world/level/levelgen/feature/foliageplacers/PoplarFoliagePlacer	(II)Z	isLeftTopCornerOrRightLowerCorner	method_1_7239
METHOD	net/minecraft/world/level/levelgen/feature/foliageplacers/PoplarFoliagePlacer	(IIIII)Z	isWithinRhombusShape	method_1_7240
METHOD	net/minecraft/world/level/levelgen/feature/foliageplacers/PoplarFoliagePlacer	(Lnet/minecraft/core/Direction;Lnet/minecraft/world/level/block/state/BlockState;)Lnet/minecraft/world/level/block/state/BlockState;	lambda$getSidewaysStateModifier$0	method_1_7241
METHOD	net/minecraft/world/level/levelgen/feature/foliageplacers/PoplarFoliagePlacer	(Ljava/lang/Integer;)Ljava/lang/Integer;	lambda$new$0	method_1_7242
METHOD	net/minecraft/world/level/levelgen/feature/foliageplacers/PoplarFoliagePlacer	(Ljava/lang/Integer;)Ljava/lang/Integer;	lambda$new$1	method_1_7243
METHOD	net/minecraft/world/level/levelgen/feature/foliageplacers/PoplarFoliagePlacer	(Lcom/mojang/serialization/codecs/RecordCodecBuilder$Instance;)Lcom/mojang/datafixers/kinds/App;	lambda$static$0	method_1_7244
METHOD	net/minecraft/world/level/levelgen/feature/foliageplacers/PoplarFoliagePlacer	(Lnet/minecraft/world/level/levelgen/feature/foliageplacers/PoplarFoliagePlacer;)Lnet/minecraft/util/valueproviders/IntProvider;	lambda$static$1	method_1_7245
METHOD	net/minecraft/world/level/levelgen/feature/foliageplacers/PoplarFoliagePlacer	(Lnet/minecraft/world/level/levelgen/feature/foliageplacers/PoplarFoliagePlacer;)Ljava/lang/Float;	lambda$static$2	method_1_7246
METHOD	net/minecraft/world/level/levelgen/feature/foliageplacers/PoplarFoliagePlacer	(Lnet/minecraft/world/level/levelgen/feature/TreeFeature;Lnet/minecraft/world/level/WorldGenLevel;Lnet/minecraft/util/RandomSource;Lnet/minecraft/core/BlockPos;Lnet/minecraft/world/level/block/state/BlockState;)Z	lambda$tryPlaceLog$0	method_1_7247
METHOD	net/minecraft/world/level/levelgen/feature/foliageplacers/PoplarFoliagePlacer	(Lnet/minecraft/world/level/WorldGenLevel;Lnet/minecraft/world/level/levelgen/feature/foliageplacers/FoliagePlacer$FoliageSetter;Lnet/minecraft/world/level/levelgen/feature/TreeFeature;Lnet/minecraft/util/RandomSource;Lnet/minecraft/core/BlockPos;IIZ)V	replaceLeavesWithLog	method_1_7248
METHOD	net/minecraft/world/level/levelgen/feature/foliageplacers/PoplarFoliagePlacer	(I)Z	shouldRowBePartialRhombusShape	method_1_7249
METHOD	net/minecraft/world/level/levelgen/feature/foliageplacers/PoplarFoliagePlacer	(Lnet/minecraft/world/level/WorldGenLevel;Lnet/minecraft/world/level/levelgen/feature/foliageplacers/FoliagePlacer$FoliageSetter;Lnet/minecraft/util/RandomSource;Lnet/minecraft/world/level/levelgen/feature/TreeFeature;Lnet/minecraft/core/BlockPos;Ljava/util/function/Function;)V	tryPlaceLog	method_1_7250
CLASS	net/minecraft/world/level/levelgen/feature/treedecorators/ShelfMushroomDecorator	class_1_1148
FIELD	net/minecraft/world/level/levelgen/feature/treedecorators/ShelfMushroomDecorator	Lcom/mojang/serialization/MapCodec;	CODEC	field_1_7933
FIELD	net/minecraft/world/level/levelgen/feature/treedecorators/ShelfMushroomDecorator	I	MAX_AGE_EXCLUSIVE	field_1_7934
FIELD	net/minecraft/world/level/levelgen/feature/treedecorators/ShelfMushroomDecorator	I	MAX_HEIGHT_OFFSET	field_1_7935
FIELD	net/minecraft/world/level/levelgen/feature/treedecorators/ShelfMushroomDecorator	I	MIN_HEIGHT_OFFSET	field_1_7936
FIELD	net/minecraft/world/level/levelgen/feature/treedecorators/ShelfMushroomDecorator	F	PER_SIDE_PLACEMENT_CHANCE	field_1_7937
FIELD	net/minecraft/world/level/levelgen/feature/treedecorators/ShelfMushroomDecorator	F	placementProbability	field_1_7938
METHOD	net/minecraft/world/level/levelgen/feature/treedecorators/ShelfMushroomDecorator	(Lnet/minecraft/world/level/levelgen/feature/treedecorators/TreeDecorator$Context;Lnet/minecraft/core/BlockPos;)Z	hasHorizontallyAdjacentShelfMushroom	method_1_7251
METHOD	net/minecraft/world/level/levelgen/feature/treedecorators/ShelfMushroomDecorator	(Lnet/minecraft/world/level/levelgen/feature/treedecorators/TreeDecorator$Context;Lnet/minecraft/core/BlockPos;)Z	hasShelfMushroomAt	method_1_7252
METHOD	net/minecraft/world/level/levelgen/feature/treedecorators/ShelfMushroomDecorator	(Ljava/util/List;)Z	isFallenLog	method_1_7253
METHOD	net/minecraft/world/level/levelgen/feature/treedecorators/ShelfMushroomDecorator	(Lnet/minecraft/core/BlockPos;I)Z	isWithinDecoratableHeight	method_1_7254
METHOD	net/minecraft/world/level/levelgen/feature/treedecorators/ShelfMushroomDecorator	(Lnet/minecraft/world/level/block/state/BlockState;)Z	lambda$hasShelfMushroomAt$0	method_1_7255
METHOD	net/minecraft/world/level/levelgen/feature/treedecorators/ShelfMushroomDecorator	(Lnet/minecraft/world/level/levelgen/feature/treedecorators/ShelfMushroomDecorator;)Ljava/lang/Float;	lambda$static$0	method_1_7256
METHOD	net/minecraft/world/level/levelgen/feature/treedecorators/ShelfMushroomDecorator	(Lnet/minecraft/core/BlockPos;Lnet/minecraft/core/Direction;)Lnet/minecraft/core/BlockPos;	mushroomPosFor	method_1_7257
METHOD	net/minecraft/world/level/levelgen/feature/treedecorators/ShelfMushroomDecorator	(Ljava/util/List;)[Lnet/minecraft/core/Direction;	perpendicularToFallenLog	method_1_7258
METHOD	net/minecraft/world/level/levelgen/feature/treedecorators/ShelfMushroomDecorator	(Lnet/minecraft/util/RandomSource;)[Lnet/minecraft/core/Direction;	pickTwoPerpendicularDirections	method_1_7259
METHOD	net/minecraft/world/level/levelgen/feature/treedecorators/ShelfMushroomDecorator	(Lnet/minecraft/world/level/levelgen/feature/treedecorators/TreeDecorator$Context;Lnet/minecraft/core/BlockPos;Lnet/minecraft/core/Direction;Lnet/minecraft/util/RandomSource;)V	placeMushroom	method_1_7260
METHOD	net/minecraft/world/level/levelgen/feature/treedecorators/ShelfMushroomDecorator	(Lnet/minecraft/world/level/levelgen/feature/treedecorators/TreeDecorator$Context;Ljava/util/List;Lnet/minecraft/util/RandomSource;)V	placeOnFallenLog	method_1_7261
METHOD	net/minecraft/world/level/levelgen/feature/treedecorators/ShelfMushroomDecorator	(Lnet/minecraft/world/level/levelgen/feature/treedecorators/TreeDecorator$Context;Ljava/util/List;Lnet/minecraft/util/RandomSource;)V	placeOnStandingTree	method_1_7262
METHOD	net/minecraft/world/level/levelgen/feature/treedecorators/ShelfMushroomDecorator	(Lnet/minecraft/world/level/levelgen/feature/treedecorators/TreeDecorator$Context;Lnet/minecraft/core/BlockPos;Lnet/minecraft/core/Direction;Lnet/minecraft/util/RandomSource;)V	tryPlaceMushroomOnFallenTree	method_1_7263
METHOD	net/minecraft/world/level/levelgen/feature/treedecorators/ShelfMushroomDecorator	(Lnet/minecraft/world/level/levelgen/feature/treedecorators/TreeDecorator$Context;Lnet/minecraft/core/BlockPos;Lnet/minecraft/core/Direction;Lnet/minecraft/util/RandomSource;)Z	tryPlaceMushroomOnStandingTree	method_1_7264
CLASS	net/minecraft/world/level/levelgen/structure/placement/DimensionOriginStructurePlacement	class_1_1149
FIELD	net/minecraft/world/level/levelgen/structure/placement/DimensionOriginStructurePlacement	Lcom/mojang/serialization/MapCodec;	CODEC	field_1_7939
FIELD	net/minecraft/world/level/levelgen/structure/placement/DimensionOriginStructurePlacement	Lnet/minecraft/world/level/levelgen/structure/placement/DimensionOriginStructurePlacement;	INSTANCE	field_1_7940
Done!
