Duplicate assignment for record component com/mojang/blaze3d/vulkan/glsl/IntermediaryShaderModule;nameLjava/lang/String;
Demoting record getter com/mojang/blaze3d/vulkan/glsl/IntermediaryShaderModule;lambda$createVulkanShaderModule$0()Ljava/lang/String; due to conflicts
Demoting record getter com/mojang/blaze3d/vulkan/glsl/IntermediaryShaderModule;name()Ljava/lang/String; due to conflicts
Promoting com/mojang/blaze3d/vulkan/glsl/IntermediaryShaderModule;name()Ljava/lang/String; as record getter for nameLjava/lang/String;
Demoting record getter com/mojang/realmsclient/client/RealmsError$CustomError;errorCode()I
Demoting record getter com/mojang/realmsclient/client/RealmsError$ErrorWithJsonPayload;errorCode()I
Demoting record getter com/mojang/realmsclient/client/RealmsError$ErrorWithRawPayload;errorCode()I
Demoting record getter net/minecraft/advancements/predicates/CollectionContentsPredicate$Multiple;unpack()Ljava/util/List;
Demoting record getter net/minecraft/advancements/predicates/CollectionCountsPredicate$Multiple;unpack()Ljava/util/List;
Demoting record getter net/minecraft/client/gui/font/AtlasGlyphProvider$Instance;textureView()Lcom/mojang/blaze3d/textures/GpuTextureView;
Promoting net/minecraft/client/gui/font/AtlasGlyphProvider$Instance;textureView()Lcom/mojang/blaze3d/textures/GpuTextureView; as record getter for textureViewLcom/mojang/blaze3d/textures/GpuTextureView;
Demoting record getter net/minecraft/client/gui/font/EmptyArea;activeLeft()F
Demoting record getter net/minecraft/client/gui/font/glyphs/BakedSheetGlyph$EffectInstance;left()F
Demoting record getter net/minecraft/client/gui/font/glyphs/BakedSheetGlyph$EffectInstance;top()F
Demoting record getter net/minecraft/client/input/KeyEvent;input()I
Demoting record getter net/minecraft/client/input/MouseButtonInfo;input()I
Demoting record getter net/minecraft/client/multiplayer/chat/LoggedChatMessage$System;toContentComponent()Lnet/minecraft/network/chat/Component;
Demoting record getter net/minecraft/client/renderer/PostPass$TextureInput;bilinear()Z
Promoting net/minecraft/client/renderer/PostPass$TextureInput;bilinear()Z as record getter for bilinearZ
Demoting record getter net/minecraft/client/renderer/feature/CustomFeatureRenderer$Submit;batchKey()Ljava/lang/Object;
Demoting record getter net/minecraft/client/renderer/feature/FeatureRendererType;toString()Ljava/lang/String;
Demoting record getter net/minecraft/client/renderer/feature/ModelFeatureRenderer$Submit;batchKey()Ljava/lang/Object;
Demoting record getter net/minecraft/commands/arguments/coordinates/WorldCoordinate;isRelative()Z
Demoting record getter net/minecraft/core/ClientAsset$DownloadedTexture;id()Lnet/minecraft/resources/Identifier;
Demoting record getter net/minecraft/core/particles/GeyserBaseParticleOptions;getType()Lnet/minecraft/core/particles/ParticleType;
Demoting record getter net/minecraft/core/particles/GeyserParticleOptions;getType()Lnet/minecraft/core/particles/ParticleType;
Demoting record getter net/minecraft/nbt/ByteTag;intValue()I
Demoting record getter net/minecraft/nbt/ByteTag;byteValue()B
Demoting record getter net/minecraft/nbt/DoubleTag;doubleValue()D
Demoting record getter net/minecraft/nbt/FloatTag;floatValue()F
Demoting record getter net/minecraft/nbt/IntTag;intValue()I
Demoting record getter net/minecraft/nbt/LongTag;longValue()J
Demoting record getter net/minecraft/nbt/ShortTag;intValue()I
Demoting record getter net/minecraft/nbt/ShortTag;shortValue()S
Demoting record getter net/minecraft/network/chat/OutgoingChatMessage$Disguised;content()Lnet/minecraft/network/chat/Component;
Promoting net/minecraft/network/chat/OutgoingChatMessage$Disguised;content()Lnet/minecraft/network/chat/Component; as record getter for contentLnet/minecraft/network/chat/Component;
Demoting record getter net/minecraft/network/syncher/EntityDataAccessor;hashCode()I
Demoting record getter net/minecraft/server/network/ConfigurationTask$Type;toString()Ljava/lang/String;
Demoting record getter net/minecraft/server/packs/OverlayMetadataSection$OverlayEntry$IntermediateEntry;toString()Ljava/lang/String;
Demoting record getter net/minecraft/util/CubicSpline$Constant;minValue()F
Demoting record getter net/minecraft/util/CubicSpline$Constant;maxValue()F
Demoting record getter net/minecraft/util/ProblemReporter$RootFieldPathElement;get()Ljava/lang/String;
Promoting net/minecraft/util/valueproviders/ClampedInt;maxInclusive()I as record getter for maxInclusiveI
Promoting net/minecraft/util/valueproviders/ClampedInt;minInclusive()I as record getter for minInclusiveI
Demoting record getter net/minecraft/util/valueproviders/ConstantFloat;min()F
Demoting record getter net/minecraft/util/valueproviders/ConstantFloat;max()F
Demoting record getter net/minecraft/util/valueproviders/ConstantInt;minInclusive()I
Demoting record getter net/minecraft/util/valueproviders/ConstantInt;maxInclusive()I
Demoting record getter net/minecraft/world/item/ItemStackTemplate;typeHolder()Lnet/minecraft/core/Holder;
Demoting record getter net/minecraft/world/item/TooltipFlag$Default;isAdvanced()Z
Demoting record getter net/minecraft/world/item/TooltipFlag$Default;isCreative()Z
Promoting net/minecraft/world/item/alchemy/PotionContents;customEffects()Ljava/util/List; as record getter for customEffectsLjava/util/List;
Demoting record getter net/minecraft/world/level/SpawnData;getEntityToSpawn()Lnet/minecraft/nbt/CompoundTag;
Demoting record getter net/minecraft/world/level/SpawnData;getCustomSpawnRules()Ljava/util/Optional;
Demoting record getter net/minecraft/world/level/SpawnData;getEquipment()Ljava/util/Optional;
Promoting net/minecraft/world/level/block/entity/vault/VaultConfig;playerDetector()Lnet/minecraft/world/level/block/entity/trialspawner/PlayerDetector; as record getter for playerDetectorLnet/minecraft/world/level/block/entity/trialspawner/PlayerDetector;
Demoting record getter net/minecraft/world/level/chunk/Configuration$Simple;bitsInMemory()I
Demoting record getter net/minecraft/world/level/chunk/Configuration$Simple;bitsInStorage()I
Demoting record getter net/minecraft/world/level/gameevent/GameEvent;notificationRadius()I
Promoting net/minecraft/world/level/gameevent/GameEvent;notificationRadius()I as record getter for notificationRadiusI
Demoting record getter net/minecraft/world/level/gamerules/GameRuleCategory;getDescriptionId()Lnet/minecraft/resources/Identifier;
Demoting record getter net/minecraft/world/level/levelgen/DensityFunctions$Ap2;minValue()D
Demoting record getter net/minecraft/world/level/levelgen/DensityFunctions$Ap2;maxValue()D
Promoting net/minecraft/world/level/levelgen/DensityFunctions$Ap2;minValue()D as record getter for minValueD
Promoting net/minecraft/world/level/levelgen/DensityFunctions$Ap2;maxValue()D as record getter for maxValueD
Demoting record getter net/minecraft/world/level/levelgen/DensityFunctions$Constant;minValue()D
Demoting record getter net/minecraft/world/level/levelgen/DensityFunctions$Constant;maxValue()D
Demoting record getter net/minecraft/world/level/levelgen/DensityFunctions$MulOrAdd;argument2()Lnet/minecraft/world/level/levelgen/DensityFunction;
Demoting record getter net/minecraft/world/level/levelgen/NoiseGeneratorSettings;disableMobGeneration()Z
Promoting net/minecraft/world/level/levelgen/NoiseGeneratorSettings;disableMobGeneration()Z as record getter for disableMobGenerationZ
Promoting net/minecraft/world/level/levelgen/NoiseGeneratorSettings;oreVeinsEnabled()Z as record getter for oreVeinsEnabledZ
Read 10876 (7018) classes.
Populated subclass entries.
Joining MethodEntries...
Joined 19494 MethodEntries (0 unique, 11118 classes).
Collecting additional information...
- Done. -
Duplicate assignment for record component com/mojang/blaze3d/vulkan/glsl/IntermediaryShaderModule;nameLjava/lang/String;
Demoting record getter com/mojang/blaze3d/vulkan/glsl/IntermediaryShaderModule;lambda$createVulkanShaderModule$0()Ljava/lang/String; due to conflicts
Demoting record getter com/mojang/blaze3d/vulkan/glsl/IntermediaryShaderModule;name()Ljava/lang/String; due to conflicts
Promoting com/mojang/blaze3d/vulkan/glsl/IntermediaryShaderModule;name()Ljava/lang/String; as record getter for nameLjava/lang/String;
Demoting record getter com/mojang/realmsclient/client/RealmsError$CustomError;errorCode()I
Demoting record getter com/mojang/realmsclient/client/RealmsError$ErrorWithJsonPayload;errorCode()I
Demoting record getter com/mojang/realmsclient/client/RealmsError$ErrorWithRawPayload;errorCode()I
Demoting record getter net/minecraft/advancements/predicates/CollectionContentsPredicate$Multiple;unpack()Ljava/util/List;
Demoting record getter net/minecraft/advancements/predicates/CollectionCountsPredicate$Multiple;unpack()Ljava/util/List;
Demoting record getter net/minecraft/client/gui/font/AtlasGlyphProvider$Instance;textureView()Lcom/mojang/blaze3d/textures/GpuTextureView;
Promoting net/minecraft/client/gui/font/AtlasGlyphProvider$Instance;textureView()Lcom/mojang/blaze3d/textures/GpuTextureView; as record getter for textureViewLcom/mojang/blaze3d/textures/GpuTextureView;
Demoting record getter net/minecraft/client/gui/font/EmptyArea;activeLeft()F
Demoting record getter net/minecraft/client/gui/font/glyphs/BakedSheetGlyph$EffectInstance;left()F
Demoting record getter net/minecraft/client/gui/font/glyphs/BakedSheetGlyph$EffectInstance;top()F
Demoting record getter net/minecraft/client/input/KeyEvent;input()I
Demoting record getter net/minecraft/client/input/MouseButtonInfo;input()I
Demoting record getter net/minecraft/client/multiplayer/chat/LoggedChatMessage$System;toContentComponent()Lnet/minecraft/network/chat/Component;
Demoting record getter net/minecraft/client/renderer/PostPass$TextureInput;bilinear()Z
Promoting net/minecraft/client/renderer/PostPass$TextureInput;bilinear()Z as record getter for bilinearZ
Demoting record getter net/minecraft/client/renderer/feature/CustomFeatureRenderer$Submit;batchKey()Ljava/lang/Object;
Demoting record getter net/minecraft/client/renderer/feature/FeatureRendererType;toString()Ljava/lang/String;
Demoting record getter net/minecraft/client/renderer/feature/ModelFeatureRenderer$Submit;batchKey()Ljava/lang/Object;
Demoting record getter net/minecraft/commands/arguments/coordinates/WorldCoordinate;isRelative()Z
Demoting record getter net/minecraft/core/ClientAsset$DownloadedTexture;id()Lnet/minecraft/resources/Identifier;
Demoting record getter net/minecraft/core/particles/GeyserBaseParticleOptions;getType()Lnet/minecraft/core/particles/ParticleType;
Demoting record getter net/minecraft/core/particles/GeyserParticleOptions;getType()Lnet/minecraft/core/particles/ParticleType;
Demoting record getter net/minecraft/nbt/ByteTag;intValue()I
Demoting record getter net/minecraft/nbt/ByteTag;byteValue()B
Demoting record getter net/minecraft/nbt/DoubleTag;doubleValue()D
Demoting record getter net/minecraft/nbt/FloatTag;floatValue()F
Demoting record getter net/minecraft/nbt/IntTag;intValue()I
Demoting record getter net/minecraft/nbt/LongTag;longValue()J
Demoting record getter net/minecraft/nbt/ShortTag;intValue()I
Demoting record getter net/minecraft/nbt/ShortTag;shortValue()S
Demoting record getter net/minecraft/network/chat/OutgoingChatMessage$Disguised;content()Lnet/minecraft/network/chat/Component;
Promoting net/minecraft/network/chat/OutgoingChatMessage$Disguised;content()Lnet/minecraft/network/chat/Component; as record getter for contentLnet/minecraft/network/chat/Component;
Demoting record getter net/minecraft/network/syncher/EntityDataAccessor;hashCode()I
Demoting record getter net/minecraft/server/network/ConfigurationTask$Type;toString()Ljava/lang/String;
Demoting record getter net/minecraft/server/packs/OverlayMetadataSection$OverlayEntry$IntermediateEntry;toString()Ljava/lang/String;
Demoting record getter net/minecraft/util/CubicSpline$Constant;minValue()F
Demoting record getter net/minecraft/util/CubicSpline$Constant;maxValue()F
Demoting record getter net/minecraft/util/ProblemReporter$RootFieldPathElement;get()Ljava/lang/String;
Promoting net/minecraft/util/valueproviders/ClampedInt;minInclusive()I as record getter for minInclusiveI
Promoting net/minecraft/util/valueproviders/ClampedInt;maxInclusive()I as record getter for maxInclusiveI
Demoting record getter net/minecraft/util/valueproviders/ConstantFloat;min()F
Demoting record getter net/minecraft/util/valueproviders/ConstantFloat;max()F
Demoting record getter net/minecraft/util/valueproviders/ConstantInt;minInclusive()I
Demoting record getter net/minecraft/util/valueproviders/ConstantInt;maxInclusive()I
Demoting record getter net/minecraft/world/item/ItemStackTemplate;typeHolder()Lnet/minecraft/core/Holder;
Demoting record getter net/minecraft/world/item/TooltipFlag$Default;isAdvanced()Z
Demoting record getter net/minecraft/world/item/TooltipFlag$Default;isCreative()Z
Promoting net/minecraft/world/item/alchemy/PotionContents;customEffects()Ljava/util/List; as record getter for customEffectsLjava/util/List;
Demoting record getter net/minecraft/world/level/SpawnData;getEntityToSpawn()Lnet/minecraft/nbt/CompoundTag;
Demoting record getter net/minecraft/world/level/SpawnData;getCustomSpawnRules()Ljava/util/Optional;
Demoting record getter net/minecraft/world/level/SpawnData;getEquipment()Ljava/util/Optional;
Promoting net/minecraft/world/level/block/entity/vault/VaultConfig;playerDetector()Lnet/minecraft/world/level/block/entity/trialspawner/PlayerDetector; as record getter for playerDetectorLnet/minecraft/world/level/block/entity/trialspawner/PlayerDetector;
Demoting record getter net/minecraft/world/level/chunk/Configuration$Simple;bitsInMemory()I
Demoting record getter net/minecraft/world/level/chunk/Configuration$Simple;bitsInStorage()I
Demoting record getter net/minecraft/world/level/gameevent/GameEvent;notificationRadius()I
Promoting net/minecraft/world/level/gameevent/GameEvent;notificationRadius()I as record getter for notificationRadiusI
Demoting record getter net/minecraft/world/level/gamerules/GameRuleCategory;getDescriptionId()Lnet/minecraft/resources/Identifier;
Demoting record getter net/minecraft/world/level/levelgen/DensityFunctions$Ap2;minValue()D
Demoting record getter net/minecraft/world/level/levelgen/DensityFunctions$Ap2;maxValue()D
Promoting net/minecraft/world/level/levelgen/DensityFunctions$Ap2;maxValue()D as record getter for maxValueD
Promoting net/minecraft/world/level/levelgen/DensityFunctions$Ap2;minValue()D as record getter for minValueD
Demoting record getter net/minecraft/world/level/levelgen/DensityFunctions$Constant;minValue()D
Demoting record getter net/minecraft/world/level/levelgen/DensityFunctions$Constant;maxValue()D
Demoting record getter net/minecraft/world/level/levelgen/DensityFunctions$MulOrAdd;argument2()Lnet/minecraft/world/level/levelgen/DensityFunction;
Demoting record getter net/minecraft/world/level/levelgen/NoiseGeneratorSettings;disableMobGeneration()Z
Promoting net/minecraft/world/level/levelgen/NoiseGeneratorSettings;oreVeinsEnabled()Z as record getter for oreVeinsEnabledZ
Promoting net/minecraft/world/level/levelgen/NoiseGeneratorSettings;disableMobGeneration()Z as record getter for disableMobGenerationZ
Read 10991 (7058) classes.
Populated subclass entries.
Joining MethodEntries...
Joined 19594 MethodEntries (0 unique, 11246 classes).
Collecting additional information...
- Done. -
Loading remapping files...
Generating new mappings...
METHOD	net/minecraft/CrashReport	(Ljava/lang/Throwable;Ljava/lang/Throwable;)Ljava/lang/Throwable;	copyProperties	method_1_5459
METHOD	net/minecraft/CrashReport	(Ljava/lang/Throwable;Ljava/lang/String;)Ljava/lang/Throwable;	replaceMessage	method_1_5460
FIELD	net/minecraft/client/Options	Lnet/minecraft/network/chat/Component;	GRAPHICS_API_TOOLTIP	field_1_6351
FIELD	net/minecraft/client/Options	Lnet/minecraft/network/chat/Component;	IN_GAME_NOTIFICATION_TOOLTIP	field_1_6352
FIELD	net/minecraft/client/Options	Z	exclusiveFullscreenFromStartup	field_1_6353
FIELD	net/minecraft/client/Options	Lnet/minecraft/client/OptionInstance;	inGameNotification	field_1_6354
FIELD	net/minecraft/client/Options	Lnet/minecraft/client/KeyMapping;	keyFriends	field_1_6355
FIELD	net/minecraft/client/Options	Lnet/minecraft/client/OptionInstance;	sharePresence	field_1_6356
FIELD	net/minecraft/client/Options	Z	skipFriendsListPromo	field_1_6357
METHOD	net/minecraft/client/Options	()Lnet/minecraft/client/OptionInstance;	inGameNotification	method_1_5461
METHOD	net/minecraft/client/Options	(Lnet/minecraft/client/PresenceSharing;)Lnet/minecraft/client/gui/components/Tooltip;	lambda$new$70	method_1_5462
METHOD	net/minecraft/client/Options	(Lnet/minecraft/network/chat/Component;Lnet/minecraft/client/PresenceSharing;)Lnet/minecraft/network/chat/Component;	lambda$new$71	method_1_5463
METHOD	net/minecraft/client/Options	(Lnet/minecraft/client/PresenceSharing;)V	lambda$new$72	method_1_5464
METHOD	net/minecraft/client/Options	(Lnet/minecraft/client/PreferredGraphicsApi;)Lnet/minecraft/client/gui/components/Tooltip;	lambda$new$8	method_1_5465
METHOD	net/minecraft/client/Options	()Lnet/minecraft/client/OptionInstance;	sharePresence	method_1_5466
FIELD	net/minecraft/tags/BlockTags	Lnet/minecraft/tags/TagKey;	CAUSES_CONTINUOUS_GEYSER_ERUPTIONS	field_1_6358
FIELD	net/minecraft/tags/BlockTags	Lnet/minecraft/tags/TagKey;	CAUSES_PERIODIC_GEYSER_ERUPTIONS	field_1_6359
FIELD	net/minecraft/SharedConstants	Z	DEBUG_CHAT_FRIENDS_ONLY	field_1_6360
FIELD	net/minecraft/SharedConstants	Z	DEBUG_NATIVE_WEBRTC_LOGS	field_1_6361
FIELD	net/minecraft/locale/Language	Lnet/minecraft/locale/Language;	DEFAULT_INSTANCE	field_1_6362
FIELD	net/minecraft/client/Minecraft	Lnet/minecraft/client/multiplayer/p2p/P2PManager;	p2pManager	field_1_6363
FIELD	net/minecraft/client/Minecraft	Lnet/minecraft/client/gui/screens/social/RemoteFriendListUpdateHandler;	remoteFriendListUpdateHandler	field_1_6364
METHOD	net/minecraft/client/Minecraft	()Z	allowChatOnlyWithFriend	method_1_5467
METHOD	net/minecraft/client/Minecraft	()Z	allowFriendRequests	method_1_5468
METHOD	net/minecraft/client/Minecraft	()Z	friendsEnabled	method_1_5469
METHOD	net/minecraft/client/Minecraft	(Ljava/util/UUID;)Z	isFriendOnlyRestricted	method_1_5470
METHOD	net/minecraft/client/Minecraft	()V	loadCriticalShaders	method_1_5471
METHOD	net/minecraft/client/Minecraft	(Lnet/minecraft/network/Connection;)V	setPendingConnection	method_1_5472
METHOD	net/minecraft/data/BlockFamily$Builder	(Lnet/minecraft/world/level/block/Block;Lnet/minecraft/world/level/block/Block;)Lnet/minecraft/data/BlockFamily$Builder;	customHangingSign	method_1_5473
METHOD	net/minecraft/data/BlockFamily$Builder	(Lnet/minecraft/world/level/block/Block;Lnet/minecraft/world/level/block/Block;)Lnet/minecraft/data/BlockFamily$Builder;	hangingSign	method_1_5474
METHOD	net/minecraft/data/BlockFamily$Builder	(Lnet/minecraft/world/level/block/Block;)Lnet/minecraft/data/BlockFamily$Builder;	log	method_1_5475
METHOD	net/minecraft/data/BlockFamily$Builder	(Lnet/minecraft/world/level/block/Block;)Lnet/minecraft/data/BlockFamily$Builder;	strippedLog	method_1_5476
FIELD	net/minecraft/data/BlockFamily$Variant	Lnet/minecraft/data/BlockFamily$Variant;	CUSTOM_HANGING_SIGN	field_1_6365
FIELD	net/minecraft/data/BlockFamily$Variant	Lnet/minecraft/data/BlockFamily$Variant;	CUSTOM_WALL_HANGING_SIGN	field_1_6366
FIELD	net/minecraft/data/BlockFamily$Variant	Lnet/minecraft/data/BlockFamily$Variant;	HANGING_SIGN	field_1_6367
FIELD	net/minecraft/data/BlockFamily$Variant	Lnet/minecraft/data/BlockFamily$Variant;	LOG	field_1_6368
FIELD	net/minecraft/data/BlockFamily$Variant	Lnet/minecraft/data/BlockFamily$Variant;	STRIPPED_LOG	field_1_6369
FIELD	net/minecraft/data/BlockFamily$Variant	Lnet/minecraft/data/BlockFamily$Variant;	WALL_HANGING_SIGN	field_1_6370
METHOD	net/minecraft/data/BlockFamily$Variant	()Lnet/minecraft/data/BlockFamily$Variant;	getBaseVariantForCrafting	method_1_5477
FIELD	net/minecraft/util/CommonLinks	Ljava/net/URI;	PRIVACY_AND_ONLINE_SETTINGS	field_1_6371
FIELD	net/minecraft/world/item/Items	Lnet/minecraft/world/item/Item;	MUSIC_DISC_BOUNCE	field_1_6372
FIELD	net/minecraft/network/Connection	Lio/netty/util/AttributeKey;	SECURE_TRANSPORT	field_1_6373
FIELD	net/minecraft/network/Connection	Ljava/util/UUID;	intendedProfileId	field_1_6374
METHOD	net/minecraft/network/Connection	(Lio/netty/channel/Channel;Lnet/minecraft/network/protocol/PacketFlow;Lnet/minecraft/util/debugchart/LocalSampleLogger;)Lnet/minecraft/network/Connection;	fromChannel	method_1_5478
METHOD	net/minecraft/network/Connection	()Ljava/util/UUID;	getIntendedProfileId	method_1_5479
METHOD	net/minecraft/network/Connection	()Z	isSecureTransport	method_1_5480
METHOD	net/minecraft/network/Connection	(Ljava/util/UUID;)V	setIntendedProfileId	method_1_5481
FIELD	net/minecraft/references/ItemIds	Lnet/minecraft/resources/ResourceKey;	MUSIC_DISC_BOUNCE	field_1_6375
FIELD	net/minecraft/sounds/SoundEvents	Lnet/minecraft/sounds/SoundEvent;	GEYSER_CONTINUOUS_ACTIVE	field_1_6376
FIELD	net/minecraft/sounds/SoundEvents	Lnet/minecraft/sounds/SoundEvent;	GEYSER_CONTINUOUS_START	field_1_6377
FIELD	net/minecraft/sounds/SoundEvents	Lnet/minecraft/core/Holder$Reference;	MUSIC_BIOME_SULFUR_CAVES	field_1_6378
FIELD	net/minecraft/sounds/SoundEvents	Lnet/minecraft/core/Holder$Reference;	MUSIC_DISC_BOUNCE	field_1_6379
METHOD	net/minecraft/world/entity/Entity	(Lnet/minecraft/world/phys/shapes/CollisionContext;Lnet/minecraft/world/level/Level;Ljava/util/List;Lnet/minecraft/world/phys/AABB;)Ljava/util/List;	collectCollidersIgnoringWorldBorder	method_1_5482
METHOD	net/minecraft/world/entity/Entity	(Lnet/minecraft/world/phys/shapes/CollisionContext;Lnet/minecraft/world/phys/Vec3;Lnet/minecraft/world/phys/AABB;Lnet/minecraft/world/level/Level;Ljava/util/List;)Lnet/minecraft/world/phys/Vec3;	collideBoundingBox	method_1_5483
FIELD	com/mojang/blaze3d/opengl/GlDevice	Z	USE_GL_ARB_base_instance	field_1_6380
FIELD	com/mojang/blaze3d/opengl/GlDevice	Z	USE_GL_ARB_draw_indirect	field_1_6381
FIELD	com/mojang/blaze3d/opengl/GlDevice	Z	USE_GL_ARB_multi_draw_indirect	field_1_6382
FIELD	com/mojang/blaze3d/opengl/GlDevice	Z	USE_GL_ARB_shader_draw_parameters	field_1_6383
CLASS	net/minecraft/client/PresenceSharing	class_1_904
FIELD	net/minecraft/client/PresenceSharing	[Lnet/minecraft/client/PresenceSharing;	$VALUES	field_1_6384
FIELD	net/minecraft/client/PresenceSharing	Lnet/minecraft/client/PresenceSharing;	ALL	field_1_6385
FIELD	net/minecraft/client/PresenceSharing	Lcom/mojang/serialization/Codec;	CODEC	field_1_6386
FIELD	net/minecraft/client/PresenceSharing	Lnet/minecraft/client/PresenceSharing;	LIMITED	field_1_6387
FIELD	net/minecraft/client/PresenceSharing	Lnet/minecraft/client/PresenceSharing;	NONE	field_1_6388
FIELD	net/minecraft/client/PresenceSharing	Ljava/lang/String;	TRANSLATION_KEY_BASE	field_1_6389
FIELD	net/minecraft/client/PresenceSharing	Ljava/lang/String;	name	field_1_6390
FIELD	net/minecraft/client/PresenceSharing	Lnet/minecraft/network/chat/Component;	tooltip	field_1_6391
FIELD	net/minecraft/client/PresenceSharing	Lnet/minecraft/network/chat/Component;	translatable	field_1_6392
METHOD	net/minecraft/client/PresenceSharing	()[Lnet/minecraft/client/PresenceSharing;	$values	method_1_5484
METHOD	net/minecraft/client/PresenceSharing	()Lnet/minecraft/network/chat/Component;	getTooltip	method_1_5485
METHOD	net/minecraft/client/PresenceSharing	()Lnet/minecraft/network/chat/Component;	getTranslation	method_1_5486
METHOD	com/mojang/blaze3d/platform/MacosUtil	(J)Ljava/util/Optional;	getNsWindow	method_1_5487
METHOD	com/mojang/blaze3d/platform/MacosUtil	(Lca/weblite/objc/NSObject;)V	lambda$setWindowColorSpaceForOpenGLBecauseGLFWDoesnt$0	method_1_5488
METHOD	com/mojang/blaze3d/platform/MacosUtil	(J)V	setWindowColorSpaceForOpenGLBecauseGLFWDoesnt	method_1_5489
FIELD	com/mojang/blaze3d/vulkan/VulkanUtils	Ljava/util/Set;	KNOWN_PROBLEMATIC_DEVICES	field_1_6393
METHOD	com/mojang/blaze3d/vulkan/VulkanUtils	(Ljava/util/List;)Ljava/lang/String;	formatCheckpoints	method_1_5490
METHOD	com/mojang/blaze3d/vulkan/VulkanUtils	(J)Ljava/lang/String;	pipelineStageToString	method_1_5491
CLASS	com/mojang/blaze3d/vulkan/VulkanUtils$DeviceUUID	class_1_905
FIELD	com/mojang/blaze3d/vulkan/VulkanUtils$DeviceUUID	I	deviceID	comp_1_804
FIELD	com/mojang/blaze3d/vulkan/VulkanUtils$DeviceUUID	I	driverID	comp_1_805
FIELD	com/mojang/blaze3d/vulkan/VulkanUtils$DeviceUUID	I	vendorID	comp_1_806
FIELD	net/minecraft/world/item/JukeboxSongs	Lnet/minecraft/resources/ResourceKey;	BOUNCE	field_1_6394
FIELD	com/mojang/blaze3d/vulkan/VulkanDevice	Lcom/mojang/blaze3d/vulkan/checkpoints/CheckpointExtension;	checkpointExtension	field_1_6395
METHOD	com/mojang/blaze3d/vulkan/VulkanDevice	()Lcom/mojang/blaze3d/vulkan/checkpoints/CheckpointExtension;	checkpointExtension	method_1_5492
METHOD	com/mojang/blaze3d/vulkan/VulkanDevice	(Ljava/util/function/Supplier;IJ)Lcom/mojang/blaze3d/vulkan/VulkanGpuBuffer;	createBuffer	method_1_5493
FIELD	com/mojang/blaze3d/systems/DeviceLimits	J	maxMemoryAllocationSize	comp_1_807
METHOD	com/mojang/blaze3d/systems/DeviceLimits	(Lcom/mojang/blaze3d/GpuFormat;)I	maxTextureSizeForFormat	method_1_5494
FIELD	com/mojang/blaze3d/vulkan/VulkanBackend	Lcom/mojang/blaze3d/vulkan/init/VulkanPNextStruct;	VK11_FEATURES_STRUCT	field_1_6396
METHOD	net/minecraft/client/gui/layouts/Layout	()V	removeChildren	method_1_5495
FIELD	net/minecraft/server/level/ServerPlayer	Lnet/minecraft/world/entity/Entity;	currentExplosionCause	field_1_6397
FIELD	net/minecraft/server/level/ServerPlayer	Lnet/minecraft/world/phys/Vec3;	currentExplosionImpactPos	field_1_6398
METHOD	net/minecraft/server/players/PlayerList	()Ljava/util/Map;	getPlayersByUUID	method_1_5496
CLASS	com/mojang/blaze3d/GpuDeviceLossException	class_1_906
FIELD	com/mojang/blaze3d/systems/DeviceFeatures	Z	drawIndirect	comp_1_808
FIELD	com/mojang/blaze3d/systems/DeviceFeatures	Z	multiDrawIndirect	comp_1_809
FIELD	com/mojang/blaze3d/systems/DeviceFeatures	Z	nonZeroFirstInstance	comp_1_810
FIELD	com/mojang/blaze3d/systems/DeviceFeatures	Z	shaderDrawParameters	comp_1_811
METHOD	net/minecraft/data/recipes/RecipeProvider	(Lnet/minecraft/data/recipes/RecipeProvider;Lnet/minecraft/world/level/ItemLike;Lnet/minecraft/world/level/ItemLike;)Lnet/minecraft/data/recipes/RecipeBuilder;	lambda$static$10	method_1_5497
METHOD	net/minecraft/data/recipes/RecipeProvider	(Lnet/minecraft/data/recipes/RecipeProvider;Lnet/minecraft/world/level/ItemLike;Lnet/minecraft/world/level/ItemLike;)V	lambda$static$26	method_1_5498
METHOD	net/minecraft/data/recipes/RecipeProvider	(Lnet/minecraft/data/recipes/RecipeProvider;Lnet/minecraft/world/level/ItemLike;Lnet/minecraft/world/level/ItemLike;)V	lambda$static$27	method_1_5499
METHOD	net/minecraft/data/recipes/RecipeProvider	(Lnet/minecraft/data/recipes/RecipeProvider;Lnet/minecraft/world/level/ItemLike;Lnet/minecraft/world/level/ItemLike;)Lnet/minecraft/data/recipes/RecipeBuilder;	lambda$static$9	method_1_5500
METHOD	net/minecraft/server/jsonrpc/JsonRPCUtils	(Ljava/lang/Integer;Lnet/minecraft/resources/Identifier;Ljava/util/List;)Lcom/google/gson/JsonObject;	createRequest	method_1_5501
METHOD	com/mojang/blaze3d/opengl/GlCommandEncoder	(Lcom/mojang/blaze3d/opengl/GlRenderPass;Lcom/mojang/blaze3d/IndexType;Lcom/mojang/blaze3d/opengl/GlBuffer;JI)V	executeDrawIndirect	method_1_5502
METHOD	com/mojang/blaze3d/opengl/GlCommandEncoder	(Lcom/mojang/blaze3d/opengl/GlRenderPass;Lcom/mojang/blaze3d/IndexType;)V	validateDraw	method_1_5503
FIELD	com/mojang/blaze3d/vulkan/VulkanRenderPass	Lcom/mojang/blaze3d/vulkan/checkpoints/CheckpointExtension$CheckpointStorage;	checkpointStorage	field_1_6399
FIELD	com/mojang/blaze3d/vulkan/VulkanRenderPass	Lorg/lwjgl/vulkan/VkCommandBuffer;	commandBuffer	field_1_6400
FIELD	com/mojang/blaze3d/vulkan/VulkanRenderPass	Lcom/mojang/blaze3d/vulkan/VulkanCommandEncoder;	encoder	field_1_6401
FIELD	com/mojang/blaze3d/vulkan/VulkanRenderPass	Ljava/util/function/Supplier;	label	field_1_6402
METHOD	com/mojang/blaze3d/vulkan/VulkanRenderPass	()Ljava/util/function/Supplier;	getLabel	method_1_5504
CLASS	com/mojang/blaze3d/vulkan/VulkanCommandPool	class_1_907
FIELD	com/mojang/blaze3d/vulkan/VulkanCommandPool	I	BUFFER_ALLOC_COUNT	field_1_6403
FIELD	com/mojang/blaze3d/vulkan/VulkanCommandPool	I	HANDLE_BUFFER_BLOCK_SIZE	field_1_6404
FIELD	com/mojang/blaze3d/vulkan/VulkanCommandPool	Lorg/lwjgl/PointerBuffer;	allocatedBuffers	field_1_6405
FIELD	com/mojang/blaze3d/vulkan/VulkanCommandPool	J	commandPool	field_1_6406
FIELD	com/mojang/blaze3d/vulkan/VulkanCommandPool	Lcom/mojang/blaze3d/vulkan/VulkanDevice;	device	field_1_6407
METHOD	com/mojang/blaze3d/vulkan/VulkanCommandPool	()Lorg/lwjgl/vulkan/VkCommandBuffer;	allocateBuffer	method_1_5505
METHOD	com/mojang/blaze3d/vulkan/VulkanCommandPool	()V	allocateMoreBuffers	method_1_5506
METHOD	com/mojang/blaze3d/vulkan/VulkanCommandPool	()V	release	method_1_5507
METHOD	com/mojang/blaze3d/vulkan/VulkanCommandPool	()V	reset	method_1_5508
METHOD	net/minecraft/client/multiplayer/ServerData	()Z	isOnline	method_1_5509
FIELD	net/minecraft/client/multiplayer/ServerData$Type	Lnet/minecraft/client/multiplayer/ServerData$Type;	ONLINE	field_1_6408
FIELD	net/minecraft/network/chat/CommonComponents	Lnet/minecraft/network/chat/Component;	GUI_REMOVE	field_1_6409
METHOD	net/minecraft/world/level/block/EntityBlock	(Lnet/minecraft/server/level/ServerLevel;Lnet/minecraft/world/level/block/entity/BlockEntity;)Lnet/minecraft/world/level/gameevent/GameEventListener;	getListener	method_1_5510
METHOD	com/mojang/blaze3d/systems/RenderPassBackend	(Lcom/mojang/blaze3d/buffers/GpuBufferSlice;I)V	drawIndexedIndirect	method_1_5511
METHOD	com/mojang/blaze3d/systems/RenderPassBackend	(Lcom/mojang/blaze3d/buffers/GpuBufferSlice;I)V	drawIndirect	method_1_5512
METHOD	net/minecraft/client/gui/components/tabs/Tab	()Lnet/minecraft/client/gui/layouts/Layout;	getLayout	method_1_5513
FIELD	net/minecraft/client/gui/screens/PauseScreen	Lnet/minecraft/network/chat/Component;	MULTIPLAYER_OPTIONS	field_1_6410
FIELD	net/minecraft/client/gui/screens/PauseScreen	Lnet/minecraft/client/gui/components/Tooltip;	NO_PLAYERS_TO_REPORT_TOOLTIP	field_1_6411
FIELD	net/minecraft/client/gui/screens/PauseScreen	Ljava/lang/Runnable;	friendListUpdateListener	field_1_6412
FIELD	net/minecraft/client/gui/screens/PauseScreen	Lnet/minecraft/client/gui/components/FriendsButton;	friends	field_1_6413
METHOD	net/minecraft/client/gui/screens/PauseScreen	()Z	isTopmostScreen	method_1_5514
METHOD	net/minecraft/client/gui/screens/PauseScreen	(Lnet/minecraft/client/gui/components/Button;)V	lambda$createPauseMenu$3	method_1_5515
METHOD	net/minecraft/client/gui/screens/PauseScreen	(Lnet/minecraft/client/gui/components/Button;)V	lambda$createPauseMenu$4	method_1_5516
METHOD	net/minecraft/client/gui/screens/PauseScreen	(Ljava/util/Map$Entry;)Z	lambda$createPauseMenu$5	method_1_5517
METHOD	net/minecraft/client/gui/screens/PauseScreen	(Lnet/minecraft/client/gui/layouts/GridLayout$RowHelper;Lnet/minecraft/core/Holder;)V	lambda$createPauseMenu$6	method_1_5518
METHOD	net/minecraft/client/gui/screens/PauseScreen	(Lnet/minecraft/client/gui/components/Button;)V	lambda$createPauseMenu$9	method_1_5519
METHOD	net/minecraft/client/gui/screens/PauseScreen	()V	onFriendListUpdate	method_1_5520
FIELD	net/minecraft/client/gui/screens/TitleScreen	Lnet/minecraft/client/gui/components/FriendsButton;	friends	field_1_6414
METHOD	net/minecraft/client/gui/screens/TitleScreen	(III)I	getHorizontalPosition	method_1_5521
METHOD	net/minecraft/client/gui/screens/TitleScreen	(Lnet/minecraft/client/gui/components/Button;)V	lambda$init$0	method_1_5522
METHOD	net/minecraft/client/gui/screens/TitleScreen	()V	lambda$init$1	method_1_5523
METHOD	net/minecraft/client/gui/screens/TitleScreen	(Z)Z	showFriendsListButton	method_1_5524
FIELD	net/minecraft/client/server/IntegratedServer	Lnet/minecraft/client/server/IntegratedServer$MultiplayerScope;	multiplayerScope	field_1_6415
METHOD	net/minecraft/client/server/IntegratedServer	(Lnet/minecraft/world/level/GameType;)V	applyDefaultGameMode	method_1_5525
METHOD	net/minecraft/client/server/IntegratedServer	()Lnet/minecraft/client/server/IntegratedServer$MultiplayerScope;	getMultiplayerScope	method_1_5526
METHOD	net/minecraft/client/server/IntegratedServer	()Z	isPublishedOnline	method_1_5527
METHOD	net/minecraft/client/server/IntegratedServer	()V	onPlayerListChanged	method_1_5528
METHOD	net/minecraft/client/server/IntegratedServer	(Z)V	setCommandsAllowedForAllPlayers	method_1_5529
METHOD	net/minecraft/client/server/IntegratedServer	(Lnet/minecraft/client/server/IntegratedServer$MultiplayerScope;)V	setMultiplayerScope	method_1_5530
METHOD	net/minecraft/client/server/IntegratedServer	()Z	unpublishServer	method_1_5531
CLASS	net/minecraft/client/server/IntegratedServer$MultiplayerScope	class_1_908
FIELD	net/minecraft/client/server/IntegratedServer$MultiplayerScope	[Lnet/minecraft/client/server/IntegratedServer$MultiplayerScope;	$VALUES	field_1_6416
FIELD	net/minecraft/client/server/IntegratedServer$MultiplayerScope	Lnet/minecraft/client/server/IntegratedServer$MultiplayerScope;	LAN	field_1_6417
FIELD	net/minecraft/client/server/IntegratedServer$MultiplayerScope	Lnet/minecraft/client/server/IntegratedServer$MultiplayerScope;	OFF	field_1_6418
FIELD	net/minecraft/client/server/IntegratedServer$MultiplayerScope	Lnet/minecraft/client/server/IntegratedServer$MultiplayerScope;	ONLINE	field_1_6419
FIELD	net/minecraft/client/server/IntegratedServer$MultiplayerScope	Lnet/minecraft/client/gui/components/Tooltip;	tooltip	field_1_6420
FIELD	net/minecraft/client/server/IntegratedServer$MultiplayerScope	Lnet/minecraft/network/chat/Component;	translatable	field_1_6421
METHOD	net/minecraft/client/server/IntegratedServer$MultiplayerScope	()[Lnet/minecraft/client/server/IntegratedServer$MultiplayerScope;	$values	method_1_5532
METHOD	net/minecraft/client/server/IntegratedServer$MultiplayerScope	()Lnet/minecraft/network/chat/Component;	getDisplayName	method_1_5533
METHOD	net/minecraft/client/server/IntegratedServer$MultiplayerScope	()Lnet/minecraft/client/gui/components/Tooltip;	getTooltip	method_1_5534
FIELD	net/minecraft/client/renderer/RenderPipelines	Lcom/mojang/blaze3d/pipeline/RenderPipeline$Snippet;	GLOBALS_SNIPPET	field_1_6422
FIELD	net/minecraft/client/renderer/RenderPipelines	Lcom/mojang/blaze3d/pipeline/RenderPipeline;	TEXT_GRAYSCALE_POLYGON_OFFSET	field_1_6423
FIELD	com/mojang/blaze3d/vulkan/VulkanCommandEncoder	Lcom/mojang/blaze3d/vulkan/checkpoints/CheckpointExtension$CheckpointStorage;	checkpointStorage	field_1_6424
FIELD	com/mojang/blaze3d/vulkan/VulkanCommandEncoder	[Lcom/mojang/blaze3d/vulkan/VulkanCommandPool;	commandPools	field_1_6425
METHOD	com/mojang/blaze3d/vulkan/VulkanCommandEncoder	()Lorg/lwjgl/vulkan/VkCommandBuffer;	commandBuffer	method_1_5535
METHOD	com/mojang/blaze3d/vulkan/VulkanCommandEncoder	()Lcom/mojang/blaze3d/vulkan/VulkanCommandPool;	currentCommandPool	method_1_5536
FIELD	com/mojang/blaze3d/vulkan/VulkanPhysicalDevice	Lorg/lwjgl/vulkan/VkPhysicalDeviceVulkan11Properties;	vkPhysicalDeviceVulkan11Properties	field_1_6426
METHOD	com/mojang/blaze3d/vulkan/VulkanPhysicalDevice	()Lorg/lwjgl/vulkan/VkPhysicalDeviceVulkan11Properties;	vkPhysicalDeviceVulkan11Properties	method_1_5537
CLASS	net/minecraft/client/network/webrtc/RtcChannel	class_1_909
FIELD	net/minecraft/client/network/webrtc/RtcChannel	I	BACKPRESSURE_FLAG	field_1_6427
FIELD	net/minecraft/client/network/webrtc/RtcChannel	J	HIGH_WATER_MARK	field_1_6428
FIELD	net/minecraft/client/network/webrtc/RtcChannel	Lorg/slf4j/Logger;	LOGGER	field_1_6429
FIELD	net/minecraft/client/network/webrtc/RtcChannel	J	LOW_WATER_MARK	field_1_6430
FIELD	net/minecraft/client/network/webrtc/RtcChannel	I	MAX_CHUNK_SIZE	field_1_6431
FIELD	net/minecraft/client/network/webrtc/RtcChannel	Lio/netty/channel/ChannelMetadata;	METADATA	field_1_6432
FIELD	net/minecraft/client/network/webrtc/RtcChannel	Z	activated	field_1_6433
FIELD	net/minecraft/client/network/webrtc/RtcChannel	Z	closed	field_1_6434
FIELD	net/minecraft/client/network/webrtc/RtcChannel	Lio/netty/channel/ChannelConfig;	config	field_1_6435
FIELD	net/minecraft/client/network/webrtc/RtcChannel	Lnet/minecraft/client/network/webrtc/RtcHandshake$HandshakeResult;	handshakeResult	field_1_6436
FIELD	net/minecraft/client/network/webrtc/RtcChannel	Z	writeStalled	field_1_6437
METHOD	net/minecraft/client/network/webrtc/RtcChannel	()V	closeFromTransport	method_1_5538
METHOD	net/minecraft/client/network/webrtc/RtcChannel	(Ldev/onvoid/webrtc/RTCPeerConnection;Ldev/onvoid/webrtc/RTCDataChannel;)V	dispose	method_1_5539
METHOD	net/minecraft/client/network/webrtc/RtcChannel	(Lnet/minecraft/client/network/webrtc/RtcHandshake$HandshakeResult;)V	dispose	method_1_5540
METHOD	net/minecraft/client/network/webrtc/RtcChannel	(Lio/netty/buffer/ByteBuf;)V	handleMessage	method_1_5541
METHOD	net/minecraft/client/network/webrtc/RtcChannel	(Ldev/onvoid/webrtc/RTCDataChannelState;)V	handleStateChange	method_1_5542
METHOD	net/minecraft/client/network/webrtc/RtcChannel	(Ldev/onvoid/webrtc/RTCDataChannelState;Lio/netty/channel/ChannelPromise;)V	lambda$doRegister$0	method_1_5543
METHOD	net/minecraft/client/network/webrtc/RtcChannel	(Z)V	setWriteStalled	method_1_5544
METHOD	net/minecraft/client/network/webrtc/RtcChannel	(Lio/netty/buffer/ByteBuf;)V	writeByteBuf	method_1_5545
FIELD	net/minecraft/client/network/webrtc/RtcChannel$1	Lnet/minecraft/client/network/webrtc/RtcChannel;	this$0	field_1_6438
METHOD	net/minecraft/client/network/webrtc/RtcChannel$1	()V	lambda$onBufferedAmountChange$0	method_1_5546
METHOD	net/minecraft/client/network/webrtc/RtcChannel$1	(Lio/netty/buffer/ByteBuf;)V	lambda$onMessage$0	method_1_5547
METHOD	net/minecraft/client/network/webrtc/RtcChannel$1	(Ldev/onvoid/webrtc/RTCDataChannelState;)V	lambda$onStateChange$0	method_1_5548
FIELD	net/minecraft/client/network/webrtc/RtcChannel$2	[I	$SwitchMap$dev$onvoid$webrtc$RTCDataChannelState	field_1_6439
CLASS	net/minecraft/client/network/webrtc/RtcChannel$RtcUnsafe	class_1_910
CLASS	net/minecraft/client/multiplayer/p2p/P2PManager	class_1_911
FIELD	net/minecraft/client/multiplayer/p2p/P2PManager	Lorg/slf4j/Logger;	LOGGER	field_1_6440
FIELD	net/minecraft/client/multiplayer/p2p/P2PManager	J	SIGNALING_RECONNECT_DELAY_SECONDS	field_1_6441
FIELD	net/minecraft/client/multiplayer/p2p/P2PManager	Lnet/minecraft/client/multiplayer/p2p/FriendJoinHandler;	friendJoinHandler	field_1_6442
FIELD	net/minecraft/client/multiplayer/p2p/P2PManager	Lnet/minecraft/client/Minecraft;	minecraft	field_1_6443
FIELD	net/minecraft/client/multiplayer/p2p/P2PManager	Lnet/minecraft/client/multiplayer/p2p/RtcHandshakeHandler;	rtcHandshakeHandler	field_1_6444
FIELD	net/minecraft/client/multiplayer/p2p/P2PManager	Z	shutdown	field_1_6445
FIELD	net/minecraft/client/multiplayer/p2p/P2PManager	Lnet/minecraft/client/multiplayer/p2p/client/SignalingServiceClient;	signaling	field_1_6446
METHOD	net/minecraft/client/multiplayer/p2p/P2PManager	(Ljava/util/UUID;)V	acceptIncomingJoinRequest	method_1_5549
METHOD	net/minecraft/client/multiplayer/p2p/P2PManager	(Ljava/lang/Runnable;)V	addJoinStateListener	method_1_5550
METHOD	net/minecraft/client/multiplayer/p2p/P2PManager	()V	cancelOutgoingJoins	method_1_5551
METHOD	net/minecraft/client/multiplayer/p2p/P2PManager	()Ljava/util/UUID;	connectingOutgoingJoinPmid	method_1_5552
METHOD	net/minecraft/client/multiplayer/p2p/P2PManager	(Ljava/util/UUID;Ljava/lang/String;)Z	consumeAcceptedJoinRequest	method_1_5553
METHOD	net/minecraft/client/multiplayer/p2p/P2PManager	(Ljava/util/UUID;)Ljava/util/concurrent/CompletableFuture;	declineInvite	method_1_5554
METHOD	net/minecraft/client/multiplayer/p2p/P2PManager	()V	ensureSignalingConnected	method_1_5555
METHOD	net/minecraft/client/multiplayer/p2p/P2PManager	(Ljava/util/UUID;)Lnet/minecraft/client/network/webrtc/RtcHandshake;	getHandshake	method_1_5556
METHOD	net/minecraft/client/multiplayer/p2p/P2PManager	(Ljava/util/UUID;)Z	hasHandshake	method_1_5557
METHOD	net/minecraft/client/multiplayer/p2p/P2PManager	(Ljava/util/UUID;)Z	hasIncomingJoinRequest	method_1_5558
METHOD	net/minecraft/client/multiplayer/p2p/P2PManager	()Z	hasOutgoingJoinRequest	method_1_5559
METHOD	net/minecraft/client/multiplayer/p2p/P2PManager	()Z	isHostingP2P	method_1_5560
METHOD	net/minecraft/client/multiplayer/p2p/P2PManager	(Ljava/lang/String;)Ljava/util/concurrent/CompletableFuture;	joinPlayer	method_1_5561
METHOD	net/minecraft/client/multiplayer/p2p/P2PManager	()V	lambda$onSignalingDisconnected$0	method_1_5562
METHOD	net/minecraft/client/multiplayer/p2p/P2PManager	()V	maybeDisconnectSignaling	method_1_5563
METHOD	net/minecraft/client/multiplayer/p2p/P2PManager	()Z	needsSignaling	method_1_5564
METHOD	net/minecraft/client/multiplayer/p2p/P2PManager	()V	notifyJoinStateChanged	method_1_5565
METHOD	net/minecraft/client/multiplayer/p2p/P2PManager	(Lnet/minecraft/client/server/IntegratedServer$MultiplayerScope;)V	onHostScopeChanged	method_1_5566
METHOD	net/minecraft/client/multiplayer/p2p/P2PManager	()V	onHostServerStopping	method_1_5567
METHOD	net/minecraft/client/multiplayer/p2p/P2PManager	()V	onSignalingDisconnected	method_1_5568
METHOD	net/minecraft/client/multiplayer/p2p/P2PManager	(Ljava/util/UUID;)Lnet/minecraft/client/multiplayer/p2p/FriendJoinHandler$OutgoingJoinState;	outgoingJoinState	method_1_5569
METHOD	net/minecraft/client/multiplayer/p2p/P2PManager	(Ljava/util/UUID;)V	rejectIncomingJoinRequest	method_1_5570
METHOD	net/minecraft/client/multiplayer/p2p/P2PManager	(Ljava/lang/Runnable;)V	removeJoinStateListener	method_1_5571
METHOD	net/minecraft/client/multiplayer/p2p/P2PManager	()V	shutdown	method_1_5572
METHOD	net/minecraft/client/multiplayer/p2p/P2PManager	(Ljava/util/UUID;Ljava/lang/String;)Ljava/util/concurrent/CompletableFuture;	startHandshake	method_1_5573
METHOD	net/minecraft/client/multiplayer/p2p/P2PManager	()V	teardownHostState	method_1_5574
FIELD	net/minecraft/client/multiplayer/p2p/P2PManager$1	Lnet/minecraft/client/multiplayer/p2p/P2PManager;	this$0	field_1_6447
CLASS	net/minecraft/client/network/webrtc/RtcHandshake	class_1_912
FIELD	net/minecraft/client/network/webrtc/RtcHandshake	Lorg/slf4j/Logger;	LOGGER	field_1_6448
FIELD	net/minecraft/client/network/webrtc/RtcHandshake	Ldev/onvoid/webrtc/RTCDataChannel;	dataChannel	field_1_6449
FIELD	net/minecraft/client/network/webrtc/RtcHandshake	Ljava/util/concurrent/atomic/AtomicBoolean;	handedOff	field_1_6450
FIELD	net/minecraft/client/network/webrtc/RtcHandshake	Ljava/lang/String;	id	field_1_6451
FIELD	net/minecraft/client/network/webrtc/RtcHandshake	Z	initiator	field_1_6452
FIELD	net/minecraft/client/network/webrtc/RtcHandshake	Ljava/util/function/Consumer;	onIceInfo	field_1_6453
FIELD	net/minecraft/client/network/webrtc/RtcHandshake	Ljava/util/function/Consumer;	onLocalCandidate	field_1_6454
FIELD	net/minecraft/client/network/webrtc/RtcHandshake	Ldev/onvoid/webrtc/RTCPeerConnection;	peerConnection	field_1_6455
FIELD	net/minecraft/client/network/webrtc/RtcHandshake	Ljava/util/concurrent/CompletableFuture;	result	field_1_6456
FIELD	net/minecraft/client/network/webrtc/RtcHandshake	Ljava/util/concurrent/CompletableFuture;	sdpResult	field_1_6457
FIELD	net/minecraft/client/network/webrtc/RtcHandshake	Ljava/util/concurrent/atomic/AtomicBoolean;	started	field_1_6458
FIELD	net/minecraft/client/network/webrtc/RtcHandshake	Z	trickleIce	field_1_6459
METHOD	net/minecraft/client/network/webrtc/RtcHandshake	(Ljava/lang/String;)V	abort	method_1_5575
METHOD	net/minecraft/client/network/webrtc/RtcHandshake	(Ljava/lang/String;)Ljava/util/concurrent/CompletableFuture;	acceptOffer	method_1_5576
METHOD	net/minecraft/client/network/webrtc/RtcHandshake	(Ldev/onvoid/webrtc/RTCIceCandidate;)Ljava/util/concurrent/CompletableFuture;	addRemoteIceCandidate	method_1_5577
METHOD	net/minecraft/client/network/webrtc/RtcHandshake	(Ljava/lang/String;)Ljava/util/concurrent/CompletableFuture;	applyAnswer	method_1_5578
METHOD	net/minecraft/client/network/webrtc/RtcHandshake	(Ljava/util/concurrent/CompletableFuture;)V	completeSdp	method_1_5579
METHOD	net/minecraft/client/network/webrtc/RtcHandshake	()Ljava/util/concurrent/CompletableFuture;	createAnswerSdp	method_1_5580
METHOD	net/minecraft/client/network/webrtc/RtcHandshake	()Ljava/util/concurrent/CompletableFuture;	createOffer	method_1_5581
METHOD	net/minecraft/client/network/webrtc/RtcHandshake	()Ljava/util/concurrent/CompletableFuture;	createOfferSdp	method_1_5582
METHOD	net/minecraft/client/network/webrtc/RtcHandshake	(Ldev/onvoid/webrtc/RTCStats;Ljava/util/Map;)Ljava/util/Optional;	extractIceInfo	method_1_5583
METHOD	net/minecraft/client/network/webrtc/RtcHandshake	(Ljava/lang/String;)V	failHandshake	method_1_5584
METHOD	net/minecraft/client/network/webrtc/RtcHandshake	(Lnet/minecraft/client/network/webrtc/RtcHandshake$IceInfo;)V	fireIceInfo	method_1_5585
METHOD	net/minecraft/client/network/webrtc/RtcHandshake	(Ldev/onvoid/webrtc/RTCIceCandidate;)V	fireLocalCandidate	method_1_5586
METHOD	net/minecraft/client/network/webrtc/RtcHandshake	()Ljava/util/concurrent/CompletableFuture;	future	method_1_5587
METHOD	net/minecraft/client/network/webrtc/RtcHandshake	()Ljava/lang/String;	id	method_1_5588
METHOD	net/minecraft/client/network/webrtc/RtcHandshake	()Z	isInitiator	method_1_5589
METHOD	net/minecraft/client/network/webrtc/RtcHandshake	(Ljava/lang/Void;)Ljava/util/concurrent/CompletionStage;	lambda$acceptOffer$0	method_1_5590
METHOD	net/minecraft/client/network/webrtc/RtcHandshake	(Ldev/onvoid/webrtc/RTCStatsReport;)V	lambda$reportIceInfo$0	method_1_5591
METHOD	net/minecraft/client/network/webrtc/RtcHandshake	(Ldev/onvoid/webrtc/RTCStats;)Z	lambda$reportIceInfo$1	method_1_5592
METHOD	net/minecraft/client/network/webrtc/RtcHandshake	(Ljava/util/concurrent/CompletableFuture;Ljava/lang/Void;Ljava/lang/Throwable;)V	lambda$startSdpExchange$0	method_1_5593
METHOD	net/minecraft/client/network/webrtc/RtcHandshake	(Ljava/lang/String;Ljava/lang/Throwable;)V	lambda$startSdpExchange$1	method_1_5594
METHOD	net/minecraft/client/network/webrtc/RtcHandshake	(Ldev/onvoid/webrtc/RTCDataChannel;)V	markOpen	method_1_5595
METHOD	net/minecraft/client/network/webrtc/RtcHandshake	(Ljava/util/function/Consumer;)V	onIceInfo	method_1_5596
METHOD	net/minecraft/client/network/webrtc/RtcHandshake	()V	reportIceInfo	method_1_5597
METHOD	net/minecraft/client/network/webrtc/RtcHandshake	(Ldev/onvoid/webrtc/RTCSessionDescription;)Ljava/util/concurrent/CompletableFuture;	setLocalDescription	method_1_5598
METHOD	net/minecraft/client/network/webrtc/RtcHandshake	(Ldev/onvoid/webrtc/RTCSessionDescription;)Ljava/util/concurrent/CompletableFuture;	setRemoteDescription	method_1_5599
METHOD	net/minecraft/client/network/webrtc/RtcHandshake	(Ljava/util/concurrent/CompletableFuture;)Ljava/util/concurrent/CompletableFuture;	startSdpExchange	method_1_5600
METHOD	net/minecraft/client/network/webrtc/RtcHandshake	(Ldev/onvoid/webrtc/RTCDataChannel;)V	wireDataChannel	method_1_5601
FIELD	net/minecraft/client/network/webrtc/RtcHandshake$1	Lnet/minecraft/client/network/webrtc/RtcHandshake;	this$0	field_1_6460
FIELD	net/minecraft/client/network/webrtc/RtcHandshake$1	Ldev/onvoid/webrtc/RTCDataChannel;	val$dc	field_1_6461
FIELD	net/minecraft/client/network/webrtc/RtcHandshake$2	Ljava/util/concurrent/CompletableFuture;	val$future	field_1_6462
FIELD	net/minecraft/client/network/webrtc/RtcHandshake$3	Ljava/util/concurrent/CompletableFuture;	val$future	field_1_6463
FIELD	net/minecraft/client/network/webrtc/RtcHandshake$4	Ljava/util/concurrent/CompletableFuture;	val$future	field_1_6464
FIELD	net/minecraft/client/network/webrtc/RtcHandshake$5	Ljava/util/concurrent/CompletableFuture;	val$future	field_1_6465
FIELD	net/minecraft/client/network/webrtc/RtcHandshake$6	[I	$SwitchMap$dev$onvoid$webrtc$RTCPeerConnectionState	field_1_6466
CLASS	net/minecraft/client/network/webrtc/RtcHandshake$HandshakeResult	class_1_913
FIELD	net/minecraft/client/network/webrtc/RtcHandshake$HandshakeResult	Ldev/onvoid/webrtc/RTCDataChannel;	dataChannel	comp_1_812
FIELD	net/minecraft/client/network/webrtc/RtcHandshake$HandshakeResult	Ldev/onvoid/webrtc/RTCPeerConnection;	peerConnection	comp_1_813
CLASS	net/minecraft/client/network/webrtc/RtcHandshake$IceInfo	class_1_914
FIELD	net/minecraft/client/network/webrtc/RtcHandshake$IceInfo	Lnet/minecraft/client/telemetry/events/P2PTelemetryEvent$IceCandidateType;	local	comp_1_814
FIELD	net/minecraft/client/network/webrtc/RtcHandshake$IceInfo	Lnet/minecraft/client/telemetry/events/P2PTelemetryEvent$IceCandidateType;	remote	comp_1_815
CLASS	net/minecraft/client/network/webrtc/RtcHandshake$SessionObserver	class_1_915
FIELD	net/minecraft/client/network/webrtc/RtcHandshake$SessionObserver	Lnet/minecraft/client/network/webrtc/RtcHandshake;	this$0	field_1_6467
CLASS	net/minecraft/client/network/webrtc/package-info	class_1_916
FIELD	net/minecraft/client/telemetry/TelemetryProperty	Lnet/minecraft/client/telemetry/TelemetryProperty;	P2P_CONNECTION_FAILURE_STAGE	field_1_6468
FIELD	net/minecraft/client/telemetry/TelemetryProperty	Lnet/minecraft/client/telemetry/TelemetryProperty;	P2P_CONNECTION_ICE_CONNECT_TIME_MS	field_1_6469
FIELD	net/minecraft/client/telemetry/TelemetryProperty	Lnet/minecraft/client/telemetry/TelemetryProperty;	P2P_CONNECTION_ICE_PATH	field_1_6470
FIELD	net/minecraft/client/telemetry/TelemetryProperty	Lnet/minecraft/client/telemetry/TelemetryProperty;	P2P_CONNECTION_LOCAL_CANDIDATE_TYPE	field_1_6471
FIELD	net/minecraft/client/telemetry/TelemetryProperty	Lnet/minecraft/client/telemetry/TelemetryProperty;	P2P_CONNECTION_REMOTE_CANDIDATE_TYPE	field_1_6472
FIELD	net/minecraft/client/telemetry/TelemetryProperty	Lnet/minecraft/client/telemetry/TelemetryProperty;	P2P_CONNECTION_SIGNALING_TIME_MS	field_1_6473
FIELD	net/minecraft/client/telemetry/TelemetryProperty	Lnet/minecraft/client/telemetry/TelemetryProperty;	P2P_CONNECTION_SUCCESSFUL	field_1_6474
FIELD	net/minecraft/client/telemetry/TelemetryProperty	Lnet/minecraft/client/telemetry/TelemetryProperty;	P2P_CONNECTION_TOTAL_TIME_MS	field_1_6475
METHOD	net/minecraft/client/telemetry/TelemetryProperty	(Lcom/mojang/authlib/minecraft/TelemetryPropertyContainer;Ljava/lang/String;Lnet/minecraft/client/telemetry/events/P2PTelemetryEvent$IcePath;)V	lambda$static$3	method_1_5602
METHOD	net/minecraft/client/telemetry/TelemetryProperty	(Lcom/mojang/authlib/minecraft/TelemetryPropertyContainer;Ljava/lang/String;Lnet/minecraft/client/telemetry/events/P2PTelemetryEvent$IceCandidateType;)V	lambda$static$4	method_1_5603
METHOD	net/minecraft/client/telemetry/TelemetryProperty	(Lcom/mojang/authlib/minecraft/TelemetryPropertyContainer;Ljava/lang/String;Lnet/minecraft/client/telemetry/events/P2PTelemetryEvent$IceCandidateType;)V	lambda$static$5	method_1_5604
METHOD	net/minecraft/client/telemetry/TelemetryProperty	(Lcom/mojang/authlib/minecraft/TelemetryPropertyContainer;Ljava/lang/String;Lnet/minecraft/client/telemetry/events/P2PTelemetryEvent$FailureStage;)V	lambda$static$6	method_1_5605
METHOD	net/minecraft/world/phys/shapes/CollisionContext	(D)Lnet/minecraft/world/phys/shapes/CollisionContext;	positionContext	method_1_5606
METHOD	net/minecraft/client/gui/components/CommonButtons	(ILnet/minecraft/client/gui/components/Button$OnPress;)Lnet/minecraft/client/gui/components/FriendsButton;	friends	method_1_5607
METHOD	net/minecraft/client/gui/components/CommonButtons	(Ljava/util/function/Supplier;)Lnet/minecraft/network/chat/MutableComponent;	lambda$accessibility$0	method_1_5608
METHOD	net/minecraft/client/gui/components/CommonButtons	(Ljava/util/function/Supplier;)Lnet/minecraft/network/chat/MutableComponent;	lambda$language$0	method_1_5609
CLASS	net/minecraft/client/gui/components/FriendsButton	class_1_917
FIELD	net/minecraft/client/gui/components/FriendsButton	Lnet/minecraft/network/chat/Component;	MESSAGE	field_1_6476
FIELD	net/minecraft/client/gui/components/FriendsButton	Lnet/minecraft/client/gui/components/Button$CreateNarration;	NARRATION	field_1_6477
FIELD	net/minecraft/client/gui/components/FriendsButton	[Lnet/minecraft/resources/Identifier;	NOTIFICATION_ICONS	field_1_6478
FIELD	net/minecraft/client/gui/components/FriendsButton	I	SPRITE_SIZE	field_1_6479
FIELD	net/minecraft/client/gui/components/FriendsButton	Lnet/minecraft/network/chat/Component;	TOOLTIP	field_1_6480
FIELD	net/minecraft/client/gui/components/FriendsButton	I	incomingRequestCount	field_1_6481
METHOD	net/minecraft/client/gui/components/FriendsButton	(Ljava/util/function/Supplier;)Lnet/minecraft/network/chat/MutableComponent;	lambda$static$0	method_1_5610
METHOD	net/minecraft/client/gui/components/FriendsButton	()V	refreshIncomingRequestCount	method_1_5611
CLASS	net/minecraft/client/gui/screens/P2PConnectScreen	class_1_918
FIELD	net/minecraft/client/gui/screens/P2PConnectScreen	Lnet/minecraft/network/chat/Component;	CONNECTING	field_1_6482
FIELD	net/minecraft/client/gui/screens/P2PConnectScreen	Lnet/minecraft/network/chat/Component;	FAILURE_GENERIC	field_1_6483
FIELD	net/minecraft/client/gui/screens/P2PConnectScreen	Lnet/minecraft/network/chat/Component;	FAILURE_SIGNALING	field_1_6484
FIELD	net/minecraft/client/gui/screens/P2PConnectScreen	Lnet/minecraft/network/chat/Component;	FAILURE_TIMEOUT	field_1_6485
FIELD	net/minecraft/client/gui/screens/P2PConnectScreen	Lnet/minecraft/network/chat/Component;	FAILURE_UNREACHABLE	field_1_6486
FIELD	net/minecraft/client/gui/screens/P2PConnectScreen	Z	cancelled	field_1_6487
FIELD	net/minecraft/client/gui/screens/P2PConnectScreen	Lnet/minecraft/client/gui/screens/Screen;	parent	field_1_6488
FIELD	net/minecraft/client/gui/screens/P2PConnectScreen	Ljava/lang/String;	peerPmid	field_1_6489
FIELD	net/minecraft/client/gui/screens/P2PConnectScreen	Lnet/minecraft/network/chat/Component;	status	field_1_6490
METHOD	net/minecraft/client/gui/screens/P2PConnectScreen	(Lnet/minecraft/client/Minecraft;)V	connect	method_1_5612
METHOD	net/minecraft/client/gui/screens/P2PConnectScreen	(Lnet/minecraft/client/Minecraft;Ljava/lang/Void;Ljava/lang/Throwable;)V	lambda$connect$0	method_1_5613
METHOD	net/minecraft/client/gui/screens/P2PConnectScreen	(Lnet/minecraft/client/Minecraft;Ljava/lang/Throwable;)V	lambda$connect$1	method_1_5614
METHOD	net/minecraft/client/gui/screens/P2PConnectScreen	(Lnet/minecraft/client/gui/components/Button;)V	lambda$init$0	method_1_5615
METHOD	net/minecraft/client/gui/screens/P2PConnectScreen	(Ljava/lang/Throwable;)Lnet/minecraft/network/chat/Component;	reasonFor	method_1_5616
METHOD	net/minecraft/client/gui/screens/P2PConnectScreen	(Lnet/minecraft/client/gui/screens/Screen;Lnet/minecraft/client/Minecraft;Ljava/util/UUID;)V	startConnecting	method_1_5617
CLASS	net/minecraft/client/multiplayer/p2p/package-info	class_1_919
CLASS	net/minecraft/client/resources/model/ModelManager$BlockOnlyMaterialBaker	class_1_920
FIELD	net/minecraft/client/resources/model/ModelManager$BlockOnlyMaterialBaker	Lnet/minecraft/client/renderer/texture/SpriteLoader$Preparations;	blockAtlas	field_1_6491
CLASS	net/minecraft/client/resources/model/ModelManager$CombinedBlockItemMaterialBaker	class_1_921
FIELD	net/minecraft/client/resources/model/ModelManager$CombinedBlockItemMaterialBaker	Lnet/minecraft/client/renderer/texture/SpriteLoader$Preparations;	blockAtlas	field_1_6492
FIELD	net/minecraft/client/resources/model/ModelManager$CombinedBlockItemMaterialBaker	Lnet/minecraft/client/renderer/texture/SpriteLoader$Preparations;	itemAtlas	field_1_6493
FIELD	net/minecraft/client/telemetry/TelemetryEventType	Lorg/slf4j/Logger;	LOGGER	field_1_6494
FIELD	net/minecraft/client/telemetry/TelemetryEventType	Lnet/minecraft/client/telemetry/TelemetryEventType;	P2P_CONNECTION	field_1_6495
METHOD	net/minecraft/client/telemetry/TelemetryEventType	()Z	selfTest	method_1_5618
METHOD	com/mojang/blaze3d/platform/ClientShutdownWatchdog	()V	crashButDontWorryItsTemporary	method_1_5619
CLASS	com/mojang/blaze3d/vulkan/checkpoints/package-info	class_1_922
CLASS	net/minecraft/client/gui/components/tabs/MenuTabBar	class_1_923
FIELD	net/minecraft/client/gui/components/tabs/MenuTabBar	I	HEIGHT	field_1_6496
FIELD	net/minecraft/client/gui/components/tabs/MenuTabBar	I	MARGIN	field_1_6497
FIELD	net/minecraft/client/gui/components/tabs/MenuTabBar	I	MAX_WIDTH	field_1_6498
METHOD	net/minecraft/client/gui/components/tabs/MenuTabBar	(Lnet/minecraft/client/gui/components/tabs/TabManager;I)Lnet/minecraft/client/gui/components/tabs/MenuTabBar$Builder;	builder	method_1_5620
CLASS	net/minecraft/client/gui/components/tabs/MenuTabBar$Builder	class_1_924
METHOD	net/minecraft/client/gui/components/tabs/MenuTabBar$Builder	(Lnet/minecraft/client/gui/components/tabs/Tab;)Lnet/minecraft/client/gui/components/tabs/MenuTabBar$Builder;	addTab	method_1_5621
METHOD	net/minecraft/client/gui/components/tabs/MenuTabBar$Builder	([Lnet/minecraft/client/gui/components/tabs/Tab;)Lnet/minecraft/client/gui/components/tabs/MenuTabBar$Builder;	addTabs	method_1_5622
METHOD	net/minecraft/client/gui/components/tabs/MenuTabBar$Builder	()Lnet/minecraft/client/gui/components/tabs/MenuTabBar;	build	method_1_5623
CLASS	net/minecraft/client/gui/components/tabs/MenuTabBar$MenuTabButton	class_1_925
FIELD	net/minecraft/client/gui/components/tabs/MenuTabBar$MenuTabButton	I	SELECTED_OFFSET	field_1_6499
FIELD	net/minecraft/client/gui/components/tabs/MenuTabBar$MenuTabButton	Lnet/minecraft/client/gui/components/WidgetSprites;	SPRITES	field_1_6500
FIELD	net/minecraft/client/gui/components/tabs/MenuTabBar$MenuTabButton	I	TEXT_MARGIN	field_1_6501
FIELD	net/minecraft/client/gui/components/tabs/MenuTabBar$MenuTabButton	I	UNDERLINE_HEIGHT	field_1_6502
FIELD	net/minecraft/client/gui/components/tabs/MenuTabBar$MenuTabButton	I	UNDERLINE_MARGIN_BOTTOM	field_1_6503
FIELD	net/minecraft/client/gui/components/tabs/MenuTabBar$MenuTabButton	I	UNDERLINE_MARGIN_X	field_1_6504
METHOD	net/minecraft/client/gui/components/tabs/MenuTabBar$MenuTabButton	(Lnet/minecraft/client/gui/GuiGraphicsExtractor;Lnet/minecraft/client/gui/Font;I)V	renderFocusUnderline	method_1_5624
METHOD	net/minecraft/client/gui/components/tabs/MenuTabBar$MenuTabButton	(Lnet/minecraft/client/gui/ActiveTextCollector;)V	renderLabel	method_1_5625
METHOD	net/minecraft/client/gui/components/tabs/MenuTabBar$MenuTabButton	(Lnet/minecraft/client/gui/GuiGraphicsExtractor;IIII)V	renderMenuBackground	method_1_5626
METHOD	net/minecraft/client/gui/components/tabs/TabManager	(Lnet/minecraft/client/gui/components/tabs/Tab;Z)V	setCurrentTab	method_1_5627
CLASS	net/minecraft/client/gui/screens/friends/FriendsTab	class_1_926
FIELD	net/minecraft/client/gui/screens/friends/FriendsTab	Lnet/minecraft/network/chat/Component;	EMPTY_STATE	field_1_6505
FIELD	net/minecraft/client/gui/screens/friends/FriendsTab	Lnet/minecraft/resources/Identifier;	ILLUSTRATION	field_1_6506
FIELD	net/minecraft/client/gui/screens/friends/FriendsTab	Lnet/minecraft/network/chat/Component;	MANAGE_ACCOUNT_FOOTER	field_1_6507
FIELD	net/minecraft/client/gui/screens/friends/FriendsTab	Lnet/minecraft/network/chat/Component;	MICROSOFT_ACCOUNT_LINK	field_1_6508
FIELD	net/minecraft/client/gui/screens/friends/FriendsTab	Lnet/minecraft/network/chat/Component;	TAB_TITLE	field_1_6509
FIELD	net/minecraft/client/gui/screens/friends/FriendsTab	Lnet/minecraft/client/gui/screens/friends/AddFriendWidget;	addFriendWidget	field_1_6510
FIELD	net/minecraft/client/gui/screens/friends/FriendsTab	Lnet/minecraft/client/gui/layouts/LinearLayout;	friendScrollableContent	field_1_6511
FIELD	net/minecraft/client/gui/screens/friends/FriendsTab	Lnet/minecraft/client/gui/layouts/LinearLayout;	layout	field_1_6512
FIELD	net/minecraft/client/gui/screens/friends/FriendsTab	Lnet/minecraft/client/gui/components/LoadingDotsWidget;	loadingDotsWidget	field_1_6513
FIELD	net/minecraft/client/gui/screens/friends/FriendsTab	Lnet/minecraft/client/Minecraft;	minecraft	field_1_6514
FIELD	net/minecraft/client/gui/screens/friends/FriendsTab	Lnet/minecraft/client/gui/screens/friends/FriendsOverlayScreen;	screen	field_1_6515
FIELD	net/minecraft/client/gui/screens/friends/FriendsTab	Lnet/minecraft/client/gui/components/ScrollableLayout;	scrollableLayout	field_1_6516
METHOD	net/minecraft/client/gui/screens/friends/FriendsTab	(Ljava/lang/String;)Z	checkLocalConflicts	method_1_5628
METHOD	net/minecraft/client/gui/screens/friends/FriendsTab	(Ljava/lang/String;Ljava/util/List;)Z	contains	method_1_5629
METHOD	net/minecraft/client/gui/screens/friends/FriendsTab	()Lnet/minecraft/client/gui/layouts/FrameLayout;	createManageAccountFooter	method_1_5630
METHOD	net/minecraft/client/gui/screens/friends/FriendsTab	(Lnet/minecraft/network/chat/Style;)V	lambda$createManageAccountFooter$0	method_1_5631
METHOD	net/minecraft/client/gui/screens/friends/FriendsTab	(Lcom/mojang/authlib/yggdrasil/FriendsService$ResultCode;)V	lambda$sendFriendRequest$0	method_1_5632
METHOD	net/minecraft/client/gui/screens/friends/FriendsTab	(Lnet/minecraft/network/chat/Style;)V	lambda$showEmpty$0	method_1_5633
METHOD	net/minecraft/client/gui/screens/friends/FriendsTab	(Lnet/minecraft/network/chat/Style;)Lnet/minecraft/network/chat/Style;	lambda$static$0	method_1_5634
METHOD	net/minecraft/client/gui/screens/friends/FriendsTab	()V	sendFriendRequest	method_1_5635
METHOD	net/minecraft/client/gui/screens/friends/FriendsTab	()V	showEmpty	method_1_5636
METHOD	net/minecraft/client/gui/screens/friends/FriendsTab	(Lnet/minecraft/network/chat/Component;)V	showError	method_1_5637
METHOD	net/minecraft/client/gui/screens/friends/FriendsTab	()V	showLoading	method_1_5638
METHOD	net/minecraft/client/gui/screens/friends/FriendsTab	(Ljava/util/List;)V	updateEntries	method_1_5639
CLASS	net/minecraft/client/gui/screens/friends/PendingTab	class_1_927
FIELD	net/minecraft/client/gui/screens/friends/PendingTab	Lnet/minecraft/network/chat/Component;	EMPTY_STATE	field_1_6517
FIELD	net/minecraft/client/gui/screens/friends/PendingTab	Lnet/minecraft/network/chat/Component;	RECEIVED_HEADER	field_1_6518
FIELD	net/minecraft/client/gui/screens/friends/PendingTab	Lnet/minecraft/network/chat/Component;	SENT_HEADER	field_1_6519
FIELD	net/minecraft/client/gui/screens/friends/PendingTab	Lnet/minecraft/client/gui/layouts/LinearLayout;	layout	field_1_6520
FIELD	net/minecraft/client/gui/screens/friends/PendingTab	Lnet/minecraft/client/gui/components/LoadingDotsWidget;	loadingDotsWidget	field_1_6521
FIELD	net/minecraft/client/gui/screens/friends/PendingTab	Lnet/minecraft/client/gui/layouts/LinearLayout;	pendingScrollableContent	field_1_6522
FIELD	net/minecraft/client/gui/screens/friends/PendingTab	Lnet/minecraft/client/gui/screens/friends/FriendsOverlayScreen;	screen	field_1_6523
FIELD	net/minecraft/client/gui/screens/friends/PendingTab	Lnet/minecraft/client/gui/components/ScrollableLayout;	scrollableLayout	field_1_6524
METHOD	net/minecraft/client/gui/screens/friends/PendingTab	()V	showEmpty	method_1_5640
METHOD	net/minecraft/client/gui/screens/friends/PendingTab	(Lnet/minecraft/network/chat/Component;)V	showError	method_1_5641
METHOD	net/minecraft/client/gui/screens/friends/PendingTab	()V	showLoading	method_1_5642
METHOD	net/minecraft/client/gui/screens/friends/PendingTab	(Ljava/util/List;Ljava/util/List;)V	updateEntries	method_1_5643
FIELD	net/minecraft/network/protocol/game/GamePacketTypes	Lnet/minecraft/network/protocol/PacketType;	SERVERBOUND_SPECTATOR_ACTION	field_1_6525
CLASS	net/minecraft/client/gui/components/PlayerFaceWidget	class_1_928
FIELD	net/minecraft/client/gui/components/PlayerFaceWidget	Lnet/minecraft/world/entity/player/PlayerSkin;	skin	field_1_6526
METHOD	net/minecraft/client/gui/components/ScrollableLayout$Container	()V	refreshChildren	method_1_5644
FIELD	net/minecraft/client/gui/components/SpriteIconButton	Lnet/minecraft/resources/Identifier;	BUTTON_DISABLED_SPRITE	field_1_6527
FIELD	net/minecraft/client/gui/components/SpriteIconButton	Lnet/minecraft/resources/Identifier;	LOADING_SPRITE	field_1_6528
FIELD	net/minecraft/client/gui/components/SpriteIconButton	I	LOADING_SPRITE_H	field_1_6529
FIELD	net/minecraft/client/gui/components/SpriteIconButton	I	LOADING_SPRITE_W	field_1_6530
FIELD	net/minecraft/client/gui/components/SpriteIconButton	Lnet/minecraft/client/gui/components/Tooltip;	LOADING_TOOLTIP	field_1_6531
FIELD	net/minecraft/client/gui/components/SpriteIconButton	Lnet/minecraft/client/gui/components/Tooltip;	defaultTooltip	field_1_6532
FIELD	net/minecraft/client/gui/components/SpriteIconButton	Z	loading	field_1_6533
FIELD	net/minecraft/client/gui/components/SpriteIconButton	I	spriteOffsetX	field_1_6534
FIELD	net/minecraft/client/gui/components/SpriteIconButton	I	spriteOffsetY	field_1_6535
FIELD	net/minecraft/client/gui/components/SpriteIconButton	Z	switchToLoadingAfterPress	field_1_6536
METHOD	net/minecraft/client/gui/components/SpriteIconButton	(Lnet/minecraft/client/gui/GuiGraphicsExtractor;)Z	extractLoadingStateIfLoading	method_1_5645
METHOD	net/minecraft/client/gui/components/SpriteIconButton	(Z)V	setLoading	method_1_5646
METHOD	net/minecraft/client/gui/components/SpriteIconButton	(ZLnet/minecraft/client/gui/components/Tooltip;)V	setLoading	method_1_5647
FIELD	net/minecraft/client/gui/components/SpriteIconButton$Builder	I	spriteOffsetX	field_1_6537
FIELD	net/minecraft/client/gui/components/SpriteIconButton$Builder	I	spriteOffsetY	field_1_6538
FIELD	net/minecraft/client/gui/components/SpriteIconButton$Builder	Z	switchToLoadingAfterPress	field_1_6539
METHOD	net/minecraft/client/gui/components/SpriteIconButton$Builder	(II)Lnet/minecraft/client/gui/components/SpriteIconButton$Builder;	spriteOffset	method_1_5648
METHOD	net/minecraft/client/gui/components/SpriteIconButton$Builder	()Lnet/minecraft/client/gui/components/SpriteIconButton$Builder;	switchToLoadingAfterPress	method_1_5649
METHOD	net/minecraft/client/gui/components/SpriteIconButton$Builder	(Lnet/minecraft/network/chat/Component;)Lnet/minecraft/client/gui/components/SpriteIconButton$Builder;	tooltip	method_1_5650
CLASS	net/minecraft/client/gui/screens/friends/FriendEntry	class_1_929
FIELD	net/minecraft/client/gui/screens/friends/FriendEntry	Lnet/minecraft/network/chat/Component;	ACCEPT_INVITE	field_1_6540
FIELD	net/minecraft/client/gui/screens/friends/FriendEntry	Lnet/minecraft/network/chat/Component;	ACCEPT_JOIN_REQUEST	field_1_6541
FIELD	net/minecraft/client/gui/screens/friends/FriendEntry	Lnet/minecraft/client/gui/components/WidgetSprites;	ACCEPT_SPRITE	field_1_6542
FIELD	net/minecraft/client/gui/screens/friends/FriendEntry	Lnet/minecraft/network/chat/Component;	CONFIRM_TITLE	field_1_6543
FIELD	net/minecraft/client/gui/screens/friends/FriendEntry	Lnet/minecraft/network/chat/Component;	CONFIRM_UNFRIEND	field_1_6544
FIELD	net/minecraft/client/gui/screens/friends/FriendEntry	Lnet/minecraft/network/chat/Component;	INVITE	field_1_6545
FIELD	net/minecraft/client/gui/screens/friends/FriendEntry	Lnet/minecraft/client/gui/components/WidgetSprites;	INVITE_SPRITE	field_1_6546
FIELD	net/minecraft/client/gui/screens/friends/FriendEntry	Lnet/minecraft/network/chat/Component;	JOIN_REQUEST	field_1_6547
FIELD	net/minecraft/client/gui/screens/friends/FriendEntry	Lnet/minecraft/client/gui/components/WidgetSprites;	JOIN_REQUEST_SPRITE	field_1_6548
FIELD	net/minecraft/client/gui/screens/friends/FriendEntry	Lnet/minecraft/network/chat/Component;	REJECT_INVITE	field_1_6549
FIELD	net/minecraft/client/gui/screens/friends/FriendEntry	Lnet/minecraft/network/chat/Component;	REJECT_JOIN_REQUEST	field_1_6550
FIELD	net/minecraft/client/gui/screens/friends/FriendEntry	Lnet/minecraft/client/gui/components/WidgetSprites;	REJECT_SPRITE	field_1_6551
FIELD	net/minecraft/client/gui/screens/friends/FriendEntry	Lnet/minecraft/client/gui/components/WidgetSprites;	REMOVE_SPRITE	field_1_6552
FIELD	net/minecraft/client/gui/screens/friends/FriendEntry	Lnet/minecraft/network/chat/Component;	UNFRIEND	field_1_6553
FIELD	net/minecraft/client/gui/screens/friends/FriendEntry	Lnet/minecraft/client/gui/components/SpriteIconButton;	leftAction	field_1_6554
FIELD	net/minecraft/client/gui/screens/friends/FriendEntry	Lcom/mojang/authlib/yggdrasil/response/PresenceStatusDto;	presence	field_1_6555
FIELD	net/minecraft/client/gui/screens/friends/FriendEntry	Lnet/minecraft/client/gui/components/SpriteIconButton;	removeButton	field_1_6556
FIELD	net/minecraft/client/gui/screens/friends/FriendEntry	Lnet/minecraft/client/gui/components/SpriteIconButton;	rightAction	field_1_6557
FIELD	net/minecraft/client/gui/screens/friends/FriendEntry	Lnet/minecraft/client/gui/components/StringWidget;	statusWidget	field_1_6558
METHOD	net/minecraft/client/gui/screens/friends/FriendEntry	(Ljava/util/UUID;)V	acceptInvite	method_1_5651
METHOD	net/minecraft/client/gui/screens/friends/FriendEntry	(Ljava/util/UUID;)V	acceptJoinRequest	method_1_5652
METHOD	net/minecraft/client/gui/screens/friends/FriendEntry	(Ljava/lang/Runnable;)V	confirmRemoveFriend	method_1_5653
METHOD	net/minecraft/client/gui/screens/friends/FriendEntry	(Ljava/util/UUID;)V	declineInvite	method_1_5654
METHOD	net/minecraft/client/gui/screens/friends/FriendEntry	(Lnet/minecraft/client/Minecraft;Lnet/minecraft/client/gui/screens/social/PlayerSocialManager$PlayerData;Lcom/mojang/authlib/yggdrasil/response/PresenceStatusDto;)V	handlePresence	method_1_5655
METHOD	net/minecraft/client/gui/screens/friends/FriendEntry	(Lnet/minecraft/client/Minecraft;Ljava/util/UUID;)V	invitePlayer	method_1_5656
METHOD	net/minecraft/client/gui/screens/friends/FriendEntry	(Ljava/lang/Void;Ljava/lang/Throwable;)V	lambda$acceptInvite$0	method_1_5657
METHOD	net/minecraft/client/gui/screens/friends/FriendEntry	(Ljava/lang/Runnable;Lnet/minecraft/client/gui/components/PopupScreen;)V	lambda$confirmRemoveFriend$0	method_1_5658
METHOD	net/minecraft/client/gui/screens/friends/FriendEntry	(Lnet/minecraft/client/gui/components/PopupScreen;)V	lambda$confirmRemoveFriend$1	method_1_5659
METHOD	net/minecraft/client/gui/screens/friends/FriendEntry	(Ljava/util/UUID;)V	lambda$declineInvite$0	method_1_5660
METHOD	net/minecraft/client/gui/screens/friends/FriendEntry	(Ljava/lang/Throwable;)Ljava/lang/Void;	lambda$declineInvite$1	method_1_5661
METHOD	net/minecraft/client/gui/screens/friends/FriendEntry	(Ljava/util/UUID;Lnet/minecraft/client/gui/components/Button;)V	lambda$handlePresence$0	method_1_5662
METHOD	net/minecraft/client/gui/screens/friends/FriendEntry	(Ljava/util/UUID;Lnet/minecraft/client/gui/components/Button;)V	lambda$handlePresence$1	method_1_5663
METHOD	net/minecraft/client/gui/screens/friends/FriendEntry	(Lnet/minecraft/client/gui/components/Button;)V	lambda$handlePresence$2	method_1_5664
METHOD	net/minecraft/client/gui/screens/friends/FriendEntry	(Ljava/util/UUID;Lnet/minecraft/client/gui/components/Button;)V	lambda$handlePresence$3	method_1_5665
METHOD	net/minecraft/client/gui/screens/friends/FriendEntry	(Ljava/util/UUID;Lnet/minecraft/client/gui/components/Button;)V	lambda$handlePresence$4	method_1_5666
METHOD	net/minecraft/client/gui/screens/friends/FriendEntry	(Lnet/minecraft/client/gui/screens/social/PlayerSocialManager$PlayerData;Ljava/util/Map$Entry;)Z	lambda$handlePresence$5	method_1_5667
METHOD	net/minecraft/client/gui/screens/friends/FriendEntry	(Lnet/minecraft/client/Minecraft;Lnet/minecraft/client/gui/screens/social/PlayerSocialManager$PlayerData;Lnet/minecraft/client/gui/components/Button;)V	lambda$handlePresence$6	method_1_5668
METHOD	net/minecraft/client/gui/screens/friends/FriendEntry	(Ljava/util/UUID;Lcom/mojang/authlib/yggdrasil/response/PresenceStatusDto;Lnet/minecraft/client/gui/components/Button;)V	lambda$handlePresence$7	method_1_5669
METHOD	net/minecraft/client/gui/screens/friends/FriendEntry	(Ljava/util/UUID;Lcom/mojang/authlib/yggdrasil/response/PresenceStatusDto;Lnet/minecraft/client/gui/components/Button;)V	lambda$handlePresence$8	method_1_5670
METHOD	net/minecraft/client/gui/screens/friends/FriendEntry	(Lnet/minecraft/client/Minecraft;Lnet/minecraft/client/gui/screens/social/PlayerSocialManager$PlayerData;Lnet/minecraft/client/gui/components/Button;)V	lambda$handlePresence$9	method_1_5671
METHOD	net/minecraft/client/gui/screens/friends/FriendEntry	(Ljava/lang/Runnable;Lnet/minecraft/client/gui/components/Button;)V	lambda$new$0	method_1_5672
METHOD	net/minecraft/client/gui/screens/friends/FriendEntry	(Ljava/lang/Void;Ljava/lang/Throwable;)V	lambda$requestToJoinPlayer$0	method_1_5673
METHOD	net/minecraft/client/gui/screens/friends/FriendEntry	(Ljava/util/UUID;Lnet/minecraft/client/gui/screens/social/PlayerSocialManager$PlayerData;)Z	lambda$showTooltipFor$0	method_1_5674
METHOD	net/minecraft/client/gui/screens/friends/FriendEntry	(Lorg/apache/commons/lang3/function/TriConsumer;Lnet/minecraft/client/gui/screens/social/PlayerSocialManager$PlayerData;)V	lambda$showTooltipFor$1	method_1_5675
METHOD	net/minecraft/client/gui/screens/friends/FriendEntry	()I	presenceStatusSortOrder	method_1_5676
METHOD	net/minecraft/client/gui/screens/friends/FriendEntry	(Ljava/util/UUID;)V	rejectJoinRequest	method_1_5677
METHOD	net/minecraft/client/gui/screens/friends/FriendEntry	(Ljava/util/UUID;Ljava/util/UUID;)V	requestToJoinPlayer	method_1_5678
METHOD	net/minecraft/client/gui/screens/friends/FriendEntry	(Lorg/apache/commons/lang3/function/TriConsumer;Ljava/util/UUID;)V	showTooltipFor	method_1_5679
FIELD	net/minecraft/client/gui/screens/friends/FriendEntry$1	[I	$SwitchMap$com$mojang$authlib$yggdrasil$response$PresenceStatus	field_1_6559
METHOD	net/minecraft/client/multiplayer/MultiPlayerGameMode	()V	spectatorNoAction	method_1_5680
METHOD	net/minecraft/client/data/models/BlockModelGenerators	(Lnet/minecraft/world/level/block/Block;Lnet/minecraft/client/data/models/MultiVariant;Lnet/minecraft/client/data/models/MultiVariant;Lnet/minecraft/client/data/models/MultiVariant;Lnet/minecraft/client/data/models/MultiVariant;)Lnet/minecraft/client/data/models/blockstates/BlockModelDefinitionGenerator;	createSign	method_1_5681
METHOD	net/minecraft/client/data/models/BlockModelGenerators$BlockFamilyProvider	(Lnet/minecraft/world/level/block/Block;)Lnet/minecraft/client/data/models/BlockModelGenerators$BlockFamilyProvider;	customHangingSign	method_1_5682
METHOD	net/minecraft/client/data/models/BlockModelGenerators$BlockFamilyProvider	(Lnet/minecraft/world/level/block/Block;)Lnet/minecraft/client/data/models/BlockModelGenerators$BlockFamilyProvider;	hangingSign	method_1_5683
METHOD	net/minecraft/client/data/models/BlockModelGenerators$BlockFamilyProvider	(Lnet/minecraft/world/level/block/Block;Lnet/minecraft/world/level/block/Block;Lnet/minecraft/data/BlockFamily$Variant;)Lnet/minecraft/client/data/models/BlockModelGenerators$BlockFamilyProvider;	hangingSign	method_1_5684
FIELD	net/minecraft/client/data/models/model/ModelTemplates	Lnet/minecraft/client/data/models/model/ModelTemplate;	ATTACHED_HANGING_SIGN_ROT_0	field_1_6560
FIELD	net/minecraft/client/data/models/model/ModelTemplates	Lnet/minecraft/client/data/models/model/ModelTemplate;	ATTACHED_HANGING_SIGN_ROT_1	field_1_6561
FIELD	net/minecraft/client/data/models/model/ModelTemplates	Lnet/minecraft/client/data/models/model/ModelTemplate;	ATTACHED_HANGING_SIGN_ROT_2	field_1_6562
FIELD	net/minecraft/client/data/models/model/ModelTemplates	Lnet/minecraft/client/data/models/model/ModelTemplate;	ATTACHED_HANGING_SIGN_ROT_3	field_1_6563
FIELD	net/minecraft/client/data/models/model/ModelTemplates	Lnet/minecraft/client/data/models/model/ModelTemplate;	HANGING_SIGN_ROT_0	field_1_6564
FIELD	net/minecraft/client/data/models/model/ModelTemplates	Lnet/minecraft/client/data/models/model/ModelTemplate;	HANGING_SIGN_ROT_1	field_1_6565
FIELD	net/minecraft/client/data/models/model/ModelTemplates	Lnet/minecraft/client/data/models/model/ModelTemplate;	HANGING_SIGN_ROT_2	field_1_6566
FIELD	net/minecraft/client/data/models/model/ModelTemplates	Lnet/minecraft/client/data/models/model/ModelTemplate;	HANGING_SIGN_ROT_3	field_1_6567
FIELD	net/minecraft/client/data/models/model/ModelTemplates	Lnet/minecraft/client/data/models/model/ModelTemplate;	SIGN_ROT_0	field_1_6568
FIELD	net/minecraft/client/data/models/model/ModelTemplates	Lnet/minecraft/client/data/models/model/ModelTemplate;	SIGN_ROT_1	field_1_6569
FIELD	net/minecraft/client/data/models/model/ModelTemplates	Lnet/minecraft/client/data/models/model/ModelTemplate;	SIGN_ROT_2	field_1_6570
FIELD	net/minecraft/client/data/models/model/ModelTemplates	Lnet/minecraft/client/data/models/model/ModelTemplate;	SIGN_ROT_3	field_1_6571
FIELD	net/minecraft/client/data/models/model/ModelTemplates	Lnet/minecraft/client/data/models/model/ModelTemplate;	WALL_HANGING_SIGN	field_1_6572
FIELD	net/minecraft/client/data/models/model/ModelTemplates	Lnet/minecraft/client/data/models/model/ModelTemplate;	WALL_SIGN	field_1_6573
FIELD	net/minecraft/client/gui/components/LoadingDotsWidget	I	Y_PADDING	field_1_6574
CLASS	net/minecraft/client/gui/screens/friends/package-info	class_1_930
FIELD	net/minecraft/client/multiplayer/ClientPacketListener	Z	onlineMode	field_1_6575
METHOD	net/minecraft/client/multiplayer/ClientPacketListener	()Z	onlineMode	method_1_5685
CLASS	net/minecraft/client/multiplayer/p2p/SignalingMessage	class_1_931
FIELD	net/minecraft/client/multiplayer/p2p/SignalingMessage	Lcom/mojang/serialization/Codec;	CODEC	field_1_6576
FIELD	net/minecraft/client/multiplayer/p2p/SignalingMessage	Lnet/minecraft/client/multiplayer/p2p/SignalingMessage$WebRtc$Candidate;	iceCandidate	comp_1_816
FIELD	net/minecraft/client/multiplayer/p2p/SignalingMessage	Ljava/lang/String;	sdp	comp_1_817
FIELD	net/minecraft/client/multiplayer/p2p/SignalingMessage	Ljava/lang/String;	sessionId	comp_1_818
FIELD	net/minecraft/client/multiplayer/p2p/SignalingMessage	Lnet/minecraft/client/multiplayer/p2p/SignalingMessage$Type;	type	comp_1_819
METHOD	net/minecraft/client/multiplayer/p2p/SignalingMessage	(Ljava/lang/String;Ljava/lang/String;)Lnet/minecraft/client/multiplayer/p2p/SignalingMessage;	answer	method_1_5686
METHOD	net/minecraft/client/multiplayer/p2p/SignalingMessage	()Lnet/minecraft/client/multiplayer/p2p/SignalingMessage$Payload;	decode	method_1_5687
METHOD	net/minecraft/client/multiplayer/p2p/SignalingMessage	(Lnet/minecraft/client/multiplayer/p2p/SignalingMessage$Payload;)Lnet/minecraft/client/multiplayer/p2p/SignalingMessage;	from	method_1_5688
METHOD	net/minecraft/client/multiplayer/p2p/SignalingMessage	(Ljava/lang/String;Ldev/onvoid/webrtc/RTCIceCandidate;)Lnet/minecraft/client/multiplayer/p2p/SignalingMessage;	iceCandidate	method_1_5689
METHOD	net/minecraft/client/multiplayer/p2p/SignalingMessage	()Lnet/minecraft/client/multiplayer/p2p/SignalingMessage;	inviteDeclined	method_1_5690
METHOD	net/minecraft/client/multiplayer/p2p/SignalingMessage	(Ljava/lang/String;)Lnet/minecraft/client/multiplayer/p2p/SignalingMessage;	joinAccepted	method_1_5691
METHOD	net/minecraft/client/multiplayer/p2p/SignalingMessage	(Ljava/lang/String;)Lnet/minecraft/client/multiplayer/p2p/SignalingMessage;	joinRejected	method_1_5692
METHOD	net/minecraft/client/multiplayer/p2p/SignalingMessage	(Ljava/lang/String;)Lnet/minecraft/client/multiplayer/p2p/SignalingMessage;	joinRequest	method_1_5693
METHOD	net/minecraft/client/multiplayer/p2p/SignalingMessage	(Lcom/mojang/serialization/codecs/RecordCodecBuilder$Instance;)Lcom/mojang/datafixers/kinds/App;	lambda$static$0	method_1_5694
METHOD	net/minecraft/client/multiplayer/p2p/SignalingMessage	(Lnet/minecraft/client/multiplayer/p2p/SignalingMessage;)Ljava/util/Optional;	lambda$static$1	method_1_5695
METHOD	net/minecraft/client/multiplayer/p2p/SignalingMessage	(Lnet/minecraft/client/multiplayer/p2p/SignalingMessage;)Ljava/util/Optional;	lambda$static$2	method_1_5696
METHOD	net/minecraft/client/multiplayer/p2p/SignalingMessage	(Lnet/minecraft/client/multiplayer/p2p/SignalingMessage$Type;Ljava/lang/String;Ljava/util/Optional;Ljava/util/Optional;)Lnet/minecraft/client/multiplayer/p2p/SignalingMessage;	lambda$static$3	method_1_5697
METHOD	net/minecraft/client/multiplayer/p2p/SignalingMessage	(Ljava/lang/String;Ljava/lang/String;)Lnet/minecraft/client/multiplayer/p2p/SignalingMessage;	offer	method_1_5698
CLASS	net/minecraft/client/multiplayer/p2p/SignalingMessage$FriendJoin	class_1_932
CLASS	net/minecraft/client/multiplayer/p2p/SignalingMessage$FriendJoin$Accepted	class_1_933
FIELD	net/minecraft/client/multiplayer/p2p/SignalingMessage$FriendJoin$Accepted	Ljava/lang/String;	sessionId	comp_1_820
CLASS	net/minecraft/client/multiplayer/p2p/SignalingMessage$FriendJoin$InviteDeclined	class_1_934
FIELD	net/minecraft/client/multiplayer/p2p/SignalingMessage$FriendJoin$InviteDeclined	Lnet/minecraft/client/multiplayer/p2p/SignalingMessage$FriendJoin$InviteDeclined;	INSTANCE	field_1_6577
CLASS	net/minecraft/client/multiplayer/p2p/SignalingMessage$FriendJoin$Rejected	class_1_935
FIELD	net/minecraft/client/multiplayer/p2p/SignalingMessage$FriendJoin$Rejected	Ljava/lang/String;	sessionId	comp_1_821
CLASS	net/minecraft/client/multiplayer/p2p/SignalingMessage$FriendJoin$Request	class_1_936
FIELD	net/minecraft/client/multiplayer/p2p/SignalingMessage$FriendJoin$Request	Ljava/lang/String;	sessionId	comp_1_822
CLASS	net/minecraft/client/multiplayer/p2p/SignalingMessage$Payload	class_1_937
CLASS	net/minecraft/client/multiplayer/p2p/SignalingMessage$Type	class_1_938
FIELD	net/minecraft/client/multiplayer/p2p/SignalingMessage$Type	[Lnet/minecraft/client/multiplayer/p2p/SignalingMessage$Type;	$VALUES	field_1_6578
FIELD	net/minecraft/client/multiplayer/p2p/SignalingMessage$Type	Lnet/minecraft/client/multiplayer/p2p/SignalingMessage$Type;	ANSWER	field_1_6579
FIELD	net/minecraft/client/multiplayer/p2p/SignalingMessage$Type	Lcom/mojang/serialization/Codec;	CODEC	field_1_6580
FIELD	net/minecraft/client/multiplayer/p2p/SignalingMessage$Type	Lnet/minecraft/client/multiplayer/p2p/SignalingMessage$Type;	ICE_CANDIDATE	field_1_6581
FIELD	net/minecraft/client/multiplayer/p2p/SignalingMessage$Type	Lnet/minecraft/client/multiplayer/p2p/SignalingMessage$Type;	INVITE_DECLINED	field_1_6582
FIELD	net/minecraft/client/multiplayer/p2p/SignalingMessage$Type	Lnet/minecraft/client/multiplayer/p2p/SignalingMessage$Type;	JOIN_ACCEPTED	field_1_6583
FIELD	net/minecraft/client/multiplayer/p2p/SignalingMessage$Type	Lnet/minecraft/client/multiplayer/p2p/SignalingMessage$Type;	JOIN_REJECTED	field_1_6584
FIELD	net/minecraft/client/multiplayer/p2p/SignalingMessage$Type	Lnet/minecraft/client/multiplayer/p2p/SignalingMessage$Type;	JOIN_REQUEST	field_1_6585
FIELD	net/minecraft/client/multiplayer/p2p/SignalingMessage$Type	Lnet/minecraft/client/multiplayer/p2p/SignalingMessage$Type;	OFFER	field_1_6586
METHOD	net/minecraft/client/multiplayer/p2p/SignalingMessage$Type	()[Lnet/minecraft/client/multiplayer/p2p/SignalingMessage$Type;	$values	method_1_5699
CLASS	net/minecraft/client/multiplayer/p2p/SignalingMessage$WebRtc	class_1_939
METHOD	net/minecraft/client/multiplayer/p2p/SignalingMessage$WebRtc	()Ljava/lang/String;	sessionId	comp_1_823
CLASS	net/minecraft/client/multiplayer/p2p/SignalingMessage$WebRtc$Answer	class_1_940
FIELD	net/minecraft/client/multiplayer/p2p/SignalingMessage$WebRtc$Answer	Ljava/lang/String;	sdp	comp_1_824
FIELD	net/minecraft/client/multiplayer/p2p/SignalingMessage$WebRtc$Answer	Ljava/lang/String;	sessionId	comp_1_825
CLASS	net/minecraft/client/multiplayer/p2p/SignalingMessage$WebRtc$Candidate	class_1_941
FIELD	net/minecraft/client/multiplayer/p2p/SignalingMessage$WebRtc$Candidate	Lcom/mojang/serialization/Codec;	CODEC	field_1_6587
FIELD	net/minecraft/client/multiplayer/p2p/SignalingMessage$WebRtc$Candidate	Ljava/lang/String;	candidate	comp_1_826
FIELD	net/minecraft/client/multiplayer/p2p/SignalingMessage$WebRtc$Candidate	I	sdpMLineIndex	comp_1_827
FIELD	net/minecraft/client/multiplayer/p2p/SignalingMessage$WebRtc$Candidate	Ljava/lang/String;	sdpMid	comp_1_828
METHOD	net/minecraft/client/multiplayer/p2p/SignalingMessage$WebRtc$Candidate	(Ldev/onvoid/webrtc/RTCIceCandidate;)Lnet/minecraft/client/multiplayer/p2p/SignalingMessage$WebRtc$Candidate;	from	method_1_5700
METHOD	net/minecraft/client/multiplayer/p2p/SignalingMessage$WebRtc$Candidate	(Lcom/mojang/serialization/codecs/RecordCodecBuilder$Instance;)Lcom/mojang/datafixers/kinds/App;	lambda$static$0	method_1_5701
METHOD	net/minecraft/client/multiplayer/p2p/SignalingMessage$WebRtc$Candidate	(Lnet/minecraft/client/multiplayer/p2p/SignalingMessage$WebRtc$Candidate;)Ljava/util/Optional;	lambda$static$1	method_1_5702
METHOD	net/minecraft/client/multiplayer/p2p/SignalingMessage$WebRtc$Candidate	(Ljava/lang/String;Ljava/util/Optional;Ljava/lang/Integer;)Lnet/minecraft/client/multiplayer/p2p/SignalingMessage$WebRtc$Candidate;	lambda$static$2	method_1_5703
METHOD	net/minecraft/client/multiplayer/p2p/SignalingMessage$WebRtc$Candidate	()Ldev/onvoid/webrtc/RTCIceCandidate;	toRtcIceCandidate	method_1_5704
CLASS	net/minecraft/client/multiplayer/p2p/SignalingMessage$WebRtc$IceCandidate	class_1_942
FIELD	net/minecraft/client/multiplayer/p2p/SignalingMessage$WebRtc$IceCandidate	Lnet/minecraft/client/multiplayer/p2p/SignalingMessage$WebRtc$Candidate;	candidate	comp_1_829
FIELD	net/minecraft/client/multiplayer/p2p/SignalingMessage$WebRtc$IceCandidate	Ljava/lang/String;	sessionId	comp_1_830
CLASS	net/minecraft/client/multiplayer/p2p/SignalingMessage$WebRtc$Offer	class_1_943
FIELD	net/minecraft/client/multiplayer/p2p/SignalingMessage$WebRtc$Offer	Ljava/lang/String;	sdp	comp_1_831
METHOD	net/minecraft/client/renderer/texture/AbstractTexture	()V	releaseTextures	method_1_5705
METHOD	net/minecraft/server/network/ServerConnectionListener	(Lio/netty/channel/Channel;Ljava/util/UUID;)V	acceptChannel	method_1_5706
METHOD	net/minecraft/server/network/ServerConnectionListener	()V	stopTcpServerListener	method_1_5707
FIELD	net/minecraft/server/network/ServerConnectionListener$3	Lnet/minecraft/server/network/ServerConnectionListener;	this$0	field_1_6588
FIELD	net/minecraft/server/network/ServerConnectionListener$3	Ljava/util/UUID;	val$profileId	field_1_6589
CLASS	net/minecraft/server/network/ServerConnectionListener$LatencySimulator$DelayedMessage	class_1_944
FIELD	net/minecraft/server/network/ServerConnectionListener$LatencySimulator$DelayedMessage	Lio/netty/channel/ChannelHandlerContext;	ctx	comp_1_832
FIELD	net/minecraft/server/network/ServerConnectionListener$LatencySimulator$DelayedMessage	Ljava/lang/Object;	msg	comp_1_833
FIELD	net/minecraft/client/gui/components/AbstractScrollArea$ScrollbarSettings	Lnet/minecraft/client/gui/components/AbstractScrollArea$ScrollbarSettings;	NO_SCROLL	field_1_6590
CLASS	net/minecraft/client/gui/components/toasts/FriendToast	class_1_945
FIELD	net/minecraft/client/gui/components/toasts/FriendToast	Lnet/minecraft/client/gui/components/WidgetSprites;	BACKGROUND_SPRITE	field_1_6591
FIELD	net/minecraft/client/gui/components/toasts/FriendToast	J	DEFAULT_DISPLAY_TIME_MS	field_1_6592
FIELD	net/minecraft/client/gui/components/toasts/FriendToast	I	FACE_SIZE	field_1_6593
FIELD	net/minecraft/client/gui/components/toasts/FriendToast	I	LINE_SPACING	field_1_6594
FIELD	net/minecraft/client/gui/components/toasts/FriendToast	I	PADDING_BOTTOM	field_1_6595
FIELD	net/minecraft/client/gui/components/toasts/FriendToast	I	PADDING_TOP	field_1_6596
FIELD	net/minecraft/client/gui/components/toasts/FriendToast	I	TEXT_LEFT_NO_FACE	field_1_6597
FIELD	net/minecraft/client/gui/components/toasts/FriendToast	I	TEXT_LEFT_WITH_FACE	field_1_6598
FIELD	net/minecraft/client/gui/components/toasts/FriendToast	J	displayTimeMs	field_1_6599
FIELD	net/minecraft/client/gui/components/toasts/FriendToast	Ljava/util/List;	messageLines	field_1_6600
FIELD	net/minecraft/client/gui/components/toasts/FriendToast	Lnet/minecraft/world/entity/player/PlayerSkin;	skin	field_1_6601
FIELD	net/minecraft/client/gui/components/toasts/FriendToast	Lnet/minecraft/client/gui/components/toasts/Toast$Visibility;	visibility	field_1_6602
METHOD	net/minecraft/client/gui/components/toasts/FriendToast	(Lnet/minecraft/client/gui/components/toasts/ToastManager;Lnet/minecraft/client/gui/Font;Lnet/minecraft/world/entity/player/PlayerSkin;Lnet/minecraft/network/chat/Component;)V	add	method_1_5708
METHOD	net/minecraft/client/gui/components/toasts/FriendToast	()I	contentHeight	method_1_5709
METHOD	net/minecraft/client/gui/components/toasts/FriendToast	()V	hide	method_1_5710
METHOD	net/minecraft/client/gui/components/toasts/FriendToast	(Lnet/minecraft/client/Minecraft;Ljava/lang/String;Lnet/minecraft/world/entity/player/PlayerSkin;)V	showFriendAdded	method_1_5711
METHOD	net/minecraft/client/gui/components/toasts/FriendToast	(Lnet/minecraft/client/Minecraft;Ljava/lang/String;Lnet/minecraft/world/entity/player/PlayerSkin;)V	showFriendInvited	method_1_5712
METHOD	net/minecraft/client/gui/components/toasts/FriendToast	(Lnet/minecraft/client/Minecraft;Ljava/lang/String;Lnet/minecraft/world/entity/player/PlayerSkin;)V	showFriendJoinRequest	method_1_5713
METHOD	net/minecraft/client/gui/components/toasts/FriendToast	(Lnet/minecraft/client/Minecraft;Ljava/lang/String;Lnet/minecraft/world/entity/player/PlayerSkin;)V	showFriendRequestAccepted	method_1_5714
METHOD	net/minecraft/client/gui/components/toasts/FriendToast	(Lnet/minecraft/client/Minecraft;Ljava/lang/String;Lnet/minecraft/world/entity/player/PlayerSkin;)V	showFriendRequestReceived	method_1_5715
METHOD	net/minecraft/client/gui/components/toasts/FriendToast	(Lnet/minecraft/client/Minecraft;Ljava/lang/String;)V	showFriendRequestSent	method_1_5716
METHOD	net/minecraft/client/gui/components/toasts/FriendToast	(Lnet/minecraft/client/Minecraft;Ljava/lang/String;Lnet/minecraft/world/entity/player/PlayerSkin;)V	showHostInviteExpired	method_1_5717
METHOD	net/minecraft/client/gui/components/toasts/FriendToast	(Lnet/minecraft/client/Minecraft;Ljava/lang/String;Lnet/minecraft/world/entity/player/PlayerSkin;)V	showInviteFromFriend	method_1_5718
METHOD	net/minecraft/client/gui/components/toasts/FriendToast	(Lnet/minecraft/client/Minecraft;Ljava/lang/String;Lnet/minecraft/world/entity/player/PlayerSkin;)V	showJoinInviteExpired	method_1_5719
METHOD	net/minecraft/client/gui/components/toasts/FriendToast	(Lnet/minecraft/client/Minecraft;Ljava/lang/String;Lnet/minecraft/world/entity/player/PlayerSkin;)V	showRequestToJoinFriend	method_1_5720
FIELD	net/minecraft/client/gui/components/toasts/SystemToast$SystemToastId	Lnet/minecraft/client/gui/components/toasts/SystemToast$SystemToastId;	FRIEND_SYSTEM_NOTIFICATION	field_1_6603
CLASS	net/minecraft/client/gui/screens/friends/IncomingEntry	class_1_946
FIELD	net/minecraft/client/gui/screens/friends/IncomingEntry	Lnet/minecraft/network/chat/Component;	ACCEPT_INVITE	field_1_6604
FIELD	net/minecraft/client/gui/screens/friends/IncomingEntry	Lnet/minecraft/client/gui/components/WidgetSprites;	ACCEPT_SPRITE	field_1_6605
FIELD	net/minecraft/client/gui/screens/friends/IncomingEntry	Lnet/minecraft/network/chat/Component;	REJECT_INVITE	field_1_6606
FIELD	net/minecraft/client/gui/screens/friends/IncomingEntry	Lnet/minecraft/client/gui/components/WidgetSprites;	REJECT_SPRITE	field_1_6607
FIELD	net/minecraft/client/gui/screens/friends/IncomingEntry	Lnet/minecraft/client/gui/components/SpriteIconButton;	acceptButton	field_1_6608
FIELD	net/minecraft/client/gui/screens/friends/IncomingEntry	Lnet/minecraft/client/gui/components/SpriteIconButton;	rejectButton	field_1_6609
METHOD	net/minecraft/client/gui/screens/friends/IncomingEntry	(Lnet/minecraft/client/gui/screens/friends/FriendsOverlayScreen;Ljava/lang/Runnable;Lnet/minecraft/client/gui/components/Button;)V	lambda$new$0	method_1_5721
METHOD	net/minecraft/client/gui/screens/friends/IncomingEntry	(Lnet/minecraft/client/gui/screens/friends/FriendsOverlayScreen;Ljava/lang/Runnable;Lnet/minecraft/client/gui/components/Button;)V	lambda$new$1	method_1_5722
CLASS	net/minecraft/client/gui/screens/friends/OutgoingEntry	class_1_947
FIELD	net/minecraft/client/gui/screens/friends/OutgoingEntry	Lnet/minecraft/network/chat/Component;	REVOKE_INVITE	field_1_6610
FIELD	net/minecraft/client/gui/screens/friends/OutgoingEntry	Lnet/minecraft/client/gui/components/WidgetSprites;	REVOKE_SPRITE	field_1_6611
FIELD	net/minecraft/client/gui/screens/friends/OutgoingEntry	Lnet/minecraft/client/gui/components/SpriteIconButton;	revokeButton	field_1_6612
METHOD	net/minecraft/client/gui/screens/friends/OutgoingEntry	(Lnet/minecraft/client/gui/screens/friends/FriendsOverlayScreen;Ljava/lang/Runnable;Lnet/minecraft/client/gui/components/Button;)V	lambda$new$0	method_1_5723
CLASS	net/minecraft/client/multiplayer/p2p/FriendJoinHandler	class_1_948
FIELD	net/minecraft/client/multiplayer/p2p/FriendJoinHandler	J	JOIN_REQUEST_TIMEOUT_MINUTES	field_1_6613
FIELD	net/minecraft/client/multiplayer/p2p/FriendJoinHandler	Lorg/slf4j/Logger;	LOGGER	field_1_6614
FIELD	net/minecraft/client/multiplayer/p2p/FriendJoinHandler	Ljava/util/concurrent/ConcurrentHashMap;	acceptedAwaitingOffer	field_1_6615
FIELD	net/minecraft/client/multiplayer/p2p/FriendJoinHandler	Lnet/minecraft/client/multiplayer/p2p/client/SignalingServiceClient$ConnectionListener;	connectionListener	field_1_6616
FIELD	net/minecraft/client/multiplayer/p2p/FriendJoinHandler	Ljava/util/concurrent/ConcurrentHashMap;	incomingJoinRequests	field_1_6617
FIELD	net/minecraft/client/multiplayer/p2p/FriendJoinHandler	Ljava/util/concurrent/CopyOnWriteArrayList;	joinStateListeners	field_1_6618
FIELD	net/minecraft/client/multiplayer/p2p/FriendJoinHandler	Lnet/minecraft/client/multiplayer/p2p/P2PManager;	manager	field_1_6619
FIELD	net/minecraft/client/multiplayer/p2p/FriendJoinHandler	Lnet/minecraft/client/Minecraft;	minecraft	field_1_6620
FIELD	net/minecraft/client/multiplayer/p2p/FriendJoinHandler	Ljava/util/concurrent/ConcurrentHashMap;	outgoingJoinRequests	field_1_6621
FIELD	net/minecraft/client/multiplayer/p2p/FriendJoinHandler	Lnet/minecraft/client/multiplayer/p2p/client/SignalingServiceClient;	signaling	field_1_6622
METHOD	net/minecraft/client/multiplayer/p2p/FriendJoinHandler	(Ljava/util/UUID;)V	acceptIncomingJoinRequest	method_1_5724
METHOD	net/minecraft/client/multiplayer/p2p/FriendJoinHandler	(Ljava/lang/Runnable;)V	addJoinStateListener	method_1_5725
METHOD	net/minecraft/client/multiplayer/p2p/FriendJoinHandler	()V	cancelOutgoingJoins	method_1_5726
METHOD	net/minecraft/client/multiplayer/p2p/FriendJoinHandler	(Ljava/util/UUID;)V	clearHostInvite	method_1_5727
METHOD	net/minecraft/client/multiplayer/p2p/FriendJoinHandler	()V	clearHostJoinRequestState	method_1_5728
METHOD	net/minecraft/client/multiplayer/p2p/FriendJoinHandler	()Ljava/util/UUID;	connectingOutgoingJoinPmid	method_1_5729
METHOD	net/minecraft/client/multiplayer/p2p/FriendJoinHandler	(Ljava/util/UUID;Ljava/lang/String;)Z	consumeAcceptedJoinRequest	method_1_5730
METHOD	net/minecraft/client/multiplayer/p2p/FriendJoinHandler	(Ljava/util/UUID;)Ljava/util/concurrent/CompletableFuture;	declineInvite	method_1_5731
METHOD	net/minecraft/client/multiplayer/p2p/FriendJoinHandler	(Ljava/util/UUID;Lnet/minecraft/client/multiplayer/p2p/SignalingMessage$FriendJoin;)V	handle	method_1_5732
METHOD	net/minecraft/client/multiplayer/p2p/FriendJoinHandler	(Ljava/util/UUID;)V	handleInviteDeclined	method_1_5733
METHOD	net/minecraft/client/multiplayer/p2p/FriendJoinHandler	(Ljava/util/UUID;Ljava/lang/String;)V	handleJoinAccepted	method_1_5734
METHOD	net/minecraft/client/multiplayer/p2p/FriendJoinHandler	(Ljava/util/UUID;Ljava/lang/String;)V	handleJoinRejected	method_1_5735
METHOD	net/minecraft/client/multiplayer/p2p/FriendJoinHandler	(Ljava/util/UUID;Ljava/lang/String;)V	handleJoinRequest	method_1_5736
METHOD	net/minecraft/client/multiplayer/p2p/FriendJoinHandler	(Ljava/util/UUID;)Z	hasIncomingJoinRequest	method_1_5737
METHOD	net/minecraft/client/multiplayer/p2p/FriendJoinHandler	()Z	hasOutgoingJoinRequests	method_1_5738
METHOD	net/minecraft/client/multiplayer/p2p/FriendJoinHandler	(Ljava/lang/String;)Ljava/util/concurrent/CompletableFuture;	joinPlayer	method_1_5739
METHOD	net/minecraft/client/multiplayer/p2p/FriendJoinHandler	(Ljava/lang/String;Ljava/lang/Throwable;)Ljava/lang/Void;	lambda$acceptIncomingJoinRequest$0	method_1_5740
METHOD	net/minecraft/client/multiplayer/p2p/FriendJoinHandler	(Ljava/lang/Throwable;)Ljava/lang/Void;	lambda$acceptIncomingJoinRequest$1	method_1_5741
METHOD	net/minecraft/client/multiplayer/p2p/FriendJoinHandler	(Ljava/util/UUID;Lnet/minecraft/client/multiplayer/p2p/FriendJoinHandler$OutgoingJoinRequest;)V	lambda$cancelOutgoingJoins$0	method_1_5742
METHOD	net/minecraft/client/multiplayer/p2p/FriendJoinHandler	(Ljava/lang/Void;Ljava/lang/Throwable;)V	lambda$declineInvite$0	method_1_5743
METHOD	net/minecraft/client/multiplayer/p2p/FriendJoinHandler	(Ljava/lang/Throwable;)Ljava/util/concurrent/CompletionStage;	lambda$declineInvite$1	method_1_5744
METHOD	net/minecraft/client/multiplayer/p2p/FriendJoinHandler	(Lnet/minecraft/client/multiplayer/p2p/FriendJoinHandler$OutgoingJoinRequest;Ljava/lang/Void;Ljava/lang/Throwable;)V	lambda$handleJoinAccepted$0	method_1_5745
METHOD	net/minecraft/client/multiplayer/p2p/FriendJoinHandler	(Ljava/lang/String;Ljava/lang/Throwable;)Ljava/lang/Void;	lambda$handleJoinRequest$0	method_1_5746
METHOD	net/minecraft/client/multiplayer/p2p/FriendJoinHandler	(Ljava/util/UUID;)V	lambda$handleJoinRequest$1	method_1_5747
METHOD	net/minecraft/client/multiplayer/p2p/FriendJoinHandler	(Ljava/lang/Throwable;)Ljava/lang/Void;	lambda$handleJoinRequest$2	method_1_5748
METHOD	net/minecraft/client/multiplayer/p2p/FriendJoinHandler	(Ljava/util/UUID;Lnet/minecraft/client/gui/screens/social/PlayerSocialManager$PlayerData;)Z	lambda$handleJoinRequest$3	method_1_5749
METHOD	net/minecraft/client/multiplayer/p2p/FriendJoinHandler	(Lnet/minecraft/client/gui/screens/social/PlayerSocialManager$PlayerData;)V	lambda$handleJoinRequest$4	method_1_5750
METHOD	net/minecraft/client/multiplayer/p2p/FriendJoinHandler	(Lnet/minecraft/client/gui/screens/social/PlayerSocialManager$PlayerData;)V	lambda$handleJoinRequest$5	method_1_5751
METHOD	net/minecraft/client/multiplayer/p2p/FriendJoinHandler	(Ljava/util/UUID;Lnet/minecraft/client/multiplayer/p2p/FriendJoinHandler$OutgoingJoinRequest;Ljava/lang/Void;Ljava/lang/Throwable;)V	lambda$joinPlayer$0	method_1_5752
METHOD	net/minecraft/client/multiplayer/p2p/FriendJoinHandler	(Lnet/minecraft/client/multiplayer/p2p/FriendJoinHandler$OutgoingJoinRequest;Ljava/util/concurrent/CompletableFuture;Ljava/util/UUID;)V	lambda$joinPlayer$1	method_1_5753
METHOD	net/minecraft/client/multiplayer/p2p/FriendJoinHandler	(Ljava/util/concurrent/CompletableFuture;Ljava/lang/Void;Ljava/lang/Throwable;)V	lambda$joinPlayer$2	method_1_5754
METHOD	net/minecraft/client/multiplayer/p2p/FriendJoinHandler	()V	lambda$notifyJoinStateChanged$0	method_1_5755
METHOD	net/minecraft/client/multiplayer/p2p/FriendJoinHandler	(Ljava/lang/String;Ljava/lang/Throwable;)Ljava/lang/Void;	lambda$rejectIncomingJoinRequest$0	method_1_5756
METHOD	net/minecraft/client/multiplayer/p2p/FriendJoinHandler	(Ljava/util/UUID;Ljava/lang/String;Ljava/lang/Throwable;)Ljava/util/concurrent/CompletionStage;	lambda$sendJoinAccepted$0	method_1_5757
METHOD	net/minecraft/client/multiplayer/p2p/FriendJoinHandler	(Ljava/util/UUID;)V	lambda$showJoinInviteExpiredToast$0	method_1_5758
METHOD	net/minecraft/client/multiplayer/p2p/FriendJoinHandler	(Ljava/util/UUID;Lnet/minecraft/client/gui/screens/social/PlayerSocialManager$PlayerData;)Z	lambda$showJoinInviteExpiredToast$1	method_1_5759
METHOD	net/minecraft/client/multiplayer/p2p/FriendJoinHandler	(Lnet/minecraft/client/gui/screens/social/PlayerSocialManager$PlayerData;)V	lambda$showJoinInviteExpiredToast$2	method_1_5760
METHOD	net/minecraft/client/multiplayer/p2p/FriendJoinHandler	(Ljava/util/UUID;Lnet/minecraft/client/multiplayer/p2p/FriendJoinHandler$OutgoingJoinRequest;)V	lambda$shutdown$0	method_1_5761
METHOD	net/minecraft/client/multiplayer/p2p/FriendJoinHandler	()V	notifyJoinStateChanged	method_1_5762
METHOD	net/minecraft/client/multiplayer/p2p/FriendJoinHandler	(Ljava/util/UUID;)Lnet/minecraft/client/multiplayer/p2p/FriendJoinHandler$OutgoingJoinState;	outgoingJoinState	method_1_5763
METHOD	net/minecraft/client/multiplayer/p2p/FriendJoinHandler	(Ljava/util/UUID;)V	rejectIncomingJoinRequest	method_1_5764
METHOD	net/minecraft/client/multiplayer/p2p/FriendJoinHandler	(Ljava/lang/Runnable;)V	removeJoinStateListener	method_1_5765
METHOD	net/minecraft/client/multiplayer/p2p/FriendJoinHandler	(Ljava/util/UUID;Ljava/lang/String;)Ljava/util/concurrent/CompletableFuture;	sendJoinAccepted	method_1_5766
METHOD	net/minecraft/client/multiplayer/p2p/FriendJoinHandler	(Ljava/util/UUID;)V	showJoinInviteExpiredToast	method_1_5767
METHOD	net/minecraft/client/multiplayer/p2p/FriendJoinHandler	()V	shutdown	method_1_5768
FIELD	net/minecraft/client/multiplayer/p2p/FriendJoinHandler$1	Lnet/minecraft/client/multiplayer/p2p/FriendJoinHandler;	this$0	field_1_6623
CLASS	net/minecraft/client/multiplayer/p2p/FriendJoinHandler$OutgoingJoinRequest	class_1_949
FIELD	net/minecraft/client/multiplayer/p2p/FriendJoinHandler$OutgoingJoinRequest	Ljava/util/concurrent/CompletableFuture;	result	comp_1_834
FIELD	net/minecraft/client/multiplayer/p2p/FriendJoinHandler$OutgoingJoinRequest	Ljava/util/concurrent/atomic/AtomicBoolean;	sdpStarted	comp_1_835
FIELD	net/minecraft/client/multiplayer/p2p/FriendJoinHandler$OutgoingJoinRequest	Ljava/lang/String;	sessionId	comp_1_836
CLASS	net/minecraft/client/multiplayer/p2p/FriendJoinHandler$OutgoingJoinState	class_1_950
FIELD	net/minecraft/client/multiplayer/p2p/FriendJoinHandler$OutgoingJoinState	[Lnet/minecraft/client/multiplayer/p2p/FriendJoinHandler$OutgoingJoinState;	$VALUES	field_1_6624
FIELD	net/minecraft/client/multiplayer/p2p/FriendJoinHandler$OutgoingJoinState	Lnet/minecraft/client/multiplayer/p2p/FriendJoinHandler$OutgoingJoinState;	AWAITING_HOST_ACCEPT	field_1_6625
FIELD	net/minecraft/client/multiplayer/p2p/FriendJoinHandler$OutgoingJoinState	Lnet/minecraft/client/multiplayer/p2p/FriendJoinHandler$OutgoingJoinState;	CONNECTED	field_1_6626
FIELD	net/minecraft/client/multiplayer/p2p/FriendJoinHandler$OutgoingJoinState	Lnet/minecraft/client/multiplayer/p2p/FriendJoinHandler$OutgoingJoinState;	CONNECTING	field_1_6627
FIELD	net/minecraft/client/multiplayer/p2p/FriendJoinHandler$OutgoingJoinState	Lnet/minecraft/client/multiplayer/p2p/FriendJoinHandler$OutgoingJoinState;	NONE	field_1_6628
METHOD	net/minecraft/client/multiplayer/p2p/FriendJoinHandler$OutgoingJoinState	()[Lnet/minecraft/client/multiplayer/p2p/FriendJoinHandler$OutgoingJoinState;	$values	method_1_5769
METHOD	net/minecraft/client/gui/components/FocusableTextWidget	(Lnet/minecraft/network/chat/Style;Ljava/lang/String;)Ljava/util/Optional;	lambda$keyPressed$0	method_1_5770
CLASS	net/minecraft/client/gui/screens/social/PresenceHandler	class_1_951
FIELD	net/minecraft/client/gui/screens/social/PresenceHandler	Ljava/time/Duration;	MAX_PRESENCE_UPDATE_INTERVAL	field_1_6629
FIELD	net/minecraft/client/gui/screens/social/PresenceHandler	Ljava/time/Duration;	PRESENCE_UPDATE_INTERVAL	field_1_6630
FIELD	net/minecraft/client/gui/screens/social/PresenceHandler	Lcom/mojang/authlib/yggdrasil/FriendsService;	friendsService	field_1_6631
FIELD	net/minecraft/client/gui/screens/social/PresenceHandler	Ljava/util/Set;	invitedPlayersBatch	field_1_6632
FIELD	net/minecraft/client/gui/screens/social/PresenceHandler	Ljava/time/Instant;	lastPresencePost	field_1_6633
FIELD	net/minecraft/client/gui/screens/social/PresenceHandler	Lcom/mojang/authlib/yggdrasil/response/PresenceResponse;	latestPresence	field_1_6634
FIELD	net/minecraft/client/gui/screens/social/PresenceHandler	Ljava/util/Set;	locallyDismissedInvitePmids	field_1_6635
FIELD	net/minecraft/client/gui/screens/social/PresenceHandler	Lnet/minecraft/client/Minecraft;	minecraft	field_1_6636
FIELD	net/minecraft/client/gui/screens/social/PresenceHandler	Ljava/util/Set;	seenInvites	field_1_6637
FIELD	net/minecraft/client/gui/screens/social/PresenceHandler	Z	updatePresence	field_1_6638
METHOD	net/minecraft/client/gui/screens/social/PresenceHandler	(Ljava/util/UUID;)Z	clearInviteForPmid	method_1_5771
METHOD	net/minecraft/client/gui/screens/social/PresenceHandler	()V	clearInvites	method_1_5772
METHOD	net/minecraft/client/gui/screens/social/PresenceHandler	()V	clearStaleDismissedInvites	method_1_5773
METHOD	net/minecraft/client/gui/screens/social/PresenceHandler	(Ljava/util/UUID;)V	dismissInviteForPmid	method_1_5774
METHOD	net/minecraft/client/gui/screens/social/PresenceHandler	(Ljava/util/UUID;)V	expireHostInvite	method_1_5775
METHOD	net/minecraft/client/gui/screens/social/PresenceHandler	()Ljava/util/Set;	getInvitedPlayersBatch	method_1_5776
METHOD	net/minecraft/client/gui/screens/social/PresenceHandler	(Lcom/mojang/authlib/yggdrasil/response/PresenceStatus;)Lcom/mojang/authlib/yggdrasil/request/JoinInfoUpdate;	getJoinInfoUpdate	method_1_5777
METHOD	net/minecraft/client/gui/screens/social/PresenceHandler	()Lcom/mojang/authlib/yggdrasil/response/PresenceResponse;	getLatestPresence	method_1_5778
METHOD	net/minecraft/client/gui/screens/social/PresenceHandler	()Lcom/mojang/authlib/yggdrasil/response/PresenceStatus;	getPresenceStatus	method_1_5779
METHOD	net/minecraft/client/gui/screens/social/PresenceHandler	(Ljava/util/UUID;)Ljava/util/UUID;	getProfileIdFromPmid	method_1_5780
METHOD	net/minecraft/client/gui/screens/social/PresenceHandler	(Lcom/mojang/authlib/yggdrasil/response/PresenceStatusDto;)Z	hasDismissedInvite	method_1_5781
METHOD	net/minecraft/client/gui/screens/social/PresenceHandler	(Ljava/util/UUID;)V	invitePlayer	method_1_5782
METHOD	net/minecraft/client/gui/screens/social/PresenceHandler	(Ljava/util/UUID;)Z	isInvitedPmid	method_1_5783
METHOD	net/minecraft/client/gui/screens/social/PresenceHandler	(Ljava/util/UUID;)Z	lambda$clearStaleDismissedInvites$0	method_1_5784
METHOD	net/minecraft/client/gui/screens/social/PresenceHandler	(Ljava/util/UUID;Lcom/mojang/authlib/yggdrasil/response/PresenceStatusDto;)Z	lambda$clearStaleDismissedInvites$1	method_1_5785
METHOD	net/minecraft/client/gui/screens/social/PresenceHandler	(Ljava/util/UUID;Lnet/minecraft/client/gui/screens/social/PlayerSocialManager$PlayerData;)Z	lambda$expireHostInvite$0	method_1_5786
METHOD	net/minecraft/client/gui/screens/social/PresenceHandler	(Lnet/minecraft/client/gui/screens/social/PlayerSocialManager$PlayerData;)V	lambda$expireHostInvite$1	method_1_5787
METHOD	net/minecraft/client/gui/screens/social/PresenceHandler	(Ljava/util/UUID;)V	lambda$invitePlayer$0	method_1_5788
METHOD	net/minecraft/client/gui/screens/social/PresenceHandler	(Lcom/mojang/authlib/yggdrasil/response/PresenceStatus;Lcom/mojang/authlib/yggdrasil/request/JoinInfoUpdate;)V	lambda$updatePresence$0	method_1_5789
METHOD	net/minecraft/client/gui/screens/social/PresenceHandler	(Lcom/mojang/authlib/yggdrasil/response/PresenceResponse;)V	lambda$updatePresence$1	method_1_5790
METHOD	net/minecraft/client/gui/screens/social/PresenceHandler	(Lcom/mojang/authlib/yggdrasil/response/PresenceStatusDto;)V	lambda$updatePresence$2	method_1_5791
METHOD	net/minecraft/client/gui/screens/social/PresenceHandler	(Lcom/mojang/authlib/yggdrasil/response/PresenceStatusDto;Lnet/minecraft/client/gui/screens/social/PlayerSocialManager$PlayerData;)Z	lambda$updatePresence$3	method_1_5792
METHOD	net/minecraft/client/gui/screens/social/PresenceHandler	(Lnet/minecraft/world/entity/player/PlayerSkin;Lnet/minecraft/client/gui/screens/social/PlayerSocialManager$PlayerData;)V	lambda$updatePresence$4	method_1_5793
METHOD	net/minecraft/client/gui/screens/social/PresenceHandler	()Z	shouldRefreshPresence	method_1_5794
METHOD	net/minecraft/client/gui/screens/social/PresenceHandler	()V	tick	method_1_5795
METHOD	net/minecraft/client/gui/screens/social/PresenceHandler	()V	tryUpdatePresence	method_1_5796
METHOD	net/minecraft/client/gui/screens/social/PresenceHandler	()V	updatePresence	method_1_5797
FIELD	net/minecraft/client/gui/screens/social/PresenceHandler$1	[I	$SwitchMap$com$mojang$authlib$yggdrasil$response$PresenceStatus	field_1_6639
FIELD	net/minecraft/client/gui/screens/social/PresenceHandler$1	[I	$SwitchMap$net$minecraft$client$PresenceSharing	field_1_6640
FIELD	net/minecraft/client/gui/screens/social/PresenceHandler$1	[I	$SwitchMap$net$minecraft$client$server$IntegratedServer$MultiplayerScope	field_1_6641
CLASS	net/minecraft/client/multiplayer/p2p/SignalingException	class_1_952
FIELD	net/minecraft/client/multiplayer/p2p/SignalingException	Ljava/util/UUID;	peerPmid	field_1_6642
METHOD	net/minecraft/client/multiplayer/p2p/SignalingException	()Ljava/util/UUID;	peerPmid	method_1_5798
CLASS	net/minecraft/client/multiplayer/p2p/SignalingException$MessageUndeliveredException	class_1_953
CLASS	net/minecraft/client/multiplayer/p2p/SignalingException$SignalingAuthException	class_1_954
CLASS	net/minecraft/client/multiplayer/p2p/SignalingException$SignalingRejectedException	class_1_955
CLASS	net/minecraft/client/multiplayer/p2p/SignalingException$TurnAuthFailedException	class_1_956
CLASS	net/minecraft/client/multiplayer/p2p/SignalingException$UnknownPlayerException	class_1_957
METHOD	net/minecraft/client/resources/model/SimpleModelWrapper	(Lnet/minecraft/client/resources/model/geometry/QuadCollection;)Lcom/google/common/collect/Multimap;	findNonBlockSprites	method_1_5799
CLASS	net/minecraft/client/telemetry/events/P2PTelemetryEvent	class_1_958
FIELD	net/minecraft/client/telemetry/events/P2PTelemetryEvent	Lnet/minecraft/client/telemetry/events/P2PTelemetryEvent;	INSTANCE	field_1_6643
METHOD	net/minecraft/client/telemetry/events/P2PTelemetryEvent	(ZLnet/minecraft/client/telemetry/events/P2PTelemetryEvent$IcePath;Lnet/minecraft/client/telemetry/events/P2PTelemetryEvent$State$Snapshot;Ljava/lang/Long;Ljava/lang/Long;Ljava/lang/Long;Lnet/minecraft/client/telemetry/TelemetryPropertyMap$Builder;)V	lambda$send$0	method_1_5800
METHOD	net/minecraft/client/telemetry/events/P2PTelemetryEvent	(Ljava/time/Instant;Ljava/time/Instant;)Ljava/lang/Long;	millisBetween	method_1_5801
METHOD	net/minecraft/client/telemetry/events/P2PTelemetryEvent	(ZLnet/minecraft/client/telemetry/events/P2PTelemetryEvent$State;Ljava/time/Instant;Ljava/time/Instant;Ljava/time/Instant;)V	send	method_1_5802
CLASS	net/minecraft/client/telemetry/events/P2PTelemetryEvent$FailureStage	class_1_959
FIELD	net/minecraft/client/telemetry/events/P2PTelemetryEvent$FailureStage	[Lnet/minecraft/client/telemetry/events/P2PTelemetryEvent$FailureStage;	$VALUES	field_1_6644
FIELD	net/minecraft/client/telemetry/events/P2PTelemetryEvent$FailureStage	Lcom/mojang/serialization/Codec;	CODEC	field_1_6645
FIELD	net/minecraft/client/telemetry/events/P2PTelemetryEvent$FailureStage	Lnet/minecraft/client/telemetry/events/P2PTelemetryEvent$FailureStage;	ICE_CONNECT	field_1_6646
FIELD	net/minecraft/client/telemetry/events/P2PTelemetryEvent$FailureStage	Lnet/minecraft/client/telemetry/events/P2PTelemetryEvent$FailureStage;	SIGNALING	field_1_6647
FIELD	net/minecraft/client/telemetry/events/P2PTelemetryEvent$FailureStage	Lnet/minecraft/client/telemetry/events/P2PTelemetryEvent$FailureStage;	TIMEOUT	field_1_6648
FIELD	net/minecraft/client/telemetry/events/P2PTelemetryEvent$FailureStage	Ljava/lang/String;	name	field_1_6649
METHOD	net/minecraft/client/telemetry/events/P2PTelemetryEvent$FailureStage	()[Lnet/minecraft/client/telemetry/events/P2PTelemetryEvent$FailureStage;	$values	method_1_5803
CLASS	net/minecraft/client/telemetry/events/P2PTelemetryEvent$IceCandidateType	class_1_960
FIELD	net/minecraft/client/telemetry/events/P2PTelemetryEvent$IceCandidateType	[Lnet/minecraft/client/telemetry/events/P2PTelemetryEvent$IceCandidateType;	$VALUES	field_1_6650
FIELD	net/minecraft/client/telemetry/events/P2PTelemetryEvent$IceCandidateType	Ljava/util/Map;	BY_NAME	field_1_6651
FIELD	net/minecraft/client/telemetry/events/P2PTelemetryEvent$IceCandidateType	Lcom/mojang/serialization/Codec;	CODEC	field_1_6652
FIELD	net/minecraft/client/telemetry/events/P2PTelemetryEvent$IceCandidateType	Lnet/minecraft/client/telemetry/events/P2PTelemetryEvent$IceCandidateType;	HOST	field_1_6653
FIELD	net/minecraft/client/telemetry/events/P2PTelemetryEvent$IceCandidateType	Lnet/minecraft/client/telemetry/events/P2PTelemetryEvent$IceCandidateType;	PRFLX	field_1_6654
FIELD	net/minecraft/client/telemetry/events/P2PTelemetryEvent$IceCandidateType	Lnet/minecraft/client/telemetry/events/P2PTelemetryEvent$IceCandidateType;	RELAY	field_1_6655
FIELD	net/minecraft/client/telemetry/events/P2PTelemetryEvent$IceCandidateType	Lnet/minecraft/client/telemetry/events/P2PTelemetryEvent$IceCandidateType;	SRFLX	field_1_6656
FIELD	net/minecraft/client/telemetry/events/P2PTelemetryEvent$IceCandidateType	Ljava/lang/String;	name	field_1_6657
METHOD	net/minecraft/client/telemetry/events/P2PTelemetryEvent$IceCandidateType	()[Lnet/minecraft/client/telemetry/events/P2PTelemetryEvent$IceCandidateType;	$values	method_1_5804
METHOD	net/minecraft/client/telemetry/events/P2PTelemetryEvent$IceCandidateType	(Ljava/lang/String;)Ljava/util/Optional;	byName	method_1_5805
CLASS	net/minecraft/client/telemetry/events/P2PTelemetryEvent$IcePath	class_1_961
FIELD	net/minecraft/client/telemetry/events/P2PTelemetryEvent$IcePath	[Lnet/minecraft/client/telemetry/events/P2PTelemetryEvent$IcePath;	$VALUES	field_1_6658
FIELD	net/minecraft/client/telemetry/events/P2PTelemetryEvent$IcePath	Lcom/mojang/serialization/Codec;	CODEC	field_1_6659
FIELD	net/minecraft/client/telemetry/events/P2PTelemetryEvent$IcePath	Lnet/minecraft/client/telemetry/events/P2PTelemetryEvent$IcePath;	DIRECT	field_1_6660
FIELD	net/minecraft/client/telemetry/events/P2PTelemetryEvent$IcePath	Lnet/minecraft/client/telemetry/events/P2PTelemetryEvent$IcePath;	LOCAL	field_1_6661
FIELD	net/minecraft/client/telemetry/events/P2PTelemetryEvent$IcePath	Lnet/minecraft/client/telemetry/events/P2PTelemetryEvent$IcePath;	RELAY	field_1_6662
FIELD	net/minecraft/client/telemetry/events/P2PTelemetryEvent$IcePath	Lnet/minecraft/client/telemetry/events/P2PTelemetryEvent$IcePath;	UNKNOWN	field_1_6663
FIELD	net/minecraft/client/telemetry/events/P2PTelemetryEvent$IcePath	Ljava/lang/String;	name	field_1_6664
METHOD	net/minecraft/client/telemetry/events/P2PTelemetryEvent$IcePath	()[Lnet/minecraft/client/telemetry/events/P2PTelemetryEvent$IcePath;	$values	method_1_5806
METHOD	net/minecraft/client/telemetry/events/P2PTelemetryEvent$IcePath	(Lnet/minecraft/client/telemetry/events/P2PTelemetryEvent$IceCandidateType;Lnet/minecraft/client/telemetry/events/P2PTelemetryEvent$IceCandidateType;)Lnet/minecraft/client/telemetry/events/P2PTelemetryEvent$IcePath;	classify	method_1_5807
CLASS	net/minecraft/client/telemetry/events/P2PTelemetryEvent$State	class_1_962
FIELD	net/minecraft/client/telemetry/events/P2PTelemetryEvent$State	Lnet/minecraft/client/telemetry/events/P2PTelemetryEvent$FailureStage;	failureStage	field_1_6665
FIELD	net/minecraft/client/telemetry/events/P2PTelemetryEvent$State	Lnet/minecraft/client/telemetry/events/P2PTelemetryEvent$IceCandidateType;	localCandidateType	field_1_6666
FIELD	net/minecraft/client/telemetry/events/P2PTelemetryEvent$State	Lnet/minecraft/client/telemetry/events/P2PTelemetryEvent$IceCandidateType;	remoteCandidateType	field_1_6667
METHOD	net/minecraft/client/telemetry/events/P2PTelemetryEvent$State	(Lnet/minecraft/client/telemetry/events/P2PTelemetryEvent$FailureStage;)V	setFailureStage	method_1_5808
METHOD	net/minecraft/client/telemetry/events/P2PTelemetryEvent$State	(Lnet/minecraft/client/telemetry/events/P2PTelemetryEvent$IceCandidateType;Lnet/minecraft/client/telemetry/events/P2PTelemetryEvent$IceCandidateType;)V	setIceInfo	method_1_5809
METHOD	net/minecraft/client/telemetry/events/P2PTelemetryEvent$State	()Lnet/minecraft/client/telemetry/events/P2PTelemetryEvent$State$Snapshot;	snapshot	method_1_5810
CLASS	net/minecraft/client/telemetry/events/P2PTelemetryEvent$State$Snapshot	class_1_963
FIELD	net/minecraft/client/telemetry/events/P2PTelemetryEvent$State$Snapshot	Lnet/minecraft/client/telemetry/events/P2PTelemetryEvent$FailureStage;	failureStage	comp_1_837
FIELD	net/minecraft/client/telemetry/events/P2PTelemetryEvent$State$Snapshot	Lnet/minecraft/client/telemetry/events/P2PTelemetryEvent$IceCandidateType;	localCandidateType	comp_1_838
FIELD	net/minecraft/client/telemetry/events/P2PTelemetryEvent$State$Snapshot	Lnet/minecraft/client/telemetry/events/P2PTelemetryEvent$IceCandidateType;	remoteCandidateType	comp_1_839
METHOD	net/minecraft/client/gui/components/AbstractStringWidget	(Lnet/minecraft/network/chat/Style;)Z	handleStyleClick	method_1_5811
CLASS	net/minecraft/client/gui/screens/friends/AddFriendWidget	class_1_964
FIELD	net/minecraft/client/gui/screens/friends/AddFriendWidget	I	ADD_BUTTON_SIZE	field_1_6668
FIELD	net/minecraft/client/gui/screens/friends/AddFriendWidget	Lnet/minecraft/client/gui/components/WidgetSprites;	ADD_SPRITE	field_1_6669
FIELD	net/minecraft/client/gui/screens/friends/AddFriendWidget	Lnet/minecraft/network/chat/Component;	COPY_TO_CLIPBOARD	field_1_6670
FIELD	net/minecraft/client/gui/screens/friends/AddFriendWidget	Lnet/minecraft/network/chat/Component;	EMPTY_NICKNAME_MESSAGE	field_1_6671
FIELD	net/minecraft/client/gui/screens/friends/AddFriendWidget	Lnet/minecraft/network/chat/Component;	ENTER_NICKNAME	field_1_6672
FIELD	net/minecraft/client/gui/screens/friends/AddFriendWidget	I	INPUT_SPACING	field_1_6673
FIELD	net/minecraft/client/gui/screens/friends/AddFriendWidget	Lnet/minecraft/resources/Identifier;	LIST_SEPARATOR_TOP	field_1_6674
FIELD	net/minecraft/client/gui/screens/friends/AddFriendWidget	I	PROFILE_NAME_HEIGHT	field_1_6675
FIELD	net/minecraft/client/gui/screens/friends/AddFriendWidget	Lnet/minecraft/network/chat/Component;	PROFILE_NAME_LABEL	field_1_6676
FIELD	net/minecraft/client/gui/screens/friends/AddFriendWidget	I	PROFILE_NAME_MARGIN	field_1_6677
FIELD	net/minecraft/client/gui/screens/friends/AddFriendWidget	Lnet/minecraft/network/chat/Component;	SEND_REQUEST	field_1_6678
FIELD	net/minecraft/client/gui/screens/friends/AddFriendWidget	I	SEPARATOR_HEIGHT	field_1_6679
FIELD	net/minecraft/client/gui/screens/friends/AddFriendWidget	I	SEPARATOR_PADDING	field_1_6680
FIELD	net/minecraft/client/gui/screens/friends/AddFriendWidget	I	WINDOW_MARGIN	field_1_6681
FIELD	net/minecraft/client/gui/screens/friends/AddFriendWidget	Lnet/minecraft/client/gui/components/SpriteIconButton;	addButton	field_1_6682
FIELD	net/minecraft/client/gui/screens/friends/AddFriendWidget	Lnet/minecraft/client/gui/components/EditBox;	editBox	field_1_6683
FIELD	net/minecraft/client/gui/screens/friends/AddFriendWidget	Lnet/minecraft/client/gui/layouts/LinearLayout;	layout	field_1_6684
FIELD	net/minecraft/client/gui/screens/friends/AddFriendWidget	Lnet/minecraft/client/Minecraft;	minecraft	field_1_6685
FIELD	net/minecraft/client/gui/screens/friends/AddFriendWidget	Lnet/minecraft/client/gui/components/PlainTextButton;	profileNameButton	field_1_6686
METHOD	net/minecraft/client/gui/screens/friends/AddFriendWidget	(Lnet/minecraft/client/gui/screens/friends/AddFriendWidget$State;)V	applyState	method_1_5812
METHOD	net/minecraft/client/gui/screens/friends/AddFriendWidget	(Ljava/lang/String;)V	editBoxResponder	method_1_5813
METHOD	net/minecraft/client/gui/screens/friends/AddFriendWidget	()Lnet/minecraft/client/gui/components/EditBox;	getEditBox	method_1_5814
METHOD	net/minecraft/client/gui/screens/friends/AddFriendWidget	()Ljava/lang/String;	getValue	method_1_5815
METHOD	net/minecraft/client/gui/screens/friends/AddFriendWidget	(Lnet/minecraft/client/gui/GuiGraphicsExtractor;IIFLnet/minecraft/client/gui/components/AbstractWidget;)V	lambda$extractWidgetRenderState$0	method_1_5816
METHOD	net/minecraft/client/gui/screens/friends/AddFriendWidget	(Ljava/lang/Runnable;Lnet/minecraft/client/gui/components/Button;)V	lambda$new$0	method_1_5817
METHOD	net/minecraft/client/gui/screens/friends/AddFriendWidget	(Ljava/lang/String;Lnet/minecraft/client/gui/components/Button;)V	lambda$new$1	method_1_5818
METHOD	net/minecraft/client/gui/screens/friends/AddFriendWidget	(Lnet/minecraft/client/gui/layouts/LayoutSettings;)V	lambda$new$2	method_1_5819
METHOD	net/minecraft/client/gui/screens/friends/AddFriendWidget	(Lnet/minecraft/client/gui/layouts/LayoutSettings;)V	lambda$new$3	method_1_5820
METHOD	net/minecraft/client/gui/screens/friends/AddFriendWidget	(Lnet/minecraft/client/gui/layouts/LayoutSettings;)V	lambda$new$4	method_1_5821
METHOD	net/minecraft/client/gui/screens/friends/AddFriendWidget	(Ljava/lang/String;)V	setValue	method_1_5822
FIELD	net/minecraft/client/gui/screens/friends/AddFriendWidget$1	Lnet/minecraft/client/gui/screens/friends/AddFriendWidget;	this$0	field_1_6687
FIELD	net/minecraft/client/gui/screens/friends/AddFriendWidget$2	Lnet/minecraft/network/chat/Component;	val$profileNameComponent	field_1_6688
CLASS	net/minecraft/client/gui/screens/friends/AddFriendWidget$State	class_1_965
FIELD	net/minecraft/client/gui/screens/friends/AddFriendWidget$State	[Lnet/minecraft/client/gui/screens/friends/AddFriendWidget$State;	$VALUES	field_1_6689
FIELD	net/minecraft/client/gui/screens/friends/AddFriendWidget$State	Lnet/minecraft/client/gui/screens/friends/AddFriendWidget$State;	DISABLED	field_1_6690
FIELD	net/minecraft/client/gui/screens/friends/AddFriendWidget$State	Lnet/minecraft/client/gui/screens/friends/AddFriendWidget$State;	EMPTY_INPUT	field_1_6691
FIELD	net/minecraft/client/gui/screens/friends/AddFriendWidget$State	Lnet/minecraft/client/gui/screens/friends/AddFriendWidget$State;	READY	field_1_6692
FIELD	net/minecraft/client/gui/screens/friends/AddFriendWidget$State	Lnet/minecraft/client/gui/screens/friends/AddFriendWidget$State;	SENDING	field_1_6693
METHOD	net/minecraft/client/gui/screens/friends/AddFriendWidget$State	()[Lnet/minecraft/client/gui/screens/friends/AddFriendWidget$State;	$values	method_1_5823
CLASS	net/minecraft/client/multiplayer/p2p/RtcHandshakeHandler	class_1_966
FIELD	net/minecraft/client/multiplayer/p2p/RtcHandshakeHandler	Lorg/slf4j/Logger;	LOGGER	field_1_6694
FIELD	net/minecraft/client/multiplayer/p2p/RtcHandshakeHandler	J	PENDING_HANDSHAKE_TIMEOUT_SECONDS	field_1_6695
FIELD	net/minecraft/client/multiplayer/p2p/RtcHandshakeHandler	Lnet/minecraft/client/multiplayer/p2p/client/SignalingServiceClient$ConnectionListener;	connectionListener	field_1_6696
FIELD	net/minecraft/client/multiplayer/p2p/RtcHandshakeHandler	Ldev/onvoid/webrtc/PeerConnectionFactory;	factory	field_1_6697
FIELD	net/minecraft/client/multiplayer/p2p/RtcHandshakeHandler	Ljava/util/concurrent/ConcurrentHashMap;	handshakes	field_1_6698
FIELD	net/minecraft/client/multiplayer/p2p/RtcHandshakeHandler	Lnet/minecraft/client/multiplayer/p2p/P2PManager;	manager	field_1_6699
FIELD	net/minecraft/client/multiplayer/p2p/RtcHandshakeHandler	Lnet/minecraft/client/Minecraft;	minecraft	field_1_6700
FIELD	net/minecraft/client/multiplayer/p2p/RtcHandshakeHandler	Lnet/minecraft/client/multiplayer/p2p/client/SignalingServiceClient;	signaling	field_1_6701
METHOD	net/minecraft/client/multiplayer/p2p/RtcHandshakeHandler	(Lnet/minecraft/client/network/webrtc/RtcHandshake$HandshakeResult;Ljava/util/UUID;)V	acceptGuest	method_1_5824
METHOD	net/minecraft/client/multiplayer/p2p/RtcHandshakeHandler	()V	cancelInitiatorHandshakes	method_1_5825
METHOD	net/minecraft/client/multiplayer/p2p/RtcHandshakeHandler	()V	closeHostHandshakes	method_1_5826
METHOD	net/minecraft/client/multiplayer/p2p/RtcHandshakeHandler	(Ljava/util/UUID;Ljava/lang/String;ZLdev/onvoid/webrtc/RTCIceServer;Ljava/util/concurrent/CompletableFuture;Lnet/minecraft/client/telemetry/events/P2PTelemetryEvent$State;)Lnet/minecraft/client/network/webrtc/RtcHandshake;	createHandshake	method_1_5827
METHOD	net/minecraft/client/multiplayer/p2p/RtcHandshakeHandler	(Ljava/util/UUID;)Lnet/minecraft/client/network/webrtc/RtcHandshake;	getHandshake	method_1_5828
METHOD	net/minecraft/client/multiplayer/p2p/RtcHandshakeHandler	()Ldev/onvoid/webrtc/PeerConnectionFactory;	getPeerConnectionFactory	method_1_5829
METHOD	net/minecraft/client/multiplayer/p2p/RtcHandshakeHandler	(Ljava/util/UUID;Lnet/minecraft/client/multiplayer/p2p/SignalingMessage$WebRtc$Answer;)V	handleAnswer	method_1_5830
METHOD	net/minecraft/client/multiplayer/p2p/RtcHandshakeHandler	(Ljava/util/UUID;Lnet/minecraft/client/multiplayer/p2p/SignalingMessage$WebRtc$IceCandidate;)V	handleIceCandidate	method_1_5831
METHOD	net/minecraft/client/multiplayer/p2p/RtcHandshakeHandler	(Ljava/util/UUID;Lnet/minecraft/client/multiplayer/p2p/SignalingMessage$WebRtc$Offer;)V	handleOffer	method_1_5832
METHOD	net/minecraft/client/multiplayer/p2p/RtcHandshakeHandler	(Ljava/util/UUID;Lnet/minecraft/client/multiplayer/p2p/SignalingMessage$WebRtc;)V	handleWebRtc	method_1_5833
METHOD	net/minecraft/client/multiplayer/p2p/RtcHandshakeHandler	(Ljava/util/UUID;)Z	hasHandshake	method_1_5834
METHOD	net/minecraft/client/multiplayer/p2p/RtcHandshakeHandler	(Lnet/minecraft/client/network/webrtc/RtcHandshake$HandshakeResult;)V	joinHost	method_1_5835
METHOD	net/minecraft/client/multiplayer/p2p/RtcHandshakeHandler	(Lnet/minecraft/client/server/IntegratedServer;Lnet/minecraft/client/network/webrtc/RtcHandshake$HandshakeResult;Ljava/util/UUID;)V	lambda$acceptGuest$0	method_1_5836
METHOD	net/minecraft/client/multiplayer/p2p/RtcHandshakeHandler	(Lnet/minecraft/client/network/webrtc/RtcHandshake;)V	lambda$cancelInitiatorHandshakes$0	method_1_5837
METHOD	net/minecraft/client/multiplayer/p2p/RtcHandshakeHandler	(Lnet/minecraft/client/network/webrtc/RtcHandshake;)V	lambda$closeHostHandshakes$0	method_1_5838
METHOD	net/minecraft/client/multiplayer/p2p/RtcHandshakeHandler	(Ljava/util/UUID;Ljava/lang/String;Ldev/onvoid/webrtc/RTCIceCandidate;)V	lambda$createHandshake$0	method_1_5839
METHOD	net/minecraft/client/multiplayer/p2p/RtcHandshakeHandler	(Ljava/lang/String;Ljava/lang/Throwable;)Ljava/lang/Void;	lambda$createHandshake$1	method_1_5840
METHOD	net/minecraft/client/multiplayer/p2p/RtcHandshakeHandler	(Ljava/util/concurrent/CompletableFuture;Lnet/minecraft/client/telemetry/events/P2PTelemetryEvent$State;Lnet/minecraft/client/network/webrtc/RtcHandshake;)V	lambda$createHandshake$2	method_1_5841
METHOD	net/minecraft/client/multiplayer/p2p/RtcHandshakeHandler	(Lnet/minecraft/client/telemetry/events/P2PTelemetryEvent$State;Lnet/minecraft/client/network/webrtc/RtcHandshake$IceInfo;)V	lambda$createHandshake$3	method_1_5842
METHOD	net/minecraft/client/multiplayer/p2p/RtcHandshakeHandler	(Ljava/util/UUID;Lnet/minecraft/client/network/webrtc/RtcHandshake;Ljava/util/concurrent/CompletableFuture;Lnet/minecraft/client/telemetry/events/P2PTelemetryEvent$State;Lnet/minecraft/client/network/webrtc/RtcHandshake$HandshakeResult;Ljava/lang/Throwable;)V	lambda$createHandshake$4	method_1_5843
METHOD	net/minecraft/client/multiplayer/p2p/RtcHandshakeHandler	(Lnet/minecraft/client/network/webrtc/RtcHandshake;Ljava/lang/Throwable;)Ljava/lang/Void;	lambda$handleAnswer$0	method_1_5844
METHOD	net/minecraft/client/multiplayer/p2p/RtcHandshakeHandler	(Lnet/minecraft/client/multiplayer/p2p/SignalingMessage$WebRtc$IceCandidate;Ljava/lang/Throwable;)Ljava/lang/Void;	lambda$handleIceCandidate$0	method_1_5845
METHOD	net/minecraft/client/multiplayer/p2p/RtcHandshakeHandler	(Lnet/minecraft/client/multiplayer/p2p/SignalingMessage$WebRtc$Offer;Lnet/minecraft/client/network/webrtc/RtcHandshake;)Ljava/util/concurrent/CompletableFuture;	lambda$handleOffer$0	method_1_5846
METHOD	net/minecraft/client/multiplayer/p2p/RtcHandshakeHandler	(Lnet/minecraft/client/network/webrtc/RtcHandshake;Ljava/lang/String;)Lnet/minecraft/client/multiplayer/p2p/SignalingMessage;	lambda$handleOffer$1	method_1_5847
METHOD	net/minecraft/client/multiplayer/p2p/RtcHandshakeHandler	(Ljava/lang/Throwable;)Ljava/lang/Void;	lambda$handleOffer$2	method_1_5848
METHOD	net/minecraft/client/multiplayer/p2p/RtcHandshakeHandler	(Lnet/minecraft/client/network/webrtc/RtcHandshake$HandshakeResult;)V	lambda$joinHost$0	method_1_5849
METHOD	net/minecraft/client/multiplayer/p2p/RtcHandshakeHandler	(Lnet/minecraft/network/chat/Component;)V	lambda$joinHost$1	method_1_5850
METHOD	net/minecraft/client/multiplayer/p2p/RtcHandshakeHandler	(Lnet/minecraft/client/network/webrtc/RtcHandshake;)V	lambda$shutdown$0	method_1_5851
METHOD	net/minecraft/client/multiplayer/p2p/RtcHandshakeHandler	(Lnet/minecraft/client/network/webrtc/RtcHandshake;)Ljava/util/concurrent/CompletableFuture;	lambda$startHandshake$0	method_1_5852
METHOD	net/minecraft/client/multiplayer/p2p/RtcHandshakeHandler	(Lnet/minecraft/client/network/webrtc/RtcHandshake;Ljava/lang/String;)Lnet/minecraft/client/multiplayer/p2p/SignalingMessage;	lambda$startHandshake$1	method_1_5853
METHOD	net/minecraft/client/multiplayer/p2p/RtcHandshakeHandler	(Ljava/util/UUID;Ljava/lang/String;ZLjava/util/concurrent/CompletableFuture;Lnet/minecraft/client/telemetry/events/P2PTelemetryEvent$State;Ljava/time/Instant;Ljava/util/concurrent/atomic/AtomicReference;Ljava/util/function/Function;Ldev/onvoid/webrtc/RTCIceServer;)Ljava/util/concurrent/CompletionStage;	lambda$startHandshake$2	method_1_5854
METHOD	net/minecraft/client/multiplayer/p2p/RtcHandshakeHandler	(Lnet/minecraft/client/telemetry/events/P2PTelemetryEvent$State;Ljava/time/Instant;Ljava/util/concurrent/atomic/AtomicReference;Ljava/lang/Void;Ljava/lang/Throwable;)V	lambda$startHandshake$3	method_1_5855
METHOD	net/minecraft/client/multiplayer/p2p/RtcHandshakeHandler	(Ljava/util/UUID;Lnet/minecraft/client/multiplayer/p2p/SignalingMessage;)Ljava/util/concurrent/CompletionStage;	lambda$startHandshake$4	method_1_5856
METHOD	net/minecraft/client/multiplayer/p2p/RtcHandshakeHandler	(Lnet/minecraft/client/telemetry/events/P2PTelemetryEvent$State;Lnet/minecraft/client/network/webrtc/RtcHandshake;Ljava/util/concurrent/CompletableFuture;Ljava/util/concurrent/atomic/AtomicReference;Ljava/lang/Void;Ljava/lang/Throwable;)V	lambda$startHandshake$5	method_1_5857
METHOD	net/minecraft/client/multiplayer/p2p/RtcHandshakeHandler	(Ljava/lang/String;Lnet/minecraft/client/telemetry/events/P2PTelemetryEvent$State;Ljava/util/concurrent/CompletableFuture;Ljava/lang/Void;Ljava/lang/Throwable;)V	lambda$startHandshake$6	method_1_5858
METHOD	net/minecraft/client/multiplayer/p2p/RtcHandshakeHandler	()V	shutdown	method_1_5859
METHOD	net/minecraft/client/multiplayer/p2p/RtcHandshakeHandler	(Ljava/util/UUID;Ljava/lang/String;)Ljava/util/concurrent/CompletableFuture;	startHandshake	method_1_5860
METHOD	net/minecraft/client/multiplayer/p2p/RtcHandshakeHandler	(Ljava/util/UUID;Ljava/lang/String;ZLjava/util/function/Function;)Ljava/util/concurrent/CompletableFuture;	startHandshake	method_1_5861
FIELD	net/minecraft/client/multiplayer/p2p/RtcHandshakeHandler$1	Lnet/minecraft/client/multiplayer/p2p/RtcHandshakeHandler;	this$0	field_1_6702
FIELD	net/minecraft/client/multiplayer/p2p/RtcHandshakeHandler$2	[I	$SwitchMap$dev$onvoid$webrtc$logging$Logging$Severity	field_1_6703
CLASS	net/minecraft/client/multiplayer/p2p/RtcHandshakeHandler$WebRtcLogSink	class_1_967
FIELD	net/minecraft/client/multiplayer/p2p/RtcHandshakeHandler$WebRtcLogSink	Lorg/slf4j/Logger;	LOGGER	field_1_6704
CLASS	net/minecraft/client/multiplayer/p2p/client/package-info	class_1_968
CLASS	net/minecraft/world/phys/shapes/PositionCollisionContext	class_1_969
FIELD	net/minecraft/world/phys/shapes/PositionCollisionContext	D	y	field_1_6705
CLASS	com/mojang/blaze3d/vulkan/checkpoints/CheckpointExtension	class_1_970
METHOD	com/mojang/blaze3d/vulkan/checkpoints/CheckpointExtension	(Lcom/mojang/blaze3d/vulkan/VulkanDevice;Lcom/mojang/blaze3d/vulkan/VulkanQueue;I)Lcom/mojang/blaze3d/vulkan/checkpoints/CheckpointExtension$CheckpointStorage;	createStorage	method_1_5862
METHOD	com/mojang/blaze3d/vulkan/checkpoints/CheckpointExtension	(Z)Ljava/util/List;	retrieveCheckpoints	method_1_5863
CLASS	com/mojang/blaze3d/vulkan/checkpoints/CheckpointExtension$CheckpointStorage	class_1_971
METHOD	com/mojang/blaze3d/vulkan/checkpoints/CheckpointExtension$CheckpointStorage	(Lorg/lwjgl/vulkan/VkCommandBuffer;Lcom/mojang/blaze3d/vulkan/checkpoints/CheckpointExtension$CheckpointType;Ljava/util/function/Supplier;)V	recordCheckpoint	method_1_5864
METHOD	com/mojang/blaze3d/vulkan/checkpoints/CheckpointExtension$CheckpointStorage	()V	rotate	method_1_5865
CLASS	com/mojang/blaze3d/vulkan/checkpoints/CheckpointExtension$CheckpointType	class_1_972
FIELD	com/mojang/blaze3d/vulkan/checkpoints/CheckpointExtension$CheckpointType	[Lcom/mojang/blaze3d/vulkan/checkpoints/CheckpointExtension$CheckpointType;	$VALUES	field_1_6706
FIELD	com/mojang/blaze3d/vulkan/checkpoints/CheckpointExtension$CheckpointType	Lcom/mojang/blaze3d/vulkan/checkpoints/CheckpointExtension$CheckpointType;	BEGIN_RENDER_PASS	field_1_6707
FIELD	com/mojang/blaze3d/vulkan/checkpoints/CheckpointExtension$CheckpointType	Lcom/mojang/blaze3d/vulkan/checkpoints/CheckpointExtension$CheckpointType;	END_RENDER_PASS	field_1_6708
METHOD	com/mojang/blaze3d/vulkan/checkpoints/CheckpointExtension$CheckpointType	()[Lcom/mojang/blaze3d/vulkan/checkpoints/CheckpointExtension$CheckpointType;	$values	method_1_5866
CLASS	com/mojang/blaze3d/vulkan/checkpoints/CheckpointExtension$QueueCheckpoints	class_1_973
FIELD	com/mojang/blaze3d/vulkan/checkpoints/CheckpointExtension$QueueCheckpoints	Ljava/util/List;	checkpoints	comp_1_840
FIELD	com/mojang/blaze3d/vulkan/checkpoints/CheckpointExtension$QueueCheckpoints	J	queue	comp_1_841
CLASS	com/mojang/blaze3d/vulkan/checkpoints/CheckpointExtension$StageCheckpoint	class_1_974
FIELD	com/mojang/blaze3d/vulkan/checkpoints/CheckpointExtension$StageCheckpoint	Ljava/lang/String;	label	comp_1_842
FIELD	com/mojang/blaze3d/vulkan/checkpoints/CheckpointExtension$StageCheckpoint	J	stage	comp_1_843
FIELD	com/mojang/blaze3d/vulkan/checkpoints/CheckpointExtension$StageCheckpoint	Lcom/mojang/blaze3d/vulkan/checkpoints/CheckpointExtension$CheckpointType;	type	comp_1_844
METHOD	net/minecraft/client/gui/components/tabs/TabNavigationBar	(I)V	arrangeElements	method_1_5867
METHOD	net/minecraft/client/gui/components/tabs/TabNavigationBar	(DDLjava/util/concurrent/atomic/AtomicBoolean;Lnet/minecraft/client/gui/layouts/LayoutElement;)V	lambda$isMouseOver$0	method_1_5868
FIELD	net/minecraft/client/gui/components/tabs/TabNavigationBar$Builder	I	height	field_1_6709
FIELD	net/minecraft/client/gui/components/tabs/TabNavigationBar$Builder	Ljava/util/List;	tabButtons	field_1_6710
FIELD	net/minecraft/client/gui/components/tabs/TabNavigationBar$Builder	I	x	field_1_6711
FIELD	net/minecraft/client/gui/components/tabs/TabNavigationBar$Builder	I	y	field_1_6712
FIELD	net/minecraft/client/gui/screens/MultiplayerOptionsScreen	Lnet/minecraft/network/chat/Component;	APPLY_CHANGES	field_1_6713
FIELD	net/minecraft/client/gui/screens/MultiplayerOptionsScreen	Lnet/minecraft/resources/Identifier;	INWORLD_MENU_LIST_BACKGROUND	field_1_6714
FIELD	net/minecraft/client/gui/screens/MultiplayerOptionsScreen	Lnet/minecraft/network/chat/Component;	NETWORK_HEADER	field_1_6715
FIELD	net/minecraft/client/gui/screens/MultiplayerOptionsScreen	Lnet/minecraft/network/chat/Component;	OTHER_PLAYERS_HEADER	field_1_6716
FIELD	net/minecraft/client/gui/screens/MultiplayerOptionsScreen	Lnet/minecraft/network/chat/Component;	TITLE	field_1_6717
FIELD	net/minecraft/client/gui/screens/MultiplayerOptionsScreen	Lnet/minecraft/client/gui/components/Button;	applyChanges	field_1_6718
FIELD	net/minecraft/client/gui/screens/MultiplayerOptionsScreen	Z	initialCommands	field_1_6719
FIELD	net/minecraft/client/gui/screens/MultiplayerOptionsScreen	Lnet/minecraft/world/level/GameType;	initialGameMode	field_1_6720
FIELD	net/minecraft/client/gui/screens/MultiplayerOptionsScreen	Lnet/minecraft/client/server/IntegratedServer$MultiplayerScope;	initialMultiplayerScope	field_1_6721
FIELD	net/minecraft/client/gui/screens/MultiplayerOptionsScreen	Lnet/minecraft/client/gui/layouts/HeaderAndFooterLayout;	layout	field_1_6722
FIELD	net/minecraft/client/gui/screens/MultiplayerOptionsScreen	Z	portValid	field_1_6723
FIELD	net/minecraft/client/gui/screens/MultiplayerOptionsScreen	Lnet/minecraft/client/server/IntegratedServer$MultiplayerScope;	wantedMultiplayerScope	field_1_6724
METHOD	net/minecraft/client/gui/screens/MultiplayerOptionsScreen	(Lnet/minecraft/client/server/IntegratedServer;)V	changeMultiplayerScope	method_1_5869
METHOD	net/minecraft/client/gui/screens/MultiplayerOptionsScreen	()Z	hasSettingsChanges	method_1_5870
METHOD	net/minecraft/client/gui/screens/MultiplayerOptionsScreen	(Lnet/minecraft/client/server/IntegratedServer$MultiplayerScope;)Z	lambda$init$0	method_1_5871
METHOD	net/minecraft/client/gui/screens/MultiplayerOptionsScreen	(I)[Lnet/minecraft/client/server/IntegratedServer$MultiplayerScope;	lambda$init$1	method_1_5872
METHOD	net/minecraft/client/gui/screens/MultiplayerOptionsScreen	(Lnet/minecraft/client/gui/components/CycleButton;Lnet/minecraft/client/server/IntegratedServer$MultiplayerScope;)V	lambda$init$2	method_1_5873
METHOD	net/minecraft/client/gui/screens/MultiplayerOptionsScreen	(Lnet/minecraft/client/server/IntegratedServer;Lnet/minecraft/client/gui/components/Button;)V	lambda$init$3	method_1_5874
METHOD	net/minecraft/client/gui/screens/MultiplayerOptionsScreen	(Ljava/lang/String;)V	lambda$init$4	method_1_5875
METHOD	net/minecraft/client/gui/screens/MultiplayerOptionsScreen	(Lnet/minecraft/client/server/IntegratedServer;Lnet/minecraft/client/server/IntegratedServer$MultiplayerScope;)V	publish	method_1_5876
METHOD	net/minecraft/client/gui/screens/MultiplayerOptionsScreen	(Lnet/minecraft/network/chat/Component;)V	sendPublishMessage	method_1_5877
METHOD	net/minecraft/client/gui/screens/MultiplayerOptionsScreen	()V	updateApplyChangesActiveState	method_1_5878
FIELD	net/minecraft/client/gui/screens/MultiplayerOptionsScreen$1	[I	$SwitchMap$net$minecraft$client$server$IntegratedServer$MultiplayerScope	field_1_6725
CLASS	net/minecraft/client/gui/screens/PrivacyConfirmLinkScreen	class_1_975
FIELD	net/minecraft/client/gui/screens/PrivacyConfirmLinkScreen	Lnet/minecraft/network/chat/Component;	MESSAGE	field_1_6726
FIELD	net/minecraft/client/gui/screens/PrivacyConfirmLinkScreen	Lnet/minecraft/network/chat/Component;	TITLE	field_1_6727
FIELD	net/minecraft/client/gui/screens/PrivacyConfirmLinkScreen	Lnet/minecraft/network/chat/Component;	urlComponent	field_1_6728
METHOD	net/minecraft/client/gui/screens/PrivacyConfirmLinkScreen	(Lnet/minecraft/client/gui/screens/Screen;Ljava/lang/String;)V	confirmLinkNow	method_1_5879
METHOD	net/minecraft/client/gui/screens/PrivacyConfirmLinkScreen	(Lnet/minecraft/client/gui/screens/Screen;Ljava/net/URI;)V	confirmLinkNow	method_1_5880
METHOD	net/minecraft/client/gui/screens/PrivacyConfirmLinkScreen	(Ljava/lang/String;Lnet/minecraft/client/Minecraft;Lnet/minecraft/client/gui/screens/Screen;Z)V	lambda$confirmLinkNow$0	method_1_5881
METHOD	net/minecraft/client/gui/screens/PrivacyConfirmLinkScreen	(Lnet/minecraft/network/chat/Style;)Lnet/minecraft/network/chat/Style;	lambda$static$0	method_1_5882
FIELD	net/minecraft/client/gui/screens/inventory/SignEditScreen	I	TEXTURE_HEIGHT	field_1_6729
FIELD	net/minecraft/client/gui/screens/inventory/SignEditScreen	I	TEXTURE_WIDTH	field_1_6730
FIELD	net/minecraft/client/gui/screens/inventory/SignEditScreen	Lnet/minecraft/resources/Identifier;	texture	field_1_6731
CLASS	net/minecraft/client/multiplayer/p2p/SignalingErrorMapper	class_1_976
FIELD	net/minecraft/client/multiplayer/p2p/SignalingErrorMapper	I	CODE_MESSAGE_DELIVERY_FAILED	field_1_6732
FIELD	net/minecraft/client/multiplayer/p2p/SignalingErrorMapper	I	CODE_PLAYER_UNREACHABLE	field_1_6733
FIELD	net/minecraft/client/multiplayer/p2p/SignalingErrorMapper	I	CODE_TURN_AUTH_FAILED	field_1_6734
FIELD	net/minecraft/client/multiplayer/p2p/SignalingErrorMapper	Ljava/lang/String;	DATA_MISSING_IDENTITY	field_1_6735
FIELD	net/minecraft/client/multiplayer/p2p/SignalingErrorMapper	Ljava/lang/String;	DATA_UNKNOWN_PLAYER	field_1_6736
FIELD	net/minecraft/client/multiplayer/p2p/SignalingErrorMapper	Ljava/lang/String;	FIELD_CODE	field_1_6737
FIELD	net/minecraft/client/multiplayer/p2p/SignalingErrorMapper	Ljava/lang/String;	FIELD_MESSAGE	field_1_6738
METHOD	net/minecraft/client/multiplayer/p2p/SignalingErrorMapper	(Ljava/util/UUID;Lnet/minecraft/client/multiplayer/p2p/client/JsonRpcException;)Lnet/minecraft/client/multiplayer/p2p/SignalingException;	fromJsonRpc	method_1_5883
METHOD	net/minecraft/client/multiplayer/p2p/SignalingErrorMapper	(Lcom/google/gson/JsonElement;)Lnet/minecraft/client/multiplayer/p2p/SignalingException;	fromServiceEnvelope	method_1_5884
METHOD	net/minecraft/client/multiplayer/p2p/SignalingErrorMapper	(Lcom/google/gson/JsonObject;)Ljava/lang/String;	serviceEnvelopeMessage	method_1_5885
METHOD	net/minecraft/client/multiplayer/p2p/SignalingErrorMapper	(Lnet/minecraft/client/multiplayer/p2p/client/JsonRpcException;)Ljava/lang/String;	serviceMessage	method_1_5886
CLASS	net/minecraft/client/multiplayer/p2p/client/JsonRpcClient	class_1_977
FIELD	net/minecraft/client/multiplayer/p2p/client/JsonRpcClient	Lorg/slf4j/Logger;	LOGGER	field_1_6739
FIELD	net/minecraft/client/multiplayer/p2p/client/JsonRpcClient	I	MAX_MESSAGE_BYTES	field_1_6740
FIELD	net/minecraft/client/multiplayer/p2p/client/JsonRpcClient	Ljava/util/concurrent/ScheduledExecutorService;	executor	field_1_6741
FIELD	net/minecraft/client/multiplayer/p2p/client/JsonRpcClient	Ljava/lang/StringBuilder;	messageBuffer	field_1_6742
FIELD	net/minecraft/client/multiplayer/p2p/client/JsonRpcClient	Lnet/minecraft/client/multiplayer/p2p/client/JsonRpcClient$MethodHandler;	methodHandler	field_1_6743
FIELD	net/minecraft/client/multiplayer/p2p/client/JsonRpcClient	Ljava/lang/Runnable;	onDisconnect	field_1_6744
FIELD	net/minecraft/client/multiplayer/p2p/client/JsonRpcClient	Ljava/util/Map;	pendingRequests	field_1_6745
FIELD	net/minecraft/client/multiplayer/p2p/client/JsonRpcClient	Ljava/util/concurrent/CompletableFuture;	sendChain	field_1_6746
FIELD	net/minecraft/client/multiplayer/p2p/client/JsonRpcClient	I	transactionId	field_1_6747
FIELD	net/minecraft/client/multiplayer/p2p/client/JsonRpcClient	Ljava/net/http/WebSocket;	webSocket	field_1_6748
METHOD	net/minecraft/client/multiplayer/p2p/client/JsonRpcClient	(Ljava/lang/String;Z)V	appendAndDispatch	method_1_5887
METHOD	net/minecraft/client/multiplayer/p2p/client/JsonRpcClient	()Ljava/util/concurrent/CompletableFuture;	close	method_1_5888
METHOD	net/minecraft/client/multiplayer/p2p/client/JsonRpcClient	(ILcom/google/gson/JsonElement;)V	completePending	method_1_5889
METHOD	net/minecraft/client/multiplayer/p2p/client/JsonRpcClient	(Ljava/lang/String;)V	dispatch	method_1_5890
METHOD	net/minecraft/client/multiplayer/p2p/client/JsonRpcClient	(Lcom/google/gson/JsonElement;Lcom/google/gson/JsonObject;)V	handleErrorResponse	method_1_5891
METHOD	net/minecraft/client/multiplayer/p2p/client/JsonRpcClient	(Lcom/google/gson/JsonElement;Ljava/lang/String;Lcom/google/gson/JsonElement;)V	invokeHandler	method_1_5892
METHOD	net/minecraft/client/multiplayer/p2p/client/JsonRpcClient	(Lcom/google/gson/JsonElement;)Z	isValidResponseId	method_1_5893
METHOD	net/minecraft/client/multiplayer/p2p/client/JsonRpcClient	(Ljava/util/concurrent/CompletableFuture;)V	lambda$close$0	method_1_5894
METHOD	net/minecraft/client/multiplayer/p2p/client/JsonRpcClient	(Ljava/util/concurrent/CompletableFuture;Ljava/net/http/WebSocket;Ljava/lang/Throwable;)V	lambda$close$1	method_1_5895
METHOD	net/minecraft/client/multiplayer/p2p/client/JsonRpcClient	(ILjava/lang/String;)V	lambda$onClose$0	method_1_5896
METHOD	net/minecraft/client/multiplayer/p2p/client/JsonRpcClient	(Ljava/lang/Throwable;)V	lambda$onError$0	method_1_5897
METHOD	net/minecraft/client/multiplayer/p2p/client/JsonRpcClient	(Ljava/net/http/WebSocket;)V	lambda$onOpen$0	method_1_5898
METHOD	net/minecraft/client/multiplayer/p2p/client/JsonRpcClient	(Ljava/lang/String;ZLjava/net/http/WebSocket;)V	lambda$onText$0	method_1_5899
METHOD	net/minecraft/client/multiplayer/p2p/client/JsonRpcClient	(Ljava/net/http/WebSocket;Ljava/lang/String;Ljava/lang/Void;)Ljava/util/concurrent/CompletionStage;	lambda$send$0	method_1_5900
METHOD	net/minecraft/client/multiplayer/p2p/client/JsonRpcClient	(Ljava/net/http/WebSocket;)Ljava/lang/Void;	lambda$send$1	method_1_5901
METHOD	net/minecraft/client/multiplayer/p2p/client/JsonRpcClient	(Ljava/lang/Throwable;)Ljava/lang/Void;	lambda$send$2	method_1_5902
METHOD	net/minecraft/client/multiplayer/p2p/client/JsonRpcClient	(Lnet/minecraft/server/jsonrpc/JsonRPCErrors;Lcom/google/gson/JsonElement;)V	lambda$sendError$0	method_1_5903
METHOD	net/minecraft/client/multiplayer/p2p/client/JsonRpcClient	(Lnet/minecraft/server/jsonrpc/JsonRPCErrors;Lcom/google/gson/JsonElement;Ljava/lang/String;)V	lambda$sendError$1	method_1_5904
METHOD	net/minecraft/client/multiplayer/p2p/client/JsonRpcClient	(Ljava/lang/String;)V	lambda$sendNotification$0	method_1_5905
METHOD	net/minecraft/client/multiplayer/p2p/client/JsonRpcClient	(Ljava/util/concurrent/CompletableFuture;Ljava/lang/String;Ljava/util/List;)V	lambda$sendRequest$0	method_1_5906
METHOD	net/minecraft/client/multiplayer/p2p/client/JsonRpcClient	(Ljava/net/http/WebSocket;Ljava/lang/String;Ljava/lang/Void;)Ljava/util/concurrent/CompletionStage;	lambda$sendRequest$1	method_1_5907
METHOD	net/minecraft/client/multiplayer/p2p/client/JsonRpcClient	(Ljava/net/http/WebSocket;)Ljava/lang/Void;	lambda$sendRequest$2	method_1_5908
METHOD	net/minecraft/client/multiplayer/p2p/client/JsonRpcClient	(ILjava/lang/Throwable;)Ljava/lang/Void;	lambda$sendRequest$3	method_1_5909
METHOD	net/minecraft/client/multiplayer/p2p/client/JsonRpcClient	(ILjava/lang/Throwable;)V	lambda$sendRequest$4	method_1_5910
METHOD	net/minecraft/client/multiplayer/p2p/client/JsonRpcClient	(Lcom/google/gson/JsonElement;Lcom/google/gson/JsonElement;)V	lambda$sendResponse$0	method_1_5911
METHOD	net/minecraft/client/multiplayer/p2p/client/JsonRpcClient	(Ljava/lang/Throwable;Ljava/util/concurrent/CompletableFuture;)V	lambda$teardown$0	method_1_5912
METHOD	net/minecraft/client/multiplayer/p2p/client/JsonRpcClient	(Ljava/lang/String;)V	send	method_1_5913
METHOD	net/minecraft/client/multiplayer/p2p/client/JsonRpcClient	(Lcom/google/gson/JsonElement;Lnet/minecraft/server/jsonrpc/JsonRPCErrors;)V	sendError	method_1_5914
METHOD	net/minecraft/client/multiplayer/p2p/client/JsonRpcClient	(Lcom/google/gson/JsonElement;Lnet/minecraft/server/jsonrpc/JsonRPCErrors;Ljava/lang/String;)V	sendError	method_1_5915
METHOD	net/minecraft/client/multiplayer/p2p/client/JsonRpcClient	(Ljava/lang/String;)V	sendNotification	method_1_5916
METHOD	net/minecraft/client/multiplayer/p2p/client/JsonRpcClient	(Ljava/lang/String;Ljava/util/List;)Ljava/util/concurrent/CompletableFuture;	sendRequest	method_1_5917
METHOD	net/minecraft/client/multiplayer/p2p/client/JsonRpcClient	(Lcom/google/gson/JsonElement;Lcom/google/gson/JsonElement;)V	sendResponse	method_1_5918
METHOD	net/minecraft/client/multiplayer/p2p/client/JsonRpcClient	(Ljava/lang/Throwable;Z)V	teardown	method_1_5919
CLASS	net/minecraft/client/multiplayer/p2p/client/JsonRpcClient$MethodHandler	class_1_978
METHOD	net/minecraft/client/multiplayer/p2p/client/JsonRpcClient$MethodHandler	(Lnet/minecraft/client/multiplayer/p2p/client/JsonRpcClient;Lcom/google/gson/JsonElement;Ljava/lang/String;Lcom/google/gson/JsonElement;)V	onMethod	method_1_5920
FIELD	net/minecraft/client/resources/model/sprite/MaterialBaker	Lorg/slf4j/Logger;	LOGGER	field_1_6749
FIELD	net/minecraft/client/resources/model/sprite/MaterialBaker	Lnet/minecraft/client/resources/model/sprite/Material$Baked;	missingSpriteForceTranslucent	field_1_6750
METHOD	net/minecraft/client/resources/model/sprite/MaterialBaker	(Lnet/minecraft/client/resources/model/sprite/Material;Lnet/minecraft/client/resources/model/ModelDebugName;)Lnet/minecraft/client/resources/model/sprite/Material$Baked;	get	method_1_5921
METHOD	net/minecraft/client/resources/model/sprite/MaterialBaker	(Lnet/minecraft/client/resources/model/sprite/Material;)Lnet/minecraft/client/resources/model/sprite/Material$Baked;	replacementForMissingMaterial	method_1_5922
METHOD	net/minecraft/client/resources/model/sprite/MaterialBaker	(Lnet/minecraft/client/resources/model/sprite/TextureSlots;Ljava/lang/String;Lnet/minecraft/client/resources/model/ModelDebugName;)Lnet/minecraft/client/resources/model/sprite/Material$Baked;	resolveSlot	method_1_5923
FIELD	net/minecraft/network/protocol/game/ClientboundLoginPacket	Z	onlineMode	comp_1_845
CLASS	net/minecraft/client/gui/screens/friends/AbstractFriendsTab	class_1_979
FIELD	net/minecraft/client/gui/screens/friends/AbstractFriendsTab	I	PADDING_SIDES	field_1_6751
FIELD	net/minecraft/client/gui/screens/friends/AbstractFriendsTab	I	SPACING	field_1_6752
FIELD	net/minecraft/client/gui/screens/friends/AbstractFriendsTab	I	height	field_1_6753
FIELD	net/minecraft/client/gui/screens/friends/AbstractFriendsTab	I	width	field_1_6754
METHOD	net/minecraft/client/gui/screens/friends/AbstractFriendsTab	(Lnet/minecraft/client/gui/layouts/LayoutElement;II)Lnet/minecraft/client/gui/layouts/FrameLayout;	createCenteredFrame	method_1_5924
METHOD	net/minecraft/client/gui/screens/friends/AbstractFriendsTab	()V	disable	method_1_5925
METHOD	net/minecraft/client/gui/screens/friends/AbstractFriendsTab	()Lnet/minecraft/client/gui/layouts/Layout;	entriesContainer	method_1_5926
METHOD	net/minecraft/client/gui/screens/friends/AbstractFriendsTab	(Lnet/minecraft/client/gui/components/AbstractWidget;)V	lambda$disable$0	method_1_5927
METHOD	net/minecraft/client/gui/screens/friends/AbstractFriendsTab	()V	rearrangeElements	method_1_5928
METHOD	net/minecraft/client/gui/screens/friends/AbstractFriendsTab	(I)V	setHeight	method_1_5929
FIELD	net/minecraft/client/gui/screens/social/PlayerSocialManager	Lnet/minecraft/network/chat/Component;	FRIEND_ACTION_FAILED_MESSAGE	field_1_6755
FIELD	net/minecraft/client/gui/screens/social/PlayerSocialManager	Lnet/minecraft/network/chat/Component;	FRIEND_ACTION_FORBIDDEN_MESSAGE	field_1_6756
FIELD	net/minecraft/client/gui/screens/social/PlayerSocialManager	Lnet/minecraft/network/chat/Component;	FRIEND_ACTION_RATE_LIMITED_MESSAGE	field_1_6757
FIELD	net/minecraft/client/gui/screens/social/PlayerSocialManager	Lnet/minecraft/network/chat/Component;	FRIEND_ACTION_UNAVAILABLE_MESSAGE	field_1_6758
FIELD	net/minecraft/client/gui/screens/social/PlayerSocialManager	Lnet/minecraft/network/chat/Component;	FRIEND_ACTION_UNKNOWN_PROFILE	field_1_6759
FIELD	net/minecraft/client/gui/screens/social/PlayerSocialManager	Z	allowFriendRequests	field_1_6760
FIELD	net/minecraft/client/gui/screens/social/PlayerSocialManager	Z	friendListEnabled	field_1_6761
FIELD	net/minecraft/client/gui/screens/social/PlayerSocialManager	Lcom/mojang/authlib/yggdrasil/FriendsService;	friendsService	field_1_6762
FIELD	net/minecraft/client/gui/screens/social/PlayerSocialManager	Lnet/minecraft/client/gui/screens/social/PresenceHandler;	presenceHandler	field_1_6763
FIELD	net/minecraft/client/gui/screens/social/PlayerSocialManager	Lnet/minecraft/client/gui/screens/social/RemoteFriendListUpdateHandler;	remoteFriendListUpdateHandler	field_1_6764
METHOD	net/minecraft/client/gui/screens/social/PlayerSocialManager	(Ljava/util/UUID;)Ljava/util/concurrent/CompletableFuture;	acceptIncomingFriendRequest	method_1_5930
METHOD	net/minecraft/client/gui/screens/social/PlayerSocialManager	(Ljava/lang/Runnable;)V	addFriendListUpdateListener	method_1_5931
METHOD	net/minecraft/client/gui/screens/social/PlayerSocialManager	(Ljava/util/UUID;)Ljava/util/concurrent/CompletableFuture;	declineIncomingFriendRequest	method_1_5932
METHOD	net/minecraft/client/gui/screens/social/PlayerSocialManager	()Lnet/minecraft/client/gui/screens/social/RemoteFriendListUpdateHandler$State;	getFriendListState	method_1_5933
METHOD	net/minecraft/client/gui/screens/social/PlayerSocialManager	()Ljava/util/List;	getFriends	method_1_5934
METHOD	net/minecraft/client/gui/screens/social/PlayerSocialManager	()Ljava/util/List;	getIncomingRequests	method_1_5935
METHOD	net/minecraft/client/gui/screens/social/PlayerSocialManager	()Ljava/util/List;	getOutgoingRequests	method_1_5936
METHOD	net/minecraft/client/gui/screens/social/PlayerSocialManager	()Lnet/minecraft/client/gui/screens/social/PresenceHandler;	getPresenceHandler	method_1_5937
METHOD	net/minecraft/client/gui/screens/social/PlayerSocialManager	(Lcom/mojang/authlib/yggdrasil/FriendsService$ResultCode;)V	handleResult	method_1_5938
METHOD	net/minecraft/client/gui/screens/social/PlayerSocialManager	()Z	isAllowFriendRequests	method_1_5939
METHOD	net/minecraft/client/gui/screens/social/PlayerSocialManager	(Ljava/util/UUID;)Z	isFriend	method_1_5940
METHOD	net/minecraft/client/gui/screens/social/PlayerSocialManager	()Z	isFriendListEnabled	method_1_5941
METHOD	net/minecraft/client/gui/screens/social/PlayerSocialManager	(Ljava/util/UUID;)Z	isFriendsPmid	method_1_5942
METHOD	net/minecraft/client/gui/screens/social/PlayerSocialManager	(Ljava/util/UUID;)Lcom/mojang/authlib/yggdrasil/FriendsService$ResultCode;	lambda$acceptIncomingFriendRequest$0	method_1_5943
METHOD	net/minecraft/client/gui/screens/social/PlayerSocialManager	(Ljava/util/UUID;)Lcom/mojang/authlib/yggdrasil/FriendsService$ResultCode;	lambda$declineIncomingFriendRequest$0	method_1_5944
METHOD	net/minecraft/client/gui/screens/social/PlayerSocialManager	(Ljava/util/UUID;Lnet/minecraft/client/gui/screens/social/PlayerSocialManager$PlayerData;)Z	lambda$isFriendsPmid$0	method_1_5945
METHOD	net/minecraft/client/gui/screens/social/PlayerSocialManager	(Lcom/mojang/authlib/yggdrasil/response/FriendDto;)Lnet/minecraft/client/gui/screens/social/PlayerSocialManager$PlayerData;	lambda$remap$0	method_1_5946
METHOD	net/minecraft/client/gui/screens/social/PlayerSocialManager	(Ljava/util/UUID;)Lcom/mojang/authlib/yggdrasil/FriendsService$ResultCode;	lambda$removeFriend$0	method_1_5947
METHOD	net/minecraft/client/gui/screens/social/PlayerSocialManager	(Ljava/util/UUID;)Lcom/mojang/authlib/yggdrasil/FriendsService$ResultCode;	lambda$revokeOutgoingFriendRequest$0	method_1_5948
METHOD	net/minecraft/client/gui/screens/social/PlayerSocialManager	(Ljava/util/function/Supplier;)Lcom/mojang/authlib/yggdrasil/FriendsService$ResultCode;	lambda$runAction$0	method_1_5949
METHOD	net/minecraft/client/gui/screens/social/PlayerSocialManager	(Lcom/mojang/authlib/yggdrasil/FriendsService$ResultCode;)Ljava/util/concurrent/CompletionStage;	lambda$runAction$1	method_1_5950
METHOD	net/minecraft/client/gui/screens/social/PlayerSocialManager	(Lcom/mojang/authlib/yggdrasil/FriendsService$ResultCode;Ljava/lang/Void;)Lcom/mojang/authlib/yggdrasil/FriendsService$ResultCode;	lambda$runAction$2	method_1_5951
METHOD	net/minecraft/client/gui/screens/social/PlayerSocialManager	(Ljava/lang/String;)Lcom/mojang/authlib/yggdrasil/FriendsService$ResultCode;	lambda$sendFriendRequest$0	method_1_5952
METHOD	net/minecraft/client/gui/screens/social/PlayerSocialManager	(Lnet/minecraft/network/chat/Component;)V	lambda$showFailureToast$0	method_1_5953
METHOD	net/minecraft/client/gui/screens/social/PlayerSocialManager	(ZZ)Lcom/mojang/authlib/yggdrasil/FriendsService$ResultCode;	lambda$updateFriendSettings$0	method_1_5954
METHOD	net/minecraft/client/gui/screens/social/PlayerSocialManager	(Ljava/util/List;)Ljava/util/List;	remap	method_1_5955
METHOD	net/minecraft/client/gui/screens/social/PlayerSocialManager	(Ljava/util/UUID;)Ljava/util/concurrent/CompletableFuture;	removeFriend	method_1_5956
METHOD	net/minecraft/client/gui/screens/social/PlayerSocialManager	(Ljava/lang/Runnable;)V	removeFriendListUpdateListener	method_1_5957
METHOD	net/minecraft/client/gui/screens/social/PlayerSocialManager	(Ljava/util/UUID;)Ljava/util/concurrent/CompletableFuture;	revokeOutgoingFriendRequest	method_1_5958
METHOD	net/minecraft/client/gui/screens/social/PlayerSocialManager	(Ljava/util/function/Supplier;)Ljava/util/concurrent/CompletableFuture;	runAction	method_1_5959
METHOD	net/minecraft/client/gui/screens/social/PlayerSocialManager	(Ljava/lang/String;)Ljava/util/concurrent/CompletableFuture;	sendFriendRequest	method_1_5960
METHOD	net/minecraft/client/gui/screens/social/PlayerSocialManager	(Z)V	setAllowFriendRequests	method_1_5961
METHOD	net/minecraft/client/gui/screens/social/PlayerSocialManager	(Z)V	setFriendListEnabled	method_1_5962
METHOD	net/minecraft/client/gui/screens/social/PlayerSocialManager	(Lcom/mojang/authlib/yggdrasil/FriendsService$ResultCode;)V	showFailureToast	method_1_5963
METHOD	net/minecraft/client/gui/screens/social/PlayerSocialManager	(ZZ)Ljava/util/concurrent/CompletableFuture;	updateFriendSettings	method_1_5964
FIELD	net/minecraft/client/gui/screens/social/PlayerSocialManager$1	[I	$SwitchMap$com$mojang$authlib$yggdrasil$FriendsService$ResultCode	field_1_6765
CLASS	net/minecraft/client/gui/screens/social/PlayerSocialManager$PlayerData	class_1_980
FIELD	net/minecraft/client/gui/screens/social/PlayerSocialManager$PlayerData	Ljava/util/UUID;	id	comp_1_846
FIELD	net/minecraft/client/gui/screens/social/PlayerSocialManager$PlayerData	Ljava/lang/String;	name	comp_1_847
CLASS	com/mojang/blaze3d/vulkan/checkpoints/AmdCheckpointExtension	class_1_981
FIELD	com/mojang/blaze3d/vulkan/checkpoints/AmdCheckpointExtension	[J	STAGES	field_1_6766
FIELD	com/mojang/blaze3d/vulkan/checkpoints/AmdCheckpointExtension	Ljava/util/List;	storages	field_1_6767
CLASS	com/mojang/blaze3d/vulkan/checkpoints/AmdCheckpointExtension$AmdCheckpointStorage	class_1_982
FIELD	com/mojang/blaze3d/vulkan/checkpoints/AmdCheckpointExtension$AmdCheckpointStorage	Lcom/mojang/blaze3d/vulkan/VulkanGpuBuffer;	buffer	field_1_6768
FIELD	com/mojang/blaze3d/vulkan/checkpoints/AmdCheckpointExtension$AmdCheckpointStorage	Lcom/mojang/blaze3d/buffers/GpuBufferSlice$MappedView;	mappedView	field_1_6769
METHOD	com/mojang/blaze3d/vulkan/checkpoints/AmdCheckpointExtension$AmdCheckpointStorage	()Ljava/lang/String;	lambda$new$0	method_1_5965
METHOD	com/mojang/blaze3d/vulkan/checkpoints/AmdCheckpointExtension$AmdCheckpointStorage	()Lcom/mojang/blaze3d/vulkan/checkpoints/CheckpointExtension$QueueCheckpoints;	retrieveCheckpoints	method_1_5966
FIELD	net/minecraft/client/gui/screens/options/OnlineOptionsScreen	Lnet/minecraft/network/chat/Component;	ALLOW_FRIEND_REQUESTS_LABEL	field_1_6770
FIELD	net/minecraft/client/gui/screens/options/OnlineOptionsScreen	Lnet/minecraft/client/gui/components/Tooltip;	ALLOW_FRIEND_REQUESTS_TOOLTIP	field_1_6771
FIELD	net/minecraft/client/gui/screens/options/OnlineOptionsScreen	Lnet/minecraft/network/chat/Component;	FRIENDS_CONFIRM_MESSAGE	field_1_6772
FIELD	net/minecraft/client/gui/screens/options/OnlineOptionsScreen	Lnet/minecraft/network/chat/Component;	FRIENDS_CONFIRM_TITLE	field_1_6773
FIELD	net/minecraft/client/gui/screens/options/OnlineOptionsScreen	Lnet/minecraft/network/chat/Component;	FRIENDS_CONFIRM_TURN_OFF	field_1_6774
FIELD	net/minecraft/client/gui/screens/options/OnlineOptionsScreen	Lnet/minecraft/network/chat/Component;	FRIENDS_CONFIRM_TURN_ON	field_1_6775
FIELD	net/minecraft/client/gui/screens/options/OnlineOptionsScreen	Lnet/minecraft/network/chat/Component;	FRIENDS_HEADER	field_1_6776
FIELD	net/minecraft/client/gui/screens/options/OnlineOptionsScreen	Lnet/minecraft/network/chat/Component;	FRIENDS_LIST_LABEL	field_1_6777
FIELD	net/minecraft/client/gui/screens/options/OnlineOptionsScreen	Lnet/minecraft/network/chat/Component;	IN_GAME_NOTIFICATIONS_LABEL	field_1_6778
FIELD	net/minecraft/client/gui/screens/options/OnlineOptionsScreen	Lnet/minecraft/client/gui/components/Tooltip;	IN_GAME_NOTIFICATIONS_TOOLTIP	field_1_6779
FIELD	net/minecraft/client/gui/screens/options/OnlineOptionsScreen	Lnet/minecraft/network/chat/Component;	REALMS_HEADER	field_1_6780
FIELD	net/minecraft/client/gui/screens/options/OnlineOptionsScreen	Lnet/minecraft/network/chat/Component;	XBOX_SETTINGS	field_1_6781
FIELD	net/minecraft/client/gui/screens/options/OnlineOptionsScreen	Lnet/minecraft/client/gui/components/CycleButton;	allowFriendRequestsButton	field_1_6782
FIELD	net/minecraft/client/gui/screens/options/OnlineOptionsScreen	Lnet/minecraft/client/gui/components/CycleButton;	friendsListButton	field_1_6783
FIELD	net/minecraft/client/gui/screens/options/OnlineOptionsScreen	Lnet/minecraft/client/gui/components/CycleButton;	inGameNotificationButton	field_1_6784
METHOD	net/minecraft/client/gui/screens/options/OnlineOptionsScreen	(Lnet/minecraft/client/Minecraft;ZZLjava/util/function/Consumer;)V	applyFriendSettings	method_1_5967
METHOD	net/minecraft/client/gui/screens/options/OnlineOptionsScreen	(Lnet/minecraft/client/Minecraft;Ljava/lang/Runnable;Lnet/minecraft/client/gui/screens/Screen;)V	confirmFriendsListEnabled	method_1_5968
METHOD	net/minecraft/client/gui/screens/options/OnlineOptionsScreen	(Lnet/minecraft/client/multiplayer/ClientLevel;)Lnet/minecraft/client/OptionInstance;	lambda$addOptions$0	method_1_5969
METHOD	net/minecraft/client/gui/screens/options/OnlineOptionsScreen	(Lnet/minecraft/world/Difficulty;Lnet/minecraft/network/chat/Component;Lcom/mojang/datafixers/util/Unit;)Lnet/minecraft/network/chat/Component;	lambda$addOptions$1	method_1_5970
METHOD	net/minecraft/client/gui/screens/options/OnlineOptionsScreen	(Lnet/minecraft/client/gui/screens/social/PlayerSocialManager;Lnet/minecraft/client/OptionInstance;Lnet/minecraft/client/gui/components/CycleButton;Ljava/lang/Boolean;)V	lambda$addOptions$2	method_1_5971
METHOD	net/minecraft/client/gui/screens/options/OnlineOptionsScreen	(Ljava/lang/Boolean;)Lnet/minecraft/client/gui/components/Tooltip;	lambda$addOptions$3	method_1_5972
METHOD	net/minecraft/client/gui/screens/options/OnlineOptionsScreen	(Lnet/minecraft/client/gui/screens/social/PlayerSocialManager;Lnet/minecraft/client/gui/components/CycleButton;Ljava/lang/Boolean;)V	lambda$addOptions$4	method_1_5973
METHOD	net/minecraft/client/gui/screens/options/OnlineOptionsScreen	(Ljava/lang/Boolean;)V	lambda$addOptions$5	method_1_5974
METHOD	net/minecraft/client/gui/screens/options/OnlineOptionsScreen	(Ljava/lang/Boolean;)Lnet/minecraft/client/gui/components/Tooltip;	lambda$addOptions$6	method_1_5975
METHOD	net/minecraft/client/gui/screens/options/OnlineOptionsScreen	(Lnet/minecraft/client/OptionInstance;Lnet/minecraft/client/gui/components/CycleButton;Ljava/lang/Boolean;)V	lambda$addOptions$7	method_1_5976
METHOD	net/minecraft/client/gui/screens/options/OnlineOptionsScreen	(Lnet/minecraft/client/gui/components/Button;)V	lambda$addOptions$8	method_1_5977
METHOD	net/minecraft/client/gui/screens/options/OnlineOptionsScreen	(Lnet/minecraft/client/gui/screens/social/PlayerSocialManager;ZZLjava/util/function/Consumer;Lcom/mojang/authlib/yggdrasil/FriendsService$ResultCode;Ljava/lang/Throwable;)V	lambda$applyFriendSettings$0	method_1_5978
METHOD	net/minecraft/client/gui/screens/options/OnlineOptionsScreen	(Lnet/minecraft/client/Minecraft;Lnet/minecraft/client/gui/screens/social/PlayerSocialManager;Ljava/lang/Runnable;Lnet/minecraft/client/gui/screens/Screen;Z)V	lambda$confirmFriendsListEnabled$0	method_1_5979
METHOD	net/minecraft/client/gui/screens/options/OnlineOptionsScreen	(Ljava/lang/Runnable;Ljava/lang/Boolean;)V	lambda$confirmFriendsListEnabled$1	method_1_5980
METHOD	net/minecraft/client/gui/screens/options/OnlineOptionsScreen	(Lnet/minecraft/client/gui/screens/social/PlayerSocialManager;Z)V	lambda$onFriendsListToggled$0	method_1_5981
METHOD	net/minecraft/client/gui/screens/options/OnlineOptionsScreen	(Ljava/lang/Boolean;)V	lambda$onFriendsListToggled$1	method_1_5982
METHOD	net/minecraft/client/gui/screens/options/OnlineOptionsScreen	(Lnet/minecraft/client/gui/screens/social/PlayerSocialManager;ZZLjava/lang/Boolean;)V	lambda$onFriendsListToggled$2	method_1_5983
METHOD	net/minecraft/client/gui/screens/options/OnlineOptionsScreen	(Ljava/lang/Boolean;Lnet/minecraft/client/gui/screens/social/PlayerSocialManager;Lnet/minecraft/client/OptionInstance;)V	onFriendsListToggled	method_1_5984
METHOD	net/minecraft/client/gui/screens/options/OnlineOptionsScreen	()V	updateFriendListDependentButtons	method_1_5985
FIELD	net/minecraft/client/gui/screens/options/VideoSettingsScreen	Lnet/minecraft/network/chat/Component;	RESTART_REQUIRED	field_1_6785
CLASS	net/minecraft/client/multiplayer/p2p/client/JsonRpcException	class_1_983
FIELD	net/minecraft/client/multiplayer/p2p/client/JsonRpcException	I	code	field_1_6786
FIELD	net/minecraft/client/multiplayer/p2p/client/JsonRpcException	Lcom/google/gson/JsonElement;	data	field_1_6787
FIELD	net/minecraft/client/multiplayer/p2p/client/JsonRpcException	Ljava/lang/String;	serverMessage	field_1_6788
METHOD	net/minecraft/client/multiplayer/p2p/client/JsonRpcException	()I	code	method_1_5986
METHOD	net/minecraft/client/multiplayer/p2p/client/JsonRpcException	()Lcom/google/gson/JsonElement;	data	method_1_5987
METHOD	net/minecraft/client/multiplayer/p2p/client/JsonRpcException	()Ljava/lang/String;	dataCode	method_1_5988
METHOD	net/minecraft/client/multiplayer/p2p/client/JsonRpcException	()Ljava/lang/String;	serverMessage	method_1_5989
METHOD	net/minecraft/util/datafix/fixes/EntityRidingToPassengersFix	(Lcom/mojang/datafixers/util/Pair;Ljava/lang/Object;Lcom/mojang/serialization/DynamicOps;Lcom/mojang/datafixers/types/Type;Lcom/mojang/datafixers/OpticFinder;)Lcom/mojang/datafixers/util/Pair;	addPassengerToTop	method_1_5990
METHOD	net/minecraft/util/datafix/fixes/EntityRidingToPassengersFix	(Lcom/mojang/datafixers/OpticFinder;Lcom/mojang/datafixers/Typed;)Ljava/util/Optional;	lambda$cap$2	method_1_5991
METHOD	net/minecraft/util/datafix/fixes/EntityRidingToPassengersFix	(Ljava/lang/Object;Lcom/mojang/serialization/DynamicOps;Lcom/mojang/datafixers/types/Type;Lcom/mojang/datafixers/OpticFinder;)Ljava/lang/Object;	unwrapRecursiveValue	method_1_5992
METHOD	net/minecraft/util/datafix/fixes/EntityRidingToPassengersFix	(Ljava/lang/Object;Lcom/mojang/serialization/DynamicOps;Lcom/mojang/datafixers/types/Type;Lcom/mojang/datafixers/OpticFinder;)Ljava/lang/Object;	wrapRecursiveValue	method_1_5993
CLASS	com/mojang/blaze3d/vulkan/checkpoints/NoopCheckpointExtension	class_1_984
FIELD	com/mojang/blaze3d/vulkan/checkpoints/NoopCheckpointExtension	Lcom/mojang/blaze3d/vulkan/checkpoints/NoopCheckpointExtension;	INSTANCE	field_1_6789
CLASS	com/mojang/blaze3d/vulkan/checkpoints/NoopCheckpointExtension$NoopCheckpointStorage	class_1_985
FIELD	com/mojang/blaze3d/vulkan/checkpoints/NoopCheckpointExtension$NoopCheckpointStorage	Lcom/mojang/blaze3d/vulkan/checkpoints/NoopCheckpointExtension$NoopCheckpointStorage;	INSTANCE	field_1_6790
CLASS	net/minecraft/client/gui/screens/friends/FriendsOverlayScreen	class_1_986
FIELD	net/minecraft/client/gui/screens/friends/FriendsOverlayScreen	Lnet/minecraft/resources/Identifier;	BACKGROUND_SPRITE	field_1_6791
FIELD	net/minecraft/client/gui/screens/friends/FriendsOverlayScreen	I	BG_BORDER_WIDTH	field_1_6792
FIELD	net/minecraft/client/gui/screens/friends/FriendsOverlayScreen	Lnet/minecraft/network/chat/Component;	ERROR_CONNECTION_ISSUE	field_1_6793
FIELD	net/minecraft/client/gui/screens/friends/FriendsOverlayScreen	Lnet/minecraft/network/chat/Component;	ERROR_GENERIC	field_1_6794
FIELD	net/minecraft/client/gui/screens/friends/FriendsOverlayScreen	Lnet/minecraft/network/chat/Component;	ERROR_TEMPORARY_UNAVAILABLE	field_1_6795
FIELD	net/minecraft/client/gui/screens/friends/FriendsOverlayScreen	Lnet/minecraft/network/chat/Component;	ERROR_TOAST_GENERIC	field_1_6796
FIELD	net/minecraft/client/gui/screens/friends/FriendsOverlayScreen	Lnet/minecraft/network/chat/Component;	ERROR_UPGRADE_NEEDED	field_1_6797
FIELD	net/minecraft/client/gui/screens/friends/FriendsOverlayScreen	Lnet/minecraft/network/chat/Component;	ERROR_USER_MAY_LACK_ACTIVE_PROFILE	field_1_6798
FIELD	net/minecraft/client/gui/screens/friends/FriendsOverlayScreen	Lnet/minecraft/network/chat/Component;	LOADING_FRIENDS	field_1_6799
FIELD	net/minecraft/client/gui/screens/friends/FriendsOverlayScreen	Lnet/minecraft/network/chat/Component;	LOADING_REQUESTS	field_1_6800
FIELD	net/minecraft/client/gui/screens/friends/FriendsOverlayScreen	Lorg/slf4j/Logger;	LOGGER	field_1_6801
FIELD	net/minecraft/client/gui/screens/friends/FriendsOverlayScreen	I	OVERLAY_WIDTH	field_1_6802
FIELD	net/minecraft/client/gui/screens/friends/FriendsOverlayScreen	I	TAB_BUTTON_HEIGHT	field_1_6803
FIELD	net/minecraft/client/gui/screens/friends/FriendsOverlayScreen	I	TAB_BUTTON_WIDTH	field_1_6804
FIELD	net/minecraft/client/gui/screens/friends/FriendsOverlayScreen	Lnet/minecraft/network/chat/Component;	TITLE	field_1_6805
FIELD	net/minecraft/client/gui/screens/friends/FriendsOverlayScreen	Lnet/minecraft/client/gui/screens/Screen;	backgroundScreen	field_1_6806
FIELD	net/minecraft/client/gui/screens/friends/FriendsOverlayScreen	Lnet/minecraft/client/gui/layouts/LinearLayout;	contentLayout	field_1_6807
FIELD	net/minecraft/client/gui/screens/friends/FriendsOverlayScreen	Ljava/lang/Runnable;	friendListUpdateListener	field_1_6808
FIELD	net/minecraft/client/gui/screens/friends/FriendsOverlayScreen	Lnet/minecraft/client/gui/screens/friends/FriendsTab;	friendsTab	field_1_6809
FIELD	net/minecraft/client/gui/screens/friends/FriendsOverlayScreen	Lnet/minecraft/client/gui/layouts/LinearLayout;	layout	field_1_6810
FIELD	net/minecraft/client/gui/screens/friends/FriendsOverlayScreen	Z	openingP2PConnectScreen	field_1_6811
FIELD	net/minecraft/client/gui/screens/friends/FriendsOverlayScreen	Ljava/lang/Runnable;	p2pJoinStateListener	field_1_6812
FIELD	net/minecraft/client/gui/screens/friends/FriendsOverlayScreen	Ljava/util/Set;	pendingFriendRemovals	field_1_6813
FIELD	net/minecraft/client/gui/screens/friends/FriendsOverlayScreen	Lnet/minecraft/client/gui/screens/friends/FriendsOverlayTabButton;	pendingTabButton	field_1_6814
FIELD	net/minecraft/client/gui/screens/friends/FriendsOverlayScreen	Lnet/minecraft/client/gui/screens/friends/PendingTab;	pendingTab	field_1_6815
FIELD	net/minecraft/client/gui/screens/friends/FriendsOverlayScreen	Lnet/minecraft/client/gui/components/tabs/TabManager;	tabManager	field_1_6816
FIELD	net/minecraft/client/gui/screens/friends/FriendsOverlayScreen	Lnet/minecraft/client/gui/components/tabs/TabNavigationBar;	tabNavigationBar	field_1_6817
METHOD	net/minecraft/client/gui/screens/friends/FriendsOverlayScreen	(Lnet/minecraft/client/gui/components/tabs/Tab;)V	deselectTab	method_1_5994
METHOD	net/minecraft/client/gui/screens/friends/FriendsOverlayScreen	()I	getOverlayWidth	method_1_5995
METHOD	net/minecraft/client/gui/screens/friends/FriendsOverlayScreen	(Lnet/minecraft/client/gui/screens/friends/FriendsOverlayScreen;Lnet/minecraft/client/gui/components/AbstractWidget;)V	lambda$init$0	method_1_5996
METHOD	net/minecraft/client/gui/screens/friends/FriendsOverlayScreen	(Lnet/minecraft/client/gui/screens/friends/FriendsOverlayScreen;Lnet/minecraft/client/gui/components/AbstractWidget;)V	lambda$new$0	method_1_5997
METHOD	net/minecraft/client/gui/screens/friends/FriendsOverlayScreen	(Lnet/minecraft/client/gui/screens/friends/FriendsOverlayScreen;Lnet/minecraft/client/gui/components/AbstractWidget;)V	lambda$new$1	method_1_5998
METHOD	net/minecraft/client/gui/screens/friends/FriendsOverlayScreen	()V	lambda$onActionFailed$0	method_1_5999
METHOD	net/minecraft/client/gui/screens/friends/FriendsOverlayScreen	(Ljava/util/UUID;)V	lambda$populateLists$0	method_1_6000
METHOD	net/minecraft/client/gui/screens/friends/FriendsOverlayScreen	(Ljava/util/UUID;Lcom/mojang/authlib/yggdrasil/FriendsService$ResultCode;Ljava/lang/Throwable;)V	lambda$populateLists$1	method_1_6001
METHOD	net/minecraft/client/gui/screens/friends/FriendsOverlayScreen	(Lcom/mojang/authlib/yggdrasil/FriendsService$ResultCode;)V	lambda$populateLists$2	method_1_6002
METHOD	net/minecraft/client/gui/screens/friends/FriendsOverlayScreen	(Lnet/minecraft/client/gui/screens/social/PlayerSocialManager$PlayerData;)V	lambda$populateLists$3	method_1_6003
METHOD	net/minecraft/client/gui/screens/friends/FriendsOverlayScreen	(Lcom/mojang/authlib/yggdrasil/FriendsService$ResultCode;)V	lambda$populateLists$4	method_1_6004
METHOD	net/minecraft/client/gui/screens/friends/FriendsOverlayScreen	(Lnet/minecraft/client/gui/screens/social/PlayerSocialManager$PlayerData;)V	lambda$populateLists$5	method_1_6005
METHOD	net/minecraft/client/gui/screens/friends/FriendsOverlayScreen	(Lnet/minecraft/client/gui/screens/social/PlayerSocialManager$PlayerData;)V	lambda$populateLists$6	method_1_6006
METHOD	net/minecraft/client/gui/screens/friends/FriendsOverlayScreen	(Ljava/lang/Throwable;)Ljava/lang/Void;	onActionFailed	method_1_6007
METHOD	net/minecraft/client/gui/screens/friends/FriendsOverlayScreen	()V	onFriendListUpdate	method_1_6008
METHOD	net/minecraft/client/gui/screens/friends/FriendsOverlayScreen	()V	onP2PJoinStateChanged	method_1_6009
METHOD	net/minecraft/client/gui/screens/friends/FriendsOverlayScreen	(Lnet/minecraft/client/gui/screens/social/PlayerSocialManager;)V	populateLists	method_1_6010
METHOD	net/minecraft/client/gui/screens/friends/FriendsOverlayScreen	()V	refreshLists	method_1_6011
METHOD	net/minecraft/client/gui/screens/friends/FriendsOverlayScreen	(Lnet/minecraft/client/gui/components/tabs/Tab;)V	selectTab	method_1_6012
METHOD	net/minecraft/client/gui/screens/friends/FriendsOverlayScreen	(Lnet/minecraft/network/chat/Component;)V	showError	method_1_6013
METHOD	net/minecraft/client/gui/screens/friends/FriendsOverlayScreen	()V	startFriendAction	method_1_6014
METHOD	net/minecraft/client/gui/screens/friends/FriendsOverlayScreen	()Z	tryOpenP2PConnectScreenForAcceptedJoin	method_1_6015
FIELD	net/minecraft/client/gui/screens/friends/FriendsOverlayScreen$1	[I	$SwitchMap$net$minecraft$client$gui$screens$social$RemoteFriendListUpdateHandler$State	field_1_6818
FIELD	net/minecraft/world/level/block/entity/PotentSulfurBlockEntity	J	GEYSER_SALT	field_1_6819
FIELD	net/minecraft/world/level/block/entity/PotentSulfurBlockEntity	I	SOUND_FREQUENCY_TICKS	field_1_6820
METHOD	net/minecraft/world/level/block/entity/PotentSulfurBlockEntity	(Lnet/minecraft/world/level/Level;Lnet/minecraft/core/BlockPos;I)I	getUnobstructedBlockCount	method_1_6016
METHOD	net/minecraft/world/level/block/entity/PotentSulfurBlockEntity	(Lnet/minecraft/server/level/ServerLevel;Lnet/minecraft/core/BlockPos;)Lnet/minecraft/util/RandomSource;	geyserPositional	method_1_6017
METHOD	net/minecraft/world/level/block/entity/PotentSulfurBlockEntity	(Lnet/minecraft/world/level/block/state/BlockState;Lnet/minecraft/world/level/Level;Lnet/minecraft/core/BlockPos;Lnet/minecraft/world/phys/shapes/CollisionContext;)Z	isGeyserPassableBlock	method_1_6018
METHOD	net/minecraft/world/level/block/entity/PotentSulfurBlockEntity	(Ljava/lang/Integer;)V	lambda$loadAdditional$0	method_1_6019
METHOD	net/minecraft/world/level/block/entity/PotentSulfurBlockEntity	(Lnet/minecraft/sounds/SoundEvent;)Lnet/minecraft/world/level/block/entity/BlockEntityTicker;	lambda$static$2	method_1_6020
METHOD	net/minecraft/world/level/block/entity/PotentSulfurBlockEntity	(Lnet/minecraft/sounds/SoundEvent;Lnet/minecraft/world/level/Level;Lnet/minecraft/core/BlockPos;Lnet/minecraft/world/level/block/state/BlockState;Lnet/minecraft/world/level/block/entity/PotentSulfurBlockEntity;)V	lambda$static$3	method_1_6021
CLASS	com/mojang/blaze3d/vulkan/checkpoints/AbstractCheckpointStorage	class_1_987
FIELD	com/mojang/blaze3d/vulkan/checkpoints/AbstractCheckpointStorage	[Lcom/mojang/blaze3d/vulkan/checkpoints/AbstractCheckpointStorage$Frame;	checkpointsByFrame	field_1_6821
FIELD	com/mojang/blaze3d/vulkan/checkpoints/AbstractCheckpointStorage	I	frame	field_1_6822
FIELD	com/mojang/blaze3d/vulkan/checkpoints/AbstractCheckpointStorage	I	maxFramesInFlight	field_1_6823
FIELD	com/mojang/blaze3d/vulkan/checkpoints/AbstractCheckpointStorage	I	nextCheckpointId	field_1_6824
FIELD	com/mojang/blaze3d/vulkan/checkpoints/AbstractCheckpointStorage	Lorg/lwjgl/vulkan/VkQueue;	queue	field_1_6825
METHOD	com/mojang/blaze3d/vulkan/checkpoints/AbstractCheckpointStorage	(I)Lcom/mojang/blaze3d/vulkan/checkpoints/AbstractCheckpointStorage$Checkpoint;	findCheckpoint	method_1_6022
METHOD	com/mojang/blaze3d/vulkan/checkpoints/AbstractCheckpointStorage	(Lorg/lwjgl/vulkan/VkCommandBuffer;I)V	recordCheckpoint	method_1_6023
CLASS	com/mojang/blaze3d/vulkan/checkpoints/AbstractCheckpointStorage$Checkpoint	class_1_988
FIELD	com/mojang/blaze3d/vulkan/checkpoints/AbstractCheckpointStorage$Checkpoint	I	id	comp_1_848
FIELD	com/mojang/blaze3d/vulkan/checkpoints/AbstractCheckpointStorage$Checkpoint	Ljava/lang/String;	label	comp_1_849
FIELD	com/mojang/blaze3d/vulkan/checkpoints/AbstractCheckpointStorage$Checkpoint	Lcom/mojang/blaze3d/vulkan/checkpoints/CheckpointExtension$CheckpointType;	type	comp_1_850
CLASS	com/mojang/blaze3d/vulkan/checkpoints/AbstractCheckpointStorage$Frame	class_1_989
FIELD	com/mojang/blaze3d/vulkan/checkpoints/AbstractCheckpointStorage$Frame	Ljava/util/List;	checkpoints	comp_1_851
CLASS	com/mojang/blaze3d/vulkan/checkpoints/NvidiaCheckpointExtension	class_1_990
FIELD	com/mojang/blaze3d/vulkan/checkpoints/NvidiaCheckpointExtension	Ljava/util/List;	storages	field_1_6826
CLASS	com/mojang/blaze3d/vulkan/checkpoints/NvidiaCheckpointExtension$NvidiaCheckpointStorage	class_1_991
METHOD	com/mojang/blaze3d/vulkan/checkpoints/NvidiaCheckpointExtension$NvidiaCheckpointStorage	()Lcom/mojang/blaze3d/vulkan/checkpoints/CheckpointExtension$QueueCheckpoints;	retrieveCheckpoints	method_1_6024
CLASS	net/minecraft/client/gui/screens/friends/FriendsOverlayTabButton	class_1_992
FIELD	net/minecraft/client/gui/screens/friends/FriendsOverlayTabButton	I	SELECTED_OFFSET	field_1_6827
FIELD	net/minecraft/client/gui/screens/friends/FriendsOverlayTabButton	I	TEXT_MARGIN	field_1_6828
FIELD	net/minecraft/client/gui/screens/friends/FriendsOverlayTabButton	I	UNDERLINE_HEIGHT	field_1_6829
FIELD	net/minecraft/client/gui/screens/friends/FriendsOverlayTabButton	I	UNDERLINE_MARGIN_BOTTOM	field_1_6830
FIELD	net/minecraft/client/gui/screens/friends/FriendsOverlayTabButton	I	UNDERLINE_MARGIN_X	field_1_6831
FIELD	net/minecraft/client/gui/screens/friends/FriendsOverlayTabButton	Lnet/minecraft/client/gui/components/WidgetSprites;	sprites	field_1_6832
METHOD	net/minecraft/client/gui/screens/friends/FriendsOverlayTabButton	(Lnet/minecraft/client/gui/GuiGraphicsExtractor;Lnet/minecraft/client/gui/Font;I)V	renderFocusUnderline	method_1_6025
METHOD	net/minecraft/client/gui/screens/friends/FriendsOverlayTabButton	(Lnet/minecraft/client/gui/ActiveTextCollector;)V	renderLabel	method_1_6026
CLASS	net/minecraft/client/multiplayer/p2p/client/SignalingServiceClient	class_1_993
FIELD	net/minecraft/client/multiplayer/p2p/client/SignalingServiceClient	Lnet/minecraft/client/multiplayer/p2p/client/SignalingServiceClient$Environment;	ENVIRONMENT	field_1_6833
FIELD	net/minecraft/client/multiplayer/p2p/client/SignalingServiceClient	Ljava/lang/String;	HEADER_AUTH	field_1_6834
FIELD	net/minecraft/client/multiplayer/p2p/client/SignalingServiceClient	Ljava/lang/String;	HEADER_REQUEST_ID	field_1_6835
FIELD	net/minecraft/client/multiplayer/p2p/client/SignalingServiceClient	Ljava/lang/String;	HEADER_SESSION_ID	field_1_6836
FIELD	net/minecraft/client/multiplayer/p2p/client/SignalingServiceClient	Lorg/slf4j/Logger;	LOGGER	field_1_6837
FIELD	net/minecraft/client/multiplayer/p2p/client/SignalingServiceClient	Ljava/time/Duration;	PING_INTERVAL	field_1_6838
FIELD	net/minecraft/client/multiplayer/p2p/client/SignalingServiceClient	Lcom/mojang/serialization/Codec;	SIGNALING_URI_CODEC	field_1_6839
FIELD	net/minecraft/client/multiplayer/p2p/client/SignalingServiceClient	Ljava/lang/String;	WS_CONNECTION_ENDPOINT	field_1_6840
FIELD	net/minecraft/client/multiplayer/p2p/client/SignalingServiceClient	Lnet/minecraft/client/multiplayer/p2p/client/SignalingServiceClient$CachedSignalingUri;	cachedSignalingUri	field_1_6841
FIELD	net/minecraft/client/multiplayer/p2p/client/SignalingServiceClient	Lnet/minecraft/client/multiplayer/p2p/client/SignalingServiceClient$CachedTurn;	cachedTurn	field_1_6842
FIELD	net/minecraft/client/multiplayer/p2p/client/SignalingServiceClient	Ljava/util/List;	connectionListeners	field_1_6843
FIELD	net/minecraft/client/multiplayer/p2p/client/SignalingServiceClient	Ljava/util/concurrent/ScheduledExecutorService;	executor	field_1_6844
FIELD	net/minecraft/client/multiplayer/p2p/client/SignalingServiceClient	Lnet/minecraft/client/multiplayer/p2p/client/SignalingServiceClient$FriendJoinHandler;	friendJoinHandler	field_1_6845
FIELD	net/minecraft/client/multiplayer/p2p/client/SignalingServiceClient	Ljava/net/http/HttpClient;	httpClient	field_1_6846
FIELD	net/minecraft/client/multiplayer/p2p/client/SignalingServiceClient	Ljava/util/concurrent/CompletableFuture;	pendingTurnRefresh	field_1_6847
FIELD	net/minecraft/client/multiplayer/p2p/client/SignalingServiceClient	Ljava/util/concurrent/ScheduledFuture;	pingTask	field_1_6848
FIELD	net/minecraft/client/multiplayer/p2p/client/SignalingServiceClient	Ljava/lang/String;	sessionId	field_1_6849
FIELD	net/minecraft/client/multiplayer/p2p/client/SignalingServiceClient	Lnet/minecraft/client/User;	user	field_1_6850
FIELD	net/minecraft/client/multiplayer/p2p/client/SignalingServiceClient	Lnet/minecraft/client/multiplayer/p2p/client/SignalingServiceClient$WebRtcSignalingHandler;	webRtcSignalingHandler	field_1_6851
FIELD	net/minecraft/client/multiplayer/p2p/client/SignalingServiceClient	Ljava/util/concurrent/CompletableFuture;	websocketConnect	field_1_6852
METHOD	net/minecraft/client/multiplayer/p2p/client/SignalingServiceClient	(Lnet/minecraft/client/multiplayer/p2p/client/SignalingServiceClient$ConnectionListener;)V	addConnectionListener	method_1_6027
METHOD	net/minecraft/client/multiplayer/p2p/client/SignalingServiceClient	()V	clearHandlers	method_1_6028
METHOD	net/minecraft/client/multiplayer/p2p/client/SignalingServiceClient	()V	connect	method_1_6029
METHOD	net/minecraft/client/multiplayer/p2p/client/SignalingServiceClient	()V	connectWebSocket	method_1_6030
METHOD	net/minecraft/client/multiplayer/p2p/client/SignalingServiceClient	()V	disconnect	method_1_6031
METHOD	net/minecraft/client/multiplayer/p2p/client/SignalingServiceClient	(Ljava/util/UUID;Lnet/minecraft/client/multiplayer/p2p/SignalingMessage$FriendJoin;)V	dispatchFriendJoinMessage	method_1_6032
METHOD	net/minecraft/client/multiplayer/p2p/client/SignalingServiceClient	(Ljava/util/UUID;Lnet/minecraft/client/multiplayer/p2p/SignalingMessage$WebRtc;)V	dispatchWebRtcMessage	method_1_6033
METHOD	net/minecraft/client/multiplayer/p2p/client/SignalingServiceClient	(Ljava/util/function/Consumer;)V	fireListeners	method_1_6034
METHOD	net/minecraft/client/multiplayer/p2p/client/SignalingServiceClient	(Ljava/net/http/HttpClient;Ljava/lang/String;)Ljava/util/concurrent/CompletableFuture;	getSignalingUri	method_1_6035
METHOD	net/minecraft/client/multiplayer/p2p/client/SignalingServiceClient	(Lnet/minecraft/client/multiplayer/p2p/client/JsonRpcClient;Lcom/google/gson/JsonElement;Lcom/google/gson/JsonElement;)V	handleReceiveMessage	method_1_6036
METHOD	net/minecraft/client/multiplayer/p2p/client/SignalingServiceClient	(Ljava/net/http/HttpClient;)Z	isSameHttpClientSession	method_1_6037
METHOD	net/minecraft/client/multiplayer/p2p/client/SignalingServiceClient	()V	lambda$clearHandlers$0	method_1_6038
METHOD	net/minecraft/client/multiplayer/p2p/client/SignalingServiceClient	(Ljava/net/http/HttpClient;Lnet/minecraft/client/multiplayer/p2p/client/JsonRpcClient;Ljava/lang/String;Ljava/lang/String;)Ljava/util/concurrent/CompletionStage;	lambda$connectWebSocket$0	method_1_6039
METHOD	net/minecraft/client/multiplayer/p2p/client/SignalingServiceClient	(Ljava/net/http/HttpClient;Lnet/minecraft/client/multiplayer/p2p/client/JsonRpcClient;Ljava/lang/Throwable;)V	lambda$connectWebSocket$1	method_1_6040
METHOD	net/minecraft/client/multiplayer/p2p/client/SignalingServiceClient	()V	lambda$disconnect$0	method_1_6041
METHOD	net/minecraft/client/multiplayer/p2p/client/SignalingServiceClient	(Ljava/net/http/HttpResponse;)Ljava/lang/String;	lambda$getSignalingUri$0	method_1_6042
METHOD	net/minecraft/client/multiplayer/p2p/client/SignalingServiceClient	(Ljava/lang/String;)Ljava/lang/IllegalStateException;	lambda$getSignalingUri$1	method_1_6043
METHOD	net/minecraft/client/multiplayer/p2p/client/SignalingServiceClient	(Ljava/util/UUID;Lnet/minecraft/client/multiplayer/p2p/SignalingException;Lnet/minecraft/client/multiplayer/p2p/client/SignalingServiceClient$ConnectionListener;)V	lambda$handleReceiveMessage$0	method_1_6044
METHOD	net/minecraft/client/multiplayer/p2p/client/SignalingServiceClient	(Ljava/lang/Runnable;)Ljava/lang/Thread;	lambda$new$0	method_1_6045
METHOD	net/minecraft/client/multiplayer/p2p/client/SignalingServiceClient	(Ljava/lang/Thread;Ljava/lang/Throwable;)V	lambda$new$1	method_1_6046
METHOD	net/minecraft/client/multiplayer/p2p/client/SignalingServiceClient	(Ljava/net/http/HttpClient;Lnet/minecraft/client/multiplayer/p2p/client/JsonRpcClient;Ljava/net/http/WebSocket;)Ljava/util/concurrent/CompletionStage;	lambda$openWebSocket$0	method_1_6047
METHOD	net/minecraft/client/multiplayer/p2p/client/SignalingServiceClient	(Ljava/lang/Throwable;)Ljava/util/concurrent/CompletionStage;	lambda$refreshTurnAuth$0	method_1_6048
METHOD	net/minecraft/client/multiplayer/p2p/client/SignalingServiceClient	(Lcom/google/gson/JsonElement;)Ldev/onvoid/webrtc/RTCIceServer;	lambda$refreshTurnAuth$1	method_1_6049
METHOD	net/minecraft/client/multiplayer/p2p/client/SignalingServiceClient	(Ljava/lang/String;)Ljava/lang/IllegalStateException;	lambda$refreshTurnAuth$2	method_1_6050
METHOD	net/minecraft/client/multiplayer/p2p/client/SignalingServiceClient	(Ljava/lang/Void;)Ljava/util/concurrent/CompletionStage;	lambda$requestTurnAuth$0	method_1_6051
METHOD	net/minecraft/client/multiplayer/p2p/client/SignalingServiceClient	(Ldev/onvoid/webrtc/RTCIceServer;Ljava/lang/Throwable;)V	lambda$requestTurnAuth$1	method_1_6052
METHOD	net/minecraft/client/multiplayer/p2p/client/SignalingServiceClient	(Lnet/minecraft/client/multiplayer/p2p/client/JsonRpcClient;)V	lambda$schedulePing$0	method_1_6053
METHOD	net/minecraft/client/multiplayer/p2p/client/SignalingServiceClient	(Ljava/util/UUID;Ljava/lang/String;Ljava/lang/Void;)Ljava/util/concurrent/CompletionStage;	lambda$sendClientMessage$0	method_1_6054
METHOD	net/minecraft/client/multiplayer/p2p/client/SignalingServiceClient	(Lcom/google/gson/JsonElement;)Ljava/lang/Void;	lambda$sendClientMessage$1	method_1_6055
METHOD	net/minecraft/client/multiplayer/p2p/client/SignalingServiceClient	(Ljava/util/UUID;Ljava/lang/Throwable;)Ljava/util/concurrent/CompletionStage;	lambda$sendClientMessage$2	method_1_6056
METHOD	net/minecraft/client/multiplayer/p2p/client/SignalingServiceClient	(Ljava/util/UUID;Lnet/minecraft/client/multiplayer/p2p/SignalingException;Lnet/minecraft/client/multiplayer/p2p/client/SignalingServiceClient$ConnectionListener;)V	lambda$sendClientMessage$3	method_1_6057
METHOD	net/minecraft/client/multiplayer/p2p/client/SignalingServiceClient	(Ljava/lang/String;Ljava/util/List;Lnet/minecraft/client/multiplayer/p2p/client/JsonRpcClient;)Ljava/util/concurrent/CompletionStage;	lambda$sendRequest$0	method_1_6058
METHOD	net/minecraft/client/multiplayer/p2p/client/SignalingServiceClient	(Lnet/minecraft/client/multiplayer/p2p/client/SignalingServiceClient$FriendJoinHandler;)V	lambda$setFriendJoinHandler$0	method_1_6059
METHOD	net/minecraft/client/multiplayer/p2p/client/SignalingServiceClient	(Lnet/minecraft/client/multiplayer/p2p/client/SignalingServiceClient$WebRtcSignalingHandler;)V	lambda$setWebRtcSignalingHandler$0	method_1_6060
METHOD	net/minecraft/client/multiplayer/p2p/client/SignalingServiceClient	()Ljava/util/Optional;	lambda$static$0	method_1_6061
METHOD	net/minecraft/client/multiplayer/p2p/client/SignalingServiceClient	(Ljava/net/http/HttpClient;Lnet/minecraft/client/multiplayer/p2p/client/JsonRpcClient;Ljava/lang/Throwable;)V	lambda$teardown$0	method_1_6062
METHOD	net/minecraft/client/multiplayer/p2p/client/SignalingServiceClient	(Ljava/net/http/HttpClient;Ljava/lang/Object;Ljava/lang/Throwable;)V	lambda$teardown$1	method_1_6063
METHOD	net/minecraft/client/multiplayer/p2p/client/SignalingServiceClient	(Lnet/minecraft/client/multiplayer/p2p/client/JsonRpcClient;Lcom/google/gson/JsonElement;Ljava/lang/String;Lcom/google/gson/JsonElement;)V	onRpcMethod	method_1_6064
METHOD	net/minecraft/client/multiplayer/p2p/client/SignalingServiceClient	()V	onWebsocketDown	method_1_6065
METHOD	net/minecraft/client/multiplayer/p2p/client/SignalingServiceClient	(Ljava/net/http/HttpClient;Lnet/minecraft/client/multiplayer/p2p/client/JsonRpcClient;Ljava/lang/String;Ljava/lang/String;)Ljava/util/concurrent/CompletableFuture;	openWebSocket	method_1_6066
METHOD	net/minecraft/client/multiplayer/p2p/client/SignalingServiceClient	()Ljava/util/concurrent/CompletableFuture;	refreshTurnAuth	method_1_6067
METHOD	net/minecraft/client/multiplayer/p2p/client/SignalingServiceClient	(Lnet/minecraft/client/multiplayer/p2p/client/SignalingServiceClient$ConnectionListener;)V	removeConnectionListener	method_1_6068
METHOD	net/minecraft/client/multiplayer/p2p/client/SignalingServiceClient	()Ljava/util/concurrent/CompletableFuture;	requestTurnAuth	method_1_6069
METHOD	net/minecraft/client/multiplayer/p2p/client/SignalingServiceClient	(Lnet/minecraft/client/multiplayer/p2p/client/JsonRpcClient;)V	schedulePing	method_1_6070
METHOD	net/minecraft/client/multiplayer/p2p/client/SignalingServiceClient	(Ljava/util/UUID;Lnet/minecraft/client/multiplayer/p2p/SignalingMessage;)Ljava/util/concurrent/CompletableFuture;	sendClientMessage	method_1_6071
METHOD	net/minecraft/client/multiplayer/p2p/client/SignalingServiceClient	(Ljava/lang/String;Ljava/util/List;)Ljava/util/concurrent/CompletableFuture;	sendRequest	method_1_6072
METHOD	net/minecraft/client/multiplayer/p2p/client/SignalingServiceClient	(Lnet/minecraft/client/multiplayer/p2p/client/SignalingServiceClient$FriendJoinHandler;)V	setFriendJoinHandler	method_1_6073
METHOD	net/minecraft/client/multiplayer/p2p/client/SignalingServiceClient	(Lnet/minecraft/client/multiplayer/p2p/client/SignalingServiceClient$WebRtcSignalingHandler;)V	setWebRtcSignalingHandler	method_1_6074
METHOD	net/minecraft/client/multiplayer/p2p/client/SignalingServiceClient	(Ljava/lang/String;)Z	teardown	method_1_6075
CLASS	net/minecraft/client/multiplayer/p2p/client/SignalingServiceClient$CachedSignalingUri	class_1_994
FIELD	net/minecraft/client/multiplayer/p2p/client/SignalingServiceClient$CachedSignalingUri	Ljava/time/Duration;	TTL	field_1_6853
FIELD	net/minecraft/client/multiplayer/p2p/client/SignalingServiceClient$CachedSignalingUri	Ljava/time/Instant;	expiresAt	comp_1_852
FIELD	net/minecraft/client/multiplayer/p2p/client/SignalingServiceClient$CachedSignalingUri	Ljava/lang/String;	wsUrl	comp_1_853
METHOD	net/minecraft/client/multiplayer/p2p/client/SignalingServiceClient$CachedSignalingUri	()Z	isUsable	method_1_6076
CLASS	net/minecraft/client/multiplayer/p2p/client/SignalingServiceClient$CachedTurn	class_1_995
FIELD	net/minecraft/client/multiplayer/p2p/client/SignalingServiceClient$CachedTurn	Ljava/time/Duration;	EXPIRY_MARGIN	field_1_6854
FIELD	net/minecraft/client/multiplayer/p2p/client/SignalingServiceClient$CachedTurn	Ljava/time/Instant;	expiresAt	comp_1_854
FIELD	net/minecraft/client/multiplayer/p2p/client/SignalingServiceClient$CachedTurn	Lnet/minecraft/client/multiplayer/p2p/client/SignalingServiceClient$TurnAuthResult;	turnAuth	comp_1_855
METHOD	net/minecraft/client/multiplayer/p2p/client/SignalingServiceClient$CachedTurn	()Z	isUsable	method_1_6077
CLASS	net/minecraft/client/multiplayer/p2p/client/SignalingServiceClient$ClientWebRtcMessage	class_1_996
FIELD	net/minecraft/client/multiplayer/p2p/client/SignalingServiceClient$ClientWebRtcMessage	Lcom/mojang/serialization/Codec;	CODEC	field_1_6855
FIELD	net/minecraft/client/multiplayer/p2p/client/SignalingServiceClient$ClientWebRtcMessage	Ljava/lang/String;	from	comp_1_856
FIELD	net/minecraft/client/multiplayer/p2p/client/SignalingServiceClient$ClientWebRtcMessage	Ljava/util/UUID;	id	comp_1_857
FIELD	net/minecraft/client/multiplayer/p2p/client/SignalingServiceClient$ClientWebRtcMessage	Ljava/lang/String;	message	comp_1_858
METHOD	net/minecraft/client/multiplayer/p2p/client/SignalingServiceClient$ClientWebRtcMessage	(Lcom/mojang/serialization/codecs/RecordCodecBuilder$Instance;)Lcom/mojang/datafixers/kinds/App;	lambda$static$0	method_1_6078
METHOD	net/minecraft/client/multiplayer/p2p/client/SignalingServiceClient$ClientWebRtcMessage	(Lnet/minecraft/client/multiplayer/p2p/client/SignalingServiceClient$ClientWebRtcMessage;)Ljava/util/Optional;	lambda$static$1	method_1_6079
METHOD	net/minecraft/client/multiplayer/p2p/client/SignalingServiceClient$ClientWebRtcMessage	(Ljava/lang/String;Ljava/lang/String;Ljava/util/Optional;)Lnet/minecraft/client/multiplayer/p2p/client/SignalingServiceClient$ClientWebRtcMessage;	lambda$static$2	method_1_6080
CLASS	net/minecraft/client/multiplayer/p2p/client/SignalingServiceClient$ConnectionListener	class_1_997
METHOD	net/minecraft/client/multiplayer/p2p/client/SignalingServiceClient$ConnectionListener	()V	onSignalingDisconnected	method_1_6081
METHOD	net/minecraft/client/multiplayer/p2p/client/SignalingServiceClient$ConnectionListener	(Ljava/util/UUID;Lnet/minecraft/client/multiplayer/p2p/SignalingException;)V	onSignalingError	method_1_6082
CLASS	net/minecraft/client/multiplayer/p2p/client/SignalingServiceClient$Environment	class_1_998
FIELD	net/minecraft/client/multiplayer/p2p/client/SignalingServiceClient$Environment	[Lnet/minecraft/client/multiplayer/p2p/client/SignalingServiceClient$Environment;	$VALUES	field_1_6856
FIELD	net/minecraft/client/multiplayer/p2p/client/SignalingServiceClient$Environment	Ljava/lang/String;	CONFIGURATION_ENDPOINT	field_1_6857
FIELD	net/minecraft/client/multiplayer/p2p/client/SignalingServiceClient$Environment	Lnet/minecraft/client/multiplayer/p2p/client/SignalingServiceClient$Environment;	PRODUCTION	field_1_6858
FIELD	net/minecraft/client/multiplayer/p2p/client/SignalingServiceClient$Environment	Lnet/minecraft/client/multiplayer/p2p/client/SignalingServiceClient$Environment;	STAGE	field_1_6859
FIELD	net/minecraft/client/multiplayer/p2p/client/SignalingServiceClient$Environment	Ljava/lang/String;	baseUrl	field_1_6860
METHOD	net/minecraft/client/multiplayer/p2p/client/SignalingServiceClient$Environment	()[Lnet/minecraft/client/multiplayer/p2p/client/SignalingServiceClient$Environment;	$values	method_1_6083
METHOD	net/minecraft/client/multiplayer/p2p/client/SignalingServiceClient$Environment	(Ljava/lang/String;)Ljava/util/Optional;	byName	method_1_6084
METHOD	net/minecraft/client/multiplayer/p2p/client/SignalingServiceClient$Environment	()Ljava/lang/String;	getConfigurationUri	method_1_6085
CLASS	net/minecraft/client/multiplayer/p2p/client/SignalingServiceClient$FriendJoinHandler	class_1_999
METHOD	net/minecraft/client/multiplayer/p2p/client/SignalingServiceClient$FriendJoinHandler	(Ljava/util/UUID;Lnet/minecraft/client/multiplayer/p2p/SignalingMessage$FriendJoin;)V	handle	method_1_6086
CLASS	net/minecraft/client/multiplayer/p2p/client/SignalingServiceClient$RpcMethods	class_1_1000
FIELD	net/minecraft/client/multiplayer/p2p/client/SignalingServiceClient$RpcMethods	Ljava/lang/String;	PING	field_1_6861
FIELD	net/minecraft/client/multiplayer/p2p/client/SignalingServiceClient$RpcMethods	Ljava/lang/String;	PONG	field_1_6862
FIELD	net/minecraft/client/multiplayer/p2p/client/SignalingServiceClient$RpcMethods	Ljava/lang/String;	RECEIVE_MESSAGE	field_1_6863
FIELD	net/minecraft/client/multiplayer/p2p/client/SignalingServiceClient$RpcMethods	Ljava/lang/String;	SEND_CLIENT_MSG	field_1_6864
FIELD	net/minecraft/client/multiplayer/p2p/client/SignalingServiceClient$RpcMethods	Ljava/lang/String;	TURN_AUTH	field_1_6865
CLASS	net/minecraft/client/multiplayer/p2p/client/SignalingServiceClient$TurnAuthResult	class_1_1001
FIELD	net/minecraft/client/multiplayer/p2p/client/SignalingServiceClient$TurnAuthResult	Lcom/mojang/serialization/Codec;	CODEC	field_1_6866
FIELD	net/minecraft/client/multiplayer/p2p/client/SignalingServiceClient$TurnAuthResult	J	expirationInSeconds	comp_1_859
FIELD	net/minecraft/client/multiplayer/p2p/client/SignalingServiceClient$TurnAuthResult	Ljava/util/List;	turnAuthServers	comp_1_860
METHOD	net/minecraft/client/multiplayer/p2p/client/SignalingServiceClient$TurnAuthResult	(Lcom/mojang/serialization/codecs/RecordCodecBuilder$Instance;)Lcom/mojang/datafixers/kinds/App;	lambda$static$0	method_1_6087
METHOD	net/minecraft/client/multiplayer/p2p/client/SignalingServiceClient$TurnAuthResult	()Ldev/onvoid/webrtc/RTCIceServer;	toRtcIceServer	method_1_6088
CLASS	net/minecraft/client/multiplayer/p2p/client/SignalingServiceClient$TurnAuthServer	class_1_1002
FIELD	net/minecraft/client/multiplayer/p2p/client/SignalingServiceClient$TurnAuthServer	Lcom/mojang/serialization/Codec;	CODEC	field_1_6867
FIELD	net/minecraft/client/multiplayer/p2p/client/SignalingServiceClient$TurnAuthServer	Ljava/lang/String;	password	comp_1_861
FIELD	net/minecraft/client/multiplayer/p2p/client/SignalingServiceClient$TurnAuthServer	Ljava/util/List;	urls	comp_1_862
FIELD	net/minecraft/client/multiplayer/p2p/client/SignalingServiceClient$TurnAuthServer	Ljava/lang/String;	username	comp_1_863
METHOD	net/minecraft/client/multiplayer/p2p/client/SignalingServiceClient$TurnAuthServer	(Lcom/mojang/serialization/codecs/RecordCodecBuilder$Instance;)Lcom/mojang/datafixers/kinds/App;	lambda$static$0	method_1_6089
CLASS	net/minecraft/client/multiplayer/p2p/client/SignalingServiceClient$WebRtcSignalingHandler	class_1_1003
METHOD	net/minecraft/client/multiplayer/p2p/client/SignalingServiceClient$WebRtcSignalingHandler	(Ljava/util/UUID;Lnet/minecraft/client/multiplayer/p2p/SignalingMessage$WebRtc;)V	handle	method_1_6090
FIELD	net/minecraft/world/level/block/state/properties/PotentSulfurState	Lnet/minecraft/world/level/block/state/properties/PotentSulfurState;	CONTINUOUS	field_1_6868
CLASS	net/minecraft/client/gui/screens/social/RemoteFriendListUpdateHandler	class_1_1004
FIELD	net/minecraft/client/gui/screens/social/RemoteFriendListUpdateHandler	J	BACKGROUND_INTERVAL_NANOS	field_1_6869
FIELD	net/minecraft/client/gui/screens/social/RemoteFriendListUpdateHandler	J	FOREGROUND_INTERVAL_NANOS	field_1_6870
FIELD	net/minecraft/client/gui/screens/social/RemoteFriendListUpdateHandler	Lorg/slf4j/Logger;	LOGGER	field_1_6871
FIELD	net/minecraft/client/gui/screens/social/RemoteFriendListUpdateHandler	J	POLL_INTERVAL_SECONDS	field_1_6872
FIELD	net/minecraft/client/gui/screens/social/RemoteFriendListUpdateHandler	Ljava/util/concurrent/atomic/AtomicBoolean;	enabled	field_1_6873
FIELD	net/minecraft/client/gui/screens/social/RemoteFriendListUpdateHandler	Lcom/mojang/authlib/yggdrasil/FriendsService;	friendsService	field_1_6874
FIELD	net/minecraft/client/gui/screens/social/RemoteFriendListUpdateHandler	Ljava/util/Set;	knownFriends	field_1_6875
FIELD	net/minecraft/client/gui/screens/social/RemoteFriendListUpdateHandler	Ljava/util/Set;	knownIncoming	field_1_6876
FIELD	net/minecraft/client/gui/screens/social/RemoteFriendListUpdateHandler	Ljava/util/Set;	knownOutgoing	field_1_6877
FIELD	net/minecraft/client/gui/screens/social/RemoteFriendListUpdateHandler	J	lastUpdateNanos	field_1_6878
FIELD	net/minecraft/client/gui/screens/social/RemoteFriendListUpdateHandler	Lcom/mojang/authlib/yggdrasil/response/FriendData;	latestFriendData	field_1_6879
FIELD	net/minecraft/client/gui/screens/social/RemoteFriendListUpdateHandler	Lnet/minecraft/client/Minecraft;	minecraft	field_1_6880
FIELD	net/minecraft/client/gui/screens/social/RemoteFriendListUpdateHandler	Ljava/util/concurrent/ScheduledFuture;	scheduledTick	field_1_6881
FIELD	net/minecraft/client/gui/screens/social/RemoteFriendListUpdateHandler	Ljava/util/concurrent/ScheduledExecutorService;	scheduler	field_1_6882
FIELD	net/minecraft/client/gui/screens/social/RemoteFriendListUpdateHandler	Lnet/minecraft/client/gui/screens/social/RemoteFriendListUpdateHandler$State;	state	field_1_6883
FIELD	net/minecraft/client/gui/screens/social/RemoteFriendListUpdateHandler	Ljava/util/concurrent/atomic/AtomicBoolean;	updateInProgress	field_1_6884
FIELD	net/minecraft/client/gui/screens/social/RemoteFriendListUpdateHandler	Ljava/util/Set;	updateListeners	field_1_6885
METHOD	net/minecraft/client/gui/screens/social/RemoteFriendListUpdateHandler	(Ljava/lang/Runnable;)V	addUpdateListener	method_1_6091
METHOD	net/minecraft/client/gui/screens/social/RemoteFriendListUpdateHandler	()V	close	method_1_6092
METHOD	net/minecraft/client/gui/screens/social/RemoteFriendListUpdateHandler	(Lcom/mojang/authlib/yggdrasil/response/FriendData;Lnet/minecraft/client/gui/screens/social/RemoteFriendListUpdateHandler$State;)Z	detectChangesAndShowToast	method_1_6093
METHOD	net/minecraft/client/gui/screens/social/RemoteFriendListUpdateHandler	(Ljava/util/UUID;Ljava/lang/String;Lnet/minecraft/client/gui/screens/social/RemoteFriendListUpdateHandler$SkinToastEmitter;)V	emitToastWithSkin	method_1_6094
METHOD	net/minecraft/client/gui/screens/social/RemoteFriendListUpdateHandler	()Ljava/util/concurrent/CompletableFuture;	forceUpdate	method_1_6095
METHOD	net/minecraft/client/gui/screens/social/RemoteFriendListUpdateHandler	()Lcom/mojang/authlib/yggdrasil/response/FriendData;	getLatestFriendData	method_1_6096
METHOD	net/minecraft/client/gui/screens/social/RemoteFriendListUpdateHandler	()Lnet/minecraft/client/gui/screens/social/RemoteFriendListUpdateHandler$State;	getState	method_1_6097
METHOD	net/minecraft/client/gui/screens/social/RemoteFriendListUpdateHandler	()J	getUpdateIntervalNanos	method_1_6098
METHOD	net/minecraft/client/gui/screens/social/RemoteFriendListUpdateHandler	()Z	isInGameAndToastsDisabled	method_1_6099
METHOD	net/minecraft/client/gui/screens/social/RemoteFriendListUpdateHandler	(Lcom/mojang/authlib/yggdrasil/response/FriendDto;)V	lambda$detectChangesAndShowToast$0	method_1_6100
METHOD	net/minecraft/client/gui/screens/social/RemoteFriendListUpdateHandler	(Ljava/util/UUID;Lnet/minecraft/client/gui/screens/social/RemoteFriendListUpdateHandler$SkinToastEmitter;Ljava/lang/String;)V	lambda$emitToastWithSkin$0	method_1_6101
METHOD	net/minecraft/client/gui/screens/social/RemoteFriendListUpdateHandler	(Ljava/util/concurrent/CompletableFuture;)V	lambda$forceUpdate$0	method_1_6102
METHOD	net/minecraft/client/gui/screens/social/RemoteFriendListUpdateHandler	(Ljava/lang/Runnable;)Ljava/lang/Thread;	lambda$new$0	method_1_6103
METHOD	net/minecraft/client/gui/screens/social/RemoteFriendListUpdateHandler	()V	lambda$notifyListeners$0	method_1_6104
METHOD	net/minecraft/client/gui/screens/social/RemoteFriendListUpdateHandler	(Lcom/mojang/authlib/yggdrasil/FriendsService$ResultCode;)Lnet/minecraft/client/gui/screens/social/RemoteFriendListUpdateHandler$State;	mapResultCodeToState	method_1_6105
METHOD	net/minecraft/client/gui/screens/social/RemoteFriendListUpdateHandler	()V	notifyListeners	method_1_6106
METHOD	net/minecraft/client/gui/screens/social/RemoteFriendListUpdateHandler	(Ljava/lang/Runnable;)V	removeUpdateListener	method_1_6107
METHOD	net/minecraft/client/gui/screens/social/RemoteFriendListUpdateHandler	()V	runBackgroundTick	method_1_6108
METHOD	net/minecraft/client/gui/screens/social/RemoteFriendListUpdateHandler	()V	runUpdateFriendDataInternal	method_1_6109
METHOD	net/minecraft/client/gui/screens/social/RemoteFriendListUpdateHandler	()V	start	method_1_6110
METHOD	net/minecraft/client/gui/screens/social/RemoteFriendListUpdateHandler	()V	stop	method_1_6111
FIELD	net/minecraft/client/gui/screens/social/RemoteFriendListUpdateHandler$1	[I	$SwitchMap$com$mojang$authlib$yggdrasil$FriendsService$ResultCode	field_1_6886
CLASS	net/minecraft/client/gui/screens/social/RemoteFriendListUpdateHandler$SkinToastEmitter	class_1_1005
METHOD	net/minecraft/client/gui/screens/social/RemoteFriendListUpdateHandler$SkinToastEmitter	(Lnet/minecraft/client/Minecraft;Ljava/lang/String;Lnet/minecraft/world/entity/player/PlayerSkin;)V	emit	method_1_6112
CLASS	net/minecraft/client/gui/screens/social/RemoteFriendListUpdateHandler$State	class_1_1006
FIELD	net/minecraft/client/gui/screens/social/RemoteFriendListUpdateHandler$State	[Lnet/minecraft/client/gui/screens/social/RemoteFriendListUpdateHandler$State;	$VALUES	field_1_6887
FIELD	net/minecraft/client/gui/screens/social/RemoteFriendListUpdateHandler$State	Lnet/minecraft/client/gui/screens/social/RemoteFriendListUpdateHandler$State;	CONNECTION_ISSUE	field_1_6888
FIELD	net/minecraft/client/gui/screens/social/RemoteFriendListUpdateHandler$State	Lnet/minecraft/client/gui/screens/social/RemoteFriendListUpdateHandler$State;	GENERIC_ERROR	field_1_6889
FIELD	net/minecraft/client/gui/screens/social/RemoteFriendListUpdateHandler$State	Lnet/minecraft/client/gui/screens/social/RemoteFriendListUpdateHandler$State;	LOADING	field_1_6890
FIELD	net/minecraft/client/gui/screens/social/RemoteFriendListUpdateHandler$State	Lnet/minecraft/client/gui/screens/social/RemoteFriendListUpdateHandler$State;	SUCCESS	field_1_6891
FIELD	net/minecraft/client/gui/screens/social/RemoteFriendListUpdateHandler$State	Lnet/minecraft/client/gui/screens/social/RemoteFriendListUpdateHandler$State;	TEMPORARY_UNAVAILABLE	field_1_6892
FIELD	net/minecraft/client/gui/screens/social/RemoteFriendListUpdateHandler$State	Lnet/minecraft/client/gui/screens/social/RemoteFriendListUpdateHandler$State;	UPGRADE_NEEDED	field_1_6893
FIELD	net/minecraft/client/gui/screens/social/RemoteFriendListUpdateHandler$State	Lnet/minecraft/client/gui/screens/social/RemoteFriendListUpdateHandler$State;	USER_MAY_LACK_ACTIVE_PROFILE	field_1_6894
METHOD	net/minecraft/client/gui/screens/social/RemoteFriendListUpdateHandler$State	()[Lnet/minecraft/client/gui/screens/social/RemoteFriendListUpdateHandler$State;	$values	method_1_6113
METHOD	net/minecraft/commands/arguments/selector/options/EntitySelectorOptions	(Lnet/minecraft/core/HolderSet$Named;)Lnet/minecraft/resources/Identifier;	lambda$bootStrap$37	method_1_6114
METHOD	net/minecraft/commands/arguments/selector/options/EntitySelectorOptions	(Lnet/minecraft/commands/arguments/selector/EntitySelectorParser;ILcom/mojang/brigadier/exceptions/DynamicCommandExceptionType;Ljava/lang/String;)Lcom/mojang/brigadier/exceptions/CommandSyntaxException;	rollbackAndThrow	method_1_6115
METHOD	net/minecraft/commands/arguments/selector/options/EntitySelectorOptions	(Lnet/minecraft/commands/arguments/selector/EntitySelectorParser;ILcom/mojang/brigadier/exceptions/SimpleCommandExceptionType;)Lcom/mojang/brigadier/exceptions/CommandSyntaxException;	rollbackAndThrow	method_1_6116
FIELD	net/minecraft/commands/arguments/selector/options/InvertableSetOptionState	Lnet/minecraft/commands/arguments/selector/options/InvertableSetOptionState$Limitation;	state	field_1_6895
FIELD	net/minecraft/commands/arguments/selector/options/InvertableSetOptionState	Ljava/util/Set;	tags	field_1_6896
METHOD	net/minecraft/commands/arguments/selector/options/InvertableSetOptionState	()Z	canLimitToMultiple	method_1_6117
METHOD	net/minecraft/commands/arguments/selector/options/InvertableSetOptionState	()Z	canLimitToSingle	method_1_6118
METHOD	net/minecraft/commands/arguments/selector/options/InvertableSetOptionState	()Z	canParseAnyTag	method_1_6119
METHOD	net/minecraft/commands/arguments/selector/options/InvertableSetOptionState	()Z	canParseNegativeElement	method_1_6120
METHOD	net/minecraft/commands/arguments/selector/options/InvertableSetOptionState	()Z	canParsePositiveElement	method_1_6121
METHOD	net/minecraft/commands/arguments/selector/options/InvertableSetOptionState	(Lnet/minecraft/resources/Identifier;)Z	canParseTag	method_1_6122
METHOD	net/minecraft/commands/arguments/selector/options/InvertableSetOptionState	()V	markParsedMultiple	method_1_6123
METHOD	net/minecraft/commands/arguments/selector/options/InvertableSetOptionState	()V	markParsedNegativeElement	method_1_6124
METHOD	net/minecraft/commands/arguments/selector/options/InvertableSetOptionState	()V	markParsedPositiveElement	method_1_6125
METHOD	net/minecraft/commands/arguments/selector/options/InvertableSetOptionState	()V	markParsedSingle	method_1_6126
METHOD	net/minecraft/commands/arguments/selector/options/InvertableSetOptionState	(Lnet/minecraft/resources/Identifier;)V	markParsedTag	method_1_6127
CLASS	net/minecraft/commands/arguments/selector/options/InvertableSetOptionState$Limitation	class_1_1007
FIELD	net/minecraft/commands/arguments/selector/options/InvertableSetOptionState$Limitation	[Lnet/minecraft/commands/arguments/selector/options/InvertableSetOptionState$Limitation;	$VALUES	field_1_6897
FIELD	net/minecraft/commands/arguments/selector/options/InvertableSetOptionState$Limitation	Lnet/minecraft/commands/arguments/selector/options/InvertableSetOptionState$Limitation;	MULTIPLE	field_1_6898
FIELD	net/minecraft/commands/arguments/selector/options/InvertableSetOptionState$Limitation	Lnet/minecraft/commands/arguments/selector/options/InvertableSetOptionState$Limitation;	NONE	field_1_6899
FIELD	net/minecraft/commands/arguments/selector/options/InvertableSetOptionState$Limitation	Lnet/minecraft/commands/arguments/selector/options/InvertableSetOptionState$Limitation;	SINGLE	field_1_6900
METHOD	net/minecraft/commands/arguments/selector/options/InvertableSetOptionState$Limitation	()[Lnet/minecraft/commands/arguments/selector/options/InvertableSetOptionState$Limitation;	$values	method_1_6128
CLASS	net/minecraft/client/gui/screens/friends/AbstractFriendsEntryContainerWidget	class_1_1008
FIELD	net/minecraft/client/gui/screens/friends/AbstractFriendsEntryContainerWidget	I	BUTTON_SIZE	field_1_6901
FIELD	net/minecraft/client/gui/screens/friends/AbstractFriendsEntryContainerWidget	I	FACE_SIZE	field_1_6902
FIELD	net/minecraft/client/gui/screens/friends/AbstractFriendsEntryContainerWidget	I	PADDING	field_1_6903
FIELD	net/minecraft/client/gui/screens/friends/AbstractFriendsEntryContainerWidget	I	SPRITE_TEXTURE_SIZE	field_1_6904
FIELD	net/minecraft/client/gui/screens/friends/AbstractFriendsEntryContainerWidget	I	WINDOW_MARGIN	field_1_6905
FIELD	net/minecraft/client/gui/screens/friends/AbstractFriendsEntryContainerWidget	Ljava/util/List;	children	field_1_6906
FIELD	net/minecraft/client/gui/screens/friends/AbstractFriendsEntryContainerWidget	Lnet/minecraft/client/Minecraft;	minecraft	field_1_6907
FIELD	net/minecraft/client/gui/screens/friends/AbstractFriendsEntryContainerWidget	Lnet/minecraft/client/gui/components/StringWidget;	nameWidget	field_1_6908
FIELD	net/minecraft/client/gui/screens/friends/AbstractFriendsEntryContainerWidget	Lnet/minecraft/client/gui/components/PlayerFaceWidget;	playerFaceWidget	field_1_6909
FIELD	net/minecraft/client/gui/screens/friends/AbstractFriendsEntryContainerWidget	Ljava/lang/String;	playerName	field_1_6910
FIELD	net/minecraft/client/gui/screens/friends/AbstractFriendsEntryContainerWidget	Lnet/minecraft/client/gui/screens/friends/FriendsOverlayScreen;	screen	field_1_6911
FIELD	net/minecraft/client/gui/screens/friends/AbstractFriendsEntryContainerWidget	Z	showingStatus	field_1_6912
METHOD	net/minecraft/client/gui/screens/friends/AbstractFriendsEntryContainerWidget	(Lnet/minecraft/client/gui/components/AbstractWidget;)V	addChild	method_1_6129
METHOD	net/minecraft/client/gui/screens/friends/AbstractFriendsEntryContainerWidget	()V	disable	method_1_6130
METHOD	net/minecraft/client/gui/screens/friends/AbstractFriendsEntryContainerWidget	()Lnet/minecraft/network/chat/Component;	getEntryNarration	method_1_6131
METHOD	net/minecraft/client/gui/screens/friends/AbstractFriendsEntryContainerWidget	(Lnet/minecraft/network/chat/Component;)Lnet/minecraft/client/gui/components/Button$CreateNarration;	getSpriteIconNarration	method_1_6132
METHOD	net/minecraft/client/gui/screens/friends/AbstractFriendsEntryContainerWidget	(Lnet/minecraft/network/chat/Component;Ljava/util/function/Supplier;)Lnet/minecraft/network/chat/MutableComponent;	lambda$getSpriteIconNarration$0	method_1_6133
Done!
