Duplicate assignment for record component com/mojang/blaze3d/vulkan/glsl/IntermediaryShaderModule;nameLjava/lang/String;
Demoting record getter com/mojang/blaze3d/vulkan/glsl/IntermediaryShaderModule;lambda$createVulkanShaderModule$0()Ljava/lang/String; due to conflicts
Demoting record getter com/mojang/blaze3d/vulkan/glsl/IntermediaryShaderModule;name()Ljava/lang/String; due to conflicts
Promoting com/mojang/blaze3d/vulkan/glsl/IntermediaryShaderModule;name()Ljava/lang/String; as record getter for nameLjava/lang/String;
Demoting record getter com/mojang/realmsclient/client/RealmsError$CustomError;errorCode()I
Demoting record getter com/mojang/realmsclient/client/RealmsError$ErrorWithJsonPayload;errorCode()I
Demoting record getter com/mojang/realmsclient/client/RealmsError$ErrorWithRawPayload;errorCode()I
Demoting record getter net/minecraft/advancements/criterion/CollectionContentsPredicate$Multiple;unpack()Ljava/util/List;
Demoting record getter net/minecraft/advancements/criterion/CollectionCountsPredicate$Multiple;unpack()Ljava/util/List;
Demoting record getter net/minecraft/client/gui/font/AtlasGlyphProvider$Instance;textureView()Lcom/mojang/blaze3d/textures/GpuTextureView;
Promoting net/minecraft/client/gui/font/AtlasGlyphProvider$Instance;textureView()Lcom/mojang/blaze3d/textures/GpuTextureView; as record getter for textureViewLcom/mojang/blaze3d/textures/GpuTextureView;
Demoting record getter net/minecraft/client/gui/font/EmptyArea;activeLeft()F
Demoting record getter net/minecraft/client/gui/font/glyphs/BakedSheetGlyph$EffectInstance;left()F
Demoting record getter net/minecraft/client/gui/font/glyphs/BakedSheetGlyph$EffectInstance;top()F
Demoting record getter net/minecraft/client/input/KeyEvent;input()I
Demoting record getter net/minecraft/client/input/MouseButtonInfo;input()I
Demoting record getter net/minecraft/client/multiplayer/chat/LoggedChatMessage$System;toContentComponent()Lnet/minecraft/network/chat/Component;
Demoting record getter net/minecraft/client/renderer/PostPass$TextureInput;bilinear()Z
Promoting net/minecraft/client/renderer/PostPass$TextureInput;bilinear()Z as record getter for bilinearZ
Demoting record getter net/minecraft/commands/arguments/coordinates/WorldCoordinate;isRelative()Z
Demoting record getter net/minecraft/core/ClientAsset$DownloadedTexture;id()Lnet/minecraft/resources/Identifier;
Demoting record getter net/minecraft/nbt/ByteTag;intValue()I
Demoting record getter net/minecraft/nbt/ByteTag;byteValue()B
Demoting record getter net/minecraft/nbt/DoubleTag;doubleValue()D
Demoting record getter net/minecraft/nbt/FloatTag;floatValue()F
Demoting record getter net/minecraft/nbt/IntTag;intValue()I
Demoting record getter net/minecraft/nbt/LongTag;longValue()J
Demoting record getter net/minecraft/nbt/ShortTag;intValue()I
Demoting record getter net/minecraft/nbt/ShortTag;shortValue()S
Demoting record getter net/minecraft/network/chat/OutgoingChatMessage$Disguised;content()Lnet/minecraft/network/chat/Component;
Promoting net/minecraft/network/chat/OutgoingChatMessage$Disguised;content()Lnet/minecraft/network/chat/Component; as record getter for contentLnet/minecraft/network/chat/Component;
Demoting record getter net/minecraft/network/syncher/EntityDataAccessor;hashCode()I
Demoting record getter net/minecraft/server/network/ConfigurationTask$Type;toString()Ljava/lang/String;
Demoting record getter net/minecraft/server/packs/OverlayMetadataSection$OverlayEntry$IntermediateEntry;toString()Ljava/lang/String;
Demoting record getter net/minecraft/util/CubicSpline$Constant;minValue()F
Demoting record getter net/minecraft/util/CubicSpline$Constant;maxValue()F
Demoting record getter net/minecraft/util/ProblemReporter$RootFieldPathElement;get()Ljava/lang/String;
Promoting net/minecraft/util/valueproviders/ClampedInt;minInclusive()I as record getter for minInclusiveI
Promoting net/minecraft/util/valueproviders/ClampedInt;maxInclusive()I as record getter for maxInclusiveI
Demoting record getter net/minecraft/util/valueproviders/ConstantFloat;min()F
Demoting record getter net/minecraft/util/valueproviders/ConstantFloat;max()F
Demoting record getter net/minecraft/util/valueproviders/ConstantInt;minInclusive()I
Demoting record getter net/minecraft/util/valueproviders/ConstantInt;maxInclusive()I
Demoting record getter net/minecraft/world/item/ItemStackTemplate;typeHolder()Lnet/minecraft/core/Holder;
Demoting record getter net/minecraft/world/item/TooltipFlag$Default;isAdvanced()Z
Demoting record getter net/minecraft/world/item/TooltipFlag$Default;isCreative()Z
Promoting net/minecraft/world/item/alchemy/PotionContents;customEffects()Ljava/util/List; as record getter for customEffectsLjava/util/List;
Demoting record getter net/minecraft/world/level/SpawnData;getEntityToSpawn()Lnet/minecraft/nbt/CompoundTag;
Demoting record getter net/minecraft/world/level/SpawnData;getCustomSpawnRules()Ljava/util/Optional;
Demoting record getter net/minecraft/world/level/SpawnData;getEquipment()Ljava/util/Optional;
Promoting net/minecraft/world/level/block/entity/vault/VaultConfig;playerDetector()Lnet/minecraft/world/level/block/entity/trialspawner/PlayerDetector; as record getter for playerDetectorLnet/minecraft/world/level/block/entity/trialspawner/PlayerDetector;
Demoting record getter net/minecraft/world/level/chunk/Configuration$Simple;bitsInMemory()I
Demoting record getter net/minecraft/world/level/chunk/Configuration$Simple;bitsInStorage()I
Demoting record getter net/minecraft/world/level/gameevent/GameEvent;notificationRadius()I
Promoting net/minecraft/world/level/gameevent/GameEvent;notificationRadius()I as record getter for notificationRadiusI
Demoting record getter net/minecraft/world/level/gamerules/GameRuleCategory;getDescriptionId()Lnet/minecraft/resources/Identifier;
Demoting record getter net/minecraft/world/level/levelgen/DensityFunctions$Ap2;minValue()D
Demoting record getter net/minecraft/world/level/levelgen/DensityFunctions$Ap2;maxValue()D
Promoting net/minecraft/world/level/levelgen/DensityFunctions$Ap2;minValue()D as record getter for minValueD
Promoting net/minecraft/world/level/levelgen/DensityFunctions$Ap2;maxValue()D as record getter for maxValueD
Demoting record getter net/minecraft/world/level/levelgen/DensityFunctions$Constant;minValue()D
Demoting record getter net/minecraft/world/level/levelgen/DensityFunctions$Constant;maxValue()D
Demoting record getter net/minecraft/world/level/levelgen/DensityFunctions$MulOrAdd;argument2()Lnet/minecraft/world/level/levelgen/DensityFunction;
Demoting record getter net/minecraft/world/level/levelgen/NoiseGeneratorSettings;disableMobGeneration()Z
Promoting net/minecraft/world/level/levelgen/NoiseGeneratorSettings;oreVeinsEnabled()Z as record getter for oreVeinsEnabledZ
Promoting net/minecraft/world/level/levelgen/NoiseGeneratorSettings;disableMobGeneration()Z as record getter for disableMobGenerationZ
Read 10788 (6948) classes.
Populated subclass entries.
Joining MethodEntries...
Joined 19379 MethodEntries (0 unique, 11029 classes).
Collecting additional information...
- Done. -
Duplicate assignment for record component com/mojang/blaze3d/vulkan/glsl/IntermediaryShaderModule;nameLjava/lang/String;
Demoting record getter com/mojang/blaze3d/vulkan/glsl/IntermediaryShaderModule;lambda$createVulkanShaderModule$0()Ljava/lang/String; due to conflicts
Demoting record getter com/mojang/blaze3d/vulkan/glsl/IntermediaryShaderModule;name()Ljava/lang/String; due to conflicts
Promoting com/mojang/blaze3d/vulkan/glsl/IntermediaryShaderModule;name()Ljava/lang/String; as record getter for nameLjava/lang/String;
Demoting record getter com/mojang/realmsclient/client/RealmsError$CustomError;errorCode()I
Demoting record getter com/mojang/realmsclient/client/RealmsError$ErrorWithJsonPayload;errorCode()I
Demoting record getter com/mojang/realmsclient/client/RealmsError$ErrorWithRawPayload;errorCode()I
Demoting record getter net/minecraft/advancements/predicates/CollectionContentsPredicate$Multiple;unpack()Ljava/util/List;
Demoting record getter net/minecraft/advancements/predicates/CollectionCountsPredicate$Multiple;unpack()Ljava/util/List;
Demoting record getter net/minecraft/client/gui/font/AtlasGlyphProvider$Instance;textureView()Lcom/mojang/blaze3d/textures/GpuTextureView;
Promoting net/minecraft/client/gui/font/AtlasGlyphProvider$Instance;textureView()Lcom/mojang/blaze3d/textures/GpuTextureView; as record getter for textureViewLcom/mojang/blaze3d/textures/GpuTextureView;
Demoting record getter net/minecraft/client/gui/font/EmptyArea;activeLeft()F
Demoting record getter net/minecraft/client/gui/font/glyphs/BakedSheetGlyph$EffectInstance;left()F
Demoting record getter net/minecraft/client/gui/font/glyphs/BakedSheetGlyph$EffectInstance;top()F
Demoting record getter net/minecraft/client/input/KeyEvent;input()I
Demoting record getter net/minecraft/client/input/MouseButtonInfo;input()I
Demoting record getter net/minecraft/client/multiplayer/chat/LoggedChatMessage$System;toContentComponent()Lnet/minecraft/network/chat/Component;
Demoting record getter net/minecraft/client/renderer/PostPass$TextureInput;bilinear()Z
Promoting net/minecraft/client/renderer/PostPass$TextureInput;bilinear()Z as record getter for bilinearZ
Demoting record getter net/minecraft/commands/arguments/coordinates/WorldCoordinate;isRelative()Z
Demoting record getter net/minecraft/core/ClientAsset$DownloadedTexture;id()Lnet/minecraft/resources/Identifier;
Demoting record getter net/minecraft/nbt/ByteTag;intValue()I
Demoting record getter net/minecraft/nbt/ByteTag;byteValue()B
Demoting record getter net/minecraft/nbt/DoubleTag;doubleValue()D
Demoting record getter net/minecraft/nbt/FloatTag;floatValue()F
Demoting record getter net/minecraft/nbt/IntTag;intValue()I
Demoting record getter net/minecraft/nbt/LongTag;longValue()J
Demoting record getter net/minecraft/nbt/ShortTag;intValue()I
Demoting record getter net/minecraft/nbt/ShortTag;shortValue()S
Demoting record getter net/minecraft/network/chat/OutgoingChatMessage$Disguised;content()Lnet/minecraft/network/chat/Component;
Promoting net/minecraft/network/chat/OutgoingChatMessage$Disguised;content()Lnet/minecraft/network/chat/Component; as record getter for contentLnet/minecraft/network/chat/Component;
Demoting record getter net/minecraft/network/syncher/EntityDataAccessor;hashCode()I
Demoting record getter net/minecraft/server/network/ConfigurationTask$Type;toString()Ljava/lang/String;
Demoting record getter net/minecraft/server/packs/OverlayMetadataSection$OverlayEntry$IntermediateEntry;toString()Ljava/lang/String;
Demoting record getter net/minecraft/util/CubicSpline$Constant;minValue()F
Demoting record getter net/minecraft/util/CubicSpline$Constant;maxValue()F
Demoting record getter net/minecraft/util/ProblemReporter$RootFieldPathElement;get()Ljava/lang/String;
Promoting net/minecraft/util/valueproviders/ClampedInt;minInclusive()I as record getter for minInclusiveI
Promoting net/minecraft/util/valueproviders/ClampedInt;maxInclusive()I as record getter for maxInclusiveI
Demoting record getter net/minecraft/util/valueproviders/ConstantFloat;min()F
Demoting record getter net/minecraft/util/valueproviders/ConstantFloat;max()F
Demoting record getter net/minecraft/util/valueproviders/ConstantInt;minInclusive()I
Demoting record getter net/minecraft/util/valueproviders/ConstantInt;maxInclusive()I
Demoting record getter net/minecraft/world/item/ItemStackTemplate;typeHolder()Lnet/minecraft/core/Holder;
Demoting record getter net/minecraft/world/item/TooltipFlag$Default;isAdvanced()Z
Demoting record getter net/minecraft/world/item/TooltipFlag$Default;isCreative()Z
Promoting net/minecraft/world/item/alchemy/PotionContents;customEffects()Ljava/util/List; as record getter for customEffectsLjava/util/List;
Demoting record getter net/minecraft/world/level/SpawnData;getEntityToSpawn()Lnet/minecraft/nbt/CompoundTag;
Demoting record getter net/minecraft/world/level/SpawnData;getCustomSpawnRules()Ljava/util/Optional;
Demoting record getter net/minecraft/world/level/SpawnData;getEquipment()Ljava/util/Optional;
Promoting net/minecraft/world/level/block/entity/vault/VaultConfig;playerDetector()Lnet/minecraft/world/level/block/entity/trialspawner/PlayerDetector; as record getter for playerDetectorLnet/minecraft/world/level/block/entity/trialspawner/PlayerDetector;
Demoting record getter net/minecraft/world/level/chunk/Configuration$Simple;bitsInMemory()I
Demoting record getter net/minecraft/world/level/chunk/Configuration$Simple;bitsInStorage()I
Demoting record getter net/minecraft/world/level/gameevent/GameEvent;notificationRadius()I
Promoting net/minecraft/world/level/gameevent/GameEvent;notificationRadius()I as record getter for notificationRadiusI
Demoting record getter net/minecraft/world/level/gamerules/GameRuleCategory;getDescriptionId()Lnet/minecraft/resources/Identifier;
Demoting record getter net/minecraft/world/level/levelgen/DensityFunctions$Ap2;minValue()D
Demoting record getter net/minecraft/world/level/levelgen/DensityFunctions$Ap2;maxValue()D
Promoting net/minecraft/world/level/levelgen/DensityFunctions$Ap2;maxValue()D as record getter for maxValueD
Promoting net/minecraft/world/level/levelgen/DensityFunctions$Ap2;minValue()D as record getter for minValueD
Demoting record getter net/minecraft/world/level/levelgen/DensityFunctions$Constant;minValue()D
Demoting record getter net/minecraft/world/level/levelgen/DensityFunctions$Constant;maxValue()D
Demoting record getter net/minecraft/world/level/levelgen/DensityFunctions$MulOrAdd;argument2()Lnet/minecraft/world/level/levelgen/DensityFunction;
Demoting record getter net/minecraft/world/level/levelgen/NoiseGeneratorSettings;disableMobGeneration()Z
Promoting net/minecraft/world/level/levelgen/NoiseGeneratorSettings;oreVeinsEnabled()Z as record getter for oreVeinsEnabledZ
Promoting net/minecraft/world/level/levelgen/NoiseGeneratorSettings;disableMobGeneration()Z as record getter for disableMobGenerationZ
Read 10832 (6983) classes.
Populated subclass entries.
Joining MethodEntries...
Joined 19393 MethodEntries (0 unique, 11073 classes).
Collecting additional information...
- Done. -
Loading remapping files...
Generating new mappings...
FIELD	net/minecraft/ExitCodes	I	EXIT_CODE_VERSION_PARSING_FAIL	field_1_3865
METHOD	net/minecraft/util/Util	()[Ljava/lang/management/ThreadInfo;	dumpThreadInfo	method_1_4709
METHOD	net/minecraft/util/Util	(Ljava/util/List;Ljava/util/List;)Ljava/util/List;	join	method_1_4710
METHOD	net/minecraft/SystemReport	()Ljava/lang/Object;	lambda$new$0	method_1_4711
METHOD	net/minecraft/SystemReport	()Ljava/lang/Object;	lambda$new$1	method_1_4712
METHOD	net/minecraft/SystemReport	()V	lambda$new$7	method_1_4713
METHOD	net/minecraft/SystemReport	(Loshi/software/os/OSProcess;)Ljava/lang/Object;	lambda$putProcessDetails$0	method_1_4714
METHOD	net/minecraft/SystemReport	(Loshi/software/os/OSProcess;)Ljava/lang/Object;	lambda$putProcessDetails$1	method_1_4715
METHOD	net/minecraft/SystemReport	(Loshi/software/os/OSProcess;)Ljava/lang/Object;	lambda$putProcessDetails$2	method_1_4716
METHOD	net/minecraft/SystemReport	(Loshi/software/os/OperatingSystem;)V	lambda$putSoftware$0	method_1_4717
METHOD	net/minecraft/SystemReport	(Ljava/nio/file/FileStore;)Ljava/lang/Object;	lambda$putSpaceForPath$0	method_1_4718
METHOD	net/minecraft/SystemReport	(Loshi/software/os/OSProcess;)V	putProcessDetails	method_1_4719
METHOD	net/minecraft/SystemReport	(Loshi/SystemInfo;)V	putSoftware	method_1_4720
FIELD	com/mojang/blaze3d/GpuFormat	I	byteAlignment	field_1_3866
METHOD	com/mojang/blaze3d/GpuFormat	()I	byteAlignment	method_1_4721
METHOD	net/minecraft/client/Options	(Ljava/lang/Integer;)V	lambda$new$102	method_1_4722
METHOD	net/minecraft/client/Options	(Ljava/lang/Boolean;)V	lambda$new$19	method_1_4723
METHOD	net/minecraft/client/Options	(Ljava/lang/Boolean;)V	lambda$new$21	method_1_4724
METHOD	net/minecraft/client/Options	(Ljava/lang/Integer;)V	lambda$new$54	method_1_4725
METHOD	net/minecraft/client/Options	(Ljava/lang/Integer;)V	lambda$new$60	method_1_4726
METHOD	net/minecraft/client/Options	(Ljava/lang/Boolean;)V	lambda$new$67	method_1_4727
FIELD	net/minecraft/tags/BlockTags	Lnet/minecraft/tags/TagKey;	SPELEOTHEMS	field_1_3867
FIELD	net/minecraft/tags/BlockTags	Lnet/minecraft/tags/TagKey;	SULFUR_SPIKE_REPLACEABLE	field_1_3868
FIELD	net/minecraft/client/Minecraft	Lnet/minecraft/client/renderer/extract/LevelExtractor;	levelExtractor	field_1_3869
METHOD	net/minecraft/client/Minecraft	()Lnet/minecraft/util/profiling/metrics/profiling/MetricsRecorder;	getMetricsRecorder	method_1_4728
METHOD	net/minecraft/client/Minecraft	(Lnet/minecraft/client/Minecraft;)Ljava/lang/Object;	lambda$fillSystemReport$6	method_1_4729
FIELD	net/minecraft/world/item/Items	Lnet/minecraft/world/item/Item;	SULFUR_SPIKE	field_1_3870
CLASS	net/minecraft/references/ItemIds	class_1_779
FIELD	net/minecraft/references/ItemIds	Lnet/minecraft/resources/ResourceKey;	ACACIA_BOAT	field_1_3871
FIELD	net/minecraft/references/ItemIds	Lnet/minecraft/resources/ResourceKey;	ACACIA_CHEST_BOAT	field_1_3872
FIELD	net/minecraft/references/ItemIds	Lnet/minecraft/resources/ResourceKey;	ALLAY_SPAWN_EGG	field_1_3873
FIELD	net/minecraft/references/ItemIds	Lnet/minecraft/resources/ResourceKey;	AMETHYST_SHARD	field_1_3874
FIELD	net/minecraft/references/ItemIds	Lnet/minecraft/resources/ResourceKey;	ANGLER_POTTERY_SHERD	field_1_3875
FIELD	net/minecraft/references/ItemIds	Lnet/minecraft/resources/ResourceKey;	APPLE	field_1_3876
FIELD	net/minecraft/references/ItemIds	Lnet/minecraft/resources/ResourceKey;	ARCHER_POTTERY_SHERD	field_1_3877
FIELD	net/minecraft/references/ItemIds	Lnet/minecraft/resources/ResourceKey;	ARMADILLO_SCUTE	field_1_3878
FIELD	net/minecraft/references/ItemIds	Lnet/minecraft/resources/ResourceKey;	ARMADILLO_SPAWN_EGG	field_1_3879
FIELD	net/minecraft/references/ItemIds	Lnet/minecraft/resources/ResourceKey;	ARMOR_STAND	field_1_3880
FIELD	net/minecraft/references/ItemIds	Lnet/minecraft/resources/ResourceKey;	ARMS_UP_POTTERY_SHERD	field_1_3881
FIELD	net/minecraft/references/ItemIds	Lnet/minecraft/resources/ResourceKey;	ARROW	field_1_3882
FIELD	net/minecraft/references/ItemIds	Lnet/minecraft/resources/ResourceKey;	AXOLOTL_BUCKET	field_1_3883
FIELD	net/minecraft/references/ItemIds	Lnet/minecraft/resources/ResourceKey;	AXOLOTL_SPAWN_EGG	field_1_3884
FIELD	net/minecraft/references/ItemIds	Lnet/minecraft/resources/ResourceKey;	BAKED_POTATO	field_1_3885
FIELD	net/minecraft/references/ItemIds	Lnet/minecraft/resources/ResourceKey;	BAMBOO_CHEST_RAFT	field_1_3886
FIELD	net/minecraft/references/ItemIds	Lnet/minecraft/resources/ResourceKey;	BAMBOO_RAFT	field_1_3887
FIELD	net/minecraft/references/ItemIds	Lnet/minecraft/resources/ResourceKey;	BAT_SPAWN_EGG	field_1_3888
FIELD	net/minecraft/references/ItemIds	Lnet/minecraft/resources/ResourceKey;	BEEF	field_1_3889
FIELD	net/minecraft/references/ItemIds	Lnet/minecraft/resources/ResourceKey;	BEETROOT	field_1_3890
FIELD	net/minecraft/references/ItemIds	Lnet/minecraft/resources/ResourceKey;	BEETROOT_SOUP	field_1_3891
FIELD	net/minecraft/references/ItemIds	Lnet/minecraft/resources/ResourceKey;	BEE_SPAWN_EGG	field_1_3892
FIELD	net/minecraft/references/ItemIds	Lnet/minecraft/resources/ResourceKey;	BIRCH_BOAT	field_1_3893
FIELD	net/minecraft/references/ItemIds	Lnet/minecraft/resources/ResourceKey;	BIRCH_CHEST_BOAT	field_1_3894
FIELD	net/minecraft/references/ItemIds	Lnet/minecraft/resources/ResourceKey;	BLADE_POTTERY_SHERD	field_1_3895
FIELD	net/minecraft/references/ItemIds	Lnet/minecraft/resources/ResourceKey;	BLAZE_POWDER	field_1_3896
FIELD	net/minecraft/references/ItemIds	Lnet/minecraft/resources/ResourceKey;	BLAZE_ROD	field_1_3897
FIELD	net/minecraft/references/ItemIds	Lnet/minecraft/resources/ResourceKey;	BLAZE_SPAWN_EGG	field_1_3898
FIELD	net/minecraft/references/ItemIds	Lnet/minecraft/resources/ResourceKey;	BLUE_EGG	field_1_3899
FIELD	net/minecraft/references/ItemIds	Lnet/minecraft/resources/ResourceKey;	BOGGED_SPAWN_EGG	field_1_3900
FIELD	net/minecraft/references/ItemIds	Lnet/minecraft/resources/ResourceKey;	BOLT_ARMOR_TRIM_SMITHING_TEMPLATE	field_1_3901
FIELD	net/minecraft/references/ItemIds	Lnet/minecraft/resources/ResourceKey;	BONE	field_1_3902
FIELD	net/minecraft/references/ItemIds	Lnet/minecraft/resources/ResourceKey;	BONE_MEAL	field_1_3903
FIELD	net/minecraft/references/ItemIds	Lnet/minecraft/resources/ResourceKey;	BOOK	field_1_3904
FIELD	net/minecraft/references/ItemIds	Lnet/minecraft/resources/ResourceKey;	BORDURE_INDENTED_BANNER_PATTERN	field_1_3905
FIELD	net/minecraft/references/ItemIds	Lnet/minecraft/resources/ResourceKey;	BOWL	field_1_3906
FIELD	net/minecraft/references/ItemIds	Lnet/minecraft/resources/ResourceKey;	BOW	field_1_3907
FIELD	net/minecraft/references/ItemIds	Lnet/minecraft/resources/ResourceKey;	BREAD	field_1_3908
FIELD	net/minecraft/references/ItemIds	Lnet/minecraft/resources/ResourceKey;	BREEZE_ROD	field_1_3909
FIELD	net/minecraft/references/ItemIds	Lnet/minecraft/resources/ResourceKey;	BREEZE_SPAWN_EGG	field_1_3910
FIELD	net/minecraft/references/ItemIds	Lnet/minecraft/resources/ResourceKey;	BREWER_POTTERY_SHERD	field_1_3911
FIELD	net/minecraft/references/ItemIds	Lnet/minecraft/resources/ResourceKey;	BRICK	field_1_3912
FIELD	net/minecraft/references/ItemIds	Lnet/minecraft/resources/ResourceKey;	BROWN_EGG	field_1_3913
FIELD	net/minecraft/references/ItemIds	Lnet/minecraft/resources/ResourceKey;	BRUSH	field_1_3914
FIELD	net/minecraft/references/ItemIds	Lnet/minecraft/resources/ResourceKey;	BUCKET	field_1_3915
FIELD	net/minecraft/references/ItemIds	Lnet/minecraft/resources/ResourceKey;	BUNDLE	field_1_3916
FIELD	net/minecraft/references/ItemIds	Lnet/minecraft/resources/ResourceKey;	BURN_POTTERY_SHERD	field_1_3917
FIELD	net/minecraft/references/ItemIds	Lnet/minecraft/resources/ResourceKey;	CAMEL_HUSK_SPAWN_EGG	field_1_3918
FIELD	net/minecraft/references/ItemIds	Lnet/minecraft/resources/ResourceKey;	CAMEL_SPAWN_EGG	field_1_3919
FIELD	net/minecraft/references/ItemIds	Lnet/minecraft/resources/ResourceKey;	CARROT_ON_A_STICK	field_1_3920
FIELD	net/minecraft/references/ItemIds	Lnet/minecraft/resources/ResourceKey;	CAT_SPAWN_EGG	field_1_3921
FIELD	net/minecraft/references/ItemIds	Lnet/minecraft/resources/ResourceKey;	CAVE_SPIDER_SPAWN_EGG	field_1_3922
FIELD	net/minecraft/references/ItemIds	Lnet/minecraft/resources/ResourceKey;	CHAINMAIL_BOOTS	field_1_3923
FIELD	net/minecraft/references/ItemIds	Lnet/minecraft/resources/ResourceKey;	CHAINMAIL_CHESTPLATE	field_1_3924
FIELD	net/minecraft/references/ItemIds	Lnet/minecraft/resources/ResourceKey;	CHAINMAIL_HELMET	field_1_3925
FIELD	net/minecraft/references/ItemIds	Lnet/minecraft/resources/ResourceKey;	CHAINMAIL_LEGGINGS	field_1_3926
FIELD	net/minecraft/references/ItemIds	Lnet/minecraft/resources/ResourceKey;	CHARCOAL	field_1_3927
FIELD	net/minecraft/references/ItemIds	Lnet/minecraft/resources/ResourceKey;	CHERRY_BOAT	field_1_3928
FIELD	net/minecraft/references/ItemIds	Lnet/minecraft/resources/ResourceKey;	CHERRY_CHEST_BOAT	field_1_3929
FIELD	net/minecraft/references/ItemIds	Lnet/minecraft/resources/ResourceKey;	CHEST_MINECART	field_1_3930
FIELD	net/minecraft/references/ItemIds	Lnet/minecraft/resources/ResourceKey;	CHICKEN	field_1_3931
FIELD	net/minecraft/references/ItemIds	Lnet/minecraft/resources/ResourceKey;	CHICKEN_SPAWN_EGG	field_1_3932
FIELD	net/minecraft/references/ItemIds	Lnet/minecraft/resources/ResourceKey;	CHORUS_FRUIT	field_1_3933
FIELD	net/minecraft/references/ItemIds	Lnet/minecraft/resources/ResourceKey;	CLAY_BALL	field_1_3934
FIELD	net/minecraft/references/ItemIds	Lnet/minecraft/resources/ResourceKey;	CLOCK	field_1_3935
FIELD	net/minecraft/references/ItemIds	Lnet/minecraft/resources/ResourceKey;	COAL	field_1_3936
FIELD	net/minecraft/references/ItemIds	Lnet/minecraft/resources/ResourceKey;	COAST_ARMOR_TRIM_SMITHING_TEMPLATE	field_1_3937
FIELD	net/minecraft/references/ItemIds	Lnet/minecraft/resources/ResourceKey;	COD	field_1_3938
FIELD	net/minecraft/references/ItemIds	Lnet/minecraft/resources/ResourceKey;	COD_BUCKET	field_1_3939
FIELD	net/minecraft/references/ItemIds	Lnet/minecraft/resources/ResourceKey;	COD_SPAWN_EGG	field_1_3940
FIELD	net/minecraft/references/ItemIds	Lnet/minecraft/resources/ResourceKey;	COMMAND_BLOCK_MINECART	field_1_3941
FIELD	net/minecraft/references/ItemIds	Lnet/minecraft/resources/ResourceKey;	COMPASS	field_1_3942
FIELD	net/minecraft/references/ItemIds	Lnet/minecraft/resources/ResourceKey;	COOKED_BEEF	field_1_3943
FIELD	net/minecraft/references/ItemIds	Lnet/minecraft/resources/ResourceKey;	COOKED_CHICKEN	field_1_3944
FIELD	net/minecraft/references/ItemIds	Lnet/minecraft/resources/ResourceKey;	COOKED_COD	field_1_3945
FIELD	net/minecraft/references/ItemIds	Lnet/minecraft/resources/ResourceKey;	COOKED_MUTTON	field_1_3946
FIELD	net/minecraft/references/ItemIds	Lnet/minecraft/resources/ResourceKey;	COOKED_PORKCHOP	field_1_3947
FIELD	net/minecraft/references/ItemIds	Lnet/minecraft/resources/ResourceKey;	COOKED_RABBIT	field_1_3948
FIELD	net/minecraft/references/ItemIds	Lnet/minecraft/resources/ResourceKey;	COOKED_SALMON	field_1_3949
FIELD	net/minecraft/references/ItemIds	Lnet/minecraft/resources/ResourceKey;	COOKIE	field_1_3950
FIELD	net/minecraft/references/ItemIds	Lnet/minecraft/resources/ResourceKey;	COPPER_AXE	field_1_3951
FIELD	net/minecraft/references/ItemIds	Lnet/minecraft/resources/ResourceKey;	COPPER_BOOTS	field_1_3952
FIELD	net/minecraft/references/ItemIds	Lnet/minecraft/resources/ResourceKey;	COPPER_CHESTPLATE	field_1_3953
FIELD	net/minecraft/references/ItemIds	Lnet/minecraft/resources/ResourceKey;	COPPER_GOLEM_SPAWN_EGG	field_1_3954
FIELD	net/minecraft/references/ItemIds	Lnet/minecraft/resources/ResourceKey;	COPPER_HELMET	field_1_3955
FIELD	net/minecraft/references/ItemIds	Lnet/minecraft/resources/ResourceKey;	COPPER_HOE	field_1_3956
FIELD	net/minecraft/references/ItemIds	Lnet/minecraft/resources/ResourceKey;	COPPER_HORSE_ARMOR	field_1_3957
FIELD	net/minecraft/references/ItemIds	Lnet/minecraft/resources/ResourceKey;	COPPER_INGOT	field_1_3958
FIELD	net/minecraft/references/ItemIds	Lnet/minecraft/resources/ResourceKey;	COPPER_LEGGINGS	field_1_3959
FIELD	net/minecraft/references/ItemIds	Lnet/minecraft/resources/ResourceKey;	COPPER_NAUTILUS_ARMOR	field_1_3960
FIELD	net/minecraft/references/ItemIds	Lnet/minecraft/resources/ResourceKey;	COPPER_NUGGET	field_1_3961
FIELD	net/minecraft/references/ItemIds	Lnet/minecraft/resources/ResourceKey;	COPPER_PICKAXE	field_1_3962
FIELD	net/minecraft/references/ItemIds	Lnet/minecraft/resources/ResourceKey;	COPPER_SHOVEL	field_1_3963
FIELD	net/minecraft/references/ItemIds	Lnet/minecraft/resources/ResourceKey;	COPPER_SPEAR	field_1_3964
FIELD	net/minecraft/references/ItemIds	Lnet/minecraft/resources/ResourceKey;	COPPER_SWORD	field_1_3965
FIELD	net/minecraft/references/ItemIds	Lnet/minecraft/resources/ResourceKey;	COW_SPAWN_EGG	field_1_3966
FIELD	net/minecraft/references/ItemIds	Lnet/minecraft/resources/ResourceKey;	CREAKING_SPAWN_EGG	field_1_3967
FIELD	net/minecraft/references/ItemIds	Lnet/minecraft/resources/ResourceKey;	CREEPER_BANNER_PATTERN	field_1_3968
FIELD	net/minecraft/references/ItemIds	Lnet/minecraft/resources/ResourceKey;	CREEPER_SPAWN_EGG	field_1_3969
FIELD	net/minecraft/references/ItemIds	Lnet/minecraft/resources/ResourceKey;	CROSSBOW	field_1_3970
FIELD	net/minecraft/references/ItemIds	Lnet/minecraft/resources/ResourceKey;	DANGER_POTTERY_SHERD	field_1_3971
FIELD	net/minecraft/references/ItemIds	Lnet/minecraft/resources/ResourceKey;	DARK_OAK_BOAT	field_1_3972
FIELD	net/minecraft/references/ItemIds	Lnet/minecraft/resources/ResourceKey;	DARK_OAK_CHEST_BOAT	field_1_3973
FIELD	net/minecraft/references/ItemIds	Lnet/minecraft/resources/ResourceKey;	DEBUG_STICK	field_1_3974
FIELD	net/minecraft/references/ItemIds	Lnet/minecraft/resources/ResourceKey;	DIAMOND	field_1_3975
FIELD	net/minecraft/references/ItemIds	Lnet/minecraft/resources/ResourceKey;	DIAMOND_AXE	field_1_3976
FIELD	net/minecraft/references/ItemIds	Lnet/minecraft/resources/ResourceKey;	DIAMOND_BOOTS	field_1_3977
FIELD	net/minecraft/references/ItemIds	Lnet/minecraft/resources/ResourceKey;	DIAMOND_CHESTPLATE	field_1_3978
FIELD	net/minecraft/references/ItemIds	Lnet/minecraft/resources/ResourceKey;	DIAMOND_HELMET	field_1_3979
FIELD	net/minecraft/references/ItemIds	Lnet/minecraft/resources/ResourceKey;	DIAMOND_HOE	field_1_3980
FIELD	net/minecraft/references/ItemIds	Lnet/minecraft/resources/ResourceKey;	DIAMOND_HORSE_ARMOR	field_1_3981
FIELD	net/minecraft/references/ItemIds	Lnet/minecraft/resources/ResourceKey;	DIAMOND_LEGGINGS	field_1_3982
FIELD	net/minecraft/references/ItemIds	Lnet/minecraft/resources/ResourceKey;	DIAMOND_NAUTILUS_ARMOR	field_1_3983
FIELD	net/minecraft/references/ItemIds	Lnet/minecraft/resources/ResourceKey;	DIAMOND_PICKAXE	field_1_3984
FIELD	net/minecraft/references/ItemIds	Lnet/minecraft/resources/ResourceKey;	DIAMOND_SHOVEL	field_1_3985
FIELD	net/minecraft/references/ItemIds	Lnet/minecraft/resources/ResourceKey;	DIAMOND_SPEAR	field_1_3986
FIELD	net/minecraft/references/ItemIds	Lnet/minecraft/resources/ResourceKey;	DIAMOND_SWORD	field_1_3987
FIELD	net/minecraft/references/ItemIds	Lnet/minecraft/resources/ResourceKey;	DISC_FRAGMENT_5	field_1_3988
FIELD	net/minecraft/references/ItemIds	Lnet/minecraft/resources/ResourceKey;	DOLPHIN_SPAWN_EGG	field_1_3989
FIELD	net/minecraft/references/ItemIds	Lnet/minecraft/resources/ResourceKey;	DONKEY_SPAWN_EGG	field_1_3990
FIELD	net/minecraft/references/ItemIds	Lnet/minecraft/resources/ResourceKey;	DRAGON_BREATH	field_1_3991
FIELD	net/minecraft/references/ItemIds	Lnet/minecraft/resources/ResourceKey;	DRIED_KELP	field_1_3992
FIELD	net/minecraft/references/ItemIds	Lnet/minecraft/resources/ResourceKey;	DROWNED_SPAWN_EGG	field_1_3993
FIELD	net/minecraft/references/ItemIds	Lnet/minecraft/resources/ResourceKey;	DUNE_ARMOR_TRIM_SMITHING_TEMPLATE	field_1_3994
FIELD	net/minecraft/references/ItemIds	Lnet/minecraft/world/level/block/ColorCollection;	DYED_BUNDLE	field_1_3995
FIELD	net/minecraft/references/ItemIds	Lnet/minecraft/world/level/block/ColorCollection;	DYE	field_1_3996
FIELD	net/minecraft/references/ItemIds	Lnet/minecraft/resources/ResourceKey;	ECHO_SHARD	field_1_3997
FIELD	net/minecraft/references/ItemIds	Lnet/minecraft/resources/ResourceKey;	EGG	field_1_3998
FIELD	net/minecraft/references/ItemIds	Lnet/minecraft/resources/ResourceKey;	ELDER_GUARDIAN_SPAWN_EGG	field_1_3999
FIELD	net/minecraft/references/ItemIds	Lnet/minecraft/resources/ResourceKey;	ELYTRA	field_1_4000
FIELD	net/minecraft/references/ItemIds	Lnet/minecraft/resources/ResourceKey;	EMERALD	field_1_4001
FIELD	net/minecraft/references/ItemIds	Lnet/minecraft/resources/ResourceKey;	ENCHANTED_BOOK	field_1_4002
FIELD	net/minecraft/references/ItemIds	Lnet/minecraft/resources/ResourceKey;	ENCHANTED_GOLDEN_APPLE	field_1_4003
FIELD	net/minecraft/references/ItemIds	Lnet/minecraft/resources/ResourceKey;	ENDERMAN_SPAWN_EGG	field_1_4004
FIELD	net/minecraft/references/ItemIds	Lnet/minecraft/resources/ResourceKey;	ENDERMITE_SPAWN_EGG	field_1_4005
FIELD	net/minecraft/references/ItemIds	Lnet/minecraft/resources/ResourceKey;	ENDER_DRAGON_SPAWN_EGG	field_1_4006
FIELD	net/minecraft/references/ItemIds	Lnet/minecraft/resources/ResourceKey;	ENDER_EYE	field_1_4007
FIELD	net/minecraft/references/ItemIds	Lnet/minecraft/resources/ResourceKey;	ENDER_PEARL	field_1_4008
FIELD	net/minecraft/references/ItemIds	Lnet/minecraft/resources/ResourceKey;	END_CRYSTAL	field_1_4009
FIELD	net/minecraft/references/ItemIds	Lnet/minecraft/resources/ResourceKey;	EVOKER_SPAWN_EGG	field_1_4010
FIELD	net/minecraft/references/ItemIds	Lnet/minecraft/resources/ResourceKey;	EXPERIENCE_BOTTLE	field_1_4011
FIELD	net/minecraft/references/ItemIds	Lnet/minecraft/resources/ResourceKey;	EXPLORER_POTTERY_SHERD	field_1_4012
FIELD	net/minecraft/references/ItemIds	Lnet/minecraft/resources/ResourceKey;	EYE_ARMOR_TRIM_SMITHING_TEMPLATE	field_1_4013
FIELD	net/minecraft/references/ItemIds	Lnet/minecraft/resources/ResourceKey;	FEATHER	field_1_4014
FIELD	net/minecraft/references/ItemIds	Lnet/minecraft/resources/ResourceKey;	FERMENTED_SPIDER_EYE	field_1_4015
FIELD	net/minecraft/references/ItemIds	Lnet/minecraft/resources/ResourceKey;	FIELD_MASONED_BANNER_PATTERN	field_1_4016
FIELD	net/minecraft/references/ItemIds	Lnet/minecraft/resources/ResourceKey;	FILLED_MAP	field_1_4017
FIELD	net/minecraft/references/ItemIds	Lnet/minecraft/resources/ResourceKey;	FIREWORK_ROCKET	field_1_4018
FIELD	net/minecraft/references/ItemIds	Lnet/minecraft/resources/ResourceKey;	FIREWORK_STAR	field_1_4019
FIELD	net/minecraft/references/ItemIds	Lnet/minecraft/resources/ResourceKey;	FIRE_CHARGE	field_1_4020
FIELD	net/minecraft/references/ItemIds	Lnet/minecraft/resources/ResourceKey;	FISHING_ROD	field_1_4021
FIELD	net/minecraft/references/ItemIds	Lnet/minecraft/resources/ResourceKey;	FLINT	field_1_4022
FIELD	net/minecraft/references/ItemIds	Lnet/minecraft/resources/ResourceKey;	FLINT_AND_STEEL	field_1_4023
FIELD	net/minecraft/references/ItemIds	Lnet/minecraft/resources/ResourceKey;	FLOWER_BANNER_PATTERN	field_1_4024
FIELD	net/minecraft/references/ItemIds	Lnet/minecraft/resources/ResourceKey;	FLOW_ARMOR_TRIM_SMITHING_TEMPLATE	field_1_4025
FIELD	net/minecraft/references/ItemIds	Lnet/minecraft/resources/ResourceKey;	FLOW_BANNER_PATTERN	field_1_4026
FIELD	net/minecraft/references/ItemIds	Lnet/minecraft/resources/ResourceKey;	FLOW_POTTERY_SHERD	field_1_4027
FIELD	net/minecraft/references/ItemIds	Lnet/minecraft/resources/ResourceKey;	FOX_SPAWN_EGG	field_1_4028
FIELD	net/minecraft/references/ItemIds	Lnet/minecraft/resources/ResourceKey;	FRIEND_POTTERY_SHERD	field_1_4029
FIELD	net/minecraft/references/ItemIds	Lnet/minecraft/resources/ResourceKey;	FROG_SPAWN_EGG	field_1_4030
FIELD	net/minecraft/references/ItemIds	Lnet/minecraft/resources/ResourceKey;	FURNACE_MINECART	field_1_4031
FIELD	net/minecraft/references/ItemIds	Lnet/minecraft/resources/ResourceKey;	GHAST_SPAWN_EGG	field_1_4032
FIELD	net/minecraft/references/ItemIds	Lnet/minecraft/resources/ResourceKey;	GHAST_TEAR	field_1_4033
FIELD	net/minecraft/references/ItemIds	Lnet/minecraft/resources/ResourceKey;	GLASS_BOTTLE	field_1_4034
FIELD	net/minecraft/references/ItemIds	Lnet/minecraft/resources/ResourceKey;	GLISTERING_MELON_SLICE	field_1_4035
FIELD	net/minecraft/references/ItemIds	Lnet/minecraft/resources/ResourceKey;	GLOBE_BANNER_PATTERN	field_1_4036
FIELD	net/minecraft/references/ItemIds	Lnet/minecraft/resources/ResourceKey;	GLOWSTONE_DUST	field_1_4037
FIELD	net/minecraft/references/ItemIds	Lnet/minecraft/resources/ResourceKey;	GLOW_INK_SAC	field_1_4038
FIELD	net/minecraft/references/ItemIds	Lnet/minecraft/resources/ResourceKey;	GLOW_ITEM_FRAME	field_1_4039
FIELD	net/minecraft/references/ItemIds	Lnet/minecraft/resources/ResourceKey;	GLOW_SQUID_SPAWN_EGG	field_1_4040
FIELD	net/minecraft/references/ItemIds	Lnet/minecraft/resources/ResourceKey;	GOAT_HORN	field_1_4041
FIELD	net/minecraft/references/ItemIds	Lnet/minecraft/resources/ResourceKey;	GOAT_SPAWN_EGG	field_1_4042
FIELD	net/minecraft/references/ItemIds	Lnet/minecraft/resources/ResourceKey;	GOLDEN_APPLE	field_1_4043
FIELD	net/minecraft/references/ItemIds	Lnet/minecraft/resources/ResourceKey;	GOLDEN_AXE	field_1_4044
FIELD	net/minecraft/references/ItemIds	Lnet/minecraft/resources/ResourceKey;	GOLDEN_BOOTS	field_1_4045
FIELD	net/minecraft/references/ItemIds	Lnet/minecraft/resources/ResourceKey;	GOLDEN_CARROT	field_1_4046
FIELD	net/minecraft/references/ItemIds	Lnet/minecraft/resources/ResourceKey;	GOLDEN_CHESTPLATE	field_1_4047
FIELD	net/minecraft/references/ItemIds	Lnet/minecraft/resources/ResourceKey;	GOLDEN_HELMET	field_1_4048
FIELD	net/minecraft/references/ItemIds	Lnet/minecraft/resources/ResourceKey;	GOLDEN_HOE	field_1_4049
FIELD	net/minecraft/references/ItemIds	Lnet/minecraft/resources/ResourceKey;	GOLDEN_HORSE_ARMOR	field_1_4050
FIELD	net/minecraft/references/ItemIds	Lnet/minecraft/resources/ResourceKey;	GOLDEN_LEGGINGS	field_1_4051
FIELD	net/minecraft/references/ItemIds	Lnet/minecraft/resources/ResourceKey;	GOLDEN_NAUTILUS_ARMOR	field_1_4052
FIELD	net/minecraft/references/ItemIds	Lnet/minecraft/resources/ResourceKey;	GOLDEN_PICKAXE	field_1_4053
FIELD	net/minecraft/references/ItemIds	Lnet/minecraft/resources/ResourceKey;	GOLDEN_SHOVEL	field_1_4054
FIELD	net/minecraft/references/ItemIds	Lnet/minecraft/resources/ResourceKey;	GOLDEN_SPEAR	field_1_4055
FIELD	net/minecraft/references/ItemIds	Lnet/minecraft/resources/ResourceKey;	GOLDEN_SWORD	field_1_4056
FIELD	net/minecraft/references/ItemIds	Lnet/minecraft/resources/ResourceKey;	GOLD_INGOT	field_1_4057
FIELD	net/minecraft/references/ItemIds	Lnet/minecraft/resources/ResourceKey;	GOLD_NUGGET	field_1_4058
FIELD	net/minecraft/references/ItemIds	Lnet/minecraft/resources/ResourceKey;	GUARDIAN_SPAWN_EGG	field_1_4059
FIELD	net/minecraft/references/ItemIds	Lnet/minecraft/resources/ResourceKey;	GUNPOWDER	field_1_4060
FIELD	net/minecraft/references/ItemIds	Lnet/minecraft/resources/ResourceKey;	GUSTER_BANNER_PATTERN	field_1_4061
FIELD	net/minecraft/references/ItemIds	Lnet/minecraft/resources/ResourceKey;	GUSTER_POTTERY_SHERD	field_1_4062
FIELD	net/minecraft/references/ItemIds	Lnet/minecraft/resources/ResourceKey;	HAPPY_GHAST_SPAWN_EGG	field_1_4063
FIELD	net/minecraft/references/ItemIds	Lnet/minecraft/world/level/block/ColorCollection;	HARNESS	field_1_4064
FIELD	net/minecraft/references/ItemIds	Lnet/minecraft/resources/ResourceKey;	HEARTBREAK_POTTERY_SHERD	field_1_4065
FIELD	net/minecraft/references/ItemIds	Lnet/minecraft/resources/ResourceKey;	HEART_OF_THE_SEA	field_1_4066
FIELD	net/minecraft/references/ItemIds	Lnet/minecraft/resources/ResourceKey;	HEART_POTTERY_SHERD	field_1_4067
FIELD	net/minecraft/references/ItemIds	Lnet/minecraft/resources/ResourceKey;	HOGLIN_SPAWN_EGG	field_1_4068
FIELD	net/minecraft/references/ItemIds	Lnet/minecraft/resources/ResourceKey;	HONEYCOMB	field_1_4069
FIELD	net/minecraft/references/ItemIds	Lnet/minecraft/resources/ResourceKey;	HONEY_BOTTLE	field_1_4070
FIELD	net/minecraft/references/ItemIds	Lnet/minecraft/resources/ResourceKey;	HOPPER_MINECART	field_1_4071
FIELD	net/minecraft/references/ItemIds	Lnet/minecraft/resources/ResourceKey;	HORSE_SPAWN_EGG	field_1_4072
FIELD	net/minecraft/references/ItemIds	Lnet/minecraft/resources/ResourceKey;	HOST_ARMOR_TRIM_SMITHING_TEMPLATE	field_1_4073
FIELD	net/minecraft/references/ItemIds	Lnet/minecraft/resources/ResourceKey;	HOWL_POTTERY_SHERD	field_1_4074
FIELD	net/minecraft/references/ItemIds	Lnet/minecraft/resources/ResourceKey;	HUSK_SPAWN_EGG	field_1_4075
FIELD	net/minecraft/references/ItemIds	Lnet/minecraft/resources/ResourceKey;	INK_SAC	field_1_4076
FIELD	net/minecraft/references/ItemIds	Lnet/minecraft/resources/ResourceKey;	IRON_AXE	field_1_4077
FIELD	net/minecraft/references/ItemIds	Lnet/minecraft/resources/ResourceKey;	IRON_BOOTS	field_1_4078
FIELD	net/minecraft/references/ItemIds	Lnet/minecraft/resources/ResourceKey;	IRON_CHESTPLATE	field_1_4079
FIELD	net/minecraft/references/ItemIds	Lnet/minecraft/resources/ResourceKey;	IRON_GOLEM_SPAWN_EGG	field_1_4080
FIELD	net/minecraft/references/ItemIds	Lnet/minecraft/resources/ResourceKey;	IRON_HELMET	field_1_4081
FIELD	net/minecraft/references/ItemIds	Lnet/minecraft/resources/ResourceKey;	IRON_HOE	field_1_4082
FIELD	net/minecraft/references/ItemIds	Lnet/minecraft/resources/ResourceKey;	IRON_HORSE_ARMOR	field_1_4083
FIELD	net/minecraft/references/ItemIds	Lnet/minecraft/resources/ResourceKey;	IRON_INGOT	field_1_4084
FIELD	net/minecraft/references/ItemIds	Lnet/minecraft/resources/ResourceKey;	IRON_LEGGINGS	field_1_4085
FIELD	net/minecraft/references/ItemIds	Lnet/minecraft/resources/ResourceKey;	IRON_NAUTILUS_ARMOR	field_1_4086
FIELD	net/minecraft/references/ItemIds	Lnet/minecraft/resources/ResourceKey;	IRON_NUGGET	field_1_4087
FIELD	net/minecraft/references/ItemIds	Lnet/minecraft/resources/ResourceKey;	IRON_PICKAXE	field_1_4088
FIELD	net/minecraft/references/ItemIds	Lnet/minecraft/resources/ResourceKey;	IRON_SHOVEL	field_1_4089
FIELD	net/minecraft/references/ItemIds	Lnet/minecraft/resources/ResourceKey;	IRON_SPEAR	field_1_4090
FIELD	net/minecraft/references/ItemIds	Lnet/minecraft/resources/ResourceKey;	IRON_SWORD	field_1_4091
FIELD	net/minecraft/references/ItemIds	Lnet/minecraft/resources/ResourceKey;	ITEM_FRAME	field_1_4092
FIELD	net/minecraft/references/ItemIds	Lnet/minecraft/resources/ResourceKey;	JUNGLE_BOAT	field_1_4093
FIELD	net/minecraft/references/ItemIds	Lnet/minecraft/resources/ResourceKey;	JUNGLE_CHEST_BOAT	field_1_4094
FIELD	net/minecraft/references/ItemIds	Lnet/minecraft/resources/ResourceKey;	KNOWLEDGE_BOOK	field_1_4095
FIELD	net/minecraft/references/ItemIds	Lnet/minecraft/resources/ResourceKey;	LAPIS_LAZULI	field_1_4096
FIELD	net/minecraft/references/ItemIds	Lnet/minecraft/resources/ResourceKey;	LAVA_BUCKET	field_1_4097
FIELD	net/minecraft/references/ItemIds	Lnet/minecraft/resources/ResourceKey;	LEAD	field_1_4098
FIELD	net/minecraft/references/ItemIds	Lnet/minecraft/resources/ResourceKey;	LEATHER	field_1_4099
FIELD	net/minecraft/references/ItemIds	Lnet/minecraft/resources/ResourceKey;	LEATHER_BOOTS	field_1_4100
FIELD	net/minecraft/references/ItemIds	Lnet/minecraft/resources/ResourceKey;	LEATHER_CHESTPLATE	field_1_4101
FIELD	net/minecraft/references/ItemIds	Lnet/minecraft/resources/ResourceKey;	LEATHER_HELMET	field_1_4102
FIELD	net/minecraft/references/ItemIds	Lnet/minecraft/resources/ResourceKey;	LEATHER_HORSE_ARMOR	field_1_4103
FIELD	net/minecraft/references/ItemIds	Lnet/minecraft/resources/ResourceKey;	LEATHER_LEGGINGS	field_1_4104
FIELD	net/minecraft/references/ItemIds	Lnet/minecraft/resources/ResourceKey;	LINGERING_POTION	field_1_4105
FIELD	net/minecraft/references/ItemIds	Lnet/minecraft/resources/ResourceKey;	LLAMA_SPAWN_EGG	field_1_4106
FIELD	net/minecraft/references/ItemIds	Lnet/minecraft/resources/ResourceKey;	MACE	field_1_4107
FIELD	net/minecraft/references/ItemIds	Lnet/minecraft/resources/ResourceKey;	MAGMA_CREAM	field_1_4108
FIELD	net/minecraft/references/ItemIds	Lnet/minecraft/resources/ResourceKey;	MAGMA_CUBE_SPAWN_EGG	field_1_4109
FIELD	net/minecraft/references/ItemIds	Lnet/minecraft/resources/ResourceKey;	MANGROVE_BOAT	field_1_4110
FIELD	net/minecraft/references/ItemIds	Lnet/minecraft/resources/ResourceKey;	MANGROVE_CHEST_BOAT	field_1_4111
FIELD	net/minecraft/references/ItemIds	Lnet/minecraft/resources/ResourceKey;	MAP	field_1_4112
FIELD	net/minecraft/references/ItemIds	Lnet/minecraft/resources/ResourceKey;	MELON_SLICE	field_1_4113
FIELD	net/minecraft/references/ItemIds	Lnet/minecraft/resources/ResourceKey;	MILK_BUCKET	field_1_4114
FIELD	net/minecraft/references/ItemIds	Lnet/minecraft/resources/ResourceKey;	MINECART	field_1_4115
FIELD	net/minecraft/references/ItemIds	Lnet/minecraft/resources/ResourceKey;	MINER_POTTERY_SHERD	field_1_4116
FIELD	net/minecraft/references/ItemIds	Lnet/minecraft/resources/ResourceKey;	MOJANG_BANNER_PATTERN	field_1_4117
FIELD	net/minecraft/references/ItemIds	Lnet/minecraft/resources/ResourceKey;	MOOSHROOM_SPAWN_EGG	field_1_4118
FIELD	net/minecraft/references/ItemIds	Lnet/minecraft/resources/ResourceKey;	MOURNER_POTTERY_SHERD	field_1_4119
FIELD	net/minecraft/references/ItemIds	Lnet/minecraft/resources/ResourceKey;	MULE_SPAWN_EGG	field_1_4120
FIELD	net/minecraft/references/ItemIds	Lnet/minecraft/resources/ResourceKey;	MUSHROOM_STEW	field_1_4121
FIELD	net/minecraft/references/ItemIds	Lnet/minecraft/resources/ResourceKey;	MUSIC_DISC_11	field_1_4122
FIELD	net/minecraft/references/ItemIds	Lnet/minecraft/resources/ResourceKey;	MUSIC_DISC_13	field_1_4123
FIELD	net/minecraft/references/ItemIds	Lnet/minecraft/resources/ResourceKey;	MUSIC_DISC_5	field_1_4124
FIELD	net/minecraft/references/ItemIds	Lnet/minecraft/resources/ResourceKey;	MUSIC_DISC_BLOCKS	field_1_4125
FIELD	net/minecraft/references/ItemIds	Lnet/minecraft/resources/ResourceKey;	MUSIC_DISC_CAT	field_1_4126
FIELD	net/minecraft/references/ItemIds	Lnet/minecraft/resources/ResourceKey;	MUSIC_DISC_CHIRP	field_1_4127
FIELD	net/minecraft/references/ItemIds	Lnet/minecraft/resources/ResourceKey;	MUSIC_DISC_CREATOR	field_1_4128
FIELD	net/minecraft/references/ItemIds	Lnet/minecraft/resources/ResourceKey;	MUSIC_DISC_CREATOR_MUSIC_BOX	field_1_4129
FIELD	net/minecraft/references/ItemIds	Lnet/minecraft/resources/ResourceKey;	MUSIC_DISC_FAR	field_1_4130
FIELD	net/minecraft/references/ItemIds	Lnet/minecraft/resources/ResourceKey;	MUSIC_DISC_LAVA_CHICKEN	field_1_4131
FIELD	net/minecraft/references/ItemIds	Lnet/minecraft/resources/ResourceKey;	MUSIC_DISC_MALL	field_1_4132
FIELD	net/minecraft/references/ItemIds	Lnet/minecraft/resources/ResourceKey;	MUSIC_DISC_MELLOHI	field_1_4133
FIELD	net/minecraft/references/ItemIds	Lnet/minecraft/resources/ResourceKey;	MUSIC_DISC_OTHERSIDE	field_1_4134
FIELD	net/minecraft/references/ItemIds	Lnet/minecraft/resources/ResourceKey;	MUSIC_DISC_PIGSTEP	field_1_4135
FIELD	net/minecraft/references/ItemIds	Lnet/minecraft/resources/ResourceKey;	MUSIC_DISC_PRECIPICE	field_1_4136
FIELD	net/minecraft/references/ItemIds	Lnet/minecraft/resources/ResourceKey;	MUSIC_DISC_RELIC	field_1_4137
FIELD	net/minecraft/references/ItemIds	Lnet/minecraft/resources/ResourceKey;	MUSIC_DISC_STAL	field_1_4138
FIELD	net/minecraft/references/ItemIds	Lnet/minecraft/resources/ResourceKey;	MUSIC_DISC_STRAD	field_1_4139
FIELD	net/minecraft/references/ItemIds	Lnet/minecraft/resources/ResourceKey;	MUSIC_DISC_TEARS	field_1_4140
FIELD	net/minecraft/references/ItemIds	Lnet/minecraft/resources/ResourceKey;	MUSIC_DISC_WAIT	field_1_4141
FIELD	net/minecraft/references/ItemIds	Lnet/minecraft/resources/ResourceKey;	MUSIC_DISC_WARD	field_1_4142
FIELD	net/minecraft/references/ItemIds	Lnet/minecraft/resources/ResourceKey;	MUTTON	field_1_4143
FIELD	net/minecraft/references/ItemIds	Lnet/minecraft/resources/ResourceKey;	NAME_TAG	field_1_4144
FIELD	net/minecraft/references/ItemIds	Lnet/minecraft/resources/ResourceKey;	NAUTILUS_SHELL	field_1_4145
FIELD	net/minecraft/references/ItemIds	Lnet/minecraft/resources/ResourceKey;	NAUTILUS_SPAWN_EGG	field_1_4146
FIELD	net/minecraft/references/ItemIds	Lnet/minecraft/resources/ResourceKey;	NETHERITE_AXE	field_1_4147
FIELD	net/minecraft/references/ItemIds	Lnet/minecraft/resources/ResourceKey;	NETHERITE_BOOTS	field_1_4148
FIELD	net/minecraft/references/ItemIds	Lnet/minecraft/resources/ResourceKey;	NETHERITE_CHESTPLATE	field_1_4149
FIELD	net/minecraft/references/ItemIds	Lnet/minecraft/resources/ResourceKey;	NETHERITE_HELMET	field_1_4150
FIELD	net/minecraft/references/ItemIds	Lnet/minecraft/resources/ResourceKey;	NETHERITE_HOE	field_1_4151
FIELD	net/minecraft/references/ItemIds	Lnet/minecraft/resources/ResourceKey;	NETHERITE_HORSE_ARMOR	field_1_4152
FIELD	net/minecraft/references/ItemIds	Lnet/minecraft/resources/ResourceKey;	NETHERITE_INGOT	field_1_4153
FIELD	net/minecraft/references/ItemIds	Lnet/minecraft/resources/ResourceKey;	NETHERITE_LEGGINGS	field_1_4154
FIELD	net/minecraft/references/ItemIds	Lnet/minecraft/resources/ResourceKey;	NETHERITE_NAUTILUS_ARMOR	field_1_4155
FIELD	net/minecraft/references/ItemIds	Lnet/minecraft/resources/ResourceKey;	NETHERITE_PICKAXE	field_1_4156
FIELD	net/minecraft/references/ItemIds	Lnet/minecraft/resources/ResourceKey;	NETHERITE_SCRAP	field_1_4157
FIELD	net/minecraft/references/ItemIds	Lnet/minecraft/resources/ResourceKey;	NETHERITE_SHOVEL	field_1_4158
FIELD	net/minecraft/references/ItemIds	Lnet/minecraft/resources/ResourceKey;	NETHERITE_SPEAR	field_1_4159
FIELD	net/minecraft/references/ItemIds	Lnet/minecraft/resources/ResourceKey;	NETHERITE_SWORD	field_1_4160
FIELD	net/minecraft/references/ItemIds	Lnet/minecraft/resources/ResourceKey;	NETHERITE_UPGRADE_SMITHING_TEMPLATE	field_1_4161
FIELD	net/minecraft/references/ItemIds	Lnet/minecraft/resources/ResourceKey;	NETHER_BRICK	field_1_4162
FIELD	net/minecraft/references/ItemIds	Lnet/minecraft/resources/ResourceKey;	NETHER_STAR	field_1_4163
FIELD	net/minecraft/references/ItemIds	Lnet/minecraft/resources/ResourceKey;	OAK_BOAT	field_1_4164
FIELD	net/minecraft/references/ItemIds	Lnet/minecraft/resources/ResourceKey;	OAK_CHEST_BOAT	field_1_4165
FIELD	net/minecraft/references/ItemIds	Lnet/minecraft/resources/ResourceKey;	OCELOT_SPAWN_EGG	field_1_4166
FIELD	net/minecraft/references/ItemIds	Lnet/minecraft/resources/ResourceKey;	OMINOUS_BOTTLE	field_1_4167
FIELD	net/minecraft/references/ItemIds	Lnet/minecraft/resources/ResourceKey;	OMINOUS_TRIAL_KEY	field_1_4168
FIELD	net/minecraft/references/ItemIds	Lnet/minecraft/resources/ResourceKey;	PAINTING	field_1_4169
FIELD	net/minecraft/references/ItemIds	Lnet/minecraft/resources/ResourceKey;	PALE_OAK_BOAT	field_1_4170
FIELD	net/minecraft/references/ItemIds	Lnet/minecraft/resources/ResourceKey;	PALE_OAK_CHEST_BOAT	field_1_4171
FIELD	net/minecraft/references/ItemIds	Lnet/minecraft/resources/ResourceKey;	PANDA_SPAWN_EGG	field_1_4172
FIELD	net/minecraft/references/ItemIds	Lnet/minecraft/resources/ResourceKey;	PAPER	field_1_4173
FIELD	net/minecraft/references/ItemIds	Lnet/minecraft/resources/ResourceKey;	PARCHED_SPAWN_EGG	field_1_4174
FIELD	net/minecraft/references/ItemIds	Lnet/minecraft/resources/ResourceKey;	PARROT_SPAWN_EGG	field_1_4175
FIELD	net/minecraft/references/ItemIds	Lnet/minecraft/resources/ResourceKey;	PHANTOM_MEMBRANE	field_1_4176
FIELD	net/minecraft/references/ItemIds	Lnet/minecraft/resources/ResourceKey;	PHANTOM_SPAWN_EGG	field_1_4177
FIELD	net/minecraft/references/ItemIds	Lnet/minecraft/resources/ResourceKey;	PIGLIN_BANNER_PATTERN	field_1_4178
FIELD	net/minecraft/references/ItemIds	Lnet/minecraft/resources/ResourceKey;	PIGLIN_BRUTE_SPAWN_EGG	field_1_4179
FIELD	net/minecraft/references/ItemIds	Lnet/minecraft/resources/ResourceKey;	PIGLIN_SPAWN_EGG	field_1_4180
FIELD	net/minecraft/references/ItemIds	Lnet/minecraft/resources/ResourceKey;	PIG_SPAWN_EGG	field_1_4181
FIELD	net/minecraft/references/ItemIds	Lnet/minecraft/resources/ResourceKey;	PILLAGER_SPAWN_EGG	field_1_4182
FIELD	net/minecraft/references/ItemIds	Lnet/minecraft/resources/ResourceKey;	PLENTY_POTTERY_SHERD	field_1_4183
FIELD	net/minecraft/references/ItemIds	Lnet/minecraft/resources/ResourceKey;	POISONOUS_POTATO	field_1_4184
FIELD	net/minecraft/references/ItemIds	Lnet/minecraft/resources/ResourceKey;	POLAR_BEAR_SPAWN_EGG	field_1_4185
FIELD	net/minecraft/references/ItemIds	Lnet/minecraft/resources/ResourceKey;	POPPED_CHORUS_FRUIT	field_1_4186
FIELD	net/minecraft/references/ItemIds	Lnet/minecraft/resources/ResourceKey;	PORKCHOP	field_1_4187
FIELD	net/minecraft/references/ItemIds	Lnet/minecraft/resources/ResourceKey;	POTION	field_1_4188
FIELD	net/minecraft/references/ItemIds	Lnet/minecraft/resources/ResourceKey;	PRISMARINE_CRYSTALS	field_1_4189
FIELD	net/minecraft/references/ItemIds	Lnet/minecraft/resources/ResourceKey;	PRISMARINE_SHARD	field_1_4190
FIELD	net/minecraft/references/ItemIds	Lnet/minecraft/resources/ResourceKey;	PRIZE_POTTERY_SHERD	field_1_4191
FIELD	net/minecraft/references/ItemIds	Lnet/minecraft/resources/ResourceKey;	PUFFERFISH	field_1_4192
FIELD	net/minecraft/references/ItemIds	Lnet/minecraft/resources/ResourceKey;	PUFFERFISH_BUCKET	field_1_4193
FIELD	net/minecraft/references/ItemIds	Lnet/minecraft/resources/ResourceKey;	PUFFERFISH_SPAWN_EGG	field_1_4194
FIELD	net/minecraft/references/ItemIds	Lnet/minecraft/resources/ResourceKey;	PUMPKIN_PIE	field_1_4195
FIELD	net/minecraft/references/ItemIds	Lnet/minecraft/resources/ResourceKey;	QUARTZ	field_1_4196
FIELD	net/minecraft/references/ItemIds	Lnet/minecraft/resources/ResourceKey;	RABBIT	field_1_4197
FIELD	net/minecraft/references/ItemIds	Lnet/minecraft/resources/ResourceKey;	RABBIT_FOOT	field_1_4198
FIELD	net/minecraft/references/ItemIds	Lnet/minecraft/resources/ResourceKey;	RABBIT_HIDE	field_1_4199
FIELD	net/minecraft/references/ItemIds	Lnet/minecraft/resources/ResourceKey;	RABBIT_SPAWN_EGG	field_1_4200
FIELD	net/minecraft/references/ItemIds	Lnet/minecraft/resources/ResourceKey;	RABBIT_STEW	field_1_4201
FIELD	net/minecraft/references/ItemIds	Lnet/minecraft/resources/ResourceKey;	RAISER_ARMOR_TRIM_SMITHING_TEMPLATE	field_1_4202
FIELD	net/minecraft/references/ItemIds	Lnet/minecraft/resources/ResourceKey;	RAVAGER_SPAWN_EGG	field_1_4203
FIELD	net/minecraft/references/ItemIds	Lnet/minecraft/resources/ResourceKey;	RAW_COPPER	field_1_4204
FIELD	net/minecraft/references/ItemIds	Lnet/minecraft/resources/ResourceKey;	RAW_GOLD	field_1_4205
FIELD	net/minecraft/references/ItemIds	Lnet/minecraft/resources/ResourceKey;	RAW_IRON	field_1_4206
FIELD	net/minecraft/references/ItemIds	Lnet/minecraft/resources/ResourceKey;	RECOVERY_COMPASS	field_1_4207
FIELD	net/minecraft/references/ItemIds	Lnet/minecraft/resources/ResourceKey;	RESIN_BRICK	field_1_4208
FIELD	net/minecraft/references/ItemIds	Lnet/minecraft/resources/ResourceKey;	RIB_ARMOR_TRIM_SMITHING_TEMPLATE	field_1_4209
FIELD	net/minecraft/references/ItemIds	Lnet/minecraft/resources/ResourceKey;	ROTTEN_FLESH	field_1_4210
FIELD	net/minecraft/references/ItemIds	Lnet/minecraft/resources/ResourceKey;	SADDLE	field_1_4211
FIELD	net/minecraft/references/ItemIds	Lnet/minecraft/resources/ResourceKey;	SALMON	field_1_4212
FIELD	net/minecraft/references/ItemIds	Lnet/minecraft/resources/ResourceKey;	SALMON_BUCKET	field_1_4213
FIELD	net/minecraft/references/ItemIds	Lnet/minecraft/resources/ResourceKey;	SALMON_SPAWN_EGG	field_1_4214
FIELD	net/minecraft/references/ItemIds	Lnet/minecraft/resources/ResourceKey;	SCRAPE_POTTERY_SHERD	field_1_4215
FIELD	net/minecraft/references/ItemIds	Lnet/minecraft/resources/ResourceKey;	SENTRY_ARMOR_TRIM_SMITHING_TEMPLATE	field_1_4216
FIELD	net/minecraft/references/ItemIds	Lnet/minecraft/resources/ResourceKey;	SHAPER_ARMOR_TRIM_SMITHING_TEMPLATE	field_1_4217
FIELD	net/minecraft/references/ItemIds	Lnet/minecraft/resources/ResourceKey;	SHEAF_POTTERY_SHERD	field_1_4218
FIELD	net/minecraft/references/ItemIds	Lnet/minecraft/resources/ResourceKey;	SHEARS	field_1_4219
FIELD	net/minecraft/references/ItemIds	Lnet/minecraft/resources/ResourceKey;	SHEEP_SPAWN_EGG	field_1_4220
FIELD	net/minecraft/references/ItemIds	Lnet/minecraft/resources/ResourceKey;	SHELTER_POTTERY_SHERD	field_1_4221
FIELD	net/minecraft/references/ItemIds	Lnet/minecraft/resources/ResourceKey;	SHIELD	field_1_4222
FIELD	net/minecraft/references/ItemIds	Lnet/minecraft/resources/ResourceKey;	SHULKER_SHELL	field_1_4223
FIELD	net/minecraft/references/ItemIds	Lnet/minecraft/resources/ResourceKey;	SHULKER_SPAWN_EGG	field_1_4224
FIELD	net/minecraft/references/ItemIds	Lnet/minecraft/resources/ResourceKey;	SILENCE_ARMOR_TRIM_SMITHING_TEMPLATE	field_1_4225
FIELD	net/minecraft/references/ItemIds	Lnet/minecraft/resources/ResourceKey;	SILVERFISH_SPAWN_EGG	field_1_4226
FIELD	net/minecraft/references/ItemIds	Lnet/minecraft/resources/ResourceKey;	SKELETON_HORSE_SPAWN_EGG	field_1_4227
FIELD	net/minecraft/references/ItemIds	Lnet/minecraft/resources/ResourceKey;	SKELETON_SPAWN_EGG	field_1_4228
FIELD	net/minecraft/references/ItemIds	Lnet/minecraft/resources/ResourceKey;	SKULL_BANNER_PATTERN	field_1_4229
FIELD	net/minecraft/references/ItemIds	Lnet/minecraft/resources/ResourceKey;	SKULL_POTTERY_SHERD	field_1_4230
FIELD	net/minecraft/references/ItemIds	Lnet/minecraft/resources/ResourceKey;	SLIME_BALL	field_1_4231
FIELD	net/minecraft/references/ItemIds	Lnet/minecraft/resources/ResourceKey;	SLIME_SPAWN_EGG	field_1_4232
FIELD	net/minecraft/references/ItemIds	Ljava/lang/String;	SMITHING_TEMPLATE_SUFFIX	field_1_4233
FIELD	net/minecraft/references/ItemIds	Lnet/minecraft/resources/ResourceKey;	SNIFFER_SPAWN_EGG	field_1_4234
FIELD	net/minecraft/references/ItemIds	Lnet/minecraft/resources/ResourceKey;	SNORT_POTTERY_SHERD	field_1_4235
FIELD	net/minecraft/references/ItemIds	Lnet/minecraft/resources/ResourceKey;	SNOUT_ARMOR_TRIM_SMITHING_TEMPLATE	field_1_4236
FIELD	net/minecraft/references/ItemIds	Lnet/minecraft/resources/ResourceKey;	SNOWBALL	field_1_4237
FIELD	net/minecraft/references/ItemIds	Lnet/minecraft/resources/ResourceKey;	SNOW_GOLEM_SPAWN_EGG	field_1_4238
FIELD	net/minecraft/references/ItemIds	Lnet/minecraft/resources/ResourceKey;	SPECTRAL_ARROW	field_1_4239
FIELD	net/minecraft/references/ItemIds	Lnet/minecraft/resources/ResourceKey;	SPIDER_EYE	field_1_4240
FIELD	net/minecraft/references/ItemIds	Lnet/minecraft/resources/ResourceKey;	SPIDER_SPAWN_EGG	field_1_4241
FIELD	net/minecraft/references/ItemIds	Lnet/minecraft/resources/ResourceKey;	SPIRE_ARMOR_TRIM_SMITHING_TEMPLATE	field_1_4242
FIELD	net/minecraft/references/ItemIds	Lnet/minecraft/resources/ResourceKey;	SPLASH_POTION	field_1_4243
FIELD	net/minecraft/references/ItemIds	Lnet/minecraft/resources/ResourceKey;	SPRUCE_BOAT	field_1_4244
FIELD	net/minecraft/references/ItemIds	Lnet/minecraft/resources/ResourceKey;	SPRUCE_CHEST_BOAT	field_1_4245
FIELD	net/minecraft/references/ItemIds	Lnet/minecraft/resources/ResourceKey;	SPYGLASS	field_1_4246
FIELD	net/minecraft/references/ItemIds	Lnet/minecraft/resources/ResourceKey;	SQUID_SPAWN_EGG	field_1_4247
FIELD	net/minecraft/references/ItemIds	Lnet/minecraft/resources/ResourceKey;	STICK	field_1_4248
FIELD	net/minecraft/references/ItemIds	Lnet/minecraft/resources/ResourceKey;	STONE_AXE	field_1_4249
FIELD	net/minecraft/references/ItemIds	Lnet/minecraft/resources/ResourceKey;	STONE_HOE	field_1_4250
FIELD	net/minecraft/references/ItemIds	Lnet/minecraft/resources/ResourceKey;	STONE_PICKAXE	field_1_4251
FIELD	net/minecraft/references/ItemIds	Lnet/minecraft/resources/ResourceKey;	STONE_SHOVEL	field_1_4252
FIELD	net/minecraft/references/ItemIds	Lnet/minecraft/resources/ResourceKey;	STONE_SPEAR	field_1_4253
FIELD	net/minecraft/references/ItemIds	Lnet/minecraft/resources/ResourceKey;	STONE_SWORD	field_1_4254
FIELD	net/minecraft/references/ItemIds	Lnet/minecraft/resources/ResourceKey;	STRAY_SPAWN_EGG	field_1_4255
FIELD	net/minecraft/references/ItemIds	Lnet/minecraft/resources/ResourceKey;	STRIDER_SPAWN_EGG	field_1_4256
FIELD	net/minecraft/references/ItemIds	Lnet/minecraft/resources/ResourceKey;	SUGAR	field_1_4257
FIELD	net/minecraft/references/ItemIds	Lnet/minecraft/resources/ResourceKey;	SULFUR_CUBE_BUCKET	field_1_4258
FIELD	net/minecraft/references/ItemIds	Lnet/minecraft/resources/ResourceKey;	SULFUR_CUBE_SPAWN_EGG	field_1_4259
FIELD	net/minecraft/references/ItemIds	Lnet/minecraft/resources/ResourceKey;	SUSPICIOUS_STEW	field_1_4260
FIELD	net/minecraft/references/ItemIds	Lnet/minecraft/resources/ResourceKey;	TADPOLE_BUCKET	field_1_4261
FIELD	net/minecraft/references/ItemIds	Lnet/minecraft/resources/ResourceKey;	TADPOLE_SPAWN_EGG	field_1_4262
FIELD	net/minecraft/references/ItemIds	Lnet/minecraft/resources/ResourceKey;	TIDE_ARMOR_TRIM_SMITHING_TEMPLATE	field_1_4263
FIELD	net/minecraft/references/ItemIds	Lnet/minecraft/resources/ResourceKey;	TIPPED_ARROW	field_1_4264
FIELD	net/minecraft/references/ItemIds	Lnet/minecraft/resources/ResourceKey;	TNT_MINECART	field_1_4265
FIELD	net/minecraft/references/ItemIds	Lnet/minecraft/resources/ResourceKey;	TOTEM_OF_UNDYING	field_1_4266
FIELD	net/minecraft/references/ItemIds	Lnet/minecraft/resources/ResourceKey;	TRADER_LLAMA_SPAWN_EGG	field_1_4267
FIELD	net/minecraft/references/ItemIds	Lnet/minecraft/resources/ResourceKey;	TRIAL_KEY	field_1_4268
FIELD	net/minecraft/references/ItemIds	Lnet/minecraft/resources/ResourceKey;	TRIDENT	field_1_4269
FIELD	net/minecraft/references/ItemIds	Lnet/minecraft/resources/ResourceKey;	TROPICAL_FISH	field_1_4270
FIELD	net/minecraft/references/ItemIds	Lnet/minecraft/resources/ResourceKey;	TROPICAL_FISH_BUCKET	field_1_4271
FIELD	net/minecraft/references/ItemIds	Lnet/minecraft/resources/ResourceKey;	TROPICAL_FISH_SPAWN_EGG	field_1_4272
FIELD	net/minecraft/references/ItemIds	Lnet/minecraft/resources/ResourceKey;	TURTLE_HELMET	field_1_4273
FIELD	net/minecraft/references/ItemIds	Lnet/minecraft/resources/ResourceKey;	TURTLE_SCUTE	field_1_4274
FIELD	net/minecraft/references/ItemIds	Lnet/minecraft/resources/ResourceKey;	TURTLE_SPAWN_EGG	field_1_4275
FIELD	net/minecraft/references/ItemIds	Lnet/minecraft/resources/ResourceKey;	VEX_ARMOR_TRIM_SMITHING_TEMPLATE	field_1_4276
FIELD	net/minecraft/references/ItemIds	Lnet/minecraft/resources/ResourceKey;	VEX_SPAWN_EGG	field_1_4277
FIELD	net/minecraft/references/ItemIds	Lnet/minecraft/resources/ResourceKey;	VILLAGER_SPAWN_EGG	field_1_4278
FIELD	net/minecraft/references/ItemIds	Lnet/minecraft/resources/ResourceKey;	VINDICATOR_SPAWN_EGG	field_1_4279
FIELD	net/minecraft/references/ItemIds	Lnet/minecraft/resources/ResourceKey;	WANDERING_TRADER_SPAWN_EGG	field_1_4280
FIELD	net/minecraft/references/ItemIds	Lnet/minecraft/resources/ResourceKey;	WARDEN_SPAWN_EGG	field_1_4281
FIELD	net/minecraft/references/ItemIds	Lnet/minecraft/resources/ResourceKey;	WARD_ARMOR_TRIM_SMITHING_TEMPLATE	field_1_4282
FIELD	net/minecraft/references/ItemIds	Lnet/minecraft/resources/ResourceKey;	WARPED_FUNGUS_ON_A_STICK	field_1_4283
FIELD	net/minecraft/references/ItemIds	Lnet/minecraft/resources/ResourceKey;	WATER_BUCKET	field_1_4284
FIELD	net/minecraft/references/ItemIds	Lnet/minecraft/resources/ResourceKey;	WAYFINDER_ARMOR_TRIM_SMITHING_TEMPLATE	field_1_4285
FIELD	net/minecraft/references/ItemIds	Lnet/minecraft/resources/ResourceKey;	WHEAT	field_1_4286
FIELD	net/minecraft/references/ItemIds	Lnet/minecraft/resources/ResourceKey;	WILD_ARMOR_TRIM_SMITHING_TEMPLATE	field_1_4287
FIELD	net/minecraft/references/ItemIds	Lnet/minecraft/resources/ResourceKey;	WIND_CHARGE	field_1_4288
FIELD	net/minecraft/references/ItemIds	Lnet/minecraft/resources/ResourceKey;	WITCH_SPAWN_EGG	field_1_4289
FIELD	net/minecraft/references/ItemIds	Lnet/minecraft/resources/ResourceKey;	WITHER_SKELETON_SPAWN_EGG	field_1_4290
FIELD	net/minecraft/references/ItemIds	Lnet/minecraft/resources/ResourceKey;	WITHER_SPAWN_EGG	field_1_4291
FIELD	net/minecraft/references/ItemIds	Lnet/minecraft/resources/ResourceKey;	WOLF_ARMOR	field_1_4292
FIELD	net/minecraft/references/ItemIds	Lnet/minecraft/resources/ResourceKey;	WOLF_SPAWN_EGG	field_1_4293
FIELD	net/minecraft/references/ItemIds	Lnet/minecraft/resources/ResourceKey;	WOODEN_AXE	field_1_4294
FIELD	net/minecraft/references/ItemIds	Lnet/minecraft/resources/ResourceKey;	WOODEN_HOE	field_1_4295
FIELD	net/minecraft/references/ItemIds	Lnet/minecraft/resources/ResourceKey;	WOODEN_PICKAXE	field_1_4296
FIELD	net/minecraft/references/ItemIds	Lnet/minecraft/resources/ResourceKey;	WOODEN_SHOVEL	field_1_4297
FIELD	net/minecraft/references/ItemIds	Lnet/minecraft/resources/ResourceKey;	WOODEN_SPEAR	field_1_4298
FIELD	net/minecraft/references/ItemIds	Lnet/minecraft/resources/ResourceKey;	WOODEN_SWORD	field_1_4299
FIELD	net/minecraft/references/ItemIds	Lnet/minecraft/resources/ResourceKey;	WRITABLE_BOOK	field_1_4300
FIELD	net/minecraft/references/ItemIds	Lnet/minecraft/resources/ResourceKey;	WRITTEN_BOOK	field_1_4301
FIELD	net/minecraft/references/ItemIds	Lnet/minecraft/resources/ResourceKey;	ZOGLIN_SPAWN_EGG	field_1_4302
FIELD	net/minecraft/references/ItemIds	Lnet/minecraft/resources/ResourceKey;	ZOMBIE_HORSE_SPAWN_EGG	field_1_4303
FIELD	net/minecraft/references/ItemIds	Lnet/minecraft/resources/ResourceKey;	ZOMBIE_NAUTILUS_SPAWN_EGG	field_1_4304
FIELD	net/minecraft/references/ItemIds	Lnet/minecraft/resources/ResourceKey;	ZOMBIE_SPAWN_EGG	field_1_4305
FIELD	net/minecraft/references/ItemIds	Lnet/minecraft/resources/ResourceKey;	ZOMBIE_VILLAGER_SPAWN_EGG	field_1_4306
FIELD	net/minecraft/references/ItemIds	Lnet/minecraft/resources/ResourceKey;	ZOMBIFIED_PIGLIN_SPAWN_EGG	field_1_4307
METHOD	net/minecraft/references/ItemIds	(Ljava/lang/String;)Lnet/minecraft/resources/ResourceKey;	create	method_1_4730
METHOD	net/minecraft/references/ItemIds	(Lnet/minecraft/resources/ResourceKey;)Lnet/minecraft/resources/ResourceKey;	createArmorTrimSmithingTemplate	method_1_4731
METHOD	net/minecraft/references/ItemIds	(Lnet/minecraft/resources/ResourceKey;)Lnet/minecraft/resources/ResourceKey;	createMusicDisc	method_1_4732
METHOD	net/minecraft/references/ItemIds	(Lnet/minecraft/resources/ResourceKey;)Lnet/minecraft/resources/ResourceKey;	createPotterySherd	method_1_4733
METHOD	net/minecraft/references/ItemIds	(Ljava/lang/String;)Lnet/minecraft/world/level/block/ColorCollection;	createSimpleColored	method_1_4734
METHOD	net/minecraft/references/ItemIds	(Lnet/minecraft/resources/ResourceKey;)Lnet/minecraft/resources/ResourceKey;	createSpawnEgg	method_1_4735
METHOD	net/minecraft/references/ItemIds	(Ljava/lang/String;)Ljava/lang/String;	lambda$createMusicDisc$0	method_1_4736
CLASS	net/minecraft/tags/BlockItemTags	class_1_780
FIELD	net/minecraft/tags/BlockItemTags	Lnet/minecraft/tags/BlockItemTagId;	ACACIA_LOGS	field_1_4308
FIELD	net/minecraft/tags/BlockItemTags	Lnet/minecraft/tags/BlockItemTagId;	ANVIL	field_1_4309
FIELD	net/minecraft/tags/BlockItemTags	Lnet/minecraft/tags/BlockItemTagId;	BAMBOO_BLOCKS	field_1_4310
FIELD	net/minecraft/tags/BlockItemTags	Lnet/minecraft/tags/BlockItemTagId;	BARS	field_1_4311
FIELD	net/minecraft/tags/BlockItemTags	Lnet/minecraft/tags/BlockItemTagId;	BEDS	field_1_4312
FIELD	net/minecraft/tags/BlockItemTags	Lnet/minecraft/tags/BlockItemTagId;	BEE_FOOD	field_1_4313
FIELD	net/minecraft/tags/BlockItemTags	Lnet/minecraft/tags/BlockItemTagId;	BIRCH_LOGS	field_1_4314
FIELD	net/minecraft/tags/BlockItemTags	Lnet/minecraft/tags/BlockItemTagId;	BUTTONS	field_1_4315
FIELD	net/minecraft/tags/BlockItemTags	Lnet/minecraft/tags/BlockItemTagId;	CANDLES	field_1_4316
FIELD	net/minecraft/tags/BlockItemTags	Lnet/minecraft/tags/BlockItemTagId;	CHAINS	field_1_4317
FIELD	net/minecraft/tags/BlockItemTags	Lnet/minecraft/tags/BlockItemTagId;	CHERRY_LOGS	field_1_4318
FIELD	net/minecraft/tags/BlockItemTags	Lnet/minecraft/tags/BlockItemTagId;	COAL_ORES	field_1_4319
FIELD	net/minecraft/tags/BlockItemTags	Lnet/minecraft/tags/BlockItemTagId;	COMPLETES_FIND_TREE_TUTORIAL	field_1_4320
FIELD	net/minecraft/tags/BlockItemTags	Lnet/minecraft/tags/BlockItemTagId;	CONCRETE	field_1_4321
FIELD	net/minecraft/tags/BlockItemTags	Lnet/minecraft/tags/BlockItemTagId;	CONCRETE_POWDERS	field_1_4322
FIELD	net/minecraft/tags/BlockItemTags	Lnet/minecraft/tags/BlockItemTagId;	COPPER	field_1_4323
FIELD	net/minecraft/tags/BlockItemTags	Lnet/minecraft/tags/BlockItemTagId;	COPPER_CHESTS	field_1_4324
FIELD	net/minecraft/tags/BlockItemTags	Lnet/minecraft/tags/BlockItemTagId;	COPPER_GOLEM_STATUES	field_1_4325
FIELD	net/minecraft/tags/BlockItemTags	Lnet/minecraft/tags/BlockItemTagId;	COPPER_ORES	field_1_4326
FIELD	net/minecraft/tags/BlockItemTags	Lnet/minecraft/tags/BlockItemTagId;	CRIMSON_STEMS	field_1_4327
FIELD	net/minecraft/tags/BlockItemTags	Lnet/minecraft/tags/BlockItemTagId;	DAMPENS_VIBRATIONS	field_1_4328
FIELD	net/minecraft/tags/BlockItemTags	Lnet/minecraft/tags/BlockItemTagId;	DARK_OAK_LOGS	field_1_4329
FIELD	net/minecraft/tags/BlockItemTags	Lnet/minecraft/tags/BlockItemTagId;	DIAMOND_ORES	field_1_4330
FIELD	net/minecraft/tags/BlockItemTags	Lnet/minecraft/tags/BlockItemTagId;	DIRT	field_1_4331
FIELD	net/minecraft/tags/BlockItemTags	Lnet/minecraft/tags/BlockItemTagId;	DOORS	field_1_4332
FIELD	net/minecraft/tags/BlockItemTags	Lnet/minecraft/tags/BlockItemTagId;	EMERALD_ORES	field_1_4333
FIELD	net/minecraft/tags/BlockItemTags	Lnet/minecraft/tags/BlockItemTagId;	FENCES	field_1_4334
FIELD	net/minecraft/tags/BlockItemTags	Lnet/minecraft/tags/BlockItemTagId;	FENCE_GATES	field_1_4335
FIELD	net/minecraft/tags/BlockItemTags	Lnet/minecraft/tags/BlockItemTagId;	FLOWERS	field_1_4336
FIELD	net/minecraft/tags/BlockItemTags	Lnet/minecraft/tags/BlockItemTagId;	GLAZED_TERRACOTTA	field_1_4337
FIELD	net/minecraft/tags/BlockItemTags	Lnet/minecraft/tags/BlockItemTagId;	GOLD_ORES	field_1_4338
FIELD	net/minecraft/tags/BlockItemTags	Lnet/minecraft/tags/BlockItemTagId;	GRASS_BLOCKS	field_1_4339
FIELD	net/minecraft/tags/BlockItemTags	Lnet/minecraft/tags/BlockItemTagId;	HANGING_SIGNS	field_1_4340
FIELD	net/minecraft/tags/BlockItemTags	Lnet/minecraft/tags/BlockItemTagId;	IRON_ORES	field_1_4341
FIELD	net/minecraft/tags/BlockItemTags	Lnet/minecraft/tags/BlockItemTagId;	JUNGLE_LOGS	field_1_4342
FIELD	net/minecraft/tags/BlockItemTags	Lnet/minecraft/tags/BlockItemTagId;	LANTERNS	field_1_4343
FIELD	net/minecraft/tags/BlockItemTags	Lnet/minecraft/tags/BlockItemTagId;	LAPIS_ORES	field_1_4344
FIELD	net/minecraft/tags/BlockItemTags	Lnet/minecraft/tags/BlockItemTagId;	LEAVES	field_1_4345
FIELD	net/minecraft/tags/BlockItemTags	Lnet/minecraft/tags/BlockItemTagId;	LIGHTNING_RODS	field_1_4346
FIELD	net/minecraft/tags/BlockItemTags	Lnet/minecraft/tags/BlockItemTagId;	LOGS	field_1_4347
FIELD	net/minecraft/tags/BlockItemTags	Lnet/minecraft/tags/BlockItemTagId;	LOGS_THAT_BURN	field_1_4348
FIELD	net/minecraft/tags/BlockItemTags	Lnet/minecraft/tags/BlockItemTagId;	MANGROVE_LOGS	field_1_4349
FIELD	net/minecraft/tags/BlockItemTags	Lnet/minecraft/tags/BlockItemTagId;	MOSS_BLOCKS	field_1_4350
FIELD	net/minecraft/tags/BlockItemTags	Lnet/minecraft/tags/BlockItemTagId;	MUD	field_1_4351
FIELD	net/minecraft/tags/BlockItemTags	Lnet/minecraft/tags/BlockItemTagId;	OAK_LOGS	field_1_4352
FIELD	net/minecraft/tags/BlockItemTags	Lnet/minecraft/tags/BlockItemTagId;	PALE_OAK_LOGS	field_1_4353
FIELD	net/minecraft/tags/BlockItemTags	Lnet/minecraft/tags/BlockItemTagId;	PLANKS	field_1_4354
FIELD	net/minecraft/tags/BlockItemTags	Lnet/minecraft/tags/BlockItemTagId;	RAILS	field_1_4355
FIELD	net/minecraft/tags/BlockItemTags	Lnet/minecraft/tags/BlockItemTagId;	REDSTONE_ORES	field_1_4356
FIELD	net/minecraft/tags/BlockItemTags	Lnet/minecraft/tags/BlockItemTagId;	SAND	field_1_4357
FIELD	net/minecraft/tags/BlockItemTags	Lnet/minecraft/tags/BlockItemTagId;	SAPLINGS	field_1_4358
FIELD	net/minecraft/tags/BlockItemTags	Lnet/minecraft/tags/BlockItemTagId;	SHULKER_BOXES	field_1_4359
FIELD	net/minecraft/tags/BlockItemTags	Lnet/minecraft/tags/BlockItemTagId;	SIGNS	field_1_4360
FIELD	net/minecraft/tags/BlockItemTags	Lnet/minecraft/tags/BlockItemTagId;	SLABS	field_1_4361
FIELD	net/minecraft/tags/BlockItemTags	Lnet/minecraft/tags/BlockItemTagId;	SMALL_FLOWERS	field_1_4362
FIELD	net/minecraft/tags/BlockItemTags	Lnet/minecraft/tags/BlockItemTagId;	SMELTS_TO_GLASS	field_1_4363
FIELD	net/minecraft/tags/BlockItemTags	Lnet/minecraft/tags/BlockItemTagId;	SOUL_FIRE_BASE_BLOCKS	field_1_4364
FIELD	net/minecraft/tags/BlockItemTags	Lnet/minecraft/tags/BlockItemTagId;	SPRUCE_LOGS	field_1_4365
FIELD	net/minecraft/tags/BlockItemTags	Lnet/minecraft/tags/BlockItemTagId;	STAIRS	field_1_4366
FIELD	net/minecraft/tags/BlockItemTags	Lnet/minecraft/tags/BlockItemTagId;	STONE_BRICKS	field_1_4367
FIELD	net/minecraft/tags/BlockItemTags	Lnet/minecraft/tags/BlockItemTagId;	STONE_BUTTONS	field_1_4368
FIELD	net/minecraft/tags/BlockItemTags	Lnet/minecraft/tags/BlockItemTagId;	TERRACOTTA	field_1_4369
FIELD	net/minecraft/tags/BlockItemTags	Lnet/minecraft/tags/BlockItemTagId;	TRAPDOORS	field_1_4370
FIELD	net/minecraft/tags/BlockItemTags	Lnet/minecraft/tags/BlockItemTagId;	WALLS	field_1_4371
FIELD	net/minecraft/tags/BlockItemTags	Lnet/minecraft/tags/BlockItemTagId;	WARPED_STEMS	field_1_4372
FIELD	net/minecraft/tags/BlockItemTags	Lnet/minecraft/tags/BlockItemTagId;	WART_BLOCKS	field_1_4373
FIELD	net/minecraft/tags/BlockItemTags	Lnet/minecraft/tags/BlockItemTagId;	WOODEN_BUTTONS	field_1_4374
FIELD	net/minecraft/tags/BlockItemTags	Lnet/minecraft/tags/BlockItemTagId;	WOODEN_DOORS	field_1_4375
FIELD	net/minecraft/tags/BlockItemTags	Lnet/minecraft/tags/BlockItemTagId;	WOODEN_FENCES	field_1_4376
FIELD	net/minecraft/tags/BlockItemTags	Lnet/minecraft/tags/BlockItemTagId;	WOODEN_PRESSURE_PLATES	field_1_4377
FIELD	net/minecraft/tags/BlockItemTags	Lnet/minecraft/tags/BlockItemTagId;	WOODEN_SHELVES	field_1_4378
FIELD	net/minecraft/tags/BlockItemTags	Lnet/minecraft/tags/BlockItemTagId;	WOODEN_SLABS	field_1_4379
FIELD	net/minecraft/tags/BlockItemTags	Lnet/minecraft/tags/BlockItemTagId;	WOODEN_STAIRS	field_1_4380
FIELD	net/minecraft/tags/BlockItemTags	Lnet/minecraft/tags/BlockItemTagId;	WOODEN_TRAPDOORS	field_1_4381
FIELD	net/minecraft/tags/BlockItemTags	Lnet/minecraft/tags/BlockItemTagId;	WOOL	field_1_4382
FIELD	net/minecraft/tags/BlockItemTags	Lnet/minecraft/tags/BlockItemTagId;	WOOL_CARPETS	field_1_4383
CLASS	net/minecraft/references/BlockIds	class_1_781
FIELD	net/minecraft/references/BlockIds	Lnet/minecraft/resources/ResourceKey;	ACACIA_WALL_HANGING_SIGN	field_1_4384
FIELD	net/minecraft/references/BlockIds	Lnet/minecraft/resources/ResourceKey;	ACACIA_WALL_SIGN	field_1_4385
FIELD	net/minecraft/references/BlockIds	Lnet/minecraft/resources/ResourceKey;	ATTACHED_MELON_STEM	field_1_4386
FIELD	net/minecraft/references/BlockIds	Lnet/minecraft/resources/ResourceKey;	ATTACHED_PUMPKIN_STEM	field_1_4387
FIELD	net/minecraft/references/BlockIds	Lnet/minecraft/resources/ResourceKey;	BAMBOO_SAPLING	field_1_4388
FIELD	net/minecraft/references/BlockIds	Lnet/minecraft/resources/ResourceKey;	BAMBOO_WALL_HANGING_SIGN	field_1_4389
FIELD	net/minecraft/references/BlockIds	Lnet/minecraft/resources/ResourceKey;	BAMBOO_WALL_SIGN	field_1_4390
FIELD	net/minecraft/references/BlockIds	Lnet/minecraft/resources/ResourceKey;	BIG_DRIPLEAF_STEM	field_1_4391
FIELD	net/minecraft/references/BlockIds	Lnet/minecraft/resources/ResourceKey;	BIRCH_WALL_HANGING_SIGN	field_1_4392
FIELD	net/minecraft/references/BlockIds	Lnet/minecraft/resources/ResourceKey;	BIRCH_WALL_SIGN	field_1_4393
FIELD	net/minecraft/references/BlockIds	Lnet/minecraft/resources/ResourceKey;	BRAIN_CORAL_WALL_FAN	field_1_4394
FIELD	net/minecraft/references/BlockIds	Lnet/minecraft/resources/ResourceKey;	BUBBLE_COLUMN	field_1_4395
FIELD	net/minecraft/references/BlockIds	Lnet/minecraft/resources/ResourceKey;	BUBBLE_CORAL_WALL_FAN	field_1_4396
FIELD	net/minecraft/references/BlockIds	Lnet/minecraft/resources/ResourceKey;	CANDLE_CAKE	field_1_4397
FIELD	net/minecraft/references/BlockIds	Lnet/minecraft/resources/ResourceKey;	CAVE_AIR	field_1_4398
FIELD	net/minecraft/references/BlockIds	Lnet/minecraft/resources/ResourceKey;	CAVE_VINES_PLANT	field_1_4399
FIELD	net/minecraft/references/BlockIds	Lnet/minecraft/resources/ResourceKey;	CHERRY_WALL_HANGING_SIGN	field_1_4400
FIELD	net/minecraft/references/BlockIds	Lnet/minecraft/resources/ResourceKey;	CHERRY_WALL_SIGN	field_1_4401
FIELD	net/minecraft/references/BlockIds	Lnet/minecraft/resources/ResourceKey;	COPPER_WALL_TORCH	field_1_4402
FIELD	net/minecraft/references/BlockIds	Lnet/minecraft/resources/ResourceKey;	CREEPER_WALL_HEAD	field_1_4403
FIELD	net/minecraft/references/BlockIds	Lnet/minecraft/resources/ResourceKey;	CRIMSON_WALL_HANGING_SIGN	field_1_4404
FIELD	net/minecraft/references/BlockIds	Lnet/minecraft/resources/ResourceKey;	CRIMSON_WALL_SIGN	field_1_4405
FIELD	net/minecraft/references/BlockIds	Lnet/minecraft/resources/ResourceKey;	DARK_OAK_WALL_HANGING_SIGN	field_1_4406
FIELD	net/minecraft/references/BlockIds	Lnet/minecraft/resources/ResourceKey;	DARK_OAK_WALL_SIGN	field_1_4407
FIELD	net/minecraft/references/BlockIds	Lnet/minecraft/resources/ResourceKey;	DEAD_BRAIN_CORAL_WALL_FAN	field_1_4408
FIELD	net/minecraft/references/BlockIds	Lnet/minecraft/resources/ResourceKey;	DEAD_BUBBLE_CORAL_WALL_FAN	field_1_4409
FIELD	net/minecraft/references/BlockIds	Lnet/minecraft/resources/ResourceKey;	DEAD_FIRE_CORAL_WALL_FAN	field_1_4410
FIELD	net/minecraft/references/BlockIds	Lnet/minecraft/resources/ResourceKey;	DEAD_HORN_CORAL_WALL_FAN	field_1_4411
FIELD	net/minecraft/references/BlockIds	Lnet/minecraft/resources/ResourceKey;	DEAD_TUBE_CORAL_WALL_FAN	field_1_4412
FIELD	net/minecraft/references/BlockIds	Lnet/minecraft/resources/ResourceKey;	DRAGON_WALL_HEAD	field_1_4413
FIELD	net/minecraft/references/BlockIds	Lnet/minecraft/world/level/block/ColorCollection;	DYED_CANDLE_CAKE	field_1_4414
FIELD	net/minecraft/references/BlockIds	Lnet/minecraft/resources/ResourceKey;	END_GATEWAY	field_1_4415
FIELD	net/minecraft/references/BlockIds	Lnet/minecraft/resources/ResourceKey;	END_PORTAL	field_1_4416
FIELD	net/minecraft/references/BlockIds	Lnet/minecraft/resources/ResourceKey;	FIRE	field_1_4417
FIELD	net/minecraft/references/BlockIds	Lnet/minecraft/resources/ResourceKey;	FIRE_CORAL_WALL_FAN	field_1_4418
FIELD	net/minecraft/references/BlockIds	Lnet/minecraft/resources/ResourceKey;	FROSTED_ICE	field_1_4419
FIELD	net/minecraft/references/BlockIds	Lnet/minecraft/resources/ResourceKey;	HORN_CORAL_WALL_FAN	field_1_4420
FIELD	net/minecraft/references/BlockIds	Lnet/minecraft/resources/ResourceKey;	JUNGLE_WALL_HANGING_SIGN	field_1_4421
FIELD	net/minecraft/references/BlockIds	Lnet/minecraft/resources/ResourceKey;	JUNGLE_WALL_SIGN	field_1_4422
FIELD	net/minecraft/references/BlockIds	Lnet/minecraft/resources/ResourceKey;	KELP_PLANT	field_1_4423
FIELD	net/minecraft/references/BlockIds	Lnet/minecraft/resources/ResourceKey;	LAVA	field_1_4424
FIELD	net/minecraft/references/BlockIds	Lnet/minecraft/resources/ResourceKey;	LAVA_CAULDRON	field_1_4425
FIELD	net/minecraft/references/BlockIds	Lnet/minecraft/resources/ResourceKey;	MANGROVE_WALL_HANGING_SIGN	field_1_4426
FIELD	net/minecraft/references/BlockIds	Lnet/minecraft/resources/ResourceKey;	MANGROVE_WALL_SIGN	field_1_4427
FIELD	net/minecraft/references/BlockIds	Lnet/minecraft/resources/ResourceKey;	MOVING_PISTON	field_1_4428
FIELD	net/minecraft/references/BlockIds	Lnet/minecraft/resources/ResourceKey;	NETHER_PORTAL	field_1_4429
FIELD	net/minecraft/references/BlockIds	Lnet/minecraft/resources/ResourceKey;	OAK_WALL_HANGING_SIGN	field_1_4430
FIELD	net/minecraft/references/BlockIds	Lnet/minecraft/resources/ResourceKey;	OAK_WALL_SIGN	field_1_4431
FIELD	net/minecraft/references/BlockIds	Lnet/minecraft/resources/ResourceKey;	PALE_OAK_WALL_HANGING_SIGN	field_1_4432
FIELD	net/minecraft/references/BlockIds	Lnet/minecraft/resources/ResourceKey;	PALE_OAK_WALL_SIGN	field_1_4433
FIELD	net/minecraft/references/BlockIds	Lnet/minecraft/resources/ResourceKey;	PIGLIN_WALL_HEAD	field_1_4434
FIELD	net/minecraft/references/BlockIds	Lnet/minecraft/resources/ResourceKey;	PISTON_HEAD	field_1_4435
FIELD	net/minecraft/references/BlockIds	Lnet/minecraft/resources/ResourceKey;	PLAYER_WALL_HEAD	field_1_4436
FIELD	net/minecraft/references/BlockIds	Lnet/minecraft/resources/ResourceKey;	POTTED_ACACIA_SAPLING	field_1_4437
FIELD	net/minecraft/references/BlockIds	Lnet/minecraft/resources/ResourceKey;	POTTED_ALLIUM	field_1_4438
FIELD	net/minecraft/references/BlockIds	Lnet/minecraft/resources/ResourceKey;	POTTED_AZALEA_BUSH	field_1_4439
FIELD	net/minecraft/references/BlockIds	Lnet/minecraft/resources/ResourceKey;	POTTED_AZURE_BLUET	field_1_4440
FIELD	net/minecraft/references/BlockIds	Lnet/minecraft/resources/ResourceKey;	POTTED_BAMBOO	field_1_4441
FIELD	net/minecraft/references/BlockIds	Lnet/minecraft/resources/ResourceKey;	POTTED_BIRCH_SAPLING	field_1_4442
FIELD	net/minecraft/references/BlockIds	Lnet/minecraft/resources/ResourceKey;	POTTED_BLUE_ORCHID	field_1_4443
FIELD	net/minecraft/references/BlockIds	Lnet/minecraft/resources/ResourceKey;	POTTED_BROWN_MUSHROOM	field_1_4444
FIELD	net/minecraft/references/BlockIds	Lnet/minecraft/resources/ResourceKey;	POTTED_CACTUS	field_1_4445
FIELD	net/minecraft/references/BlockIds	Lnet/minecraft/resources/ResourceKey;	POTTED_CHERRY_SAPLING	field_1_4446
FIELD	net/minecraft/references/BlockIds	Lnet/minecraft/resources/ResourceKey;	POTTED_CLOSED_EYEBLOSSOM	field_1_4447
FIELD	net/minecraft/references/BlockIds	Lnet/minecraft/resources/ResourceKey;	POTTED_CORNFLOWER	field_1_4448
FIELD	net/minecraft/references/BlockIds	Lnet/minecraft/resources/ResourceKey;	POTTED_CRIMSON_FUNGUS	field_1_4449
FIELD	net/minecraft/references/BlockIds	Lnet/minecraft/resources/ResourceKey;	POTTED_CRIMSON_ROOTS	field_1_4450
FIELD	net/minecraft/references/BlockIds	Lnet/minecraft/resources/ResourceKey;	POTTED_DANDELION	field_1_4451
FIELD	net/minecraft/references/BlockIds	Lnet/minecraft/resources/ResourceKey;	POTTED_DARK_OAK_SAPLING	field_1_4452
FIELD	net/minecraft/references/BlockIds	Lnet/minecraft/resources/ResourceKey;	POTTED_DEAD_BUSH	field_1_4453
FIELD	net/minecraft/references/BlockIds	Lnet/minecraft/resources/ResourceKey;	POTTED_FERN	field_1_4454
FIELD	net/minecraft/references/BlockIds	Lnet/minecraft/resources/ResourceKey;	POTTED_FLOWERING_AZALEA_BUSH	field_1_4455
FIELD	net/minecraft/references/BlockIds	Lnet/minecraft/resources/ResourceKey;	POTTED_GOLDEN_DANDELION	field_1_4456
FIELD	net/minecraft/references/BlockIds	Lnet/minecraft/resources/ResourceKey;	POTTED_JUNGLE_SAPLING	field_1_4457
FIELD	net/minecraft/references/BlockIds	Lnet/minecraft/resources/ResourceKey;	POTTED_LILY_OF_THE_VALLEY	field_1_4458
FIELD	net/minecraft/references/BlockIds	Lnet/minecraft/resources/ResourceKey;	POTTED_MANGROVE_PROPAGULE	field_1_4459
FIELD	net/minecraft/references/BlockIds	Lnet/minecraft/resources/ResourceKey;	POTTED_OAK_SAPLING	field_1_4460
FIELD	net/minecraft/references/BlockIds	Lnet/minecraft/resources/ResourceKey;	POTTED_OPEN_EYEBLOSSOM	field_1_4461
FIELD	net/minecraft/references/BlockIds	Lnet/minecraft/resources/ResourceKey;	POTTED_ORANGE_TULIP	field_1_4462
FIELD	net/minecraft/references/BlockIds	Lnet/minecraft/resources/ResourceKey;	POTTED_OXEYE_DAISY	field_1_4463
FIELD	net/minecraft/references/BlockIds	Lnet/minecraft/resources/ResourceKey;	POTTED_PALE_OAK_SAPLING	field_1_4464
FIELD	net/minecraft/references/BlockIds	Lnet/minecraft/resources/ResourceKey;	POTTED_PINK_TULIP	field_1_4465
FIELD	net/minecraft/references/BlockIds	Lnet/minecraft/resources/ResourceKey;	POTTED_POPPY	field_1_4466
FIELD	net/minecraft/references/BlockIds	Lnet/minecraft/resources/ResourceKey;	POTTED_RED_MUSHROOM	field_1_4467
FIELD	net/minecraft/references/BlockIds	Lnet/minecraft/resources/ResourceKey;	POTTED_RED_TULIP	field_1_4468
FIELD	net/minecraft/references/BlockIds	Lnet/minecraft/resources/ResourceKey;	POTTED_SPRUCE_SAPLING	field_1_4469
FIELD	net/minecraft/references/BlockIds	Lnet/minecraft/resources/ResourceKey;	POTTED_TORCHFLOWER	field_1_4470
FIELD	net/minecraft/references/BlockIds	Lnet/minecraft/resources/ResourceKey;	POTTED_WARPED_FUNGUS	field_1_4471
FIELD	net/minecraft/references/BlockIds	Lnet/minecraft/resources/ResourceKey;	POTTED_WARPED_ROOTS	field_1_4472
FIELD	net/minecraft/references/BlockIds	Lnet/minecraft/resources/ResourceKey;	POTTED_WHITE_TULIP	field_1_4473
FIELD	net/minecraft/references/BlockIds	Lnet/minecraft/resources/ResourceKey;	POTTED_WITHER_ROSE	field_1_4474
FIELD	net/minecraft/references/BlockIds	Lnet/minecraft/resources/ResourceKey;	POWDER_SNOW_CAULDRON	field_1_4475
FIELD	net/minecraft/references/BlockIds	Lnet/minecraft/resources/ResourceKey;	REDSTONE_WALL_TORCH	field_1_4476
FIELD	net/minecraft/references/BlockIds	Lnet/minecraft/resources/ResourceKey;	SKELETON_WALL_SKULL	field_1_4477
FIELD	net/minecraft/references/BlockIds	Lnet/minecraft/resources/ResourceKey;	SOUL_FIRE	field_1_4478
FIELD	net/minecraft/references/BlockIds	Lnet/minecraft/resources/ResourceKey;	SOUL_WALL_TORCH	field_1_4479
FIELD	net/minecraft/references/BlockIds	Lnet/minecraft/resources/ResourceKey;	SPRUCE_WALL_HANGING_SIGN	field_1_4480
FIELD	net/minecraft/references/BlockIds	Lnet/minecraft/resources/ResourceKey;	SPRUCE_WALL_SIGN	field_1_4481
FIELD	net/minecraft/references/BlockIds	Lnet/minecraft/resources/ResourceKey;	TALL_SEAGRASS	field_1_4482
FIELD	net/minecraft/references/BlockIds	Lnet/minecraft/resources/ResourceKey;	TUBE_CORAL_WALL_FAN	field_1_4483
FIELD	net/minecraft/references/BlockIds	Lnet/minecraft/resources/ResourceKey;	TWISTING_VINES_PLANT	field_1_4484
FIELD	net/minecraft/references/BlockIds	Lnet/minecraft/resources/ResourceKey;	VOID_AIR	field_1_4485
FIELD	net/minecraft/references/BlockIds	Lnet/minecraft/world/level/block/ColorCollection;	WALL_BANNER	field_1_4486
FIELD	net/minecraft/references/BlockIds	Lnet/minecraft/resources/ResourceKey;	WALL_TORCH	field_1_4487
FIELD	net/minecraft/references/BlockIds	Lnet/minecraft/resources/ResourceKey;	WARPED_WALL_HANGING_SIGN	field_1_4488
FIELD	net/minecraft/references/BlockIds	Lnet/minecraft/resources/ResourceKey;	WARPED_WALL_SIGN	field_1_4489
FIELD	net/minecraft/references/BlockIds	Lnet/minecraft/resources/ResourceKey;	WATER	field_1_4490
FIELD	net/minecraft/references/BlockIds	Lnet/minecraft/resources/ResourceKey;	WATER_CAULDRON	field_1_4491
FIELD	net/minecraft/references/BlockIds	Lnet/minecraft/resources/ResourceKey;	WEEPING_VINES_PLANT	field_1_4492
FIELD	net/minecraft/references/BlockIds	Lnet/minecraft/resources/ResourceKey;	WITHER_SKELETON_WALL_SKULL	field_1_4493
FIELD	net/minecraft/references/BlockIds	Lnet/minecraft/resources/ResourceKey;	ZOMBIE_WALL_HEAD	field_1_4494
METHOD	net/minecraft/references/BlockIds	(Ljava/lang/String;)Lnet/minecraft/resources/ResourceKey;	create	method_1_4737
METHOD	net/minecraft/references/BlockIds	(Ljava/lang/String;)Lnet/minecraft/world/level/block/ColorCollection;	createSimpleColored	method_1_4738
CLASS	net/minecraft/tags/BlockItemTagId	class_1_782
FIELD	net/minecraft/tags/BlockItemTagId	Lnet/minecraft/tags/TagKey;	block	comp_1_651
FIELD	net/minecraft/tags/BlockItemTagId	Lnet/minecraft/tags/TagKey;	item	comp_1_652
METHOD	net/minecraft/tags/BlockItemTagId	(Ljava/lang/String;)Lnet/minecraft/tags/BlockItemTagId;	create	method_1_4739
METHOD	net/minecraft/tags/BlockItemTagId	(Ljava/lang/String;Ljava/lang/String;)Lnet/minecraft/tags/BlockItemTagId;	create	method_1_4740
METHOD	net/minecraft/tags/BlockItemTagId	(Lnet/minecraft/resources/Identifier;Lnet/minecraft/resources/Identifier;)Lnet/minecraft/tags/BlockItemTagId;	create	method_1_4741
METHOD	com/mojang/blaze3d/vertex/MeshData	()Lcom/mojang/blaze3d/vertex/ByteBufferBuilder$Result;	vertexBufferSlice	method_1_4742
METHOD	com/mojang/blaze3d/vertex/MeshData$SortState	(Ljava/nio/ByteBuffer;I)V	lambda$writeSortedIndexBuffer$0	method_1_4743
METHOD	com/mojang/blaze3d/vertex/MeshData$SortState	([ILit/unimi/dsi/fastutil/ints/IntConsumer;)V	writeIndices	method_1_4744
METHOD	com/mojang/blaze3d/vertex/MeshData$SortState	(Ljava/nio/ByteBuffer;Lcom/mojang/blaze3d/vertex/VertexSorting;)V	writeSortedIndexBuffer	method_1_4745
METHOD	net/minecraft/util/LightCoordsUtil	(Lnet/minecraft/util/LightCoordsUtil$BrightnessGetter;Lnet/minecraft/world/level/BlockAndLightGetter;Lnet/minecraft/world/level/block/state/BlockState;Lnet/minecraft/core/BlockPos;)I	getLightCoords	method_1_4746
METHOD	net/minecraft/util/LightCoordsUtil	(Lnet/minecraft/world/level/BlockAndLightGetter;Lnet/minecraft/core/BlockPos;)I	getLightCoords	method_1_4747
METHOD	com/mojang/blaze3d/opengl/GlProgram	(Ljava/util/List;)V	setupBindGroupLayouts	method_1_4748
FIELD	net/minecraft/client/OptionInstance	Lnet/minecraft/client/OptionInstance$ValueUpdateListener;	NO_ACTION	field_1_4495
METHOD	net/minecraft/client/OptionInstance	(Ljava/lang/Object;)V	lambda$static$1	method_1_4749
CLASS	net/minecraft/client/OptionInstance$ValueUpdateListener	class_1_783
METHOD	net/minecraft/client/OptionInstance$ValueUpdateListener	(Ljava/lang/Object;)V	valueChanged	method_1_4750
METHOD	net/minecraft/resources/ResourceKey	(Lnet/minecraft/resources/ResourceKey;Ljava/lang/String;)Lnet/minecraft/resources/ResourceKey;	dependent	method_1_4751
METHOD	net/minecraft/resources/ResourceKey	(Lnet/minecraft/resources/ResourceKey;Ljava/util/function/UnaryOperator;)Lnet/minecraft/resources/ResourceKey;	dependent	method_1_4752
METHOD	net/minecraft/world/item/BucketItem	()Lnet/minecraft/world/level/ClipContext$Fluid;	getFluidContext	method_1_4753
FIELD	net/minecraft/client/renderer/Sheets	Lnet/minecraft/world/level/block/WeatheringCopperCollection$ByState;	CHEST_COPPER	field_1_4496
METHOD	net/minecraft/client/renderer/Sheets	(Lnet/minecraft/client/renderer/MultiblockChestResources;)Lnet/minecraft/client/renderer/MultiblockChestResources;	lambda$static$0	method_1_4754
METHOD	net/minecraft/data/tags/TagsProvider	(Lnet/minecraft/tags/TagKey;)Lnet/minecraft/data/tags/TagAppender;	tag	method_1_4755
METHOD	net/minecraft/data/tags/TagsProvider	(Lnet/minecraft/tags/TagKey;Z)Lnet/minecraft/data/tags/TagAppender;	tag	method_1_4756
CLASS	net/minecraft/references/BlockItemId	class_1_784
FIELD	net/minecraft/references/BlockItemId	Lnet/minecraft/resources/ResourceKey;	block	comp_1_653
FIELD	net/minecraft/references/BlockItemId	Lnet/minecraft/resources/ResourceKey;	item	comp_1_654
METHOD	net/minecraft/references/BlockItemId	(Ljava/lang/String;)Lnet/minecraft/references/BlockItemId;	create	method_1_4757
METHOD	net/minecraft/references/BlockItemId	(Ljava/lang/String;Ljava/lang/String;)Lnet/minecraft/references/BlockItemId;	create	method_1_4758
METHOD	net/minecraft/references/BlockItemId	(Lnet/minecraft/resources/Identifier;Lnet/minecraft/resources/Identifier;)Lnet/minecraft/references/BlockItemId;	create	method_1_4759
FIELD	com/mojang/blaze3d/systems/DeviceInfo	Lcom/mojang/blaze3d/systems/DeviceType;	type	comp_1_655
CLASS	com/mojang/blaze3d/systems/DeviceType	class_1_785
FIELD	com/mojang/blaze3d/systems/DeviceType	[Lcom/mojang/blaze3d/systems/DeviceType;	$VALUES	field_1_4497
FIELD	com/mojang/blaze3d/systems/DeviceType	Lcom/mojang/blaze3d/systems/DeviceType;	CPU	field_1_4498
FIELD	com/mojang/blaze3d/systems/DeviceType	Lcom/mojang/blaze3d/systems/DeviceType;	DISCRETE	field_1_4499
FIELD	com/mojang/blaze3d/systems/DeviceType	Lcom/mojang/blaze3d/systems/DeviceType;	INTEGRATED	field_1_4500
FIELD	com/mojang/blaze3d/systems/DeviceType	Lcom/mojang/blaze3d/systems/DeviceType;	OTHER	field_1_4501
FIELD	com/mojang/blaze3d/systems/DeviceType	Lcom/mojang/blaze3d/systems/DeviceType;	VIRTUAL	field_1_4502
METHOD	com/mojang/blaze3d/systems/DeviceType	()[Lcom/mojang/blaze3d/systems/DeviceType;	$values	method_1_4760
CLASS	net/minecraft/references/BlockItemIds	class_1_786
FIELD	net/minecraft/references/BlockItemIds	Lnet/minecraft/references/BlockItemId;	ACACIA_BUTTON	field_1_4503
FIELD	net/minecraft/references/BlockItemIds	Lnet/minecraft/references/BlockItemId;	ACACIA_DOOR	field_1_4504
FIELD	net/minecraft/references/BlockItemIds	Lnet/minecraft/references/BlockItemId;	ACACIA_FENCE	field_1_4505
FIELD	net/minecraft/references/BlockItemIds	Lnet/minecraft/references/BlockItemId;	ACACIA_FENCE_GATE	field_1_4506
FIELD	net/minecraft/references/BlockItemIds	Lnet/minecraft/references/BlockItemId;	ACACIA_HANGING_SIGN	field_1_4507
FIELD	net/minecraft/references/BlockItemIds	Lnet/minecraft/references/BlockItemId;	ACACIA_LEAVES	field_1_4508
FIELD	net/minecraft/references/BlockItemIds	Lnet/minecraft/references/BlockItemId;	ACACIA_LOG	field_1_4509
FIELD	net/minecraft/references/BlockItemIds	Lnet/minecraft/references/BlockItemId;	ACACIA_PLANKS	field_1_4510
FIELD	net/minecraft/references/BlockItemIds	Lnet/minecraft/references/BlockItemId;	ACACIA_PRESSURE_PLATE	field_1_4511
FIELD	net/minecraft/references/BlockItemIds	Lnet/minecraft/references/BlockItemId;	ACACIA_SAPLING	field_1_4512
FIELD	net/minecraft/references/BlockItemIds	Lnet/minecraft/references/BlockItemId;	ACACIA_SHELF	field_1_4513
FIELD	net/minecraft/references/BlockItemIds	Lnet/minecraft/references/BlockItemId;	ACACIA_SIGN	field_1_4514
FIELD	net/minecraft/references/BlockItemIds	Lnet/minecraft/references/BlockItemId;	ACACIA_SLAB	field_1_4515
FIELD	net/minecraft/references/BlockItemIds	Lnet/minecraft/references/BlockItemId;	ACACIA_STAIRS	field_1_4516
FIELD	net/minecraft/references/BlockItemIds	Lnet/minecraft/references/BlockItemId;	ACACIA_TRAPDOOR	field_1_4517
FIELD	net/minecraft/references/BlockItemIds	Lnet/minecraft/references/BlockItemId;	ACACIA_WOOD	field_1_4518
FIELD	net/minecraft/references/BlockItemIds	Lnet/minecraft/references/BlockItemId;	ACTIVATOR_RAIL	field_1_4519
FIELD	net/minecraft/references/BlockItemIds	Lnet/minecraft/references/BlockItemId;	AIR	field_1_4520
FIELD	net/minecraft/references/BlockItemIds	Lnet/minecraft/references/BlockItemId;	ALLIUM	field_1_4521
FIELD	net/minecraft/references/BlockItemIds	Lnet/minecraft/references/BlockItemId;	AMETHYST_BLOCK	field_1_4522
FIELD	net/minecraft/references/BlockItemIds	Lnet/minecraft/references/BlockItemId;	AMETHYST_CLUSTER	field_1_4523
FIELD	net/minecraft/references/BlockItemIds	Lnet/minecraft/references/BlockItemId;	ANCIENT_DEBRIS	field_1_4524
FIELD	net/minecraft/references/BlockItemIds	Lnet/minecraft/references/BlockItemId;	ANDESITE	field_1_4525
FIELD	net/minecraft/references/BlockItemIds	Lnet/minecraft/references/BlockItemId;	ANDESITE_SLAB	field_1_4526
FIELD	net/minecraft/references/BlockItemIds	Lnet/minecraft/references/BlockItemId;	ANDESITE_STAIRS	field_1_4527
FIELD	net/minecraft/references/BlockItemIds	Lnet/minecraft/references/BlockItemId;	ANDESITE_WALL	field_1_4528
FIELD	net/minecraft/references/BlockItemIds	Lnet/minecraft/references/BlockItemId;	ANVIL	field_1_4529
FIELD	net/minecraft/references/BlockItemIds	Lnet/minecraft/references/BlockItemId;	AZALEA	field_1_4530
FIELD	net/minecraft/references/BlockItemIds	Lnet/minecraft/references/BlockItemId;	AZALEA_LEAVES	field_1_4531
FIELD	net/minecraft/references/BlockItemIds	Lnet/minecraft/references/BlockItemId;	AZURE_BLUET	field_1_4532
FIELD	net/minecraft/references/BlockItemIds	Lnet/minecraft/references/BlockItemId;	BAMBOO	field_1_4533
FIELD	net/minecraft/references/BlockItemIds	Lnet/minecraft/references/BlockItemId;	BAMBOO_BLOCK	field_1_4534
FIELD	net/minecraft/references/BlockItemIds	Lnet/minecraft/references/BlockItemId;	BAMBOO_BUTTON	field_1_4535
FIELD	net/minecraft/references/BlockItemIds	Lnet/minecraft/references/BlockItemId;	BAMBOO_DOOR	field_1_4536
FIELD	net/minecraft/references/BlockItemIds	Lnet/minecraft/references/BlockItemId;	BAMBOO_FENCE	field_1_4537
FIELD	net/minecraft/references/BlockItemIds	Lnet/minecraft/references/BlockItemId;	BAMBOO_FENCE_GATE	field_1_4538
FIELD	net/minecraft/references/BlockItemIds	Lnet/minecraft/references/BlockItemId;	BAMBOO_HANGING_SIGN	field_1_4539
FIELD	net/minecraft/references/BlockItemIds	Lnet/minecraft/references/BlockItemId;	BAMBOO_MOSAIC	field_1_4540
FIELD	net/minecraft/references/BlockItemIds	Lnet/minecraft/references/BlockItemId;	BAMBOO_MOSAIC_SLAB	field_1_4541
FIELD	net/minecraft/references/BlockItemIds	Lnet/minecraft/references/BlockItemId;	BAMBOO_MOSAIC_STAIRS	field_1_4542
FIELD	net/minecraft/references/BlockItemIds	Lnet/minecraft/references/BlockItemId;	BAMBOO_PLANKS	field_1_4543
FIELD	net/minecraft/references/BlockItemIds	Lnet/minecraft/references/BlockItemId;	BAMBOO_PRESSURE_PLATE	field_1_4544
FIELD	net/minecraft/references/BlockItemIds	Lnet/minecraft/references/BlockItemId;	BAMBOO_SHELF	field_1_4545
FIELD	net/minecraft/references/BlockItemIds	Lnet/minecraft/references/BlockItemId;	BAMBOO_SIGN	field_1_4546
FIELD	net/minecraft/references/BlockItemIds	Lnet/minecraft/references/BlockItemId;	BAMBOO_SLAB	field_1_4547
FIELD	net/minecraft/references/BlockItemIds	Lnet/minecraft/references/BlockItemId;	BAMBOO_STAIRS	field_1_4548
FIELD	net/minecraft/references/BlockItemIds	Lnet/minecraft/references/BlockItemId;	BAMBOO_TRAPDOOR	field_1_4549
FIELD	net/minecraft/references/BlockItemIds	Lnet/minecraft/world/level/block/ColorCollection;	BANNER	field_1_4550
FIELD	net/minecraft/references/BlockItemIds	Lnet/minecraft/references/BlockItemId;	BARREL	field_1_4551
FIELD	net/minecraft/references/BlockItemIds	Lnet/minecraft/references/BlockItemId;	BARRIER	field_1_4552
FIELD	net/minecraft/references/BlockItemIds	Lnet/minecraft/references/BlockItemId;	BASALT	field_1_4553
FIELD	net/minecraft/references/BlockItemIds	Lnet/minecraft/references/BlockItemId;	BEACON	field_1_4554
FIELD	net/minecraft/references/BlockItemIds	Lnet/minecraft/world/level/block/ColorCollection;	BED	field_1_4555
FIELD	net/minecraft/references/BlockItemIds	Lnet/minecraft/references/BlockItemId;	BEDROCK	field_1_4556
FIELD	net/minecraft/references/BlockItemIds	Lnet/minecraft/references/BlockItemId;	BEEHIVE	field_1_4557
FIELD	net/minecraft/references/BlockItemIds	Lnet/minecraft/references/BlockItemId;	BEETROOT_CROP	field_1_4558
FIELD	net/minecraft/references/BlockItemIds	Lnet/minecraft/references/BlockItemId;	BEE_NEST	field_1_4559
FIELD	net/minecraft/references/BlockItemIds	Lnet/minecraft/references/BlockItemId;	BELL	field_1_4560
FIELD	net/minecraft/references/BlockItemIds	Lnet/minecraft/references/BlockItemId;	BIG_DRIPLEAF	field_1_4561
FIELD	net/minecraft/references/BlockItemIds	Lnet/minecraft/references/BlockItemId;	BIRCH_BUTTON	field_1_4562
FIELD	net/minecraft/references/BlockItemIds	Lnet/minecraft/references/BlockItemId;	BIRCH_DOOR	field_1_4563
FIELD	net/minecraft/references/BlockItemIds	Lnet/minecraft/references/BlockItemId;	BIRCH_FENCE	field_1_4564
FIELD	net/minecraft/references/BlockItemIds	Lnet/minecraft/references/BlockItemId;	BIRCH_FENCE_GATE	field_1_4565
FIELD	net/minecraft/references/BlockItemIds	Lnet/minecraft/references/BlockItemId;	BIRCH_HANGING_SIGN	field_1_4566
FIELD	net/minecraft/references/BlockItemIds	Lnet/minecraft/references/BlockItemId;	BIRCH_LEAVES	field_1_4567
FIELD	net/minecraft/references/BlockItemIds	Lnet/minecraft/references/BlockItemId;	BIRCH_LOG	field_1_4568
FIELD	net/minecraft/references/BlockItemIds	Lnet/minecraft/references/BlockItemId;	BIRCH_PLANKS	field_1_4569
FIELD	net/minecraft/references/BlockItemIds	Lnet/minecraft/references/BlockItemId;	BIRCH_PRESSURE_PLATE	field_1_4570
FIELD	net/minecraft/references/BlockItemIds	Lnet/minecraft/references/BlockItemId;	BIRCH_SAPLING	field_1_4571
FIELD	net/minecraft/references/BlockItemIds	Lnet/minecraft/references/BlockItemId;	BIRCH_SHELF	field_1_4572
FIELD	net/minecraft/references/BlockItemIds	Lnet/minecraft/references/BlockItemId;	BIRCH_SIGN	field_1_4573
FIELD	net/minecraft/references/BlockItemIds	Lnet/minecraft/references/BlockItemId;	BIRCH_SLAB	field_1_4574
FIELD	net/minecraft/references/BlockItemIds	Lnet/minecraft/references/BlockItemId;	BIRCH_STAIRS	field_1_4575
FIELD	net/minecraft/references/BlockItemIds	Lnet/minecraft/references/BlockItemId;	BIRCH_TRAPDOOR	field_1_4576
FIELD	net/minecraft/references/BlockItemIds	Lnet/minecraft/references/BlockItemId;	BIRCH_WOOD	field_1_4577
FIELD	net/minecraft/references/BlockItemIds	Lnet/minecraft/references/BlockItemId;	BLACKSTONE	field_1_4578
FIELD	net/minecraft/references/BlockItemIds	Lnet/minecraft/references/BlockItemId;	BLACKSTONE_SLAB	field_1_4579
FIELD	net/minecraft/references/BlockItemIds	Lnet/minecraft/references/BlockItemId;	BLACKSTONE_STAIRS	field_1_4580
FIELD	net/minecraft/references/BlockItemIds	Lnet/minecraft/references/BlockItemId;	BLACKSTONE_WALL	field_1_4581
FIELD	net/minecraft/references/BlockItemIds	Lnet/minecraft/references/BlockItemId;	BLAST_FURNACE	field_1_4582
FIELD	net/minecraft/references/BlockItemIds	Lnet/minecraft/references/BlockItemId;	BLUE_ICE	field_1_4583
FIELD	net/minecraft/references/BlockItemIds	Lnet/minecraft/references/BlockItemId;	BLUE_ORCHID	field_1_4584
FIELD	net/minecraft/references/BlockItemIds	Lnet/minecraft/references/BlockItemId;	BONE_BLOCK	field_1_4585
FIELD	net/minecraft/references/BlockItemIds	Lnet/minecraft/references/BlockItemId;	BOOKSHELF	field_1_4586
FIELD	net/minecraft/references/BlockItemIds	Lnet/minecraft/references/BlockItemId;	BRAIN_CORAL	field_1_4587
FIELD	net/minecraft/references/BlockItemIds	Lnet/minecraft/references/BlockItemId;	BRAIN_CORAL_BLOCK	field_1_4588
FIELD	net/minecraft/references/BlockItemIds	Lnet/minecraft/references/BlockItemId;	BRAIN_CORAL_FAN	field_1_4589
FIELD	net/minecraft/references/BlockItemIds	Lnet/minecraft/references/BlockItemId;	BREWING_STAND	field_1_4590
FIELD	net/minecraft/references/BlockItemIds	Lnet/minecraft/references/BlockItemId;	BRICKS	field_1_4591
FIELD	net/minecraft/references/BlockItemIds	Lnet/minecraft/references/BlockItemId;	BRICK_SLAB	field_1_4592
FIELD	net/minecraft/references/BlockItemIds	Lnet/minecraft/references/BlockItemId;	BRICK_STAIRS	field_1_4593
FIELD	net/minecraft/references/BlockItemIds	Lnet/minecraft/references/BlockItemId;	BRICK_WALL	field_1_4594
FIELD	net/minecraft/references/BlockItemIds	Lnet/minecraft/references/BlockItemId;	BROWN_MUSHROOM	field_1_4595
FIELD	net/minecraft/references/BlockItemIds	Lnet/minecraft/references/BlockItemId;	BROWN_MUSHROOM_BLOCK	field_1_4596
FIELD	net/minecraft/references/BlockItemIds	Lnet/minecraft/references/BlockItemId;	BUBBLE_CORAL	field_1_4597
FIELD	net/minecraft/references/BlockItemIds	Lnet/minecraft/references/BlockItemId;	BUBBLE_CORAL_BLOCK	field_1_4598
FIELD	net/minecraft/references/BlockItemIds	Lnet/minecraft/references/BlockItemId;	BUBBLE_CORAL_FAN	field_1_4599
FIELD	net/minecraft/references/BlockItemIds	Lnet/minecraft/references/BlockItemId;	BUDDING_AMETHYST	field_1_4600
FIELD	net/minecraft/references/BlockItemIds	Lnet/minecraft/references/BlockItemId;	BUSH	field_1_4601
FIELD	net/minecraft/references/BlockItemIds	Lnet/minecraft/references/BlockItemId;	CACTUS	field_1_4602
FIELD	net/minecraft/references/BlockItemIds	Lnet/minecraft/references/BlockItemId;	CACTUS_FLOWER	field_1_4603
FIELD	net/minecraft/references/BlockItemIds	Lnet/minecraft/references/BlockItemId;	CAKE	field_1_4604
FIELD	net/minecraft/references/BlockItemIds	Lnet/minecraft/references/BlockItemId;	CALCITE	field_1_4605
FIELD	net/minecraft/references/BlockItemIds	Lnet/minecraft/references/BlockItemId;	CALIBRATED_SCULK_SENSOR	field_1_4606
FIELD	net/minecraft/references/BlockItemIds	Lnet/minecraft/references/BlockItemId;	CAMPFIRE	field_1_4607
FIELD	net/minecraft/references/BlockItemIds	Lnet/minecraft/references/BlockItemId;	CANDLE	field_1_4608
FIELD	net/minecraft/references/BlockItemIds	Lnet/minecraft/world/level/block/ColorCollection;	CARPET	field_1_4609
FIELD	net/minecraft/references/BlockItemIds	Lnet/minecraft/references/BlockItemId;	CARROT_CROP	field_1_4610
FIELD	net/minecraft/references/BlockItemIds	Lnet/minecraft/references/BlockItemId;	CARTOGRAPHY_TABLE	field_1_4611
FIELD	net/minecraft/references/BlockItemIds	Lnet/minecraft/references/BlockItemId;	CARVED_PUMPKIN	field_1_4612
FIELD	net/minecraft/references/BlockItemIds	Lnet/minecraft/references/BlockItemId;	CAULDRON	field_1_4613
FIELD	net/minecraft/references/BlockItemIds	Lnet/minecraft/references/BlockItemId;	CHAIN_COMMAND_BLOCK	field_1_4614
FIELD	net/minecraft/references/BlockItemIds	Lnet/minecraft/references/BlockItemId;	CHERRY_BUTTON	field_1_4615
FIELD	net/minecraft/references/BlockItemIds	Lnet/minecraft/references/BlockItemId;	CHERRY_DOOR	field_1_4616
FIELD	net/minecraft/references/BlockItemIds	Lnet/minecraft/references/BlockItemId;	CHERRY_FENCE	field_1_4617
FIELD	net/minecraft/references/BlockItemIds	Lnet/minecraft/references/BlockItemId;	CHERRY_FENCE_GATE	field_1_4618
FIELD	net/minecraft/references/BlockItemIds	Lnet/minecraft/references/BlockItemId;	CHERRY_HANGING_SIGN	field_1_4619
FIELD	net/minecraft/references/BlockItemIds	Lnet/minecraft/references/BlockItemId;	CHERRY_LEAVES	field_1_4620
FIELD	net/minecraft/references/BlockItemIds	Lnet/minecraft/references/BlockItemId;	CHERRY_LOG	field_1_4621
FIELD	net/minecraft/references/BlockItemIds	Lnet/minecraft/references/BlockItemId;	CHERRY_PLANKS	field_1_4622
FIELD	net/minecraft/references/BlockItemIds	Lnet/minecraft/references/BlockItemId;	CHERRY_PRESSURE_PLATE	field_1_4623
FIELD	net/minecraft/references/BlockItemIds	Lnet/minecraft/references/BlockItemId;	CHERRY_SAPLING	field_1_4624
FIELD	net/minecraft/references/BlockItemIds	Lnet/minecraft/references/BlockItemId;	CHERRY_SHELF	field_1_4625
FIELD	net/minecraft/references/BlockItemIds	Lnet/minecraft/references/BlockItemId;	CHERRY_SIGN	field_1_4626
FIELD	net/minecraft/references/BlockItemIds	Lnet/minecraft/references/BlockItemId;	CHERRY_SLAB	field_1_4627
FIELD	net/minecraft/references/BlockItemIds	Lnet/minecraft/references/BlockItemId;	CHERRY_STAIRS	field_1_4628
FIELD	net/minecraft/references/BlockItemIds	Lnet/minecraft/references/BlockItemId;	CHERRY_TRAPDOOR	field_1_4629
FIELD	net/minecraft/references/BlockItemIds	Lnet/minecraft/references/BlockItemId;	CHERRY_WOOD	field_1_4630
FIELD	net/minecraft/references/BlockItemIds	Lnet/minecraft/references/BlockItemId;	CHEST	field_1_4631
FIELD	net/minecraft/references/BlockItemIds	Lnet/minecraft/references/BlockItemId;	CHIPPED_ANVIL	field_1_4632
FIELD	net/minecraft/references/BlockItemIds	Lnet/minecraft/references/BlockItemId;	CHISELED_BOOKSHELF	field_1_4633
FIELD	net/minecraft/references/BlockItemIds	Lnet/minecraft/references/BlockItemId;	CHISELED_CINNABAR	field_1_4634
FIELD	net/minecraft/references/BlockItemIds	Lnet/minecraft/world/level/block/WeatheringCopperCollection;	CHISELED_COPPER	field_1_4635
FIELD	net/minecraft/references/BlockItemIds	Lnet/minecraft/references/BlockItemId;	CHISELED_DEEPSLATE	field_1_4636
FIELD	net/minecraft/references/BlockItemIds	Lnet/minecraft/references/BlockItemId;	CHISELED_NETHER_BRICKS	field_1_4637
FIELD	net/minecraft/references/BlockItemIds	Lnet/minecraft/references/BlockItemId;	CHISELED_POLISHED_BLACKSTONE	field_1_4638
FIELD	net/minecraft/references/BlockItemIds	Lnet/minecraft/references/BlockItemId;	CHISELED_QUARTZ_BLOCK	field_1_4639
FIELD	net/minecraft/references/BlockItemIds	Lnet/minecraft/references/BlockItemId;	CHISELED_RED_SANDSTONE	field_1_4640
FIELD	net/minecraft/references/BlockItemIds	Lnet/minecraft/references/BlockItemId;	CHISELED_RESIN_BRICKS	field_1_4641
FIELD	net/minecraft/references/BlockItemIds	Lnet/minecraft/references/BlockItemId;	CHISELED_SANDSTONE	field_1_4642
FIELD	net/minecraft/references/BlockItemIds	Lnet/minecraft/references/BlockItemId;	CHISELED_STONE_BRICKS	field_1_4643
FIELD	net/minecraft/references/BlockItemIds	Lnet/minecraft/references/BlockItemId;	CHISELED_SULFUR	field_1_4644
FIELD	net/minecraft/references/BlockItemIds	Lnet/minecraft/references/BlockItemId;	CHISELED_TUFF	field_1_4645
FIELD	net/minecraft/references/BlockItemIds	Lnet/minecraft/references/BlockItemId;	CHISELED_TUFF_BRICKS	field_1_4646
FIELD	net/minecraft/references/BlockItemIds	Lnet/minecraft/references/BlockItemId;	CHORUS_FLOWER	field_1_4647
FIELD	net/minecraft/references/BlockItemIds	Lnet/minecraft/references/BlockItemId;	CHORUS_PLANT	field_1_4648
FIELD	net/minecraft/references/BlockItemIds	Lnet/minecraft/references/BlockItemId;	CINNABAR	field_1_4649
FIELD	net/minecraft/references/BlockItemIds	Lnet/minecraft/references/BlockItemId;	CINNABAR_BRICKS	field_1_4650
FIELD	net/minecraft/references/BlockItemIds	Lnet/minecraft/references/BlockItemId;	CINNABAR_BRICK_SLAB	field_1_4651
FIELD	net/minecraft/references/BlockItemIds	Lnet/minecraft/references/BlockItemId;	CINNABAR_BRICK_STAIRS	field_1_4652
FIELD	net/minecraft/references/BlockItemIds	Lnet/minecraft/references/BlockItemId;	CINNABAR_BRICK_WALL	field_1_4653
FIELD	net/minecraft/references/BlockItemIds	Lnet/minecraft/references/BlockItemId;	CINNABAR_SLAB	field_1_4654
FIELD	net/minecraft/references/BlockItemIds	Lnet/minecraft/references/BlockItemId;	CINNABAR_STAIRS	field_1_4655
FIELD	net/minecraft/references/BlockItemIds	Lnet/minecraft/references/BlockItemId;	CINNABAR_WALL	field_1_4656
FIELD	net/minecraft/references/BlockItemIds	Lnet/minecraft/references/BlockItemId;	CLAY	field_1_4657
FIELD	net/minecraft/references/BlockItemIds	Lnet/minecraft/references/BlockItemId;	CLOSED_EYEBLOSSOM	field_1_4658
FIELD	net/minecraft/references/BlockItemIds	Lnet/minecraft/references/BlockItemId;	COAL_BLOCK	field_1_4659
FIELD	net/minecraft/references/BlockItemIds	Lnet/minecraft/references/BlockItemId;	COAL_ORE	field_1_4660
FIELD	net/minecraft/references/BlockItemIds	Lnet/minecraft/references/BlockItemId;	COARSE_DIRT	field_1_4661
FIELD	net/minecraft/references/BlockItemIds	Lnet/minecraft/references/BlockItemId;	COBBLED_DEEPSLATE	field_1_4662
FIELD	net/minecraft/references/BlockItemIds	Lnet/minecraft/references/BlockItemId;	COBBLED_DEEPSLATE_SLAB	field_1_4663
FIELD	net/minecraft/references/BlockItemIds	Lnet/minecraft/references/BlockItemId;	COBBLED_DEEPSLATE_STAIRS	field_1_4664
FIELD	net/minecraft/references/BlockItemIds	Lnet/minecraft/references/BlockItemId;	COBBLED_DEEPSLATE_WALL	field_1_4665
FIELD	net/minecraft/references/BlockItemIds	Lnet/minecraft/references/BlockItemId;	COBBLESTONE	field_1_4666
FIELD	net/minecraft/references/BlockItemIds	Lnet/minecraft/references/BlockItemId;	COBBLESTONE_SLAB	field_1_4667
FIELD	net/minecraft/references/BlockItemIds	Lnet/minecraft/references/BlockItemId;	COBBLESTONE_STAIRS	field_1_4668
FIELD	net/minecraft/references/BlockItemIds	Lnet/minecraft/references/BlockItemId;	COBBLESTONE_WALL	field_1_4669
FIELD	net/minecraft/references/BlockItemIds	Lnet/minecraft/references/BlockItemId;	COBWEB	field_1_4670
FIELD	net/minecraft/references/BlockItemIds	Lnet/minecraft/references/BlockItemId;	COCOA_CROP	field_1_4671
FIELD	net/minecraft/references/BlockItemIds	Lnet/minecraft/references/BlockItemId;	COMMAND_BLOCK	field_1_4672
FIELD	net/minecraft/references/BlockItemIds	Lnet/minecraft/references/BlockItemId;	COMPARATOR	field_1_4673
FIELD	net/minecraft/references/BlockItemIds	Lnet/minecraft/references/BlockItemId;	COMPOSTER	field_1_4674
FIELD	net/minecraft/references/BlockItemIds	Lnet/minecraft/world/level/block/ColorCollection;	CONCRETE	field_1_4675
FIELD	net/minecraft/references/BlockItemIds	Lnet/minecraft/world/level/block/ColorCollection;	CONCRETE_POWDER	field_1_4676
FIELD	net/minecraft/references/BlockItemIds	Lnet/minecraft/references/BlockItemId;	CONDUIT	field_1_4677
FIELD	net/minecraft/references/BlockItemIds	Lnet/minecraft/world/level/block/WeatheringCopperCollection;	COPPER_BARS	field_1_4678
FIELD	net/minecraft/references/BlockItemIds	Lnet/minecraft/world/level/block/WeatheringCopperCollection;	COPPER_BLOCK	field_1_4679
FIELD	net/minecraft/references/BlockItemIds	Lnet/minecraft/world/level/block/WeatheringCopperCollection$ByState;	COPPER_BLOCK_SPECIAL_NAMES	field_1_4680
FIELD	net/minecraft/references/BlockItemIds	Lnet/minecraft/world/level/block/WeatheringCopperCollection;	COPPER_BULB	field_1_4681
FIELD	net/minecraft/references/BlockItemIds	Lnet/minecraft/world/level/block/WeatheringCopperCollection;	COPPER_CHAIN	field_1_4682
FIELD	net/minecraft/references/BlockItemIds	Lnet/minecraft/world/level/block/WeatheringCopperCollection;	COPPER_CHEST	field_1_4683
FIELD	net/minecraft/references/BlockItemIds	Lnet/minecraft/world/level/block/WeatheringCopperCollection;	COPPER_DOOR	field_1_4684
FIELD	net/minecraft/references/BlockItemIds	Lnet/minecraft/world/level/block/WeatheringCopperCollection;	COPPER_GOLEM_STATUE	field_1_4685
FIELD	net/minecraft/references/BlockItemIds	Lnet/minecraft/world/level/block/WeatheringCopperCollection;	COPPER_GRATE	field_1_4686
FIELD	net/minecraft/references/BlockItemIds	Lnet/minecraft/world/level/block/WeatheringCopperCollection;	COPPER_LANTERN	field_1_4687
FIELD	net/minecraft/references/BlockItemIds	Lnet/minecraft/references/BlockItemId;	COPPER_ORE	field_1_4688
FIELD	net/minecraft/references/BlockItemIds	Lnet/minecraft/references/BlockItemId;	COPPER_TORCH	field_1_4689
FIELD	net/minecraft/references/BlockItemIds	Lnet/minecraft/world/level/block/WeatheringCopperCollection;	COPPER_TRAPDOOR	field_1_4690
FIELD	net/minecraft/references/BlockItemIds	Lnet/minecraft/references/BlockItemId;	CORNFLOWER	field_1_4691
FIELD	net/minecraft/references/BlockItemIds	Lnet/minecraft/references/BlockItemId;	CRACKED_DEEPSLATE_BRICKS	field_1_4692
FIELD	net/minecraft/references/BlockItemIds	Lnet/minecraft/references/BlockItemId;	CRACKED_DEEPSLATE_TILES	field_1_4693
FIELD	net/minecraft/references/BlockItemIds	Lnet/minecraft/references/BlockItemId;	CRACKED_NETHER_BRICKS	field_1_4694
FIELD	net/minecraft/references/BlockItemIds	Lnet/minecraft/references/BlockItemId;	CRACKED_POLISHED_BLACKSTONE_BRICKS	field_1_4695
FIELD	net/minecraft/references/BlockItemIds	Lnet/minecraft/references/BlockItemId;	CRACKED_STONE_BRICKS	field_1_4696
FIELD	net/minecraft/references/BlockItemIds	Lnet/minecraft/references/BlockItemId;	CRAFTER	field_1_4697
FIELD	net/minecraft/references/BlockItemIds	Lnet/minecraft/references/BlockItemId;	CRAFTING_TABLE	field_1_4698
FIELD	net/minecraft/references/BlockItemIds	Lnet/minecraft/references/BlockItemId;	CREAKING_HEART	field_1_4699
FIELD	net/minecraft/references/BlockItemIds	Lnet/minecraft/references/BlockItemId;	CREEPER_HEAD	field_1_4700
FIELD	net/minecraft/references/BlockItemIds	Lnet/minecraft/references/BlockItemId;	CRIMSON_BUTTON	field_1_4701
FIELD	net/minecraft/references/BlockItemIds	Lnet/minecraft/references/BlockItemId;	CRIMSON_DOOR	field_1_4702
FIELD	net/minecraft/references/BlockItemIds	Lnet/minecraft/references/BlockItemId;	CRIMSON_FENCE	field_1_4703
FIELD	net/minecraft/references/BlockItemIds	Lnet/minecraft/references/BlockItemId;	CRIMSON_FENCE_GATE	field_1_4704
FIELD	net/minecraft/references/BlockItemIds	Lnet/minecraft/references/BlockItemId;	CRIMSON_FUNGUS	field_1_4705
FIELD	net/minecraft/references/BlockItemIds	Lnet/minecraft/references/BlockItemId;	CRIMSON_HANGING_SIGN	field_1_4706
FIELD	net/minecraft/references/BlockItemIds	Lnet/minecraft/references/BlockItemId;	CRIMSON_HYPHAE	field_1_4707
FIELD	net/minecraft/references/BlockItemIds	Lnet/minecraft/references/BlockItemId;	CRIMSON_NYLIUM	field_1_4708
FIELD	net/minecraft/references/BlockItemIds	Lnet/minecraft/references/BlockItemId;	CRIMSON_PLANKS	field_1_4709
FIELD	net/minecraft/references/BlockItemIds	Lnet/minecraft/references/BlockItemId;	CRIMSON_PRESSURE_PLATE	field_1_4710
FIELD	net/minecraft/references/BlockItemIds	Lnet/minecraft/references/BlockItemId;	CRIMSON_ROOTS	field_1_4711
FIELD	net/minecraft/references/BlockItemIds	Lnet/minecraft/references/BlockItemId;	CRIMSON_SHELF	field_1_4712
FIELD	net/minecraft/references/BlockItemIds	Lnet/minecraft/references/BlockItemId;	CRIMSON_SIGN	field_1_4713
FIELD	net/minecraft/references/BlockItemIds	Lnet/minecraft/references/BlockItemId;	CRIMSON_SLAB	field_1_4714
FIELD	net/minecraft/references/BlockItemIds	Lnet/minecraft/references/BlockItemId;	CRIMSON_STAIRS	field_1_4715
FIELD	net/minecraft/references/BlockItemIds	Lnet/minecraft/references/BlockItemId;	CRIMSON_STEM	field_1_4716
FIELD	net/minecraft/references/BlockItemIds	Lnet/minecraft/references/BlockItemId;	CRIMSON_TRAPDOOR	field_1_4717
FIELD	net/minecraft/references/BlockItemIds	Lnet/minecraft/references/BlockItemId;	CRYING_OBSIDIAN	field_1_4718
FIELD	net/minecraft/references/BlockItemIds	Lnet/minecraft/world/level/block/WeatheringCopperCollection;	CUT_COPPER	field_1_4719
FIELD	net/minecraft/references/BlockItemIds	Lnet/minecraft/world/level/block/WeatheringCopperCollection;	CUT_COPPER_SLAB	field_1_4720
FIELD	net/minecraft/references/BlockItemIds	Lnet/minecraft/world/level/block/WeatheringCopperCollection;	CUT_COPPER_STAIRS	field_1_4721
FIELD	net/minecraft/references/BlockItemIds	Lnet/minecraft/references/BlockItemId;	CUT_RED_SANDSTONE	field_1_4722
FIELD	net/minecraft/references/BlockItemIds	Lnet/minecraft/references/BlockItemId;	CUT_RED_SANDSTONE_SLAB	field_1_4723
FIELD	net/minecraft/references/BlockItemIds	Lnet/minecraft/references/BlockItemId;	CUT_SANDSTONE	field_1_4724
FIELD	net/minecraft/references/BlockItemIds	Lnet/minecraft/references/BlockItemId;	CUT_SANDSTONE_SLAB	field_1_4725
FIELD	net/minecraft/references/BlockItemIds	Lnet/minecraft/references/BlockItemId;	DAMAGED_ANVIL	field_1_4726
FIELD	net/minecraft/references/BlockItemIds	Lnet/minecraft/references/BlockItemId;	DANDELION	field_1_4727
FIELD	net/minecraft/references/BlockItemIds	Lnet/minecraft/references/BlockItemId;	DARK_OAK_BUTTON	field_1_4728
FIELD	net/minecraft/references/BlockItemIds	Lnet/minecraft/references/BlockItemId;	DARK_OAK_DOOR	field_1_4729
FIELD	net/minecraft/references/BlockItemIds	Lnet/minecraft/references/BlockItemId;	DARK_OAK_FENCE	field_1_4730
FIELD	net/minecraft/references/BlockItemIds	Lnet/minecraft/references/BlockItemId;	DARK_OAK_FENCE_GATE	field_1_4731
FIELD	net/minecraft/references/BlockItemIds	Lnet/minecraft/references/BlockItemId;	DARK_OAK_HANGING_SIGN	field_1_4732
FIELD	net/minecraft/references/BlockItemIds	Lnet/minecraft/references/BlockItemId;	DARK_OAK_LEAVES	field_1_4733
FIELD	net/minecraft/references/BlockItemIds	Lnet/minecraft/references/BlockItemId;	DARK_OAK_LOG	field_1_4734
FIELD	net/minecraft/references/BlockItemIds	Lnet/minecraft/references/BlockItemId;	DARK_OAK_PLANKS	field_1_4735
FIELD	net/minecraft/references/BlockItemIds	Lnet/minecraft/references/BlockItemId;	DARK_OAK_PRESSURE_PLATE	field_1_4736
FIELD	net/minecraft/references/BlockItemIds	Lnet/minecraft/references/BlockItemId;	DARK_OAK_SAPLING	field_1_4737
FIELD	net/minecraft/references/BlockItemIds	Lnet/minecraft/references/BlockItemId;	DARK_OAK_SHELF	field_1_4738
FIELD	net/minecraft/references/BlockItemIds	Lnet/minecraft/references/BlockItemId;	DARK_OAK_SIGN	field_1_4739
FIELD	net/minecraft/references/BlockItemIds	Lnet/minecraft/references/BlockItemId;	DARK_OAK_SLAB	field_1_4740
FIELD	net/minecraft/references/BlockItemIds	Lnet/minecraft/references/BlockItemId;	DARK_OAK_STAIRS	field_1_4741
FIELD	net/minecraft/references/BlockItemIds	Lnet/minecraft/references/BlockItemId;	DARK_OAK_TRAPDOOR	field_1_4742
FIELD	net/minecraft/references/BlockItemIds	Lnet/minecraft/references/BlockItemId;	DARK_OAK_WOOD	field_1_4743
FIELD	net/minecraft/references/BlockItemIds	Lnet/minecraft/references/BlockItemId;	DARK_PRISMARINE	field_1_4744
FIELD	net/minecraft/references/BlockItemIds	Lnet/minecraft/references/BlockItemId;	DARK_PRISMARINE_SLAB	field_1_4745
FIELD	net/minecraft/references/BlockItemIds	Lnet/minecraft/references/BlockItemId;	DARK_PRISMARINE_STAIRS	field_1_4746
FIELD	net/minecraft/references/BlockItemIds	Lnet/minecraft/references/BlockItemId;	DAYLIGHT_DETECTOR	field_1_4747
FIELD	net/minecraft/references/BlockItemIds	Lnet/minecraft/references/BlockItemId;	DEAD_BRAIN_CORAL	field_1_4748
FIELD	net/minecraft/references/BlockItemIds	Lnet/minecraft/references/BlockItemId;	DEAD_BRAIN_CORAL_BLOCK	field_1_4749
FIELD	net/minecraft/references/BlockItemIds	Lnet/minecraft/references/BlockItemId;	DEAD_BRAIN_CORAL_FAN	field_1_4750
FIELD	net/minecraft/references/BlockItemIds	Lnet/minecraft/references/BlockItemId;	DEAD_BUBBLE_CORAL	field_1_4751
FIELD	net/minecraft/references/BlockItemIds	Lnet/minecraft/references/BlockItemId;	DEAD_BUBBLE_CORAL_BLOCK	field_1_4752
FIELD	net/minecraft/references/BlockItemIds	Lnet/minecraft/references/BlockItemId;	DEAD_BUBBLE_CORAL_FAN	field_1_4753
FIELD	net/minecraft/references/BlockItemIds	Lnet/minecraft/references/BlockItemId;	DEAD_BUSH	field_1_4754
FIELD	net/minecraft/references/BlockItemIds	Lnet/minecraft/references/BlockItemId;	DEAD_FIRE_CORAL	field_1_4755
FIELD	net/minecraft/references/BlockItemIds	Lnet/minecraft/references/BlockItemId;	DEAD_FIRE_CORAL_BLOCK	field_1_4756
FIELD	net/minecraft/references/BlockItemIds	Lnet/minecraft/references/BlockItemId;	DEAD_FIRE_CORAL_FAN	field_1_4757
FIELD	net/minecraft/references/BlockItemIds	Lnet/minecraft/references/BlockItemId;	DEAD_HORN_CORAL	field_1_4758
FIELD	net/minecraft/references/BlockItemIds	Lnet/minecraft/references/BlockItemId;	DEAD_HORN_CORAL_BLOCK	field_1_4759
FIELD	net/minecraft/references/BlockItemIds	Lnet/minecraft/references/BlockItemId;	DEAD_HORN_CORAL_FAN	field_1_4760
FIELD	net/minecraft/references/BlockItemIds	Lnet/minecraft/references/BlockItemId;	DEAD_TUBE_CORAL	field_1_4761
FIELD	net/minecraft/references/BlockItemIds	Lnet/minecraft/references/BlockItemId;	DEAD_TUBE_CORAL_BLOCK	field_1_4762
FIELD	net/minecraft/references/BlockItemIds	Lnet/minecraft/references/BlockItemId;	DEAD_TUBE_CORAL_FAN	field_1_4763
FIELD	net/minecraft/references/BlockItemIds	Lnet/minecraft/references/BlockItemId;	DECORATED_POT	field_1_4764
FIELD	net/minecraft/references/BlockItemIds	Lnet/minecraft/references/BlockItemId;	DEEPSLATE	field_1_4765
FIELD	net/minecraft/references/BlockItemIds	Lnet/minecraft/references/BlockItemId;	DEEPSLATE_BRICKS	field_1_4766
FIELD	net/minecraft/references/BlockItemIds	Lnet/minecraft/references/BlockItemId;	DEEPSLATE_BRICK_SLAB	field_1_4767
FIELD	net/minecraft/references/BlockItemIds	Lnet/minecraft/references/BlockItemId;	DEEPSLATE_BRICK_STAIRS	field_1_4768
FIELD	net/minecraft/references/BlockItemIds	Lnet/minecraft/references/BlockItemId;	DEEPSLATE_BRICK_WALL	field_1_4769
FIELD	net/minecraft/references/BlockItemIds	Lnet/minecraft/references/BlockItemId;	DEEPSLATE_COAL_ORE	field_1_4770
FIELD	net/minecraft/references/BlockItemIds	Lnet/minecraft/references/BlockItemId;	DEEPSLATE_COPPER_ORE	field_1_4771
FIELD	net/minecraft/references/BlockItemIds	Lnet/minecraft/references/BlockItemId;	DEEPSLATE_DIAMOND_ORE	field_1_4772
FIELD	net/minecraft/references/BlockItemIds	Lnet/minecraft/references/BlockItemId;	DEEPSLATE_EMERALD_ORE	field_1_4773
FIELD	net/minecraft/references/BlockItemIds	Lnet/minecraft/references/BlockItemId;	DEEPSLATE_GOLD_ORE	field_1_4774
FIELD	net/minecraft/references/BlockItemIds	Lnet/minecraft/references/BlockItemId;	DEEPSLATE_IRON_ORE	field_1_4775
FIELD	net/minecraft/references/BlockItemIds	Lnet/minecraft/references/BlockItemId;	DEEPSLATE_LAPIS_ORE	field_1_4776
FIELD	net/minecraft/references/BlockItemIds	Lnet/minecraft/references/BlockItemId;	DEEPSLATE_REDSTONE_ORE	field_1_4777
FIELD	net/minecraft/references/BlockItemIds	Lnet/minecraft/references/BlockItemId;	DEEPSLATE_TILES	field_1_4778
FIELD	net/minecraft/references/BlockItemIds	Lnet/minecraft/references/BlockItemId;	DEEPSLATE_TILE_SLAB	field_1_4779
FIELD	net/minecraft/references/BlockItemIds	Lnet/minecraft/references/BlockItemId;	DEEPSLATE_TILE_STAIRS	field_1_4780
FIELD	net/minecraft/references/BlockItemIds	Lnet/minecraft/references/BlockItemId;	DEEPSLATE_TILE_WALL	field_1_4781
FIELD	net/minecraft/references/BlockItemIds	Lnet/minecraft/references/BlockItemId;	DETECTOR_RAIL	field_1_4782
FIELD	net/minecraft/references/BlockItemIds	Lnet/minecraft/references/BlockItemId;	DIAMOND_BLOCK	field_1_4783
FIELD	net/minecraft/references/BlockItemIds	Lnet/minecraft/references/BlockItemId;	DIAMOND_ORE	field_1_4784
FIELD	net/minecraft/references/BlockItemIds	Lnet/minecraft/references/BlockItemId;	DIORITE	field_1_4785
FIELD	net/minecraft/references/BlockItemIds	Lnet/minecraft/references/BlockItemId;	DIORITE_SLAB	field_1_4786
FIELD	net/minecraft/references/BlockItemIds	Lnet/minecraft/references/BlockItemId;	DIORITE_STAIRS	field_1_4787
FIELD	net/minecraft/references/BlockItemIds	Lnet/minecraft/references/BlockItemId;	DIORITE_WALL	field_1_4788
FIELD	net/minecraft/references/BlockItemIds	Lnet/minecraft/references/BlockItemId;	DIRT	field_1_4789
FIELD	net/minecraft/references/BlockItemIds	Lnet/minecraft/references/BlockItemId;	DIRT_PATH	field_1_4790
FIELD	net/minecraft/references/BlockItemIds	Lnet/minecraft/references/BlockItemId;	DISPENSER	field_1_4791
FIELD	net/minecraft/references/BlockItemIds	Lnet/minecraft/references/BlockItemId;	DRAGON_EGG	field_1_4792
FIELD	net/minecraft/references/BlockItemIds	Lnet/minecraft/references/BlockItemId;	DRAGON_HEAD	field_1_4793
FIELD	net/minecraft/references/BlockItemIds	Lnet/minecraft/references/BlockItemId;	DRIED_GHAST	field_1_4794
FIELD	net/minecraft/references/BlockItemIds	Lnet/minecraft/references/BlockItemId;	DRIED_KELP_BLOCK	field_1_4795
FIELD	net/minecraft/references/BlockItemIds	Lnet/minecraft/references/BlockItemId;	DRIPSTONE_BLOCK	field_1_4796
FIELD	net/minecraft/references/BlockItemIds	Lnet/minecraft/references/BlockItemId;	DROPPER	field_1_4797
FIELD	net/minecraft/references/BlockItemIds	Lnet/minecraft/world/level/block/ColorCollection;	DYED_CANDLE	field_1_4798
FIELD	net/minecraft/references/BlockItemIds	Lnet/minecraft/world/level/block/ColorCollection;	DYED_SHULKER_BOX	field_1_4799
FIELD	net/minecraft/references/BlockItemIds	Lnet/minecraft/world/level/block/ColorCollection;	DYED_TERRACOTTA	field_1_4800
FIELD	net/minecraft/references/BlockItemIds	Lnet/minecraft/references/BlockItemId;	EMERALD_BLOCK	field_1_4801
FIELD	net/minecraft/references/BlockItemIds	Lnet/minecraft/references/BlockItemId;	EMERALD_ORE	field_1_4802
FIELD	net/minecraft/references/BlockItemIds	Lnet/minecraft/references/BlockItemId;	ENCHANTING_TABLE	field_1_4803
FIELD	net/minecraft/references/BlockItemIds	Lnet/minecraft/references/BlockItemId;	ENDER_CHEST	field_1_4804
FIELD	net/minecraft/references/BlockItemIds	Lnet/minecraft/references/BlockItemId;	END_PORTAL_FRAME	field_1_4805
FIELD	net/minecraft/references/BlockItemIds	Lnet/minecraft/references/BlockItemId;	END_ROD	field_1_4806
FIELD	net/minecraft/references/BlockItemIds	Lnet/minecraft/references/BlockItemId;	END_STONE	field_1_4807
FIELD	net/minecraft/references/BlockItemIds	Lnet/minecraft/references/BlockItemId;	END_STONE_BRICKS	field_1_4808
FIELD	net/minecraft/references/BlockItemIds	Lnet/minecraft/references/BlockItemId;	END_STONE_BRICK_SLAB	field_1_4809
FIELD	net/minecraft/references/BlockItemIds	Lnet/minecraft/references/BlockItemId;	END_STONE_BRICK_STAIRS	field_1_4810
FIELD	net/minecraft/references/BlockItemIds	Lnet/minecraft/references/BlockItemId;	END_STONE_BRICK_WALL	field_1_4811
FIELD	net/minecraft/references/BlockItemIds	Lnet/minecraft/references/BlockItemId;	FARMLAND	field_1_4812
FIELD	net/minecraft/references/BlockItemIds	Lnet/minecraft/references/BlockItemId;	FERN	field_1_4813
FIELD	net/minecraft/references/BlockItemIds	Lnet/minecraft/references/BlockItemId;	FIREFLY_BUSH	field_1_4814
FIELD	net/minecraft/references/BlockItemIds	Lnet/minecraft/references/BlockItemId;	FIRE_CORAL	field_1_4815
FIELD	net/minecraft/references/BlockItemIds	Lnet/minecraft/references/BlockItemId;	FIRE_CORAL_BLOCK	field_1_4816
FIELD	net/minecraft/references/BlockItemIds	Lnet/minecraft/references/BlockItemId;	FIRE_CORAL_FAN	field_1_4817
FIELD	net/minecraft/references/BlockItemIds	Lnet/minecraft/references/BlockItemId;	FLETCHING_TABLE	field_1_4818
FIELD	net/minecraft/references/BlockItemIds	Lnet/minecraft/references/BlockItemId;	FLOWERING_AZALEA	field_1_4819
FIELD	net/minecraft/references/BlockItemIds	Lnet/minecraft/references/BlockItemId;	FLOWERING_AZALEA_LEAVES	field_1_4820
FIELD	net/minecraft/references/BlockItemIds	Lnet/minecraft/references/BlockItemId;	FLOWER_POT	field_1_4821
FIELD	net/minecraft/references/BlockItemIds	Lnet/minecraft/references/BlockItemId;	FROGSPAWN	field_1_4822
FIELD	net/minecraft/references/BlockItemIds	Lnet/minecraft/references/BlockItemId;	FURNACE	field_1_4823
FIELD	net/minecraft/references/BlockItemIds	Lnet/minecraft/references/BlockItemId;	GILDED_BLACKSTONE	field_1_4824
FIELD	net/minecraft/references/BlockItemIds	Lnet/minecraft/references/BlockItemId;	GLASS	field_1_4825
FIELD	net/minecraft/references/BlockItemIds	Lnet/minecraft/references/BlockItemId;	GLASS_PANE	field_1_4826
FIELD	net/minecraft/references/BlockItemIds	Lnet/minecraft/world/level/block/ColorCollection;	GLAZED_TERRACOTTA	field_1_4827
FIELD	net/minecraft/references/BlockItemIds	Lnet/minecraft/references/BlockItemId;	GLOWSTONE	field_1_4828
FIELD	net/minecraft/references/BlockItemIds	Lnet/minecraft/references/BlockItemId;	GLOW_BERRY_CROP	field_1_4829
FIELD	net/minecraft/references/BlockItemIds	Lnet/minecraft/references/BlockItemId;	GLOW_LICHEN	field_1_4830
FIELD	net/minecraft/references/BlockItemIds	Lnet/minecraft/references/BlockItemId;	GOLDEN_DANDELION	field_1_4831
FIELD	net/minecraft/references/BlockItemIds	Lnet/minecraft/references/BlockItemId;	GOLD_BLOCK	field_1_4832
FIELD	net/minecraft/references/BlockItemIds	Lnet/minecraft/references/BlockItemId;	GOLD_ORE	field_1_4833
FIELD	net/minecraft/references/BlockItemIds	Lnet/minecraft/references/BlockItemId;	GRANITE	field_1_4834
FIELD	net/minecraft/references/BlockItemIds	Lnet/minecraft/references/BlockItemId;	GRANITE_SLAB	field_1_4835
FIELD	net/minecraft/references/BlockItemIds	Lnet/minecraft/references/BlockItemId;	GRANITE_STAIRS	field_1_4836
FIELD	net/minecraft/references/BlockItemIds	Lnet/minecraft/references/BlockItemId;	GRANITE_WALL	field_1_4837
FIELD	net/minecraft/references/BlockItemIds	Lnet/minecraft/references/BlockItemId;	GRASS_BLOCK	field_1_4838
FIELD	net/minecraft/references/BlockItemIds	Lnet/minecraft/references/BlockItemId;	GRAVEL	field_1_4839
FIELD	net/minecraft/references/BlockItemIds	Lnet/minecraft/references/BlockItemId;	GRINDSTONE	field_1_4840
FIELD	net/minecraft/references/BlockItemIds	Lnet/minecraft/references/BlockItemId;	HANGING_ROOTS	field_1_4841
FIELD	net/minecraft/references/BlockItemIds	Lnet/minecraft/references/BlockItemId;	HAY_BLOCK	field_1_4842
FIELD	net/minecraft/references/BlockItemIds	Lnet/minecraft/references/BlockItemId;	HEAVY_CORE	field_1_4843
FIELD	net/minecraft/references/BlockItemIds	Lnet/minecraft/references/BlockItemId;	HEAVY_WEIGHTED_PRESSURE_PLATE	field_1_4844
FIELD	net/minecraft/references/BlockItemIds	Lnet/minecraft/references/BlockItemId;	HONEYCOMB_BLOCK	field_1_4845
FIELD	net/minecraft/references/BlockItemIds	Lnet/minecraft/references/BlockItemId;	HONEY_BLOCK	field_1_4846
FIELD	net/minecraft/references/BlockItemIds	Lnet/minecraft/references/BlockItemId;	HOPPER	field_1_4847
FIELD	net/minecraft/references/BlockItemIds	Lnet/minecraft/references/BlockItemId;	HORN_CORAL	field_1_4848
FIELD	net/minecraft/references/BlockItemIds	Lnet/minecraft/references/BlockItemId;	HORN_CORAL_BLOCK	field_1_4849
FIELD	net/minecraft/references/BlockItemIds	Lnet/minecraft/references/BlockItemId;	HORN_CORAL_FAN	field_1_4850
FIELD	net/minecraft/references/BlockItemIds	Lnet/minecraft/references/BlockItemId;	ICE	field_1_4851
FIELD	net/minecraft/references/BlockItemIds	Lnet/minecraft/references/BlockItemId;	INFESTED_CHISELED_STONE_BRICKS	field_1_4852
FIELD	net/minecraft/references/BlockItemIds	Lnet/minecraft/references/BlockItemId;	INFESTED_COBBLESTONE	field_1_4853
FIELD	net/minecraft/references/BlockItemIds	Lnet/minecraft/references/BlockItemId;	INFESTED_CRACKED_STONE_BRICKS	field_1_4854
FIELD	net/minecraft/references/BlockItemIds	Lnet/minecraft/references/BlockItemId;	INFESTED_DEEPSLATE	field_1_4855
FIELD	net/minecraft/references/BlockItemIds	Lnet/minecraft/references/BlockItemId;	INFESTED_MOSSY_STONE_BRICKS	field_1_4856
FIELD	net/minecraft/references/BlockItemIds	Lnet/minecraft/references/BlockItemId;	INFESTED_STONE	field_1_4857
FIELD	net/minecraft/references/BlockItemIds	Lnet/minecraft/references/BlockItemId;	INFESTED_STONE_BRICKS	field_1_4858
FIELD	net/minecraft/references/BlockItemIds	Lnet/minecraft/references/BlockItemId;	IRON_BARS	field_1_4859
FIELD	net/minecraft/references/BlockItemIds	Lnet/minecraft/references/BlockItemId;	IRON_BLOCK	field_1_4860
FIELD	net/minecraft/references/BlockItemIds	Lnet/minecraft/references/BlockItemId;	IRON_CHAIN	field_1_4861
FIELD	net/minecraft/references/BlockItemIds	Lnet/minecraft/references/BlockItemId;	IRON_DOOR	field_1_4862
FIELD	net/minecraft/references/BlockItemIds	Lnet/minecraft/references/BlockItemId;	IRON_ORE	field_1_4863
FIELD	net/minecraft/references/BlockItemIds	Lnet/minecraft/references/BlockItemId;	IRON_TRAPDOOR	field_1_4864
FIELD	net/minecraft/references/BlockItemIds	Lnet/minecraft/references/BlockItemId;	JACK_O_LANTERN	field_1_4865
FIELD	net/minecraft/references/BlockItemIds	Lnet/minecraft/references/BlockItemId;	JIGSAW	field_1_4866
FIELD	net/minecraft/references/BlockItemIds	Lnet/minecraft/references/BlockItemId;	JUKEBOX	field_1_4867
FIELD	net/minecraft/references/BlockItemIds	Lnet/minecraft/references/BlockItemId;	JUNGLE_BUTTON	field_1_4868
FIELD	net/minecraft/references/BlockItemIds	Lnet/minecraft/references/BlockItemId;	JUNGLE_DOOR	field_1_4869
FIELD	net/minecraft/references/BlockItemIds	Lnet/minecraft/references/BlockItemId;	JUNGLE_FENCE	field_1_4870
FIELD	net/minecraft/references/BlockItemIds	Lnet/minecraft/references/BlockItemId;	JUNGLE_FENCE_GATE	field_1_4871
FIELD	net/minecraft/references/BlockItemIds	Lnet/minecraft/references/BlockItemId;	JUNGLE_HANGING_SIGN	field_1_4872
FIELD	net/minecraft/references/BlockItemIds	Lnet/minecraft/references/BlockItemId;	JUNGLE_LEAVES	field_1_4873
FIELD	net/minecraft/references/BlockItemIds	Lnet/minecraft/references/BlockItemId;	JUNGLE_LOG	field_1_4874
FIELD	net/minecraft/references/BlockItemIds	Lnet/minecraft/references/BlockItemId;	JUNGLE_PLANKS	field_1_4875
FIELD	net/minecraft/references/BlockItemIds	Lnet/minecraft/references/BlockItemId;	JUNGLE_PRESSURE_PLATE	field_1_4876
FIELD	net/minecraft/references/BlockItemIds	Lnet/minecraft/references/BlockItemId;	JUNGLE_SAPLING	field_1_4877
FIELD	net/minecraft/references/BlockItemIds	Lnet/minecraft/references/BlockItemId;	JUNGLE_SHELF	field_1_4878
FIELD	net/minecraft/references/BlockItemIds	Lnet/minecraft/references/BlockItemId;	JUNGLE_SIGN	field_1_4879
FIELD	net/minecraft/references/BlockItemIds	Lnet/minecraft/references/BlockItemId;	JUNGLE_SLAB	field_1_4880
FIELD	net/minecraft/references/BlockItemIds	Lnet/minecraft/references/BlockItemId;	JUNGLE_STAIRS	field_1_4881
FIELD	net/minecraft/references/BlockItemIds	Lnet/minecraft/references/BlockItemId;	JUNGLE_TRAPDOOR	field_1_4882
FIELD	net/minecraft/references/BlockItemIds	Lnet/minecraft/references/BlockItemId;	JUNGLE_WOOD	field_1_4883
FIELD	net/minecraft/references/BlockItemIds	Lnet/minecraft/references/BlockItemId;	KELP	field_1_4884
FIELD	net/minecraft/references/BlockItemIds	Lnet/minecraft/references/BlockItemId;	LADDER	field_1_4885
FIELD	net/minecraft/references/BlockItemIds	Lnet/minecraft/references/BlockItemId;	LANTERN	field_1_4886
FIELD	net/minecraft/references/BlockItemIds	Lnet/minecraft/references/BlockItemId;	LAPIS_BLOCK	field_1_4887
FIELD	net/minecraft/references/BlockItemIds	Lnet/minecraft/references/BlockItemId;	LAPIS_ORE	field_1_4888
FIELD	net/minecraft/references/BlockItemIds	Lnet/minecraft/references/BlockItemId;	LARGE_AMETHYST_BUD	field_1_4889
FIELD	net/minecraft/references/BlockItemIds	Lnet/minecraft/references/BlockItemId;	LARGE_FERN	field_1_4890
FIELD	net/minecraft/references/BlockItemIds	Lnet/minecraft/references/BlockItemId;	LEAF_LITTER	field_1_4891
FIELD	net/minecraft/references/BlockItemIds	Lnet/minecraft/references/BlockItemId;	LECTERN	field_1_4892
FIELD	net/minecraft/references/BlockItemIds	Lnet/minecraft/references/BlockItemId;	LEVER	field_1_4893
FIELD	net/minecraft/references/BlockItemIds	Lnet/minecraft/references/BlockItemId;	LIGHT	field_1_4894
FIELD	net/minecraft/references/BlockItemIds	Lnet/minecraft/world/level/block/WeatheringCopperCollection;	LIGHTNING_ROD	field_1_4895
FIELD	net/minecraft/references/BlockItemIds	Lnet/minecraft/references/BlockItemId;	LIGHT_WEIGHTED_PRESSURE_PLATE	field_1_4896
FIELD	net/minecraft/references/BlockItemIds	Lnet/minecraft/references/BlockItemId;	LILAC	field_1_4897
FIELD	net/minecraft/references/BlockItemIds	Lnet/minecraft/references/BlockItemId;	LILY_OF_THE_VALLEY	field_1_4898
FIELD	net/minecraft/references/BlockItemIds	Lnet/minecraft/references/BlockItemId;	LILY_PAD	field_1_4899
FIELD	net/minecraft/references/BlockItemIds	Lnet/minecraft/references/BlockItemId;	LODESTONE	field_1_4900
FIELD	net/minecraft/references/BlockItemIds	Lnet/minecraft/references/BlockItemId;	LOOM	field_1_4901
FIELD	net/minecraft/references/BlockItemIds	Lnet/minecraft/references/BlockItemId;	MAGMA_BLOCK	field_1_4902
FIELD	net/minecraft/references/BlockItemIds	Lnet/minecraft/references/BlockItemId;	MANGROVE_BUTTON	field_1_4903
FIELD	net/minecraft/references/BlockItemIds	Lnet/minecraft/references/BlockItemId;	MANGROVE_DOOR	field_1_4904
FIELD	net/minecraft/references/BlockItemIds	Lnet/minecraft/references/BlockItemId;	MANGROVE_FENCE	field_1_4905
FIELD	net/minecraft/references/BlockItemIds	Lnet/minecraft/references/BlockItemId;	MANGROVE_FENCE_GATE	field_1_4906
FIELD	net/minecraft/references/BlockItemIds	Lnet/minecraft/references/BlockItemId;	MANGROVE_HANGING_SIGN	field_1_4907
FIELD	net/minecraft/references/BlockItemIds	Lnet/minecraft/references/BlockItemId;	MANGROVE_LEAVES	field_1_4908
FIELD	net/minecraft/references/BlockItemIds	Lnet/minecraft/references/BlockItemId;	MANGROVE_LOG	field_1_4909
FIELD	net/minecraft/references/BlockItemIds	Lnet/minecraft/references/BlockItemId;	MANGROVE_PLANKS	field_1_4910
FIELD	net/minecraft/references/BlockItemIds	Lnet/minecraft/references/BlockItemId;	MANGROVE_PRESSURE_PLATE	field_1_4911
FIELD	net/minecraft/references/BlockItemIds	Lnet/minecraft/references/BlockItemId;	MANGROVE_PROPAGULE	field_1_4912
FIELD	net/minecraft/references/BlockItemIds	Lnet/minecraft/references/BlockItemId;	MANGROVE_ROOTS	field_1_4913
FIELD	net/minecraft/references/BlockItemIds	Lnet/minecraft/references/BlockItemId;	MANGROVE_SHELF	field_1_4914
FIELD	net/minecraft/references/BlockItemIds	Lnet/minecraft/references/BlockItemId;	MANGROVE_SIGN	field_1_4915
FIELD	net/minecraft/references/BlockItemIds	Lnet/minecraft/references/BlockItemId;	MANGROVE_SLAB	field_1_4916
FIELD	net/minecraft/references/BlockItemIds	Lnet/minecraft/references/BlockItemId;	MANGROVE_STAIRS	field_1_4917
FIELD	net/minecraft/references/BlockItemIds	Lnet/minecraft/references/BlockItemId;	MANGROVE_TRAPDOOR	field_1_4918
FIELD	net/minecraft/references/BlockItemIds	Lnet/minecraft/references/BlockItemId;	MANGROVE_WOOD	field_1_4919
FIELD	net/minecraft/references/BlockItemIds	Lnet/minecraft/references/BlockItemId;	MEDIUM_AMETHYST_BUD	field_1_4920
FIELD	net/minecraft/references/BlockItemIds	Lnet/minecraft/references/BlockItemId;	MELON	field_1_4921
FIELD	net/minecraft/references/BlockItemIds	Lnet/minecraft/references/BlockItemId;	MELON_CROP	field_1_4922
FIELD	net/minecraft/references/BlockItemIds	Lnet/minecraft/references/BlockItemId;	MOSSY_COBBLESTONE	field_1_4923
FIELD	net/minecraft/references/BlockItemIds	Lnet/minecraft/references/BlockItemId;	MOSSY_COBBLESTONE_SLAB	field_1_4924
FIELD	net/minecraft/references/BlockItemIds	Lnet/minecraft/references/BlockItemId;	MOSSY_COBBLESTONE_STAIRS	field_1_4925
FIELD	net/minecraft/references/BlockItemIds	Lnet/minecraft/references/BlockItemId;	MOSSY_COBBLESTONE_WALL	field_1_4926
FIELD	net/minecraft/references/BlockItemIds	Lnet/minecraft/references/BlockItemId;	MOSSY_STONE_BRICKS	field_1_4927
FIELD	net/minecraft/references/BlockItemIds	Lnet/minecraft/references/BlockItemId;	MOSSY_STONE_BRICK_SLAB	field_1_4928
FIELD	net/minecraft/references/BlockItemIds	Lnet/minecraft/references/BlockItemId;	MOSSY_STONE_BRICK_STAIRS	field_1_4929
FIELD	net/minecraft/references/BlockItemIds	Lnet/minecraft/references/BlockItemId;	MOSSY_STONE_BRICK_WALL	field_1_4930
FIELD	net/minecraft/references/BlockItemIds	Lnet/minecraft/references/BlockItemId;	MOSS_BLOCK	field_1_4931
FIELD	net/minecraft/references/BlockItemIds	Lnet/minecraft/references/BlockItemId;	MOSS_CARPET	field_1_4932
FIELD	net/minecraft/references/BlockItemIds	Lnet/minecraft/references/BlockItemId;	MUDDY_MANGROVE_ROOTS	field_1_4933
FIELD	net/minecraft/references/BlockItemIds	Lnet/minecraft/references/BlockItemId;	MUD	field_1_4934
FIELD	net/minecraft/references/BlockItemIds	Lnet/minecraft/references/BlockItemId;	MUD_BRICKS	field_1_4935
FIELD	net/minecraft/references/BlockItemIds	Lnet/minecraft/references/BlockItemId;	MUD_BRICK_SLAB	field_1_4936
FIELD	net/minecraft/references/BlockItemIds	Lnet/minecraft/references/BlockItemId;	MUD_BRICK_STAIRS	field_1_4937
FIELD	net/minecraft/references/BlockItemIds	Lnet/minecraft/references/BlockItemId;	MUD_BRICK_WALL	field_1_4938
FIELD	net/minecraft/references/BlockItemIds	Lnet/minecraft/references/BlockItemId;	MUSHROOM_STEM	field_1_4939
FIELD	net/minecraft/references/BlockItemIds	Lnet/minecraft/references/BlockItemId;	MYCELIUM	field_1_4940
FIELD	net/minecraft/references/BlockItemIds	Lnet/minecraft/references/BlockItemId;	NETHERITE_BLOCK	field_1_4941
FIELD	net/minecraft/references/BlockItemIds	Lnet/minecraft/references/BlockItemId;	NETHERRACK	field_1_4942
FIELD	net/minecraft/references/BlockItemIds	Lnet/minecraft/references/BlockItemId;	NETHER_BRICKS	field_1_4943
FIELD	net/minecraft/references/BlockItemIds	Lnet/minecraft/references/BlockItemId;	NETHER_BRICK_FENCE	field_1_4944
FIELD	net/minecraft/references/BlockItemIds	Lnet/minecraft/references/BlockItemId;	NETHER_BRICK_SLAB	field_1_4945
FIELD	net/minecraft/references/BlockItemIds	Lnet/minecraft/references/BlockItemId;	NETHER_BRICK_STAIRS	field_1_4946
FIELD	net/minecraft/references/BlockItemIds	Lnet/minecraft/references/BlockItemId;	NETHER_BRICK_WALL	field_1_4947
FIELD	net/minecraft/references/BlockItemIds	Lnet/minecraft/references/BlockItemId;	NETHER_GOLD_ORE	field_1_4948
FIELD	net/minecraft/references/BlockItemIds	Lnet/minecraft/references/BlockItemId;	NETHER_QUARTZ_ORE	field_1_4949
FIELD	net/minecraft/references/BlockItemIds	Lnet/minecraft/references/BlockItemId;	NETHER_SPROUTS	field_1_4950
FIELD	net/minecraft/references/BlockItemIds	Lnet/minecraft/references/BlockItemId;	NETHER_WART	field_1_4951
FIELD	net/minecraft/references/BlockItemIds	Lnet/minecraft/references/BlockItemId;	NETHER_WART_BLOCK	field_1_4952
FIELD	net/minecraft/references/BlockItemIds	Lnet/minecraft/references/BlockItemId;	NOTE_BLOCK	field_1_4953
FIELD	net/minecraft/references/BlockItemIds	Lnet/minecraft/references/BlockItemId;	OAK_BUTTON	field_1_4954
FIELD	net/minecraft/references/BlockItemIds	Lnet/minecraft/references/BlockItemId;	OAK_DOOR	field_1_4955
FIELD	net/minecraft/references/BlockItemIds	Lnet/minecraft/references/BlockItemId;	OAK_FENCE	field_1_4956
FIELD	net/minecraft/references/BlockItemIds	Lnet/minecraft/references/BlockItemId;	OAK_FENCE_GATE	field_1_4957
FIELD	net/minecraft/references/BlockItemIds	Lnet/minecraft/references/BlockItemId;	OAK_HANGING_SIGN	field_1_4958
FIELD	net/minecraft/references/BlockItemIds	Lnet/minecraft/references/BlockItemId;	OAK_LEAVES	field_1_4959
FIELD	net/minecraft/references/BlockItemIds	Lnet/minecraft/references/BlockItemId;	OAK_LOG	field_1_4960
FIELD	net/minecraft/references/BlockItemIds	Lnet/minecraft/references/BlockItemId;	OAK_PLANKS	field_1_4961
FIELD	net/minecraft/references/BlockItemIds	Lnet/minecraft/references/BlockItemId;	OAK_PRESSURE_PLATE	field_1_4962
FIELD	net/minecraft/references/BlockItemIds	Lnet/minecraft/references/BlockItemId;	OAK_SAPLING	field_1_4963
FIELD	net/minecraft/references/BlockItemIds	Lnet/minecraft/references/BlockItemId;	OAK_SHELF	field_1_4964
FIELD	net/minecraft/references/BlockItemIds	Lnet/minecraft/references/BlockItemId;	OAK_SIGN	field_1_4965
FIELD	net/minecraft/references/BlockItemIds	Lnet/minecraft/references/BlockItemId;	OAK_SLAB	field_1_4966
FIELD	net/minecraft/references/BlockItemIds	Lnet/minecraft/references/BlockItemId;	OAK_STAIRS	field_1_4967
FIELD	net/minecraft/references/BlockItemIds	Lnet/minecraft/references/BlockItemId;	OAK_TRAPDOOR	field_1_4968
FIELD	net/minecraft/references/BlockItemIds	Lnet/minecraft/references/BlockItemId;	OAK_WOOD	field_1_4969
FIELD	net/minecraft/references/BlockItemIds	Lnet/minecraft/references/BlockItemId;	OBSERVER	field_1_4970
FIELD	net/minecraft/references/BlockItemIds	Lnet/minecraft/references/BlockItemId;	OBSIDIAN	field_1_4971
FIELD	net/minecraft/references/BlockItemIds	Lnet/minecraft/references/BlockItemId;	OCHRE_FROGLIGHT	field_1_4972
FIELD	net/minecraft/references/BlockItemIds	Lnet/minecraft/references/BlockItemId;	OPEN_EYEBLOSSOM	field_1_4973
FIELD	net/minecraft/references/BlockItemIds	Lnet/minecraft/references/BlockItemId;	ORANGE_TULIP	field_1_4974
FIELD	net/minecraft/references/BlockItemIds	Lnet/minecraft/references/BlockItemId;	OXEYE_DAISY	field_1_4975
FIELD	net/minecraft/references/BlockItemIds	Lnet/minecraft/references/BlockItemId;	PACKED_ICE	field_1_4976
FIELD	net/minecraft/references/BlockItemIds	Lnet/minecraft/references/BlockItemId;	PACKED_MUD	field_1_4977
FIELD	net/minecraft/references/BlockItemIds	Lnet/minecraft/references/BlockItemId;	PALE_HANGING_MOSS	field_1_4978
FIELD	net/minecraft/references/BlockItemIds	Lnet/minecraft/references/BlockItemId;	PALE_MOSS_BLOCK	field_1_4979
FIELD	net/minecraft/references/BlockItemIds	Lnet/minecraft/references/BlockItemId;	PALE_MOSS_CARPET	field_1_4980
FIELD	net/minecraft/references/BlockItemIds	Lnet/minecraft/references/BlockItemId;	PALE_OAK_BUTTON	field_1_4981
FIELD	net/minecraft/references/BlockItemIds	Lnet/minecraft/references/BlockItemId;	PALE_OAK_DOOR	field_1_4982
FIELD	net/minecraft/references/BlockItemIds	Lnet/minecraft/references/BlockItemId;	PALE_OAK_FENCE	field_1_4983
FIELD	net/minecraft/references/BlockItemIds	Lnet/minecraft/references/BlockItemId;	PALE_OAK_FENCE_GATE	field_1_4984
FIELD	net/minecraft/references/BlockItemIds	Lnet/minecraft/references/BlockItemId;	PALE_OAK_HANGING_SIGN	field_1_4985
FIELD	net/minecraft/references/BlockItemIds	Lnet/minecraft/references/BlockItemId;	PALE_OAK_LEAVES	field_1_4986
FIELD	net/minecraft/references/BlockItemIds	Lnet/minecraft/references/BlockItemId;	PALE_OAK_LOG	field_1_4987
FIELD	net/minecraft/references/BlockItemIds	Lnet/minecraft/references/BlockItemId;	PALE_OAK_PLANKS	field_1_4988
FIELD	net/minecraft/references/BlockItemIds	Lnet/minecraft/references/BlockItemId;	PALE_OAK_PRESSURE_PLATE	field_1_4989
FIELD	net/minecraft/references/BlockItemIds	Lnet/minecraft/references/BlockItemId;	PALE_OAK_SAPLING	field_1_4990
FIELD	net/minecraft/references/BlockItemIds	Lnet/minecraft/references/BlockItemId;	PALE_OAK_SHELF	field_1_4991
FIELD	net/minecraft/references/BlockItemIds	Lnet/minecraft/references/BlockItemId;	PALE_OAK_SIGN	field_1_4992
FIELD	net/minecraft/references/BlockItemIds	Lnet/minecraft/references/BlockItemId;	PALE_OAK_SLAB	field_1_4993
FIELD	net/minecraft/references/BlockItemIds	Lnet/minecraft/references/BlockItemId;	PALE_OAK_STAIRS	field_1_4994
FIELD	net/minecraft/references/BlockItemIds	Lnet/minecraft/references/BlockItemId;	PALE_OAK_TRAPDOOR	field_1_4995
FIELD	net/minecraft/references/BlockItemIds	Lnet/minecraft/references/BlockItemId;	PALE_OAK_WOOD	field_1_4996
FIELD	net/minecraft/references/BlockItemIds	Lnet/minecraft/references/BlockItemId;	PEARLESCENT_FROGLIGHT	field_1_4997
FIELD	net/minecraft/references/BlockItemIds	Lnet/minecraft/references/BlockItemId;	PEONY	field_1_4998
FIELD	net/minecraft/references/BlockItemIds	Lnet/minecraft/references/BlockItemId;	PETRIFIED_OAK_SLAB	field_1_4999
FIELD	net/minecraft/references/BlockItemIds	Lnet/minecraft/references/BlockItemId;	PIGLIN_HEAD	field_1_5000
FIELD	net/minecraft/references/BlockItemIds	Lnet/minecraft/references/BlockItemId;	PINK_PETALS	field_1_5001
FIELD	net/minecraft/references/BlockItemIds	Lnet/minecraft/references/BlockItemId;	PINK_TULIP	field_1_5002
FIELD	net/minecraft/references/BlockItemIds	Lnet/minecraft/references/BlockItemId;	PISTON	field_1_5003
FIELD	net/minecraft/references/BlockItemIds	Lnet/minecraft/references/BlockItemId;	PITCHER_CROP	field_1_5004
FIELD	net/minecraft/references/BlockItemIds	Lnet/minecraft/references/BlockItemId;	PITCHER_PLANT	field_1_5005
FIELD	net/minecraft/references/BlockItemIds	Lnet/minecraft/references/BlockItemId;	PLAYER_HEAD	field_1_5006
FIELD	net/minecraft/references/BlockItemIds	Lnet/minecraft/references/BlockItemId;	PODZOL	field_1_5007
FIELD	net/minecraft/references/BlockItemIds	Lnet/minecraft/references/BlockItemId;	POINTED_DRIPSTONE	field_1_5008
FIELD	net/minecraft/references/BlockItemIds	Lnet/minecraft/references/BlockItemId;	POLISHED_ANDESITE	field_1_5009
FIELD	net/minecraft/references/BlockItemIds	Lnet/minecraft/references/BlockItemId;	POLISHED_ANDESITE_SLAB	field_1_5010
FIELD	net/minecraft/references/BlockItemIds	Lnet/minecraft/references/BlockItemId;	POLISHED_ANDESITE_STAIRS	field_1_5011
FIELD	net/minecraft/references/BlockItemIds	Lnet/minecraft/references/BlockItemId;	POLISHED_BASALT	field_1_5012
FIELD	net/minecraft/references/BlockItemIds	Lnet/minecraft/references/BlockItemId;	POLISHED_BLACKSTONE	field_1_5013
FIELD	net/minecraft/references/BlockItemIds	Lnet/minecraft/references/BlockItemId;	POLISHED_BLACKSTONE_BRICKS	field_1_5014
FIELD	net/minecraft/references/BlockItemIds	Lnet/minecraft/references/BlockItemId;	POLISHED_BLACKSTONE_BRICK_SLAB	field_1_5015
FIELD	net/minecraft/references/BlockItemIds	Lnet/minecraft/references/BlockItemId;	POLISHED_BLACKSTONE_BRICK_STAIRS	field_1_5016
FIELD	net/minecraft/references/BlockItemIds	Lnet/minecraft/references/BlockItemId;	POLISHED_BLACKSTONE_BRICK_WALL	field_1_5017
FIELD	net/minecraft/references/BlockItemIds	Lnet/minecraft/references/BlockItemId;	POLISHED_BLACKSTONE_BUTTON	field_1_5018
FIELD	net/minecraft/references/BlockItemIds	Lnet/minecraft/references/BlockItemId;	POLISHED_BLACKSTONE_PRESSURE_PLATE	field_1_5019
FIELD	net/minecraft/references/BlockItemIds	Lnet/minecraft/references/BlockItemId;	POLISHED_BLACKSTONE_SLAB	field_1_5020
FIELD	net/minecraft/references/BlockItemIds	Lnet/minecraft/references/BlockItemId;	POLISHED_BLACKSTONE_STAIRS	field_1_5021
FIELD	net/minecraft/references/BlockItemIds	Lnet/minecraft/references/BlockItemId;	POLISHED_BLACKSTONE_WALL	field_1_5022
FIELD	net/minecraft/references/BlockItemIds	Lnet/minecraft/references/BlockItemId;	POLISHED_CINNABAR	field_1_5023
FIELD	net/minecraft/references/BlockItemIds	Lnet/minecraft/references/BlockItemId;	POLISHED_CINNABAR_SLAB	field_1_5024
FIELD	net/minecraft/references/BlockItemIds	Lnet/minecraft/references/BlockItemId;	POLISHED_CINNABAR_STAIRS	field_1_5025
FIELD	net/minecraft/references/BlockItemIds	Lnet/minecraft/references/BlockItemId;	POLISHED_CINNABAR_WALL	field_1_5026
FIELD	net/minecraft/references/BlockItemIds	Lnet/minecraft/references/BlockItemId;	POLISHED_DEEPSLATE	field_1_5027
FIELD	net/minecraft/references/BlockItemIds	Lnet/minecraft/references/BlockItemId;	POLISHED_DEEPSLATE_SLAB	field_1_5028
FIELD	net/minecraft/references/BlockItemIds	Lnet/minecraft/references/BlockItemId;	POLISHED_DEEPSLATE_STAIRS	field_1_5029
FIELD	net/minecraft/references/BlockItemIds	Lnet/minecraft/references/BlockItemId;	POLISHED_DEEPSLATE_WALL	field_1_5030
FIELD	net/minecraft/references/BlockItemIds	Lnet/minecraft/references/BlockItemId;	POLISHED_DIORITE	field_1_5031
FIELD	net/minecraft/references/BlockItemIds	Lnet/minecraft/references/BlockItemId;	POLISHED_DIORITE_SLAB	field_1_5032
FIELD	net/minecraft/references/BlockItemIds	Lnet/minecraft/references/BlockItemId;	POLISHED_DIORITE_STAIRS	field_1_5033
FIELD	net/minecraft/references/BlockItemIds	Lnet/minecraft/references/BlockItemId;	POLISHED_GRANITE	field_1_5034
FIELD	net/minecraft/references/BlockItemIds	Lnet/minecraft/references/BlockItemId;	POLISHED_GRANITE_SLAB	field_1_5035
FIELD	net/minecraft/references/BlockItemIds	Lnet/minecraft/references/BlockItemId;	POLISHED_GRANITE_STAIRS	field_1_5036
FIELD	net/minecraft/references/BlockItemIds	Lnet/minecraft/references/BlockItemId;	POLISHED_SULFUR	field_1_5037
FIELD	net/minecraft/references/BlockItemIds	Lnet/minecraft/references/BlockItemId;	POLISHED_SULFUR_SLAB	field_1_5038
FIELD	net/minecraft/references/BlockItemIds	Lnet/minecraft/references/BlockItemId;	POLISHED_SULFUR_STAIRS	field_1_5039
FIELD	net/minecraft/references/BlockItemIds	Lnet/minecraft/references/BlockItemId;	POLISHED_SULFUR_WALL	field_1_5040
FIELD	net/minecraft/references/BlockItemIds	Lnet/minecraft/references/BlockItemId;	POLISHED_TUFF	field_1_5041
FIELD	net/minecraft/references/BlockItemIds	Lnet/minecraft/references/BlockItemId;	POLISHED_TUFF_SLAB	field_1_5042
FIELD	net/minecraft/references/BlockItemIds	Lnet/minecraft/references/BlockItemId;	POLISHED_TUFF_STAIRS	field_1_5043
FIELD	net/minecraft/references/BlockItemIds	Lnet/minecraft/references/BlockItemId;	POLISHED_TUFF_WALL	field_1_5044
FIELD	net/minecraft/references/BlockItemIds	Lnet/minecraft/references/BlockItemId;	POPPY	field_1_5045
FIELD	net/minecraft/references/BlockItemIds	Lnet/minecraft/references/BlockItemId;	POTATO_CROP	field_1_5046
FIELD	net/minecraft/references/BlockItemIds	Lnet/minecraft/references/BlockItemId;	POTENT_SULFUR	field_1_5047
FIELD	net/minecraft/references/BlockItemIds	Lnet/minecraft/references/BlockItemId;	POWDER_SNOW	field_1_5048
FIELD	net/minecraft/references/BlockItemIds	Lnet/minecraft/references/BlockItemId;	POWERED_RAIL	field_1_5049
FIELD	net/minecraft/references/BlockItemIds	Lnet/minecraft/references/BlockItemId;	PRISMARINE	field_1_5050
FIELD	net/minecraft/references/BlockItemIds	Lnet/minecraft/references/BlockItemId;	PRISMARINE_BRICKS	field_1_5051
FIELD	net/minecraft/references/BlockItemIds	Lnet/minecraft/references/BlockItemId;	PRISMARINE_BRICK_SLAB	field_1_5052
FIELD	net/minecraft/references/BlockItemIds	Lnet/minecraft/references/BlockItemId;	PRISMARINE_BRICK_STAIRS	field_1_5053
FIELD	net/minecraft/references/BlockItemIds	Lnet/minecraft/references/BlockItemId;	PRISMARINE_SLAB	field_1_5054
FIELD	net/minecraft/references/BlockItemIds	Lnet/minecraft/references/BlockItemId;	PRISMARINE_STAIRS	field_1_5055
FIELD	net/minecraft/references/BlockItemIds	Lnet/minecraft/references/BlockItemId;	PRISMARINE_WALL	field_1_5056
FIELD	net/minecraft/references/BlockItemIds	Lnet/minecraft/references/BlockItemId;	PUMPKIN	field_1_5057
FIELD	net/minecraft/references/BlockItemIds	Lnet/minecraft/references/BlockItemId;	PUMPKIN_CROP	field_1_5058
FIELD	net/minecraft/references/BlockItemIds	Lnet/minecraft/references/BlockItemId;	PURPUR_BLOCK	field_1_5059
FIELD	net/minecraft/references/BlockItemIds	Lnet/minecraft/references/BlockItemId;	PURPUR_PILLAR	field_1_5060
FIELD	net/minecraft/references/BlockItemIds	Lnet/minecraft/references/BlockItemId;	PURPUR_SLAB	field_1_5061
FIELD	net/minecraft/references/BlockItemIds	Lnet/minecraft/references/BlockItemId;	PURPUR_STAIRS	field_1_5062
FIELD	net/minecraft/references/BlockItemIds	Lnet/minecraft/references/BlockItemId;	QUARTZ_BLOCK	field_1_5063
FIELD	net/minecraft/references/BlockItemIds	Lnet/minecraft/references/BlockItemId;	QUARTZ_BRICKS	field_1_5064
FIELD	net/minecraft/references/BlockItemIds	Lnet/minecraft/references/BlockItemId;	QUARTZ_PILLAR	field_1_5065
FIELD	net/minecraft/references/BlockItemIds	Lnet/minecraft/references/BlockItemId;	QUARTZ_SLAB	field_1_5066
FIELD	net/minecraft/references/BlockItemIds	Lnet/minecraft/references/BlockItemId;	QUARTZ_STAIRS	field_1_5067
FIELD	net/minecraft/references/BlockItemIds	Lnet/minecraft/references/BlockItemId;	RAIL	field_1_5068
FIELD	net/minecraft/references/BlockItemIds	Lnet/minecraft/references/BlockItemId;	RAW_COPPER_BLOCK	field_1_5069
FIELD	net/minecraft/references/BlockItemIds	Lnet/minecraft/references/BlockItemId;	RAW_GOLD_BLOCK	field_1_5070
FIELD	net/minecraft/references/BlockItemIds	Lnet/minecraft/references/BlockItemId;	RAW_IRON_BLOCK	field_1_5071
FIELD	net/minecraft/references/BlockItemIds	Lnet/minecraft/references/BlockItemId;	REDSTONE_BLOCK	field_1_5072
FIELD	net/minecraft/references/BlockItemIds	Lnet/minecraft/references/BlockItemId;	REDSTONE_DUST	field_1_5073
FIELD	net/minecraft/references/BlockItemIds	Lnet/minecraft/references/BlockItemId;	REDSTONE_LAMP	field_1_5074
FIELD	net/minecraft/references/BlockItemIds	Lnet/minecraft/references/BlockItemId;	REDSTONE_ORE	field_1_5075
FIELD	net/minecraft/references/BlockItemIds	Lnet/minecraft/references/BlockItemId;	REDSTONE_TORCH	field_1_5076
FIELD	net/minecraft/references/BlockItemIds	Lnet/minecraft/references/BlockItemId;	RED_MUSHROOM	field_1_5077
FIELD	net/minecraft/references/BlockItemIds	Lnet/minecraft/references/BlockItemId;	RED_MUSHROOM_BLOCK	field_1_5078
FIELD	net/minecraft/references/BlockItemIds	Lnet/minecraft/references/BlockItemId;	RED_NETHER_BRICKS	field_1_5079
FIELD	net/minecraft/references/BlockItemIds	Lnet/minecraft/references/BlockItemId;	RED_NETHER_BRICK_SLAB	field_1_5080
FIELD	net/minecraft/references/BlockItemIds	Lnet/minecraft/references/BlockItemId;	RED_NETHER_BRICK_STAIRS	field_1_5081
FIELD	net/minecraft/references/BlockItemIds	Lnet/minecraft/references/BlockItemId;	RED_NETHER_BRICK_WALL	field_1_5082
FIELD	net/minecraft/references/BlockItemIds	Lnet/minecraft/references/BlockItemId;	RED_SAND	field_1_5083
FIELD	net/minecraft/references/BlockItemIds	Lnet/minecraft/references/BlockItemId;	RED_SANDSTONE	field_1_5084
FIELD	net/minecraft/references/BlockItemIds	Lnet/minecraft/references/BlockItemId;	RED_SANDSTONE_SLAB	field_1_5085
FIELD	net/minecraft/references/BlockItemIds	Lnet/minecraft/references/BlockItemId;	RED_SANDSTONE_STAIRS	field_1_5086
FIELD	net/minecraft/references/BlockItemIds	Lnet/minecraft/references/BlockItemId;	RED_SANDSTONE_WALL	field_1_5087
FIELD	net/minecraft/references/BlockItemIds	Lnet/minecraft/references/BlockItemId;	RED_TULIP	field_1_5088
FIELD	net/minecraft/references/BlockItemIds	Lnet/minecraft/references/BlockItemId;	REINFORCED_DEEPSLATE	field_1_5089
FIELD	net/minecraft/references/BlockItemIds	Lnet/minecraft/references/BlockItemId;	REPEATER	field_1_5090
FIELD	net/minecraft/references/BlockItemIds	Lnet/minecraft/references/BlockItemId;	REPEATING_COMMAND_BLOCK	field_1_5091
FIELD	net/minecraft/references/BlockItemIds	Lnet/minecraft/references/BlockItemId;	RESIN_BLOCK	field_1_5092
FIELD	net/minecraft/references/BlockItemIds	Lnet/minecraft/references/BlockItemId;	RESIN_BRICKS	field_1_5093
FIELD	net/minecraft/references/BlockItemIds	Lnet/minecraft/references/BlockItemId;	RESIN_BRICK_SLAB	field_1_5094
FIELD	net/minecraft/references/BlockItemIds	Lnet/minecraft/references/BlockItemId;	RESIN_BRICK_STAIRS	field_1_5095
FIELD	net/minecraft/references/BlockItemIds	Lnet/minecraft/references/BlockItemId;	RESIN_BRICK_WALL	field_1_5096
FIELD	net/minecraft/references/BlockItemIds	Lnet/minecraft/references/BlockItemId;	RESIN_CLUMP	field_1_5097
FIELD	net/minecraft/references/BlockItemIds	Lnet/minecraft/references/BlockItemId;	RESPAWN_ANCHOR	field_1_5098
FIELD	net/minecraft/references/BlockItemIds	Lnet/minecraft/references/BlockItemId;	ROOTED_DIRT	field_1_5099
FIELD	net/minecraft/references/BlockItemIds	Lnet/minecraft/references/BlockItemId;	ROSE_BUSH	field_1_5100
FIELD	net/minecraft/references/BlockItemIds	Lnet/minecraft/references/BlockItemId;	SAND	field_1_5101
FIELD	net/minecraft/references/BlockItemIds	Lnet/minecraft/references/BlockItemId;	SANDSTONE	field_1_5102
FIELD	net/minecraft/references/BlockItemIds	Lnet/minecraft/references/BlockItemId;	SANDSTONE_SLAB	field_1_5103
FIELD	net/minecraft/references/BlockItemIds	Lnet/minecraft/references/BlockItemId;	SANDSTONE_STAIRS	field_1_5104
FIELD	net/minecraft/references/BlockItemIds	Lnet/minecraft/references/BlockItemId;	SANDSTONE_WALL	field_1_5105
FIELD	net/minecraft/references/BlockItemIds	Lnet/minecraft/references/BlockItemId;	SCAFFOLDING	field_1_5106
FIELD	net/minecraft/references/BlockItemIds	Lnet/minecraft/references/BlockItemId;	SCULK	field_1_5107
FIELD	net/minecraft/references/BlockItemIds	Lnet/minecraft/references/BlockItemId;	SCULK_CATALYST	field_1_5108
FIELD	net/minecraft/references/BlockItemIds	Lnet/minecraft/references/BlockItemId;	SCULK_SENSOR	field_1_5109
FIELD	net/minecraft/references/BlockItemIds	Lnet/minecraft/references/BlockItemId;	SCULK_SHRIEKER	field_1_5110
FIELD	net/minecraft/references/BlockItemIds	Lnet/minecraft/references/BlockItemId;	SCULK_VEIN	field_1_5111
FIELD	net/minecraft/references/BlockItemIds	Lnet/minecraft/references/BlockItemId;	SEAGRASS	field_1_5112
FIELD	net/minecraft/references/BlockItemIds	Lnet/minecraft/references/BlockItemId;	SEA_LANTERN	field_1_5113
FIELD	net/minecraft/references/BlockItemIds	Lnet/minecraft/references/BlockItemId;	SEA_PICKLE	field_1_5114
FIELD	net/minecraft/references/BlockItemIds	Lnet/minecraft/references/BlockItemId;	SHORT_DRY_GRASS	field_1_5115
FIELD	net/minecraft/references/BlockItemIds	Lnet/minecraft/references/BlockItemId;	SHORT_GRASS	field_1_5116
FIELD	net/minecraft/references/BlockItemIds	Lnet/minecraft/references/BlockItemId;	SHROOMLIGHT	field_1_5117
FIELD	net/minecraft/references/BlockItemIds	Lnet/minecraft/references/BlockItemId;	SHULKER_BOX	field_1_5118
FIELD	net/minecraft/references/BlockItemIds	Lnet/minecraft/references/BlockItemId;	SKELETON_SKULL	field_1_5119
FIELD	net/minecraft/references/BlockItemIds	Lnet/minecraft/references/BlockItemId;	SLIME_BLOCK	field_1_5120
FIELD	net/minecraft/references/BlockItemIds	Lnet/minecraft/references/BlockItemId;	SMALL_AMETHYST_BUD	field_1_5121
FIELD	net/minecraft/references/BlockItemIds	Lnet/minecraft/references/BlockItemId;	SMALL_DRIPLEAF	field_1_5122
FIELD	net/minecraft/references/BlockItemIds	Lnet/minecraft/references/BlockItemId;	SMITHING_TABLE	field_1_5123
FIELD	net/minecraft/references/BlockItemIds	Lnet/minecraft/references/BlockItemId;	SMOKER	field_1_5124
FIELD	net/minecraft/references/BlockItemIds	Lnet/minecraft/references/BlockItemId;	SMOOTH_BASALT	field_1_5125
FIELD	net/minecraft/references/BlockItemIds	Lnet/minecraft/references/BlockItemId;	SMOOTH_QUARTZ	field_1_5126
FIELD	net/minecraft/references/BlockItemIds	Lnet/minecraft/references/BlockItemId;	SMOOTH_QUARTZ_SLAB	field_1_5127
FIELD	net/minecraft/references/BlockItemIds	Lnet/minecraft/references/BlockItemId;	SMOOTH_QUARTZ_STAIRS	field_1_5128
FIELD	net/minecraft/references/BlockItemIds	Lnet/minecraft/references/BlockItemId;	SMOOTH_RED_SANDSTONE	field_1_5129
FIELD	net/minecraft/references/BlockItemIds	Lnet/minecraft/references/BlockItemId;	SMOOTH_RED_SANDSTONE_SLAB	field_1_5130
FIELD	net/minecraft/references/BlockItemIds	Lnet/minecraft/references/BlockItemId;	SMOOTH_RED_SANDSTONE_STAIRS	field_1_5131
FIELD	net/minecraft/references/BlockItemIds	Lnet/minecraft/references/BlockItemId;	SMOOTH_SANDSTONE	field_1_5132
FIELD	net/minecraft/references/BlockItemIds	Lnet/minecraft/references/BlockItemId;	SMOOTH_SANDSTONE_SLAB	field_1_5133
FIELD	net/minecraft/references/BlockItemIds	Lnet/minecraft/references/BlockItemId;	SMOOTH_SANDSTONE_STAIRS	field_1_5134
FIELD	net/minecraft/references/BlockItemIds	Lnet/minecraft/references/BlockItemId;	SMOOTH_STONE	field_1_5135
FIELD	net/minecraft/references/BlockItemIds	Lnet/minecraft/references/BlockItemId;	SMOOTH_STONE_SLAB	field_1_5136
FIELD	net/minecraft/references/BlockItemIds	Lnet/minecraft/references/BlockItemId;	SNIFFER_EGG	field_1_5137
FIELD	net/minecraft/references/BlockItemIds	Lnet/minecraft/references/BlockItemId;	SNOW	field_1_5138
FIELD	net/minecraft/references/BlockItemIds	Lnet/minecraft/references/BlockItemId;	SNOW_BLOCK	field_1_5139
FIELD	net/minecraft/references/BlockItemIds	Lnet/minecraft/references/BlockItemId;	SOUL_CAMPFIRE	field_1_5140
FIELD	net/minecraft/references/BlockItemIds	Lnet/minecraft/references/BlockItemId;	SOUL_LANTERN	field_1_5141
FIELD	net/minecraft/references/BlockItemIds	Lnet/minecraft/references/BlockItemId;	SOUL_SAND	field_1_5142
FIELD	net/minecraft/references/BlockItemIds	Lnet/minecraft/references/BlockItemId;	SOUL_SOIL	field_1_5143
FIELD	net/minecraft/references/BlockItemIds	Lnet/minecraft/references/BlockItemId;	SOUL_TORCH	field_1_5144
FIELD	net/minecraft/references/BlockItemIds	Lnet/minecraft/references/BlockItemId;	SPAWNER	field_1_5145
FIELD	net/minecraft/references/BlockItemIds	Lnet/minecraft/references/BlockItemId;	SPONGE	field_1_5146
FIELD	net/minecraft/references/BlockItemIds	Lnet/minecraft/references/BlockItemId;	SPORE_BLOSSOM	field_1_5147
FIELD	net/minecraft/references/BlockItemIds	Lnet/minecraft/references/BlockItemId;	SPRUCE_BUTTON	field_1_5148
FIELD	net/minecraft/references/BlockItemIds	Lnet/minecraft/references/BlockItemId;	SPRUCE_DOOR	field_1_5149
FIELD	net/minecraft/references/BlockItemIds	Lnet/minecraft/references/BlockItemId;	SPRUCE_FENCE	field_1_5150
FIELD	net/minecraft/references/BlockItemIds	Lnet/minecraft/references/BlockItemId;	SPRUCE_FENCE_GATE	field_1_5151
FIELD	net/minecraft/references/BlockItemIds	Lnet/minecraft/references/BlockItemId;	SPRUCE_HANGING_SIGN	field_1_5152
FIELD	net/minecraft/references/BlockItemIds	Lnet/minecraft/references/BlockItemId;	SPRUCE_LEAVES	field_1_5153
FIELD	net/minecraft/references/BlockItemIds	Lnet/minecraft/references/BlockItemId;	SPRUCE_LOG	field_1_5154
FIELD	net/minecraft/references/BlockItemIds	Lnet/minecraft/references/BlockItemId;	SPRUCE_PLANKS	field_1_5155
FIELD	net/minecraft/references/BlockItemIds	Lnet/minecraft/references/BlockItemId;	SPRUCE_PRESSURE_PLATE	field_1_5156
FIELD	net/minecraft/references/BlockItemIds	Lnet/minecraft/references/BlockItemId;	SPRUCE_SAPLING	field_1_5157
FIELD	net/minecraft/references/BlockItemIds	Lnet/minecraft/references/BlockItemId;	SPRUCE_SHELF	field_1_5158
FIELD	net/minecraft/references/BlockItemIds	Lnet/minecraft/references/BlockItemId;	SPRUCE_SIGN	field_1_5159
FIELD	net/minecraft/references/BlockItemIds	Lnet/minecraft/references/BlockItemId;	SPRUCE_SLAB	field_1_5160
FIELD	net/minecraft/references/BlockItemIds	Lnet/minecraft/references/BlockItemId;	SPRUCE_STAIRS	field_1_5161
FIELD	net/minecraft/references/BlockItemIds	Lnet/minecraft/references/BlockItemId;	SPRUCE_TRAPDOOR	field_1_5162
FIELD	net/minecraft/references/BlockItemIds	Lnet/minecraft/references/BlockItemId;	SPRUCE_WOOD	field_1_5163
FIELD	net/minecraft/references/BlockItemIds	Lnet/minecraft/world/level/block/ColorCollection;	STAINED_GLASS	field_1_5164
FIELD	net/minecraft/references/BlockItemIds	Lnet/minecraft/world/level/block/ColorCollection;	STAINED_GLASS_PANE	field_1_5165
FIELD	net/minecraft/references/BlockItemIds	Lnet/minecraft/references/BlockItemId;	STICKY_PISTON	field_1_5166
FIELD	net/minecraft/references/BlockItemIds	Lnet/minecraft/references/BlockItemId;	STONECUTTER	field_1_5167
FIELD	net/minecraft/references/BlockItemIds	Lnet/minecraft/references/BlockItemId;	STONE	field_1_5168
FIELD	net/minecraft/references/BlockItemIds	Lnet/minecraft/references/BlockItemId;	STONE_BRICKS	field_1_5169
FIELD	net/minecraft/references/BlockItemIds	Lnet/minecraft/references/BlockItemId;	STONE_BRICK_SLAB	field_1_5170
FIELD	net/minecraft/references/BlockItemIds	Lnet/minecraft/references/BlockItemId;	STONE_BRICK_STAIRS	field_1_5171
FIELD	net/minecraft/references/BlockItemIds	Lnet/minecraft/references/BlockItemId;	STONE_BRICK_WALL	field_1_5172
FIELD	net/minecraft/references/BlockItemIds	Lnet/minecraft/references/BlockItemId;	STONE_BUTTON	field_1_5173
FIELD	net/minecraft/references/BlockItemIds	Lnet/minecraft/references/BlockItemId;	STONE_PRESSURE_PLATE	field_1_5174
FIELD	net/minecraft/references/BlockItemIds	Lnet/minecraft/references/BlockItemId;	STONE_SLAB	field_1_5175
FIELD	net/minecraft/references/BlockItemIds	Lnet/minecraft/references/BlockItemId;	STONE_STAIRS	field_1_5176
FIELD	net/minecraft/references/BlockItemIds	Lnet/minecraft/references/BlockItemId;	STRIPPED_ACACIA_LOG	field_1_5177
FIELD	net/minecraft/references/BlockItemIds	Lnet/minecraft/references/BlockItemId;	STRIPPED_ACACIA_WOOD	field_1_5178
FIELD	net/minecraft/references/BlockItemIds	Lnet/minecraft/references/BlockItemId;	STRIPPED_BAMBOO_BLOCK	field_1_5179
FIELD	net/minecraft/references/BlockItemIds	Lnet/minecraft/references/BlockItemId;	STRIPPED_BIRCH_LOG	field_1_5180
FIELD	net/minecraft/references/BlockItemIds	Lnet/minecraft/references/BlockItemId;	STRIPPED_BIRCH_WOOD	field_1_5181
FIELD	net/minecraft/references/BlockItemIds	Lnet/minecraft/references/BlockItemId;	STRIPPED_CHERRY_LOG	field_1_5182
FIELD	net/minecraft/references/BlockItemIds	Lnet/minecraft/references/BlockItemId;	STRIPPED_CHERRY_WOOD	field_1_5183
FIELD	net/minecraft/references/BlockItemIds	Lnet/minecraft/references/BlockItemId;	STRIPPED_CRIMSON_HYPHAE	field_1_5184
FIELD	net/minecraft/references/BlockItemIds	Lnet/minecraft/references/BlockItemId;	STRIPPED_CRIMSON_STEM	field_1_5185
FIELD	net/minecraft/references/BlockItemIds	Lnet/minecraft/references/BlockItemId;	STRIPPED_DARK_OAK_LOG	field_1_5186
FIELD	net/minecraft/references/BlockItemIds	Lnet/minecraft/references/BlockItemId;	STRIPPED_DARK_OAK_WOOD	field_1_5187
FIELD	net/minecraft/references/BlockItemIds	Lnet/minecraft/references/BlockItemId;	STRIPPED_JUNGLE_LOG	field_1_5188
FIELD	net/minecraft/references/BlockItemIds	Lnet/minecraft/references/BlockItemId;	STRIPPED_JUNGLE_WOOD	field_1_5189
FIELD	net/minecraft/references/BlockItemIds	Lnet/minecraft/references/BlockItemId;	STRIPPED_MANGROVE_LOG	field_1_5190
FIELD	net/minecraft/references/BlockItemIds	Lnet/minecraft/references/BlockItemId;	STRIPPED_MANGROVE_WOOD	field_1_5191
FIELD	net/minecraft/references/BlockItemIds	Lnet/minecraft/references/BlockItemId;	STRIPPED_OAK_LOG	field_1_5192
FIELD	net/minecraft/references/BlockItemIds	Lnet/minecraft/references/BlockItemId;	STRIPPED_OAK_WOOD	field_1_5193
FIELD	net/minecraft/references/BlockItemIds	Lnet/minecraft/references/BlockItemId;	STRIPPED_PALE_OAK_LOG	field_1_5194
FIELD	net/minecraft/references/BlockItemIds	Lnet/minecraft/references/BlockItemId;	STRIPPED_PALE_OAK_WOOD	field_1_5195
FIELD	net/minecraft/references/BlockItemIds	Lnet/minecraft/references/BlockItemId;	STRIPPED_SPRUCE_LOG	field_1_5196
FIELD	net/minecraft/references/BlockItemIds	Lnet/minecraft/references/BlockItemId;	STRIPPED_SPRUCE_WOOD	field_1_5197
FIELD	net/minecraft/references/BlockItemIds	Lnet/minecraft/references/BlockItemId;	STRIPPED_WARPED_HYPHAE	field_1_5198
FIELD	net/minecraft/references/BlockItemIds	Lnet/minecraft/references/BlockItemId;	STRIPPED_WARPED_STEM	field_1_5199
FIELD	net/minecraft/references/BlockItemIds	Lnet/minecraft/references/BlockItemId;	STRUCTURE_BLOCK	field_1_5200
FIELD	net/minecraft/references/BlockItemIds	Lnet/minecraft/references/BlockItemId;	STRUCTURE_VOID	field_1_5201
FIELD	net/minecraft/references/BlockItemIds	Lnet/minecraft/references/BlockItemId;	SUGAR_CANE	field_1_5202
FIELD	net/minecraft/references/BlockItemIds	Lnet/minecraft/references/BlockItemId;	SULFUR	field_1_5203
FIELD	net/minecraft/references/BlockItemIds	Lnet/minecraft/references/BlockItemId;	SULFUR_BRICKS	field_1_5204
FIELD	net/minecraft/references/BlockItemIds	Lnet/minecraft/references/BlockItemId;	SULFUR_BRICK_SLAB	field_1_5205
FIELD	net/minecraft/references/BlockItemIds	Lnet/minecraft/references/BlockItemId;	SULFUR_BRICK_STAIRS	field_1_5206
FIELD	net/minecraft/references/BlockItemIds	Lnet/minecraft/references/BlockItemId;	SULFUR_BRICK_WALL	field_1_5207
FIELD	net/minecraft/references/BlockItemIds	Lnet/minecraft/references/BlockItemId;	SULFUR_SLAB	field_1_5208
FIELD	net/minecraft/references/BlockItemIds	Lnet/minecraft/references/BlockItemId;	SULFUR_SPIKE	field_1_5209
FIELD	net/minecraft/references/BlockItemIds	Lnet/minecraft/references/BlockItemId;	SULFUR_STAIRS	field_1_5210
FIELD	net/minecraft/references/BlockItemIds	Lnet/minecraft/references/BlockItemId;	SULFUR_WALL	field_1_5211
FIELD	net/minecraft/references/BlockItemIds	Lnet/minecraft/references/BlockItemId;	SUNFLOWER	field_1_5212
FIELD	net/minecraft/references/BlockItemIds	Lnet/minecraft/references/BlockItemId;	SUSPICIOUS_GRAVEL	field_1_5213
FIELD	net/minecraft/references/BlockItemIds	Lnet/minecraft/references/BlockItemId;	SUSPICIOUS_SAND	field_1_5214
FIELD	net/minecraft/references/BlockItemIds	Lnet/minecraft/references/BlockItemId;	SWEET_BERRY_CROP	field_1_5215
FIELD	net/minecraft/references/BlockItemIds	Lnet/minecraft/references/BlockItemId;	TALL_DRY_GRASS	field_1_5216
FIELD	net/minecraft/references/BlockItemIds	Lnet/minecraft/references/BlockItemId;	TALL_GRASS	field_1_5217
FIELD	net/minecraft/references/BlockItemIds	Lnet/minecraft/references/BlockItemId;	TARGET	field_1_5218
FIELD	net/minecraft/references/BlockItemIds	Lnet/minecraft/references/BlockItemId;	TERRACOTTA	field_1_5219
FIELD	net/minecraft/references/BlockItemIds	Lnet/minecraft/references/BlockItemId;	TEST_BLOCK	field_1_5220
FIELD	net/minecraft/references/BlockItemIds	Lnet/minecraft/references/BlockItemId;	TEST_INSTANCE_BLOCK	field_1_5221
FIELD	net/minecraft/references/BlockItemIds	Lnet/minecraft/references/BlockItemId;	TINTED_GLASS	field_1_5222
FIELD	net/minecraft/references/BlockItemIds	Lnet/minecraft/references/BlockItemId;	TNT	field_1_5223
FIELD	net/minecraft/references/BlockItemIds	Lnet/minecraft/references/BlockItemId;	TORCHFLOWER	field_1_5224
FIELD	net/minecraft/references/BlockItemIds	Lnet/minecraft/references/BlockItemId;	TORCHFLOWER_CROP	field_1_5225
FIELD	net/minecraft/references/BlockItemIds	Lnet/minecraft/references/BlockItemId;	TORCH	field_1_5226
FIELD	net/minecraft/references/BlockItemIds	Lnet/minecraft/references/BlockItemId;	TRAPPED_CHEST	field_1_5227
FIELD	net/minecraft/references/BlockItemIds	Lnet/minecraft/references/BlockItemId;	TRIAL_SPAWNER	field_1_5228
FIELD	net/minecraft/references/BlockItemIds	Lnet/minecraft/references/BlockItemId;	TRIPWIRE	field_1_5229
FIELD	net/minecraft/references/BlockItemIds	Lnet/minecraft/references/BlockItemId;	TRIPWIRE_HOOK	field_1_5230
FIELD	net/minecraft/references/BlockItemIds	Lnet/minecraft/references/BlockItemId;	TUBE_CORAL	field_1_5231
FIELD	net/minecraft/references/BlockItemIds	Lnet/minecraft/references/BlockItemId;	TUBE_CORAL_BLOCK	field_1_5232
FIELD	net/minecraft/references/BlockItemIds	Lnet/minecraft/references/BlockItemId;	TUBE_CORAL_FAN	field_1_5233
FIELD	net/minecraft/references/BlockItemIds	Lnet/minecraft/references/BlockItemId;	TUFF	field_1_5234
FIELD	net/minecraft/references/BlockItemIds	Lnet/minecraft/references/BlockItemId;	TUFF_BRICKS	field_1_5235
FIELD	net/minecraft/references/BlockItemIds	Lnet/minecraft/references/BlockItemId;	TUFF_BRICK_SLAB	field_1_5236
FIELD	net/minecraft/references/BlockItemIds	Lnet/minecraft/references/BlockItemId;	TUFF_BRICK_STAIRS	field_1_5237
FIELD	net/minecraft/references/BlockItemIds	Lnet/minecraft/references/BlockItemId;	TUFF_BRICK_WALL	field_1_5238
FIELD	net/minecraft/references/BlockItemIds	Lnet/minecraft/references/BlockItemId;	TUFF_SLAB	field_1_5239
FIELD	net/minecraft/references/BlockItemIds	Lnet/minecraft/references/BlockItemId;	TUFF_STAIRS	field_1_5240
FIELD	net/minecraft/references/BlockItemIds	Lnet/minecraft/references/BlockItemId;	TUFF_WALL	field_1_5241
FIELD	net/minecraft/references/BlockItemIds	Lnet/minecraft/references/BlockItemId;	TURTLE_EGG	field_1_5242
FIELD	net/minecraft/references/BlockItemIds	Lnet/minecraft/references/BlockItemId;	TWISTING_VINES	field_1_5243
FIELD	net/minecraft/references/BlockItemIds	Lnet/minecraft/references/BlockItemId;	VAULT	field_1_5244
FIELD	net/minecraft/references/BlockItemIds	Lnet/minecraft/references/BlockItemId;	VERDANT_FROGLIGHT	field_1_5245
FIELD	net/minecraft/references/BlockItemIds	Lnet/minecraft/references/BlockItemId;	VINE	field_1_5246
FIELD	net/minecraft/references/BlockItemIds	Lnet/minecraft/references/BlockItemId;	WARPED_BUTTON	field_1_5247
FIELD	net/minecraft/references/BlockItemIds	Lnet/minecraft/references/BlockItemId;	WARPED_DOOR	field_1_5248
FIELD	net/minecraft/references/BlockItemIds	Lnet/minecraft/references/BlockItemId;	WARPED_FENCE	field_1_5249
FIELD	net/minecraft/references/BlockItemIds	Lnet/minecraft/references/BlockItemId;	WARPED_FENCE_GATE	field_1_5250
FIELD	net/minecraft/references/BlockItemIds	Lnet/minecraft/references/BlockItemId;	WARPED_FUNGUS	field_1_5251
FIELD	net/minecraft/references/BlockItemIds	Lnet/minecraft/references/BlockItemId;	WARPED_HANGING_SIGN	field_1_5252
FIELD	net/minecraft/references/BlockItemIds	Lnet/minecraft/references/BlockItemId;	WARPED_HYPHAE	field_1_5253
FIELD	net/minecraft/references/BlockItemIds	Lnet/minecraft/references/BlockItemId;	WARPED_NYLIUM	field_1_5254
FIELD	net/minecraft/references/BlockItemIds	Lnet/minecraft/references/BlockItemId;	WARPED_PLANKS	field_1_5255
FIELD	net/minecraft/references/BlockItemIds	Lnet/minecraft/references/BlockItemId;	WARPED_PRESSURE_PLATE	field_1_5256
FIELD	net/minecraft/references/BlockItemIds	Lnet/minecraft/references/BlockItemId;	WARPED_ROOTS	field_1_5257
FIELD	net/minecraft/references/BlockItemIds	Lnet/minecraft/references/BlockItemId;	WARPED_SHELF	field_1_5258
FIELD	net/minecraft/references/BlockItemIds	Lnet/minecraft/references/BlockItemId;	WARPED_SIGN	field_1_5259
FIELD	net/minecraft/references/BlockItemIds	Lnet/minecraft/references/BlockItemId;	WARPED_SLAB	field_1_5260
FIELD	net/minecraft/references/BlockItemIds	Lnet/minecraft/references/BlockItemId;	WARPED_STAIRS	field_1_5261
FIELD	net/minecraft/references/BlockItemIds	Lnet/minecraft/references/BlockItemId;	WARPED_STEM	field_1_5262
FIELD	net/minecraft/references/BlockItemIds	Lnet/minecraft/references/BlockItemId;	WARPED_TRAPDOOR	field_1_5263
FIELD	net/minecraft/references/BlockItemIds	Lnet/minecraft/references/BlockItemId;	WARPED_WART_BLOCK	field_1_5264
FIELD	net/minecraft/references/BlockItemIds	Lnet/minecraft/references/BlockItemId;	WEEPING_VINES	field_1_5265
FIELD	net/minecraft/references/BlockItemIds	Lnet/minecraft/references/BlockItemId;	WET_SPONGE	field_1_5266
FIELD	net/minecraft/references/BlockItemIds	Lnet/minecraft/references/BlockItemId;	WHEAT_CROP	field_1_5267
FIELD	net/minecraft/references/BlockItemIds	Lnet/minecraft/references/BlockItemId;	WHITE_TULIP	field_1_5268
FIELD	net/minecraft/references/BlockItemIds	Lnet/minecraft/references/BlockItemId;	WILDFLOWERS	field_1_5269
FIELD	net/minecraft/references/BlockItemIds	Lnet/minecraft/references/BlockItemId;	WITHER_ROSE	field_1_5270
FIELD	net/minecraft/references/BlockItemIds	Lnet/minecraft/references/BlockItemId;	WITHER_SKELETON_SKULL	field_1_5271
FIELD	net/minecraft/references/BlockItemIds	Lnet/minecraft/world/level/block/ColorCollection;	WOOL	field_1_5272
FIELD	net/minecraft/references/BlockItemIds	Lnet/minecraft/references/BlockItemId;	ZOMBIE_HEAD	field_1_5273
METHOD	net/minecraft/references/BlockItemIds	(Ljava/lang/String;)Lnet/minecraft/world/level/block/ColorCollection;	createSimpleColored	method_1_4761
METHOD	net/minecraft/references/BlockItemIds	(Ljava/lang/String;)Lnet/minecraft/world/level/block/WeatheringCopperCollection;	createSimpleCopper	method_1_4762
FIELD	com/mojang/blaze3d/opengl/GlHeuristics	Ljava/util/List;	DEVICE_NAMES_THAT_IMPLY_CPU	field_1_5274
FIELD	com/mojang/blaze3d/opengl/GlHeuristics	Ljava/util/List;	DEVICE_NAMES_THAT_IMPLY_VIRTUAL	field_1_5275
METHOD	com/mojang/blaze3d/opengl/GlHeuristics	(Ljava/lang/String;Ljava/lang/String;)Lcom/mojang/blaze3d/systems/DeviceType;	guessDeviceType	method_1_4763
FIELD	net/minecraft/client/renderer/ViewArea	I	maxY	field_1_5276
FIELD	net/minecraft/client/renderer/ViewArea	I	minY	field_1_5277
FIELD	net/minecraft/client/renderer/ViewArea	Lnet/minecraft/client/renderer/SectionOcclusionGraph;	sectionOcclusionGraph	field_1_5278
METHOD	net/minecraft/client/renderer/ViewArea	(Lnet/minecraft/client/renderer/chunk/SectionRenderDispatcher;IJ)Lnet/minecraft/client/renderer/chunk/SectionRenderDispatcher$RenderSection;	lambda$new$0	method_1_4764
METHOD	net/minecraft/client/renderer/ViewArea	()I	maxSectionY	method_1_4765
METHOD	net/minecraft/client/renderer/ViewArea	()I	maxY	method_1_4766
METHOD	net/minecraft/client/renderer/ViewArea	()I	minSectionY	method_1_4767
METHOD	net/minecraft/client/renderer/ViewArea	()I	minY	method_1_4768
METHOD	net/minecraft/client/renderer/ViewArea	(Lnet/minecraft/core/SectionPos;)Z	repositionCamera	method_1_4769
METHOD	net/minecraft/client/renderer/ViewArea	()I	sectionCount	method_1_4770
METHOD	net/minecraft/client/renderer/ViewArea	()I	size	method_1_4771
CLASS	net/minecraft/world/entity/EntityTypes	class_1_787
FIELD	net/minecraft/world/entity/EntityTypes	Lnet/minecraft/world/entity/EntityType;	ACACIA_BOAT	field_1_5279
FIELD	net/minecraft/world/entity/EntityTypes	Lnet/minecraft/world/entity/EntityType;	ACACIA_CHEST_BOAT	field_1_5280
FIELD	net/minecraft/world/entity/EntityTypes	Lnet/minecraft/world/entity/EntityType;	ALLAY	field_1_5281
FIELD	net/minecraft/world/entity/EntityTypes	Lnet/minecraft/world/entity/EntityType;	AREA_EFFECT_CLOUD	field_1_5282
FIELD	net/minecraft/world/entity/EntityTypes	Lnet/minecraft/world/entity/EntityType;	ARMADILLO	field_1_5283
FIELD	net/minecraft/world/entity/EntityTypes	Lnet/minecraft/world/entity/EntityType;	ARMOR_STAND	field_1_5284
FIELD	net/minecraft/world/entity/EntityTypes	Lnet/minecraft/world/entity/EntityType;	ARROW	field_1_5285
FIELD	net/minecraft/world/entity/EntityTypes	Lnet/minecraft/world/entity/EntityType;	AXOLOTL	field_1_5286
FIELD	net/minecraft/world/entity/EntityTypes	Lnet/minecraft/world/entity/EntityType;	BAMBOO_CHEST_RAFT	field_1_5287
FIELD	net/minecraft/world/entity/EntityTypes	Lnet/minecraft/world/entity/EntityType;	BAMBOO_RAFT	field_1_5288
FIELD	net/minecraft/world/entity/EntityTypes	Lnet/minecraft/world/entity/EntityType;	BAT	field_1_5289
FIELD	net/minecraft/world/entity/EntityTypes	Lnet/minecraft/world/entity/EntityType;	BEE	field_1_5290
FIELD	net/minecraft/world/entity/EntityTypes	Lnet/minecraft/world/entity/EntityType;	BIRCH_BOAT	field_1_5291
FIELD	net/minecraft/world/entity/EntityTypes	Lnet/minecraft/world/entity/EntityType;	BIRCH_CHEST_BOAT	field_1_5292
FIELD	net/minecraft/world/entity/EntityTypes	Lnet/minecraft/world/entity/EntityType;	BLAZE	field_1_5293
FIELD	net/minecraft/world/entity/EntityTypes	Lnet/minecraft/world/entity/EntityType;	BLOCK_DISPLAY	field_1_5294
FIELD	net/minecraft/world/entity/EntityTypes	Lnet/minecraft/world/entity/EntityType;	BOGGED	field_1_5295
FIELD	net/minecraft/world/entity/EntityTypes	Lnet/minecraft/world/entity/EntityType;	BREEZE	field_1_5296
FIELD	net/minecraft/world/entity/EntityTypes	Lnet/minecraft/world/entity/EntityType;	BREEZE_WIND_CHARGE	field_1_5297
FIELD	net/minecraft/world/entity/EntityTypes	Lnet/minecraft/world/entity/EntityType;	CAMEL	field_1_5298
FIELD	net/minecraft/world/entity/EntityTypes	Lnet/minecraft/world/entity/EntityType;	CAMEL_HUSK	field_1_5299
FIELD	net/minecraft/world/entity/EntityTypes	Lnet/minecraft/world/entity/EntityType;	CAT	field_1_5300
FIELD	net/minecraft/world/entity/EntityTypes	Lnet/minecraft/world/entity/EntityType;	CAVE_SPIDER	field_1_5301
FIELD	net/minecraft/world/entity/EntityTypes	Lnet/minecraft/world/entity/EntityType;	CHERRY_BOAT	field_1_5302
FIELD	net/minecraft/world/entity/EntityTypes	Lnet/minecraft/world/entity/EntityType;	CHERRY_CHEST_BOAT	field_1_5303
FIELD	net/minecraft/world/entity/EntityTypes	Lnet/minecraft/world/entity/EntityType;	CHEST_MINECART	field_1_5304
FIELD	net/minecraft/world/entity/EntityTypes	Lnet/minecraft/world/entity/EntityType;	CHICKEN	field_1_5305
FIELD	net/minecraft/world/entity/EntityTypes	Lnet/minecraft/world/entity/EntityType;	COD	field_1_5306
FIELD	net/minecraft/world/entity/EntityTypes	Lnet/minecraft/world/entity/EntityType;	COMMAND_BLOCK_MINECART	field_1_5307
FIELD	net/minecraft/world/entity/EntityTypes	Lnet/minecraft/world/entity/EntityType;	COPPER_GOLEM	field_1_5308
FIELD	net/minecraft/world/entity/EntityTypes	Lnet/minecraft/world/entity/EntityType;	COW	field_1_5309
FIELD	net/minecraft/world/entity/EntityTypes	Lnet/minecraft/world/entity/EntityType;	CREAKING	field_1_5310
FIELD	net/minecraft/world/entity/EntityTypes	Lnet/minecraft/world/entity/EntityType;	CREEPER	field_1_5311
FIELD	net/minecraft/world/entity/EntityTypes	Lnet/minecraft/world/entity/EntityType;	DARK_OAK_BOAT	field_1_5312
FIELD	net/minecraft/world/entity/EntityTypes	Lnet/minecraft/world/entity/EntityType;	DARK_OAK_CHEST_BOAT	field_1_5313
FIELD	net/minecraft/world/entity/EntityTypes	I	DISPLAY_TRACKING_RANGE	field_1_5314
FIELD	net/minecraft/world/entity/EntityTypes	Lnet/minecraft/world/entity/EntityType;	DOLPHIN	field_1_5315
FIELD	net/minecraft/world/entity/EntityTypes	Lnet/minecraft/world/entity/EntityType;	DONKEY	field_1_5316
FIELD	net/minecraft/world/entity/EntityTypes	Lnet/minecraft/world/entity/EntityType;	DRAGON_FIREBALL	field_1_5317
FIELD	net/minecraft/world/entity/EntityTypes	Lnet/minecraft/world/entity/EntityType;	DROWNED	field_1_5318
FIELD	net/minecraft/world/entity/EntityTypes	Lnet/minecraft/world/entity/EntityType;	EGG	field_1_5319
FIELD	net/minecraft/world/entity/EntityTypes	Lnet/minecraft/world/entity/EntityType;	ELDER_GUARDIAN	field_1_5320
FIELD	net/minecraft/world/entity/EntityTypes	Lnet/minecraft/world/entity/EntityType;	ENDERMAN	field_1_5321
FIELD	net/minecraft/world/entity/EntityTypes	Lnet/minecraft/world/entity/EntityType;	ENDERMITE	field_1_5322
FIELD	net/minecraft/world/entity/EntityTypes	Lnet/minecraft/world/entity/EntityType;	ENDER_DRAGON	field_1_5323
FIELD	net/minecraft/world/entity/EntityTypes	Lnet/minecraft/world/entity/EntityType;	ENDER_PEARL	field_1_5324
FIELD	net/minecraft/world/entity/EntityTypes	Lnet/minecraft/world/entity/EntityType;	END_CRYSTAL	field_1_5325
FIELD	net/minecraft/world/entity/EntityTypes	Lnet/minecraft/world/entity/EntityType;	EVOKER	field_1_5326
FIELD	net/minecraft/world/entity/EntityTypes	Lnet/minecraft/world/entity/EntityType;	EVOKER_FANGS	field_1_5327
FIELD	net/minecraft/world/entity/EntityTypes	Lnet/minecraft/world/entity/EntityType;	EXPERIENCE_BOTTLE	field_1_5328
FIELD	net/minecraft/world/entity/EntityTypes	Lnet/minecraft/world/entity/EntityType;	EXPERIENCE_ORB	field_1_5329
FIELD	net/minecraft/world/entity/EntityTypes	Lnet/minecraft/world/entity/EntityType;	EYE_OF_ENDER	field_1_5330
FIELD	net/minecraft/world/entity/EntityTypes	Lnet/minecraft/world/entity/EntityType;	FALLING_BLOCK	field_1_5331
FIELD	net/minecraft/world/entity/EntityTypes	Lnet/minecraft/world/entity/EntityType;	FIREBALL	field_1_5332
FIELD	net/minecraft/world/entity/EntityTypes	Lnet/minecraft/world/entity/EntityType;	FIREWORK_ROCKET	field_1_5333
FIELD	net/minecraft/world/entity/EntityTypes	Lnet/minecraft/world/entity/EntityType;	FISHING_BOBBER	field_1_5334
FIELD	net/minecraft/world/entity/EntityTypes	Lnet/minecraft/world/entity/EntityType;	FOX	field_1_5335
FIELD	net/minecraft/world/entity/EntityTypes	Lnet/minecraft/world/entity/EntityType;	FROG	field_1_5336
FIELD	net/minecraft/world/entity/EntityTypes	Lnet/minecraft/world/entity/EntityType;	FURNACE_MINECART	field_1_5337
FIELD	net/minecraft/world/entity/EntityTypes	Lnet/minecraft/world/entity/EntityType;	GHAST	field_1_5338
FIELD	net/minecraft/world/entity/EntityTypes	Lnet/minecraft/world/entity/EntityType;	GIANT	field_1_5339
FIELD	net/minecraft/world/entity/EntityTypes	Lnet/minecraft/world/entity/EntityType;	GLOW_ITEM_FRAME	field_1_5340
FIELD	net/minecraft/world/entity/EntityTypes	Lnet/minecraft/world/entity/EntityType;	GLOW_SQUID	field_1_5341
FIELD	net/minecraft/world/entity/EntityTypes	Lnet/minecraft/world/entity/EntityType;	GOAT	field_1_5342
FIELD	net/minecraft/world/entity/EntityTypes	Lnet/minecraft/world/entity/EntityType;	GUARDIAN	field_1_5343
FIELD	net/minecraft/world/entity/EntityTypes	Lnet/minecraft/world/entity/EntityType;	HAPPY_GHAST	field_1_5344
FIELD	net/minecraft/world/entity/EntityTypes	Lnet/minecraft/world/entity/EntityType;	HOGLIN	field_1_5345
FIELD	net/minecraft/world/entity/EntityTypes	Lnet/minecraft/world/entity/EntityType;	HOPPER_MINECART	field_1_5346
FIELD	net/minecraft/world/entity/EntityTypes	Lnet/minecraft/world/entity/EntityType;	HORSE	field_1_5347
FIELD	net/minecraft/world/entity/EntityTypes	Lnet/minecraft/world/entity/EntityType;	HUSK	field_1_5348
FIELD	net/minecraft/world/entity/EntityTypes	Lnet/minecraft/world/entity/EntityType;	ILLUSIONER	field_1_5349
FIELD	net/minecraft/world/entity/EntityTypes	Lnet/minecraft/world/entity/EntityType;	INTERACTION	field_1_5350
FIELD	net/minecraft/world/entity/EntityTypes	Lnet/minecraft/world/entity/EntityType;	IRON_GOLEM	field_1_5351
FIELD	net/minecraft/world/entity/EntityTypes	Lnet/minecraft/world/entity/EntityType;	ITEM	field_1_5352
FIELD	net/minecraft/world/entity/EntityTypes	Lnet/minecraft/world/entity/EntityType;	ITEM_DISPLAY	field_1_5353
FIELD	net/minecraft/world/entity/EntityTypes	Lnet/minecraft/world/entity/EntityType;	ITEM_FRAME	field_1_5354
FIELD	net/minecraft/world/entity/EntityTypes	Lnet/minecraft/world/entity/EntityType;	JUNGLE_BOAT	field_1_5355
FIELD	net/minecraft/world/entity/EntityTypes	Lnet/minecraft/world/entity/EntityType;	JUNGLE_CHEST_BOAT	field_1_5356
FIELD	net/minecraft/world/entity/EntityTypes	Lnet/minecraft/world/entity/EntityType;	LEASH_KNOT	field_1_5357
FIELD	net/minecraft/world/entity/EntityTypes	Lnet/minecraft/world/entity/EntityType;	LIGHTNING_BOLT	field_1_5358
FIELD	net/minecraft/world/entity/EntityTypes	Lnet/minecraft/world/entity/EntityType;	LINGERING_POTION	field_1_5359
FIELD	net/minecraft/world/entity/EntityTypes	Lnet/minecraft/world/entity/EntityType;	LLAMA	field_1_5360
FIELD	net/minecraft/world/entity/EntityTypes	Lnet/minecraft/world/entity/EntityType;	LLAMA_SPIT	field_1_5361
FIELD	net/minecraft/world/entity/EntityTypes	F	MAGIC_HORSE_WIDTH	field_1_5362
FIELD	net/minecraft/world/entity/EntityTypes	Lnet/minecraft/world/entity/EntityType;	MAGMA_CUBE	field_1_5363
FIELD	net/minecraft/world/entity/EntityTypes	Lnet/minecraft/world/entity/EntityType;	MANGROVE_BOAT	field_1_5364
FIELD	net/minecraft/world/entity/EntityTypes	Lnet/minecraft/world/entity/EntityType;	MANGROVE_CHEST_BOAT	field_1_5365
FIELD	net/minecraft/world/entity/EntityTypes	Lnet/minecraft/world/entity/EntityType;	MANNEQUIN	field_1_5366
FIELD	net/minecraft/world/entity/EntityTypes	Lnet/minecraft/world/entity/EntityType;	MARKER	field_1_5367
FIELD	net/minecraft/world/entity/EntityTypes	Lnet/minecraft/world/entity/EntityType;	MINECART	field_1_5368
FIELD	net/minecraft/world/entity/EntityTypes	Lnet/minecraft/world/entity/EntityType;	MOOSHROOM	field_1_5369
FIELD	net/minecraft/world/entity/EntityTypes	Lnet/minecraft/world/entity/EntityType;	MULE	field_1_5370
FIELD	net/minecraft/world/entity/EntityTypes	Lnet/minecraft/world/entity/EntityType;	NAUTILUS	field_1_5371
FIELD	net/minecraft/world/entity/EntityTypes	Lnet/minecraft/world/entity/EntityType;	OAK_BOAT	field_1_5372
FIELD	net/minecraft/world/entity/EntityTypes	Lnet/minecraft/world/entity/EntityType;	OAK_CHEST_BOAT	field_1_5373
FIELD	net/minecraft/world/entity/EntityTypes	Lnet/minecraft/world/entity/EntityType;	OCELOT	field_1_5374
FIELD	net/minecraft/world/entity/EntityTypes	Lnet/minecraft/world/entity/EntityType;	OMINOUS_ITEM_SPAWNER	field_1_5375
FIELD	net/minecraft/world/entity/EntityTypes	Ljava/util/Set;	OP_ONLY_CUSTOM_DATA	field_1_5376
FIELD	net/minecraft/world/entity/EntityTypes	Lnet/minecraft/world/entity/EntityType;	PAINTING	field_1_5377
FIELD	net/minecraft/world/entity/EntityTypes	Lnet/minecraft/world/entity/EntityType;	PALE_OAK_BOAT	field_1_5378
FIELD	net/minecraft/world/entity/EntityTypes	Lnet/minecraft/world/entity/EntityType;	PALE_OAK_CHEST_BOAT	field_1_5379
FIELD	net/minecraft/world/entity/EntityTypes	Lnet/minecraft/world/entity/EntityType;	PANDA	field_1_5380
FIELD	net/minecraft/world/entity/EntityTypes	Lnet/minecraft/world/entity/EntityType;	PARCHED	field_1_5381
FIELD	net/minecraft/world/entity/EntityTypes	Lnet/minecraft/world/entity/EntityType;	PARROT	field_1_5382
FIELD	net/minecraft/world/entity/EntityTypes	Lnet/minecraft/world/entity/EntityType;	PHANTOM	field_1_5383
FIELD	net/minecraft/world/entity/EntityTypes	Lnet/minecraft/world/entity/EntityType;	PIGLIN	field_1_5384
FIELD	net/minecraft/world/entity/EntityTypes	Lnet/minecraft/world/entity/EntityType;	PIGLIN_BRUTE	field_1_5385
FIELD	net/minecraft/world/entity/EntityTypes	Lnet/minecraft/world/entity/EntityType;	PIG	field_1_5386
FIELD	net/minecraft/world/entity/EntityTypes	Lnet/minecraft/world/entity/EntityType;	PILLAGER	field_1_5387
FIELD	net/minecraft/world/entity/EntityTypes	Lnet/minecraft/world/entity/EntityType;	PLAYER	field_1_5388
FIELD	net/minecraft/world/entity/EntityTypes	Lnet/minecraft/world/entity/EntityType;	POLAR_BEAR	field_1_5389
FIELD	net/minecraft/world/entity/EntityTypes	Lnet/minecraft/world/entity/EntityType;	PUFFERFISH	field_1_5390
FIELD	net/minecraft/world/entity/EntityTypes	Lnet/minecraft/world/entity/EntityType;	RABBIT	field_1_5391
FIELD	net/minecraft/world/entity/EntityTypes	Lnet/minecraft/world/entity/EntityType;	RAVAGER	field_1_5392
FIELD	net/minecraft/world/entity/EntityTypes	Lnet/minecraft/world/entity/EntityType;	SALMON	field_1_5393
FIELD	net/minecraft/world/entity/EntityTypes	Lnet/minecraft/world/entity/EntityType;	SHEEP	field_1_5394
FIELD	net/minecraft/world/entity/EntityTypes	Lnet/minecraft/world/entity/EntityType;	SHULKER	field_1_5395
FIELD	net/minecraft/world/entity/EntityTypes	Lnet/minecraft/world/entity/EntityType;	SHULKER_BULLET	field_1_5396
FIELD	net/minecraft/world/entity/EntityTypes	Lnet/minecraft/world/entity/EntityType;	SILVERFISH	field_1_5397
FIELD	net/minecraft/world/entity/EntityTypes	Lnet/minecraft/world/entity/EntityType;	SKELETON	field_1_5398
FIELD	net/minecraft/world/entity/EntityTypes	Lnet/minecraft/world/entity/EntityType;	SKELETON_HORSE	field_1_5399
FIELD	net/minecraft/world/entity/EntityTypes	Lnet/minecraft/world/entity/EntityType;	SLIME	field_1_5400
FIELD	net/minecraft/world/entity/EntityTypes	Lnet/minecraft/world/entity/EntityType;	SMALL_FIREBALL	field_1_5401
FIELD	net/minecraft/world/entity/EntityTypes	Lnet/minecraft/world/entity/EntityType;	SNIFFER	field_1_5402
FIELD	net/minecraft/world/entity/EntityTypes	Lnet/minecraft/world/entity/EntityType;	SNOWBALL	field_1_5403
FIELD	net/minecraft/world/entity/EntityTypes	Lnet/minecraft/world/entity/EntityType;	SNOW_GOLEM	field_1_5404
FIELD	net/minecraft/world/entity/EntityTypes	Lnet/minecraft/world/entity/EntityType;	SPAWNER_MINECART	field_1_5405
FIELD	net/minecraft/world/entity/EntityTypes	Lnet/minecraft/world/entity/EntityType;	SPECTRAL_ARROW	field_1_5406
FIELD	net/minecraft/world/entity/EntityTypes	Lnet/minecraft/world/entity/EntityType;	SPIDER	field_1_5407
FIELD	net/minecraft/world/entity/EntityTypes	Lnet/minecraft/world/entity/EntityType;	SPLASH_POTION	field_1_5408
FIELD	net/minecraft/world/entity/EntityTypes	Lnet/minecraft/world/entity/EntityType;	SPRUCE_BOAT	field_1_5409
FIELD	net/minecraft/world/entity/EntityTypes	Lnet/minecraft/world/entity/EntityType;	SPRUCE_CHEST_BOAT	field_1_5410
FIELD	net/minecraft/world/entity/EntityTypes	Lnet/minecraft/world/entity/EntityType;	SQUID	field_1_5411
FIELD	net/minecraft/world/entity/EntityTypes	Lnet/minecraft/world/entity/EntityType;	STRAY	field_1_5412
FIELD	net/minecraft/world/entity/EntityTypes	Lnet/minecraft/world/entity/EntityType;	STRIDER	field_1_5413
FIELD	net/minecraft/world/entity/EntityTypes	Lnet/minecraft/world/entity/EntityType;	SULFUR_CUBE	field_1_5414
FIELD	net/minecraft/world/entity/EntityTypes	Lnet/minecraft/world/entity/EntityType;	TADPOLE	field_1_5415
FIELD	net/minecraft/world/entity/EntityTypes	Lnet/minecraft/world/entity/EntityType;	TEXT_DISPLAY	field_1_5416
FIELD	net/minecraft/world/entity/EntityTypes	Lnet/minecraft/world/entity/EntityType;	TNT	field_1_5417
FIELD	net/minecraft/world/entity/EntityTypes	Lnet/minecraft/world/entity/EntityType;	TNT_MINECART	field_1_5418
FIELD	net/minecraft/world/entity/EntityTypes	Lnet/minecraft/world/entity/EntityType;	TRADER_LLAMA	field_1_5419
FIELD	net/minecraft/world/entity/EntityTypes	Lnet/minecraft/world/entity/EntityType;	TRIDENT	field_1_5420
FIELD	net/minecraft/world/entity/EntityTypes	Lnet/minecraft/world/entity/EntityType;	TROPICAL_FISH	field_1_5421
FIELD	net/minecraft/world/entity/EntityTypes	Lnet/minecraft/world/entity/EntityType;	TURTLE	field_1_5422
FIELD	net/minecraft/world/entity/EntityTypes	Lnet/minecraft/world/entity/EntityType;	VEX	field_1_5423
FIELD	net/minecraft/world/entity/EntityTypes	Lnet/minecraft/world/entity/EntityType;	VILLAGER	field_1_5424
FIELD	net/minecraft/world/entity/EntityTypes	Lnet/minecraft/world/entity/EntityType;	VINDICATOR	field_1_5425
FIELD	net/minecraft/world/entity/EntityTypes	Lnet/minecraft/world/entity/EntityType;	WANDERING_TRADER	field_1_5426
FIELD	net/minecraft/world/entity/EntityTypes	Lnet/minecraft/world/entity/EntityType;	WARDEN	field_1_5427
FIELD	net/minecraft/world/entity/EntityTypes	Lnet/minecraft/world/entity/EntityType;	WIND_CHARGE	field_1_5428
FIELD	net/minecraft/world/entity/EntityTypes	Lnet/minecraft/world/entity/EntityType;	WITCH	field_1_5429
FIELD	net/minecraft/world/entity/EntityTypes	Lnet/minecraft/world/entity/EntityType;	WITHER	field_1_5430
FIELD	net/minecraft/world/entity/EntityTypes	Lnet/minecraft/world/entity/EntityType;	WITHER_SKELETON	field_1_5431
FIELD	net/minecraft/world/entity/EntityTypes	Lnet/minecraft/world/entity/EntityType;	WITHER_SKULL	field_1_5432
FIELD	net/minecraft/world/entity/EntityTypes	Lnet/minecraft/world/entity/EntityType;	WOLF	field_1_5433
FIELD	net/minecraft/world/entity/EntityTypes	Lnet/minecraft/world/entity/EntityType;	ZOGLIN	field_1_5434
FIELD	net/minecraft/world/entity/EntityTypes	Lnet/minecraft/world/entity/EntityType;	ZOMBIE	field_1_5435
FIELD	net/minecraft/world/entity/EntityTypes	Lnet/minecraft/world/entity/EntityType;	ZOMBIE_HORSE	field_1_5436
FIELD	net/minecraft/world/entity/EntityTypes	Lnet/minecraft/world/entity/EntityType;	ZOMBIE_NAUTILUS	field_1_5437
FIELD	net/minecraft/world/entity/EntityTypes	Lnet/minecraft/world/entity/EntityType;	ZOMBIE_VILLAGER	field_1_5438
FIELD	net/minecraft/world/entity/EntityTypes	Lnet/minecraft/world/entity/EntityType;	ZOMBIFIED_PIGLIN	field_1_5439
METHOD	net/minecraft/world/entity/EntityTypes	(Ljava/util/function/Supplier;)Lnet/minecraft/world/entity/EntityType$EntityFactory;	boatFactory	method_1_4772
METHOD	net/minecraft/world/entity/EntityTypes	(Ljava/util/function/Supplier;)Lnet/minecraft/world/entity/EntityType$EntityFactory;	chestBoatFactory	method_1_4773
METHOD	net/minecraft/world/entity/EntityTypes	(Ljava/util/function/Supplier;)Lnet/minecraft/world/entity/EntityType$EntityFactory;	chestRaftFactory	method_1_4774
METHOD	net/minecraft/world/entity/EntityTypes	(Ljava/util/function/Supplier;Lnet/minecraft/world/entity/EntityType;Lnet/minecraft/world/level/Level;)Lnet/minecraft/world/entity/vehicle/boat/Boat;	lambda$boatFactory$0	method_1_4775
METHOD	net/minecraft/world/entity/EntityTypes	(Ljava/util/function/Supplier;Lnet/minecraft/world/entity/EntityType;Lnet/minecraft/world/level/Level;)Lnet/minecraft/world/entity/vehicle/boat/ChestBoat;	lambda$chestBoatFactory$0	method_1_4776
METHOD	net/minecraft/world/entity/EntityTypes	(Ljava/util/function/Supplier;Lnet/minecraft/world/entity/EntityType;Lnet/minecraft/world/level/Level;)Lnet/minecraft/world/entity/vehicle/boat/ChestRaft;	lambda$chestRaftFactory$0	method_1_4777
METHOD	net/minecraft/world/entity/EntityTypes	(Ljava/util/function/Supplier;Lnet/minecraft/world/entity/EntityType;Lnet/minecraft/world/level/Level;)Lnet/minecraft/world/entity/vehicle/boat/Raft;	lambda$raftFactory$0	method_1_4778
METHOD	net/minecraft/world/entity/EntityTypes	()Lnet/minecraft/world/item/Item;	lambda$static$0	method_1_4779
METHOD	net/minecraft/world/entity/EntityTypes	()Lnet/minecraft/world/item/Item;	lambda$static$1	method_1_4780
METHOD	net/minecraft/world/entity/EntityTypes	()Lnet/minecraft/world/item/Item;	lambda$static$10	method_1_4781
METHOD	net/minecraft/world/entity/EntityTypes	()Lnet/minecraft/world/item/Item;	lambda$static$11	method_1_4782
METHOD	net/minecraft/world/entity/EntityTypes	()Lnet/minecraft/world/item/Item;	lambda$static$12	method_1_4783
METHOD	net/minecraft/world/entity/EntityTypes	()Lnet/minecraft/world/item/Item;	lambda$static$13	method_1_4784
METHOD	net/minecraft/world/entity/EntityTypes	()Lnet/minecraft/world/item/Item;	lambda$static$14	method_1_4785
METHOD	net/minecraft/world/entity/EntityTypes	()Lnet/minecraft/world/item/Item;	lambda$static$15	method_1_4786
METHOD	net/minecraft/world/entity/EntityTypes	()Lnet/minecraft/world/item/Item;	lambda$static$16	method_1_4787
METHOD	net/minecraft/world/entity/EntityTypes	()Lnet/minecraft/world/item/Item;	lambda$static$17	method_1_4788
METHOD	net/minecraft/world/entity/EntityTypes	()Lnet/minecraft/world/item/Item;	lambda$static$18	method_1_4789
METHOD	net/minecraft/world/entity/EntityTypes	()Lnet/minecraft/world/item/Item;	lambda$static$19	method_1_4790
METHOD	net/minecraft/world/entity/EntityTypes	()Lnet/minecraft/world/item/Item;	lambda$static$2	method_1_4791
METHOD	net/minecraft/world/entity/EntityTypes	()Lnet/minecraft/world/item/Item;	lambda$static$3	method_1_4792
METHOD	net/minecraft/world/entity/EntityTypes	()Lnet/minecraft/world/item/Item;	lambda$static$4	method_1_4793
METHOD	net/minecraft/world/entity/EntityTypes	()Lnet/minecraft/world/item/Item;	lambda$static$5	method_1_4794
METHOD	net/minecraft/world/entity/EntityTypes	()Lnet/minecraft/world/item/Item;	lambda$static$6	method_1_4795
METHOD	net/minecraft/world/entity/EntityTypes	()Lnet/minecraft/world/item/Item;	lambda$static$7	method_1_4796
METHOD	net/minecraft/world/entity/EntityTypes	()Lnet/minecraft/world/item/Item;	lambda$static$8	method_1_4797
METHOD	net/minecraft/world/entity/EntityTypes	()Lnet/minecraft/world/item/Item;	lambda$static$9	method_1_4798
METHOD	net/minecraft/world/entity/EntityTypes	(Ljava/util/function/Supplier;)Lnet/minecraft/world/entity/EntityType$EntityFactory;	raftFactory	method_1_4799
METHOD	net/minecraft/world/entity/EntityTypes	(Lnet/minecraft/resources/ResourceKey;Lnet/minecraft/world/entity/EntityType$Builder;)Lnet/minecraft/world/entity/EntityType;	register	method_1_4800
METHOD	net/minecraft/world/item/HoneycombItem	(Lcom/google/common/collect/ImmutableBiMap$Builder;Lnet/minecraft/world/level/block/WeatheringCopperCollection;)V	lambda$static$1	method_1_4801
METHOD	net/minecraft/world/item/HoneycombItem	(Lcom/google/common/collect/ImmutableMap$Builder;Lnet/minecraft/world/item/HoneycombItem$WaxedRecipeGroup;Lnet/minecraft/world/level/block/Block;)V	lambda$static$13	method_1_4802
FIELD	net/minecraft/world/level/block/Blocks	Lnet/minecraft/world/level/block/Block;	SULFUR_SPIKE	field_1_5440
METHOD	net/minecraft/world/level/block/Blocks	(Lnet/minecraft/world/level/block/state/BlockState;)Z	lambda$static$273	method_1_4803
METHOD	net/minecraft/world/level/block/Blocks	(Lnet/minecraft/world/level/block/state/BlockBehaviour$Properties;)Lnet/minecraft/world/level/block/Block;	lambda$static$394	method_1_4804
METHOD	net/minecraft/world/level/block/Blocks	(Lnet/minecraft/world/level/block/state/BlockBehaviour$Properties;)Lnet/minecraft/world/level/block/Block;	lambda$static$395	method_1_4805
FIELD	net/minecraft/server/PlayerAdvancements	Ljava/util/Map;	activeTriggers	field_1_5441
METHOD	net/minecraft/server/PlayerAdvancements	()V	clearTriggers	method_1_4806
METHOD	net/minecraft/server/PlayerAdvancements	(Lnet/minecraft/advancements/triggers/CriterionTrigger;)Ljava/util/Map;	getOrCreateTriggerMapForType	method_1_4807
METHOD	net/minecraft/server/PlayerAdvancements	(Lnet/minecraft/advancements/triggers/CriterionTrigger;)Ljava/util/Map;	getTriggerMapForType	method_1_4808
METHOD	net/minecraft/server/PlayerAdvancements	(Lnet/minecraft/advancements/triggers/CriterionTrigger;)Ljava/util/Map;	lambda$getOrCreateTriggerMapForType$0	method_1_4809
METHOD	net/minecraft/util/datafix/schemas/V4059	(Lcom/mojang/datafixers/schemas/Schema;)Lcom/mojang/datafixers/types/templates/TypeTemplate;	lambda$components$2	method_1_4810
CLASS	net/minecraft/util/datafix/schemas/V4885	class_1_788
CLASS	net/minecraft/world/entity/EntityTypeIds	class_1_789
FIELD	net/minecraft/world/entity/EntityTypeIds	Lnet/minecraft/resources/ResourceKey;	ACACIA_BOAT	field_1_5442
FIELD	net/minecraft/world/entity/EntityTypeIds	Lnet/minecraft/resources/ResourceKey;	ACACIA_CHEST_BOAT	field_1_5443
FIELD	net/minecraft/world/entity/EntityTypeIds	Lnet/minecraft/resources/ResourceKey;	ALLAY	field_1_5444
FIELD	net/minecraft/world/entity/EntityTypeIds	Lnet/minecraft/resources/ResourceKey;	AREA_EFFECT_CLOUD	field_1_5445
FIELD	net/minecraft/world/entity/EntityTypeIds	Lnet/minecraft/resources/ResourceKey;	ARMADILLO	field_1_5446
FIELD	net/minecraft/world/entity/EntityTypeIds	Lnet/minecraft/resources/ResourceKey;	ARMOR_STAND	field_1_5447
FIELD	net/minecraft/world/entity/EntityTypeIds	Lnet/minecraft/resources/ResourceKey;	ARROW	field_1_5448
FIELD	net/minecraft/world/entity/EntityTypeIds	Lnet/minecraft/resources/ResourceKey;	AXOLOTL	field_1_5449
FIELD	net/minecraft/world/entity/EntityTypeIds	Lnet/minecraft/resources/ResourceKey;	BAMBOO_CHEST_RAFT	field_1_5450
FIELD	net/minecraft/world/entity/EntityTypeIds	Lnet/minecraft/resources/ResourceKey;	BAMBOO_RAFT	field_1_5451
FIELD	net/minecraft/world/entity/EntityTypeIds	Lnet/minecraft/resources/ResourceKey;	BAT	field_1_5452
FIELD	net/minecraft/world/entity/EntityTypeIds	Lnet/minecraft/resources/ResourceKey;	BEE	field_1_5453
FIELD	net/minecraft/world/entity/EntityTypeIds	Lnet/minecraft/resources/ResourceKey;	BIRCH_BOAT	field_1_5454
FIELD	net/minecraft/world/entity/EntityTypeIds	Lnet/minecraft/resources/ResourceKey;	BIRCH_CHEST_BOAT	field_1_5455
FIELD	net/minecraft/world/entity/EntityTypeIds	Lnet/minecraft/resources/ResourceKey;	BLAZE	field_1_5456
FIELD	net/minecraft/world/entity/EntityTypeIds	Lnet/minecraft/resources/ResourceKey;	BLOCK_DISPLAY	field_1_5457
FIELD	net/minecraft/world/entity/EntityTypeIds	Lnet/minecraft/resources/ResourceKey;	BOGGED	field_1_5458
FIELD	net/minecraft/world/entity/EntityTypeIds	Lnet/minecraft/resources/ResourceKey;	BREEZE	field_1_5459
FIELD	net/minecraft/world/entity/EntityTypeIds	Lnet/minecraft/resources/ResourceKey;	BREEZE_WIND_CHARGE	field_1_5460
FIELD	net/minecraft/world/entity/EntityTypeIds	Lnet/minecraft/resources/ResourceKey;	CAMEL	field_1_5461
FIELD	net/minecraft/world/entity/EntityTypeIds	Lnet/minecraft/resources/ResourceKey;	CAMEL_HUSK	field_1_5462
FIELD	net/minecraft/world/entity/EntityTypeIds	Lnet/minecraft/resources/ResourceKey;	CAT	field_1_5463
FIELD	net/minecraft/world/entity/EntityTypeIds	Lnet/minecraft/resources/ResourceKey;	CAVE_SPIDER	field_1_5464
FIELD	net/minecraft/world/entity/EntityTypeIds	Lnet/minecraft/resources/ResourceKey;	CHERRY_BOAT	field_1_5465
FIELD	net/minecraft/world/entity/EntityTypeIds	Lnet/minecraft/resources/ResourceKey;	CHERRY_CHEST_BOAT	field_1_5466
FIELD	net/minecraft/world/entity/EntityTypeIds	Lnet/minecraft/resources/ResourceKey;	CHEST_MINECART	field_1_5467
FIELD	net/minecraft/world/entity/EntityTypeIds	Lnet/minecraft/resources/ResourceKey;	CHICKEN	field_1_5468
FIELD	net/minecraft/world/entity/EntityTypeIds	Lnet/minecraft/resources/ResourceKey;	COD	field_1_5469
FIELD	net/minecraft/world/entity/EntityTypeIds	Lnet/minecraft/resources/ResourceKey;	COMMAND_BLOCK_MINECART	field_1_5470
FIELD	net/minecraft/world/entity/EntityTypeIds	Lnet/minecraft/resources/ResourceKey;	COPPER_GOLEM	field_1_5471
FIELD	net/minecraft/world/entity/EntityTypeIds	Lnet/minecraft/resources/ResourceKey;	COW	field_1_5472
FIELD	net/minecraft/world/entity/EntityTypeIds	Lnet/minecraft/resources/ResourceKey;	CREAKING	field_1_5473
FIELD	net/minecraft/world/entity/EntityTypeIds	Lnet/minecraft/resources/ResourceKey;	CREEPER	field_1_5474
FIELD	net/minecraft/world/entity/EntityTypeIds	Lnet/minecraft/resources/ResourceKey;	DARK_OAK_BOAT	field_1_5475
FIELD	net/minecraft/world/entity/EntityTypeIds	Lnet/minecraft/resources/ResourceKey;	DARK_OAK_CHEST_BOAT	field_1_5476
FIELD	net/minecraft/world/entity/EntityTypeIds	Lnet/minecraft/resources/ResourceKey;	DOLPHIN	field_1_5477
FIELD	net/minecraft/world/entity/EntityTypeIds	Lnet/minecraft/resources/ResourceKey;	DONKEY	field_1_5478
FIELD	net/minecraft/world/entity/EntityTypeIds	Lnet/minecraft/resources/ResourceKey;	DRAGON_FIREBALL	field_1_5479
FIELD	net/minecraft/world/entity/EntityTypeIds	Lnet/minecraft/resources/ResourceKey;	DROWNED	field_1_5480
FIELD	net/minecraft/world/entity/EntityTypeIds	Lnet/minecraft/resources/ResourceKey;	EGG	field_1_5481
FIELD	net/minecraft/world/entity/EntityTypeIds	Lnet/minecraft/resources/ResourceKey;	ELDER_GUARDIAN	field_1_5482
FIELD	net/minecraft/world/entity/EntityTypeIds	Lnet/minecraft/resources/ResourceKey;	ENDERMAN	field_1_5483
FIELD	net/minecraft/world/entity/EntityTypeIds	Lnet/minecraft/resources/ResourceKey;	ENDERMITE	field_1_5484
FIELD	net/minecraft/world/entity/EntityTypeIds	Lnet/minecraft/resources/ResourceKey;	ENDER_DRAGON	field_1_5485
FIELD	net/minecraft/world/entity/EntityTypeIds	Lnet/minecraft/resources/ResourceKey;	ENDER_PEARL	field_1_5486
FIELD	net/minecraft/world/entity/EntityTypeIds	Lnet/minecraft/resources/ResourceKey;	END_CRYSTAL	field_1_5487
FIELD	net/minecraft/world/entity/EntityTypeIds	Lnet/minecraft/resources/ResourceKey;	EVOKER	field_1_5488
FIELD	net/minecraft/world/entity/EntityTypeIds	Lnet/minecraft/resources/ResourceKey;	EVOKER_FANGS	field_1_5489
FIELD	net/minecraft/world/entity/EntityTypeIds	Lnet/minecraft/resources/ResourceKey;	EXPERIENCE_BOTTLE	field_1_5490
FIELD	net/minecraft/world/entity/EntityTypeIds	Lnet/minecraft/resources/ResourceKey;	EXPERIENCE_ORB	field_1_5491
FIELD	net/minecraft/world/entity/EntityTypeIds	Lnet/minecraft/resources/ResourceKey;	EYE_OF_ENDER	field_1_5492
FIELD	net/minecraft/world/entity/EntityTypeIds	Lnet/minecraft/resources/ResourceKey;	FALLING_BLOCK	field_1_5493
FIELD	net/minecraft/world/entity/EntityTypeIds	Lnet/minecraft/resources/ResourceKey;	FIREBALL	field_1_5494
FIELD	net/minecraft/world/entity/EntityTypeIds	Lnet/minecraft/resources/ResourceKey;	FIREWORK_ROCKET	field_1_5495
FIELD	net/minecraft/world/entity/EntityTypeIds	Lnet/minecraft/resources/ResourceKey;	FISHING_BOBBER	field_1_5496
FIELD	net/minecraft/world/entity/EntityTypeIds	Lnet/minecraft/resources/ResourceKey;	FOX	field_1_5497
FIELD	net/minecraft/world/entity/EntityTypeIds	Lnet/minecraft/resources/ResourceKey;	FROG	field_1_5498
FIELD	net/minecraft/world/entity/EntityTypeIds	Lnet/minecraft/resources/ResourceKey;	FURNACE_MINECART	field_1_5499
FIELD	net/minecraft/world/entity/EntityTypeIds	Lnet/minecraft/resources/ResourceKey;	GHAST	field_1_5500
FIELD	net/minecraft/world/entity/EntityTypeIds	Lnet/minecraft/resources/ResourceKey;	GIANT	field_1_5501
FIELD	net/minecraft/world/entity/EntityTypeIds	Lnet/minecraft/resources/ResourceKey;	GLOW_ITEM_FRAME	field_1_5502
FIELD	net/minecraft/world/entity/EntityTypeIds	Lnet/minecraft/resources/ResourceKey;	GLOW_SQUID	field_1_5503
FIELD	net/minecraft/world/entity/EntityTypeIds	Lnet/minecraft/resources/ResourceKey;	GOAT	field_1_5504
FIELD	net/minecraft/world/entity/EntityTypeIds	Lnet/minecraft/resources/ResourceKey;	GUARDIAN	field_1_5505
FIELD	net/minecraft/world/entity/EntityTypeIds	Lnet/minecraft/resources/ResourceKey;	HAPPY_GHAST	field_1_5506
FIELD	net/minecraft/world/entity/EntityTypeIds	Lnet/minecraft/resources/ResourceKey;	HOGLIN	field_1_5507
FIELD	net/minecraft/world/entity/EntityTypeIds	Lnet/minecraft/resources/ResourceKey;	HOPPER_MINECART	field_1_5508
FIELD	net/minecraft/world/entity/EntityTypeIds	Lnet/minecraft/resources/ResourceKey;	HORSE	field_1_5509
FIELD	net/minecraft/world/entity/EntityTypeIds	Lnet/minecraft/resources/ResourceKey;	HUSK	field_1_5510
FIELD	net/minecraft/world/entity/EntityTypeIds	Lnet/minecraft/resources/ResourceKey;	ILLUSIONER	field_1_5511
FIELD	net/minecraft/world/entity/EntityTypeIds	Lnet/minecraft/resources/ResourceKey;	INTERACTION	field_1_5512
FIELD	net/minecraft/world/entity/EntityTypeIds	Lnet/minecraft/resources/ResourceKey;	IRON_GOLEM	field_1_5513
FIELD	net/minecraft/world/entity/EntityTypeIds	Lnet/minecraft/resources/ResourceKey;	ITEM	field_1_5514
FIELD	net/minecraft/world/entity/EntityTypeIds	Lnet/minecraft/resources/ResourceKey;	ITEM_DISPLAY	field_1_5515
FIELD	net/minecraft/world/entity/EntityTypeIds	Lnet/minecraft/resources/ResourceKey;	ITEM_FRAME	field_1_5516
FIELD	net/minecraft/world/entity/EntityTypeIds	Lnet/minecraft/resources/ResourceKey;	JUNGLE_BOAT	field_1_5517
FIELD	net/minecraft/world/entity/EntityTypeIds	Lnet/minecraft/resources/ResourceKey;	JUNGLE_CHEST_BOAT	field_1_5518
FIELD	net/minecraft/world/entity/EntityTypeIds	Lnet/minecraft/resources/ResourceKey;	LEASH_KNOT	field_1_5519
FIELD	net/minecraft/world/entity/EntityTypeIds	Lnet/minecraft/resources/ResourceKey;	LIGHTNING_BOLT	field_1_5520
FIELD	net/minecraft/world/entity/EntityTypeIds	Lnet/minecraft/resources/ResourceKey;	LINGERING_POTION	field_1_5521
FIELD	net/minecraft/world/entity/EntityTypeIds	Lnet/minecraft/resources/ResourceKey;	LLAMA	field_1_5522
FIELD	net/minecraft/world/entity/EntityTypeIds	Lnet/minecraft/resources/ResourceKey;	LLAMA_SPIT	field_1_5523
FIELD	net/minecraft/world/entity/EntityTypeIds	Lnet/minecraft/resources/ResourceKey;	MAGMA_CUBE	field_1_5524
FIELD	net/minecraft/world/entity/EntityTypeIds	Lnet/minecraft/resources/ResourceKey;	MANGROVE_BOAT	field_1_5525
FIELD	net/minecraft/world/entity/EntityTypeIds	Lnet/minecraft/resources/ResourceKey;	MANGROVE_CHEST_BOAT	field_1_5526
FIELD	net/minecraft/world/entity/EntityTypeIds	Lnet/minecraft/resources/ResourceKey;	MANNEQUIN	field_1_5527
FIELD	net/minecraft/world/entity/EntityTypeIds	Lnet/minecraft/resources/ResourceKey;	MARKER	field_1_5528
FIELD	net/minecraft/world/entity/EntityTypeIds	Lnet/minecraft/resources/ResourceKey;	MINECART	field_1_5529
FIELD	net/minecraft/world/entity/EntityTypeIds	Lnet/minecraft/resources/ResourceKey;	MOOSHROOM	field_1_5530
FIELD	net/minecraft/world/entity/EntityTypeIds	Lnet/minecraft/resources/ResourceKey;	MULE	field_1_5531
FIELD	net/minecraft/world/entity/EntityTypeIds	Lnet/minecraft/resources/ResourceKey;	NAUTILUS	field_1_5532
FIELD	net/minecraft/world/entity/EntityTypeIds	Lnet/minecraft/resources/ResourceKey;	OAK_BOAT	field_1_5533
FIELD	net/minecraft/world/entity/EntityTypeIds	Lnet/minecraft/resources/ResourceKey;	OAK_CHEST_BOAT	field_1_5534
FIELD	net/minecraft/world/entity/EntityTypeIds	Lnet/minecraft/resources/ResourceKey;	OCELOT	field_1_5535
FIELD	net/minecraft/world/entity/EntityTypeIds	Lnet/minecraft/resources/ResourceKey;	OMINOUS_ITEM_SPAWNER	field_1_5536
FIELD	net/minecraft/world/entity/EntityTypeIds	Lnet/minecraft/resources/ResourceKey;	PAINTING	field_1_5537
FIELD	net/minecraft/world/entity/EntityTypeIds	Lnet/minecraft/resources/ResourceKey;	PALE_OAK_BOAT	field_1_5538
FIELD	net/minecraft/world/entity/EntityTypeIds	Lnet/minecraft/resources/ResourceKey;	PALE_OAK_CHEST_BOAT	field_1_5539
FIELD	net/minecraft/world/entity/EntityTypeIds	Lnet/minecraft/resources/ResourceKey;	PANDA	field_1_5540
FIELD	net/minecraft/world/entity/EntityTypeIds	Lnet/minecraft/resources/ResourceKey;	PARCHED	field_1_5541
FIELD	net/minecraft/world/entity/EntityTypeIds	Lnet/minecraft/resources/ResourceKey;	PARROT	field_1_5542
FIELD	net/minecraft/world/entity/EntityTypeIds	Lnet/minecraft/resources/ResourceKey;	PHANTOM	field_1_5543
FIELD	net/minecraft/world/entity/EntityTypeIds	Lnet/minecraft/resources/ResourceKey;	PIGLIN	field_1_5544
FIELD	net/minecraft/world/entity/EntityTypeIds	Lnet/minecraft/resources/ResourceKey;	PIGLIN_BRUTE	field_1_5545
FIELD	net/minecraft/world/entity/EntityTypeIds	Lnet/minecraft/resources/ResourceKey;	PIG	field_1_5546
FIELD	net/minecraft/world/entity/EntityTypeIds	Lnet/minecraft/resources/ResourceKey;	PILLAGER	field_1_5547
FIELD	net/minecraft/world/entity/EntityTypeIds	Lnet/minecraft/resources/ResourceKey;	PLAYER	field_1_5548
FIELD	net/minecraft/world/entity/EntityTypeIds	Lnet/minecraft/resources/ResourceKey;	POLAR_BEAR	field_1_5549
FIELD	net/minecraft/world/entity/EntityTypeIds	Lnet/minecraft/resources/ResourceKey;	PUFFERFISH	field_1_5550
FIELD	net/minecraft/world/entity/EntityTypeIds	Lnet/minecraft/resources/ResourceKey;	RABBIT	field_1_5551
FIELD	net/minecraft/world/entity/EntityTypeIds	Lnet/minecraft/resources/ResourceKey;	RAVAGER	field_1_5552
FIELD	net/minecraft/world/entity/EntityTypeIds	Lnet/minecraft/resources/ResourceKey;	SALMON	field_1_5553
FIELD	net/minecraft/world/entity/EntityTypeIds	Lnet/minecraft/resources/ResourceKey;	SHEEP	field_1_5554
FIELD	net/minecraft/world/entity/EntityTypeIds	Lnet/minecraft/resources/ResourceKey;	SHULKER	field_1_5555
FIELD	net/minecraft/world/entity/EntityTypeIds	Lnet/minecraft/resources/ResourceKey;	SHULKER_BULLET	field_1_5556
FIELD	net/minecraft/world/entity/EntityTypeIds	Lnet/minecraft/resources/ResourceKey;	SILVERFISH	field_1_5557
FIELD	net/minecraft/world/entity/EntityTypeIds	Lnet/minecraft/resources/ResourceKey;	SKELETON	field_1_5558
FIELD	net/minecraft/world/entity/EntityTypeIds	Lnet/minecraft/resources/ResourceKey;	SKELETON_HORSE	field_1_5559
FIELD	net/minecraft/world/entity/EntityTypeIds	Lnet/minecraft/resources/ResourceKey;	SLIME	field_1_5560
FIELD	net/minecraft/world/entity/EntityTypeIds	Lnet/minecraft/resources/ResourceKey;	SMALL_FIREBALL	field_1_5561
FIELD	net/minecraft/world/entity/EntityTypeIds	Lnet/minecraft/resources/ResourceKey;	SNIFFER	field_1_5562
FIELD	net/minecraft/world/entity/EntityTypeIds	Lnet/minecraft/resources/ResourceKey;	SNOWBALL	field_1_5563
FIELD	net/minecraft/world/entity/EntityTypeIds	Lnet/minecraft/resources/ResourceKey;	SNOW_GOLEM	field_1_5564
FIELD	net/minecraft/world/entity/EntityTypeIds	Lnet/minecraft/resources/ResourceKey;	SPAWNER_MINECART	field_1_5565
FIELD	net/minecraft/world/entity/EntityTypeIds	Lnet/minecraft/resources/ResourceKey;	SPECTRAL_ARROW	field_1_5566
FIELD	net/minecraft/world/entity/EntityTypeIds	Lnet/minecraft/resources/ResourceKey;	SPIDER	field_1_5567
FIELD	net/minecraft/world/entity/EntityTypeIds	Lnet/minecraft/resources/ResourceKey;	SPLASH_POTION	field_1_5568
FIELD	net/minecraft/world/entity/EntityTypeIds	Lnet/minecraft/resources/ResourceKey;	SPRUCE_BOAT	field_1_5569
FIELD	net/minecraft/world/entity/EntityTypeIds	Lnet/minecraft/resources/ResourceKey;	SPRUCE_CHEST_BOAT	field_1_5570
FIELD	net/minecraft/world/entity/EntityTypeIds	Lnet/minecraft/resources/ResourceKey;	SQUID	field_1_5571
FIELD	net/minecraft/world/entity/EntityTypeIds	Lnet/minecraft/resources/ResourceKey;	STRAY	field_1_5572
FIELD	net/minecraft/world/entity/EntityTypeIds	Lnet/minecraft/resources/ResourceKey;	STRIDER	field_1_5573
FIELD	net/minecraft/world/entity/EntityTypeIds	Lnet/minecraft/resources/ResourceKey;	SULFUR_CUBE	field_1_5574
FIELD	net/minecraft/world/entity/EntityTypeIds	Lnet/minecraft/resources/ResourceKey;	TADPOLE	field_1_5575
FIELD	net/minecraft/world/entity/EntityTypeIds	Lnet/minecraft/resources/ResourceKey;	TEXT_DISPLAY	field_1_5576
FIELD	net/minecraft/world/entity/EntityTypeIds	Lnet/minecraft/resources/ResourceKey;	TNT	field_1_5577
FIELD	net/minecraft/world/entity/EntityTypeIds	Lnet/minecraft/resources/ResourceKey;	TNT_MINECART	field_1_5578
FIELD	net/minecraft/world/entity/EntityTypeIds	Lnet/minecraft/resources/ResourceKey;	TRADER_LLAMA	field_1_5579
FIELD	net/minecraft/world/entity/EntityTypeIds	Lnet/minecraft/resources/ResourceKey;	TRIDENT	field_1_5580
FIELD	net/minecraft/world/entity/EntityTypeIds	Lnet/minecraft/resources/ResourceKey;	TROPICAL_FISH	field_1_5581
FIELD	net/minecraft/world/entity/EntityTypeIds	Lnet/minecraft/resources/ResourceKey;	TURTLE	field_1_5582
FIELD	net/minecraft/world/entity/EntityTypeIds	Lnet/minecraft/resources/ResourceKey;	VEX	field_1_5583
FIELD	net/minecraft/world/entity/EntityTypeIds	Lnet/minecraft/resources/ResourceKey;	VILLAGER	field_1_5584
FIELD	net/minecraft/world/entity/EntityTypeIds	Lnet/minecraft/resources/ResourceKey;	VINDICATOR	field_1_5585
FIELD	net/minecraft/world/entity/EntityTypeIds	Lnet/minecraft/resources/ResourceKey;	WANDERING_TRADER	field_1_5586
FIELD	net/minecraft/world/entity/EntityTypeIds	Lnet/minecraft/resources/ResourceKey;	WARDEN	field_1_5587
FIELD	net/minecraft/world/entity/EntityTypeIds	Lnet/minecraft/resources/ResourceKey;	WIND_CHARGE	field_1_5588
FIELD	net/minecraft/world/entity/EntityTypeIds	Lnet/minecraft/resources/ResourceKey;	WITCH	field_1_5589
FIELD	net/minecraft/world/entity/EntityTypeIds	Lnet/minecraft/resources/ResourceKey;	WITHER	field_1_5590
FIELD	net/minecraft/world/entity/EntityTypeIds	Lnet/minecraft/resources/ResourceKey;	WITHER_SKELETON	field_1_5591
FIELD	net/minecraft/world/entity/EntityTypeIds	Lnet/minecraft/resources/ResourceKey;	WITHER_SKULL	field_1_5592
FIELD	net/minecraft/world/entity/EntityTypeIds	Lnet/minecraft/resources/ResourceKey;	WOLF	field_1_5593
FIELD	net/minecraft/world/entity/EntityTypeIds	Lnet/minecraft/resources/ResourceKey;	ZOGLIN	field_1_5594
FIELD	net/minecraft/world/entity/EntityTypeIds	Lnet/minecraft/resources/ResourceKey;	ZOMBIE	field_1_5595
FIELD	net/minecraft/world/entity/EntityTypeIds	Lnet/minecraft/resources/ResourceKey;	ZOMBIE_HORSE	field_1_5596
FIELD	net/minecraft/world/entity/EntityTypeIds	Lnet/minecraft/resources/ResourceKey;	ZOMBIE_NAUTILUS	field_1_5597
FIELD	net/minecraft/world/entity/EntityTypeIds	Lnet/minecraft/resources/ResourceKey;	ZOMBIE_VILLAGER	field_1_5598
FIELD	net/minecraft/world/entity/EntityTypeIds	Lnet/minecraft/resources/ResourceKey;	ZOMBIFIED_PIGLIN	field_1_5599
METHOD	net/minecraft/world/entity/EntityTypeIds	(Ljava/lang/String;)Lnet/minecraft/resources/ResourceKey;	create	method_1_4811
CLASS	net/minecraft/client/SectionUpdateTracker	class_1_790
FIELD	net/minecraft/client/SectionUpdateTracker	Lnet/minecraft/client/RotatingSectionStorage;	storage	field_1_5600
METHOD	net/minecraft/client/SectionUpdateTracker	(Lnet/minecraft/client/multiplayer/ClientLevel;J)Z	doesChunkExistAt	method_1_4812
METHOD	net/minecraft/client/SectionUpdateTracker	(J)Lnet/minecraft/client/SectionUpdateTracker$SectionDirtyState;	getDirtyState	method_1_4813
METHOD	net/minecraft/client/SectionUpdateTracker	(Lnet/minecraft/client/multiplayer/ClientLevel;J)Z	hasAllNeighbors	method_1_4814
METHOD	net/minecraft/client/SectionUpdateTracker	(IJ)Lnet/minecraft/client/SectionUpdateTracker$SectionDirtyState;	lambda$new$0	method_1_4815
METHOD	net/minecraft/client/SectionUpdateTracker	(Lnet/minecraft/core/SectionPos;)V	repositionCamera	method_1_4816
METHOD	net/minecraft/client/SectionUpdateTracker	(IIIZ)V	setDirty	method_1_4817
METHOD	net/minecraft/client/SectionUpdateTracker	()I	size	method_1_4818
CLASS	net/minecraft/client/SectionUpdateTracker$SectionDirtyState	class_1_791
FIELD	net/minecraft/client/SectionUpdateTracker$SectionDirtyState	Z	isDirtyFromPlayer	field_1_5601
FIELD	net/minecraft/client/SectionUpdateTracker$SectionDirtyState	Z	isDirty	field_1_5602
FIELD	net/minecraft/client/SectionUpdateTracker$SectionDirtyState	J	sectionNode	field_1_5603
METHOD	net/minecraft/client/SectionUpdateTracker$SectionDirtyState	()Z	isDirty	method_1_4819
METHOD	net/minecraft/client/SectionUpdateTracker$SectionDirtyState	()Z	isDirtyFromPlayer	method_1_4820
METHOD	net/minecraft/client/SectionUpdateTracker$SectionDirtyState	(Z)V	setDirty	method_1_4821
METHOD	net/minecraft/client/SectionUpdateTracker$SectionDirtyState	()V	setNotDirty	method_1_4822
FIELD	net/minecraft/client/renderer/SkyRenderer	Lcom/mojang/blaze3d/pipeline/RenderTarget;	renderTarget	field_1_5604
METHOD	net/minecraft/world/item/CreativeModeTabs	(Ljava/util/function/Consumer;)V	copperBlockFamilies	method_1_4823
METHOD	net/minecraft/world/item/CreativeModeTabs	(Lnet/minecraft/world/item/CreativeModeTab$Output;Lnet/minecraft/world/level/block/WeatheringCopperCollection;)V	lambda$bootstrap$2	method_1_4824
METHOD	net/minecraft/world/item/CreativeModeTabs	(Lnet/minecraft/world/item/CreativeModeTab$Output;Lnet/minecraft/world/level/block/WeatheringCopperCollection;)V	lambda$bootstrap$3	method_1_4825
METHOD	net/minecraft/world/item/CreativeModeTabs	(Lnet/minecraft/world/item/CreativeModeTab$Output;Lnet/minecraft/world/level/block/ColorCollection;Lnet/minecraft/world/item/DyeColor;)V	lambda$registerColoredItems$0	method_1_4826
METHOD	net/minecraft/world/item/CreativeModeTabs	(Lnet/minecraft/world/item/CreativeModeTab$Output;Ljava/util/List;Lnet/minecraft/world/level/block/ColorCollection;)V	registerColoredItems	method_1_4827
CLASS	net/minecraft/world/level/material/Fluids	class_1_792
FIELD	net/minecraft/world/level/material/Fluids	Lnet/minecraft/world/level/material/Fluid;	EMPTY	field_1_5605
FIELD	net/minecraft/world/level/material/Fluids	Lnet/minecraft/world/level/material/FlowingFluid;	FLOWING_LAVA	field_1_5606
FIELD	net/minecraft/world/level/material/Fluids	Lnet/minecraft/world/level/material/FlowingFluid;	FLOWING_WATER	field_1_5607
FIELD	net/minecraft/world/level/material/Fluids	Lnet/minecraft/world/level/material/FlowingFluid;	LAVA	field_1_5608
FIELD	net/minecraft/world/level/material/Fluids	Lnet/minecraft/world/level/material/FlowingFluid;	WATER	field_1_5609
METHOD	net/minecraft/world/level/material/Fluids	(Lnet/minecraft/resources/ResourceKey;Lnet/minecraft/world/level/material/Fluid;)Lnet/minecraft/world/level/material/Fluid;	register	method_1_4828
FIELD	net/minecraft/client/renderer/GameRenderer	Lcom/mojang/blaze3d/pipeline/RenderTarget;	mainRenderTarget	field_1_5610
METHOD	net/minecraft/client/renderer/GameRenderer	()Lcom/mojang/blaze3d/pipeline/RenderTarget;	mainRenderTarget	method_1_4829
METHOD	net/minecraft/client/renderer/GameRenderer	()Lnet/minecraft/client/renderer/RenderBuffers;	renderBuffers	method_1_4830
CLASS	net/minecraft/world/item/alchemy/PotionIds	class_1_793
FIELD	net/minecraft/world/item/alchemy/PotionIds	Lnet/minecraft/resources/ResourceKey;	AWKWARD	field_1_5611
FIELD	net/minecraft/world/item/alchemy/PotionIds	Lnet/minecraft/resources/ResourceKey;	FIRE_RESISTANCE	field_1_5612
FIELD	net/minecraft/world/item/alchemy/PotionIds	Lnet/minecraft/resources/ResourceKey;	HARMING	field_1_5613
FIELD	net/minecraft/world/item/alchemy/PotionIds	Lnet/minecraft/resources/ResourceKey;	HEALING	field_1_5614
FIELD	net/minecraft/world/item/alchemy/PotionIds	Lnet/minecraft/resources/ResourceKey;	INFESTED	field_1_5615
FIELD	net/minecraft/world/item/alchemy/PotionIds	Lnet/minecraft/resources/ResourceKey;	INVISIBILITY	field_1_5616
FIELD	net/minecraft/world/item/alchemy/PotionIds	Lnet/minecraft/resources/ResourceKey;	LEAPING	field_1_5617
FIELD	net/minecraft/world/item/alchemy/PotionIds	Lnet/minecraft/resources/ResourceKey;	LONG_FIRE_RESISTANCE	field_1_5618
FIELD	net/minecraft/world/item/alchemy/PotionIds	Lnet/minecraft/resources/ResourceKey;	LONG_INVISIBILITY	field_1_5619
FIELD	net/minecraft/world/item/alchemy/PotionIds	Lnet/minecraft/resources/ResourceKey;	LONG_LEAPING	field_1_5620
FIELD	net/minecraft/world/item/alchemy/PotionIds	Lnet/minecraft/resources/ResourceKey;	LONG_NIGHT_VISION	field_1_5621
FIELD	net/minecraft/world/item/alchemy/PotionIds	Lnet/minecraft/resources/ResourceKey;	LONG_POISON	field_1_5622
FIELD	net/minecraft/world/item/alchemy/PotionIds	Lnet/minecraft/resources/ResourceKey;	LONG_REGENERATION	field_1_5623
FIELD	net/minecraft/world/item/alchemy/PotionIds	Lnet/minecraft/resources/ResourceKey;	LONG_SLOWNESS	field_1_5624
FIELD	net/minecraft/world/item/alchemy/PotionIds	Lnet/minecraft/resources/ResourceKey;	LONG_SLOW_FALLING	field_1_5625
FIELD	net/minecraft/world/item/alchemy/PotionIds	Lnet/minecraft/resources/ResourceKey;	LONG_STRENGTH	field_1_5626
FIELD	net/minecraft/world/item/alchemy/PotionIds	Lnet/minecraft/resources/ResourceKey;	LONG_SWIFTNESS	field_1_5627
FIELD	net/minecraft/world/item/alchemy/PotionIds	Lnet/minecraft/resources/ResourceKey;	LONG_TURTLE_MASTER	field_1_5628
FIELD	net/minecraft/world/item/alchemy/PotionIds	Lnet/minecraft/resources/ResourceKey;	LONG_WATER_BREATHING	field_1_5629
FIELD	net/minecraft/world/item/alchemy/PotionIds	Lnet/minecraft/resources/ResourceKey;	LONG_WEAKNESS	field_1_5630
FIELD	net/minecraft/world/item/alchemy/PotionIds	Lnet/minecraft/resources/ResourceKey;	LUCK	field_1_5631
FIELD	net/minecraft/world/item/alchemy/PotionIds	Lnet/minecraft/resources/ResourceKey;	MUNDANE	field_1_5632
FIELD	net/minecraft/world/item/alchemy/PotionIds	Lnet/minecraft/resources/ResourceKey;	NIGHT_VISION	field_1_5633
FIELD	net/minecraft/world/item/alchemy/PotionIds	Lnet/minecraft/resources/ResourceKey;	OOZING	field_1_5634
FIELD	net/minecraft/world/item/alchemy/PotionIds	Lnet/minecraft/resources/ResourceKey;	POISON	field_1_5635
FIELD	net/minecraft/world/item/alchemy/PotionIds	Lnet/minecraft/resources/ResourceKey;	REGENERATION	field_1_5636
FIELD	net/minecraft/world/item/alchemy/PotionIds	Lnet/minecraft/resources/ResourceKey;	SLOWNESS	field_1_5637
FIELD	net/minecraft/world/item/alchemy/PotionIds	Lnet/minecraft/resources/ResourceKey;	SLOW_FALLING	field_1_5638
FIELD	net/minecraft/world/item/alchemy/PotionIds	Lnet/minecraft/resources/ResourceKey;	STRENGTH	field_1_5639
FIELD	net/minecraft/world/item/alchemy/PotionIds	Lnet/minecraft/resources/ResourceKey;	STRONG_HARMING	field_1_5640
FIELD	net/minecraft/world/item/alchemy/PotionIds	Lnet/minecraft/resources/ResourceKey;	STRONG_HEALING	field_1_5641
FIELD	net/minecraft/world/item/alchemy/PotionIds	Lnet/minecraft/resources/ResourceKey;	STRONG_LEAPING	field_1_5642
FIELD	net/minecraft/world/item/alchemy/PotionIds	Lnet/minecraft/resources/ResourceKey;	STRONG_POISON	field_1_5643
FIELD	net/minecraft/world/item/alchemy/PotionIds	Lnet/minecraft/resources/ResourceKey;	STRONG_REGENERATION	field_1_5644
FIELD	net/minecraft/world/item/alchemy/PotionIds	Lnet/minecraft/resources/ResourceKey;	STRONG_SLOWNESS	field_1_5645
FIELD	net/minecraft/world/item/alchemy/PotionIds	Lnet/minecraft/resources/ResourceKey;	STRONG_STRENGTH	field_1_5646
FIELD	net/minecraft/world/item/alchemy/PotionIds	Lnet/minecraft/resources/ResourceKey;	STRONG_SWIFTNESS	field_1_5647
FIELD	net/minecraft/world/item/alchemy/PotionIds	Lnet/minecraft/resources/ResourceKey;	STRONG_TURTLE_MASTER	field_1_5648
FIELD	net/minecraft/world/item/alchemy/PotionIds	Lnet/minecraft/resources/ResourceKey;	SWIFTNESS	field_1_5649
FIELD	net/minecraft/world/item/alchemy/PotionIds	Lnet/minecraft/resources/ResourceKey;	THICK	field_1_5650
FIELD	net/minecraft/world/item/alchemy/PotionIds	Lnet/minecraft/resources/ResourceKey;	TURTLE_MASTER	field_1_5651
FIELD	net/minecraft/world/item/alchemy/PotionIds	Lnet/minecraft/resources/ResourceKey;	WATER	field_1_5652
FIELD	net/minecraft/world/item/alchemy/PotionIds	Lnet/minecraft/resources/ResourceKey;	WATER_BREATHING	field_1_5653
FIELD	net/minecraft/world/item/alchemy/PotionIds	Lnet/minecraft/resources/ResourceKey;	WEAKNESS	field_1_5654
FIELD	net/minecraft/world/item/alchemy/PotionIds	Lnet/minecraft/resources/ResourceKey;	WEAVING	field_1_5655
FIELD	net/minecraft/world/item/alchemy/PotionIds	Lnet/minecraft/resources/ResourceKey;	WIND_CHARGED	field_1_5656
METHOD	net/minecraft/world/item/alchemy/PotionIds	(Ljava/lang/String;)Lnet/minecraft/resources/ResourceKey;	register	method_1_4831
CLASS	com/mojang/blaze3d/pipeline/BindGroupLayout	class_1_794
FIELD	com/mojang/blaze3d/pipeline/BindGroupLayout	Ljava/util/List;	samplers	field_1_5657
FIELD	com/mojang/blaze3d/pipeline/BindGroupLayout	Ljava/util/List;	uniforms	field_1_5658
METHOD	com/mojang/blaze3d/pipeline/BindGroupLayout	()Lcom/mojang/blaze3d/pipeline/BindGroupLayout$Builder;	builder	method_1_4832
METHOD	com/mojang/blaze3d/pipeline/BindGroupLayout	(Ljava/util/List;)V	ensureCompatible	method_1_4833
METHOD	com/mojang/blaze3d/pipeline/BindGroupLayout	(Ljava/util/List;)Ljava/util/List;	flattenSamplers	method_1_4834
METHOD	com/mojang/blaze3d/pipeline/BindGroupLayout	(Ljava/util/List;)Ljava/util/List;	flattenUniforms	method_1_4835
METHOD	com/mojang/blaze3d/pipeline/BindGroupLayout	()Ljava/util/List;	getSamplers	method_1_4836
METHOD	com/mojang/blaze3d/pipeline/BindGroupLayout	()Ljava/util/List;	getUniforms	method_1_4837
CLASS	com/mojang/blaze3d/pipeline/BindGroupLayout$Builder	class_1_795
FIELD	com/mojang/blaze3d/pipeline/BindGroupLayout$Builder	Ljava/util/List;	samplers	field_1_5659
FIELD	com/mojang/blaze3d/pipeline/BindGroupLayout$Builder	Ljava/util/List;	uniforms	field_1_5660
METHOD	com/mojang/blaze3d/pipeline/BindGroupLayout$Builder	()Lcom/mojang/blaze3d/pipeline/BindGroupLayout;	build	method_1_4838
METHOD	com/mojang/blaze3d/pipeline/BindGroupLayout$Builder	(Ljava/lang/String;)Lcom/mojang/blaze3d/pipeline/BindGroupLayout$Builder;	withSampler	method_1_4839
METHOD	com/mojang/blaze3d/pipeline/BindGroupLayout$Builder	(Ljava/lang/String;Lcom/mojang/blaze3d/shaders/UniformType;)Lcom/mojang/blaze3d/pipeline/BindGroupLayout$Builder;	withUniform	method_1_4840
METHOD	com/mojang/blaze3d/pipeline/BindGroupLayout$Builder	(Ljava/lang/String;Lcom/mojang/blaze3d/shaders/UniformType;Lcom/mojang/blaze3d/GpuFormat;)Lcom/mojang/blaze3d/pipeline/BindGroupLayout$Builder;	withUniform	method_1_4841
CLASS	com/mojang/blaze3d/pipeline/BindGroupLayout$UniformDescription	class_1_796
FIELD	com/mojang/blaze3d/pipeline/BindGroupLayout$UniformDescription	Lcom/mojang/blaze3d/GpuFormat;	gpuFormat	comp_1_656
FIELD	com/mojang/blaze3d/pipeline/BindGroupLayout$UniformDescription	Ljava/lang/String;	name	comp_1_657
FIELD	com/mojang/blaze3d/pipeline/BindGroupLayout$UniformDescription	Lcom/mojang/blaze3d/shaders/UniformType;	type	comp_1_658
METHOD	com/mojang/blaze3d/vertex/ByteBufferBuilder$Result	()I	size	method_1_4842
CLASS	net/minecraft/client/RotatingSectionStorage	class_1_797
FIELD	net/minecraft/client/RotatingSectionStorage	Lnet/minecraft/core/SectionPos;	centerSectionPos	field_1_5661
FIELD	net/minecraft/client/RotatingSectionStorage	I	maxY	field_1_5662
FIELD	net/minecraft/client/RotatingSectionStorage	I	minY	field_1_5663
FIELD	net/minecraft/client/RotatingSectionStorage	[Lnet/minecraft/client/RotatingSectionStorage$Node;	nodes	field_1_5664
FIELD	net/minecraft/client/RotatingSectionStorage	I	radius	field_1_5665
FIELD	net/minecraft/client/RotatingSectionStorage	I	sectionGridSizeXZ	field_1_5666
FIELD	net/minecraft/client/RotatingSectionStorage	I	sectionGridSizeY	field_1_5667
METHOD	net/minecraft/client/RotatingSectionStorage	()Lnet/minecraft/core/SectionPos;	centerSectionPos	method_1_4843
METHOD	net/minecraft/client/RotatingSectionStorage	(III)Z	containsSection	method_1_4844
METHOD	net/minecraft/client/RotatingSectionStorage	(III)I	getSectionIndex	method_1_4845
METHOD	net/minecraft/client/RotatingSectionStorage	(III)Lnet/minecraft/client/RotatingSectionStorage$Value;	getValue	method_1_4846
METHOD	net/minecraft/client/RotatingSectionStorage	(J)Lnet/minecraft/client/RotatingSectionStorage$Value;	getValue	method_1_4847
METHOD	net/minecraft/client/RotatingSectionStorage	(Lnet/minecraft/core/BlockPos;)Lnet/minecraft/client/RotatingSectionStorage$Value;	getValueAt	method_1_4848
METHOD	net/minecraft/client/RotatingSectionStorage	()I	height	method_1_4849
METHOD	net/minecraft/client/RotatingSectionStorage	()I	maxY	method_1_4850
METHOD	net/minecraft/client/RotatingSectionStorage	()I	minY	method_1_4851
METHOD	net/minecraft/client/RotatingSectionStorage	()I	radius	method_1_4852
METHOD	net/minecraft/client/RotatingSectionStorage	(Lnet/minecraft/core/SectionPos;)Z	repositionCenter	method_1_4853
METHOD	net/minecraft/client/RotatingSectionStorage	()I	size	method_1_4854
FIELD	net/minecraft/client/RotatingSectionStorage$1	I	i	field_1_5668
FIELD	net/minecraft/client/RotatingSectionStorage$1	Lnet/minecraft/client/RotatingSectionStorage;	this$0	field_1_5669
METHOD	net/minecraft/client/RotatingSectionStorage$1	()Lnet/minecraft/client/RotatingSectionStorage$Value;	next	method_1_4855
CLASS	net/minecraft/client/RotatingSectionStorage$Node	class_1_798
FIELD	net/minecraft/client/RotatingSectionStorage$Node	Ljava/lang/Object;	value	comp_1_659
CLASS	net/minecraft/client/RotatingSectionStorage$Value	class_1_799
CLASS	net/minecraft/client/RotatingSectionStorage$ValueCreator	class_1_800
METHOD	net/minecraft/client/RotatingSectionStorage$ValueCreator	(IJ)Lnet/minecraft/client/RotatingSectionStorage$Value;	createValue	method_1_4856
FIELD	net/minecraft/client/gui/render/GuiRenderer	Lnet/minecraft/client/renderer/StagedVertexBuffer$Draw;	previousDraw	field_1_5670
FIELD	net/minecraft/client/gui/render/GuiRenderer	Lnet/minecraft/client/renderer/StagedVertexBuffer;	vertexBuffer	field_1_5671
METHOD	net/minecraft/client/gui/render/GuiRenderer	()Ljava/lang/String;	lambda$new$0	method_1_4857
FIELD	net/minecraft/client/gui/render/GuiRenderer$Draw	Lnet/minecraft/client/renderer/StagedVertexBuffer$Draw;	draw	comp_1_660
FIELD	net/minecraft/client/renderer/LevelRenderer	Lnet/minecraft/client/resources/model/sprite/AtlasManager;	atlasManager	field_1_5672
FIELD	net/minecraft/client/renderer/LevelRenderer	Lcom/mojang/blaze3d/pipeline/RenderTarget;	entityOutlineTarget	field_1_5673
FIELD	net/minecraft/client/renderer/LevelRenderer	Lnet/minecraft/client/renderer/GameRenderer;	gameRenderer	field_1_5674
FIELD	net/minecraft/client/renderer/LevelRenderer	Lnet/minecraft/client/resources/model/ModelManager;	modelManager	field_1_5675
FIELD	net/minecraft/client/renderer/LevelRenderer	Lnet/minecraft/client/renderer/ShaderManager;	shaderManager	field_1_5676
FIELD	net/minecraft/client/renderer/LevelRenderer	Lnet/minecraft/client/renderer/texture/TextureManager;	textureManager	field_1_5677
METHOD	net/minecraft/client/renderer/LevelRenderer	(Ljava/util/List;)V	addMainThreadGizmos	method_1_4858
METHOD	net/minecraft/client/renderer/LevelRenderer	()Lnet/minecraft/client/renderer/blockentity/BlockEntityRenderDispatcher;	blockEntityRenderDispatcher	method_1_4859
METHOD	net/minecraft/client/renderer/LevelRenderer	()Lnet/minecraft/client/renderer/entity/EntityRenderDispatcher;	entityRenderDispatcher	method_1_4860
METHOD	net/minecraft/client/renderer/LevelRenderer	(Lnet/minecraft/client/multiplayer/ClientLevel;Lnet/minecraft/client/Options;Lnet/minecraft/client/Camera;Lnet/minecraft/client/color/block/BlockColors;)V	invalidateCompiledGeometry	method_1_4861
METHOD	net/minecraft/client/renderer/LevelRenderer	()Lit/unimi/dsi/fastutil/objects/ObjectArrayList;	nearbyVisibleSections	method_1_4862
METHOD	net/minecraft/client/renderer/LevelRenderer	()V	resetLevelRenderData	method_1_4863
METHOD	net/minecraft/client/renderer/LevelRenderer	()Lnet/minecraft/client/renderer/SkyRenderer;	skyRenderer	method_1_4864
METHOD	net/minecraft/client/renderer/LevelRenderer	()Lnet/minecraft/client/renderer/ViewArea;	viewArea	method_1_4865
METHOD	net/minecraft/client/renderer/LevelRenderer	()Lnet/minecraft/client/renderer/WeatherEffectRenderer;	weatherEffectRenderer	method_1_4866
METHOD	net/minecraft/client/renderer/LevelRenderer	()Lnet/minecraft/client/renderer/WorldBorderRenderer;	worldBorderRenderer	method_1_4867
FIELD	net/minecraft/client/renderer/RenderBuffers	Lnet/minecraft/client/renderer/MultiBufferSource$BufferSource;	crumblingBufferSource	field_1_5678
METHOD	net/minecraft/client/renderer/RenderBuffers	()V	endFrame	method_1_4868
METHOD	net/minecraft/client/renderer/RenderBuffers	(Lit/unimi/dsi/fastutil/objects/ObjectLinkedOpenHashSet;)V	lambda$new$0	method_1_4869
METHOD	net/minecraft/world/level/material/FluidIds	(Ljava/lang/String;)Lnet/minecraft/resources/ResourceKey;	create	method_1_4870
FIELD	net/minecraft/client/multiplayer/ClientLevel	F	RAIN_PARTICLES_PER_BLOCK	field_1_5679
FIELD	net/minecraft/client/multiplayer/ClientLevel	I	RAIN_RADIUS	field_1_5680
FIELD	net/minecraft/client/multiplayer/ClientLevel	Lit/unimi/dsi/fastutil/ints/Int2ObjectMap;	destroyingBlocks	field_1_5681
FIELD	net/minecraft/client/multiplayer/ClientLevel	Lit/unimi/dsi/fastutil/longs/Long2ObjectMap;	destructionProgress	field_1_5682
FIELD	net/minecraft/client/multiplayer/ClientLevel	Lnet/minecraft/client/renderer/extract/LevelExtractor;	levelExtractor	field_1_5683
FIELD	net/minecraft/client/multiplayer/ClientLevel	I	rainSoundTime	field_1_5684
METHOD	net/minecraft/client/multiplayer/ClientLevel	()Lit/unimi/dsi/fastutil/longs/Long2ObjectMap;	destructionProgress	method_1_4871
METHOD	net/minecraft/client/multiplayer/ClientLevel	(Lnet/minecraft/core/BlockPos;)Lnet/minecraft/world/level/biome/Biome$Precipitation;	getPrecipitationAt	method_1_4872
METHOD	net/minecraft/client/multiplayer/ClientLevel	(J)Ljava/util/SortedSet;	lambda$destroyBlockProgress$0	method_1_4873
METHOD	net/minecraft/client/multiplayer/ClientLevel	()V	removeBlockBreakingProgress	method_1_4874
METHOD	net/minecraft/client/multiplayer/ClientLevel	(Lnet/minecraft/server/level/BlockDestructionProgress;)V	removeProgress	method_1_4875
METHOD	net/minecraft/client/multiplayer/ClientLevel	()V	tickWeatherEffects	method_1_4876
CLASS	net/minecraft/data/tags/BlockItemTagAppender	class_1_801
FIELD	net/minecraft/data/tags/BlockItemTagAppender	Lnet/minecraft/data/tags/TagAppender;	original	field_1_5685
METHOD	net/minecraft/data/tags/BlockItemTagAppender	(Lnet/minecraft/resources/ResourceKey;)Lnet/minecraft/data/tags/BlockItemTagAppender;	add	method_1_4877
METHOD	net/minecraft/data/tags/BlockItemTagAppender	([Lnet/minecraft/references/BlockItemId;)Lnet/minecraft/data/tags/BlockItemTagAppender;	add	method_1_4878
METHOD	net/minecraft/data/tags/BlockItemTagAppender	([Lnet/minecraft/resources/ResourceKey;)Lnet/minecraft/data/tags/BlockItemTagAppender;	add	method_1_4879
METHOD	net/minecraft/data/tags/BlockItemTagAppender	(Lnet/minecraft/world/level/block/ColorCollection;)Lnet/minecraft/data/tags/BlockItemTagAppender;	addAll	method_1_4880
METHOD	net/minecraft/data/tags/BlockItemTagAppender	(Lnet/minecraft/world/level/block/WeatheringCopperCollection;)Lnet/minecraft/data/tags/BlockItemTagAppender;	addAll	method_1_4881
METHOD	net/minecraft/data/tags/BlockItemTagAppender	(Lnet/minecraft/resources/ResourceKey;)Lnet/minecraft/data/tags/BlockItemTagAppender;	addOptional	method_1_4882
METHOD	net/minecraft/data/tags/BlockItemTagAppender	(Lnet/minecraft/tags/TagKey;)Lnet/minecraft/data/tags/BlockItemTagAppender;	addOptionalTag	method_1_4883
METHOD	net/minecraft/data/tags/BlockItemTagAppender	(Lnet/minecraft/tags/TagKey;)Lnet/minecraft/data/tags/BlockItemTagAppender;	addTag	method_1_4884
METHOD	net/minecraft/data/tags/BlockItemTagAppender	(Lnet/minecraft/references/BlockItemId;)Lnet/minecraft/resources/ResourceKey;	convertElement	method_1_4885
CLASS	net/minecraft/data/tags/BlockItemTagsProvider	class_1_802
FIELD	net/minecraft/data/tags/BlockItemTagsProvider	Ljava/util/function/Function;	tagSupplier	field_1_5686
METHOD	net/minecraft/data/tags/BlockItemTagsProvider	(Lnet/minecraft/tags/BlockItemTagId;)Lnet/minecraft/data/tags/BlockItemTagsProvider$CombinedAppender;	tag	method_1_4886
METHOD	net/minecraft/data/tags/BlockItemTagsProvider	(Lnet/minecraft/data/tags/TagAppender;)Lnet/minecraft/data/tags/BlockItemTagsProvider$CombinedAppender;	wrapForBlocks	method_1_4887
METHOD	net/minecraft/data/tags/BlockItemTagsProvider	(Lnet/minecraft/data/tags/TagAppender;)Lnet/minecraft/data/tags/BlockItemTagsProvider$CombinedAppender;	wrapForItems	method_1_4888
FIELD	net/minecraft/data/tags/BlockItemTagsProvider$1	Lnet/minecraft/data/tags/TagAppender;	val$appender	field_1_5687
FIELD	net/minecraft/data/tags/BlockItemTagsProvider$2	Lnet/minecraft/data/tags/TagAppender;	val$appender	field_1_5688
CLASS	net/minecraft/data/tags/BlockItemTagsProvider$CombinedAppender	class_1_803
METHOD	net/minecraft/data/tags/BlockItemTagsProvider$CombinedAppender	([Lnet/minecraft/references/BlockItemId;)Lnet/minecraft/data/tags/BlockItemTagsProvider$CombinedAppender;	add	method_1_4889
METHOD	net/minecraft/data/tags/BlockItemTagsProvider$CombinedAppender	(Ljava/util/Collection;)Lnet/minecraft/data/tags/BlockItemTagsProvider$CombinedAppender;	addAll	method_1_4890
METHOD	net/minecraft/data/tags/BlockItemTagsProvider$CombinedAppender	(Ljava/util/stream/Stream;)Lnet/minecraft/data/tags/BlockItemTagsProvider$CombinedAppender;	addAll	method_1_4891
METHOD	net/minecraft/data/tags/BlockItemTagsProvider$CombinedAppender	(Lnet/minecraft/tags/BlockItemTagId;)Lnet/minecraft/data/tags/BlockItemTagsProvider$CombinedAppender;	addTag	method_1_4892
METHOD	com/mojang/blaze3d/vulkan/VulkanPhysicalDevice	()Lcom/mojang/blaze3d/systems/DeviceType;	deviceType	method_1_4893
CLASS	net/minecraft/client/renderer/BindGroupLayouts	class_1_804
FIELD	net/minecraft/client/renderer/BindGroupLayouts	Lcom/mojang/blaze3d/pipeline/BindGroupLayout;	CHUNK_SECTION	field_1_5689
FIELD	net/minecraft/client/renderer/BindGroupLayouts	Lcom/mojang/blaze3d/pipeline/BindGroupLayout;	CLOUD_INFO	field_1_5690
FIELD	net/minecraft/client/renderer/BindGroupLayouts	Lcom/mojang/blaze3d/pipeline/BindGroupLayout;	CURRENT_SPRITE_NEXT_SPRITE	field_1_5691
FIELD	net/minecraft/client/renderer/BindGroupLayouts	Lcom/mojang/blaze3d/pipeline/BindGroupLayout;	DISSOLVE_MASK_SAMPLER	field_1_5692
FIELD	net/minecraft/client/renderer/BindGroupLayouts	Lcom/mojang/blaze3d/pipeline/BindGroupLayout;	DYNAMIC_TRANSFORMS	field_1_5693
FIELD	net/minecraft/client/renderer/BindGroupLayouts	Lcom/mojang/blaze3d/pipeline/BindGroupLayout;	FOG	field_1_5694
FIELD	net/minecraft/client/renderer/BindGroupLayouts	Lcom/mojang/blaze3d/pipeline/BindGroupLayout;	GLOBALS	field_1_5695
FIELD	net/minecraft/client/renderer/BindGroupLayouts	Lcom/mojang/blaze3d/pipeline/BindGroupLayout;	IN_SAMPLER	field_1_5696
FIELD	net/minecraft/client/renderer/BindGroupLayouts	Lcom/mojang/blaze3d/pipeline/BindGroupLayout;	LIGHTING	field_1_5697
FIELD	net/minecraft/client/renderer/BindGroupLayouts	Lcom/mojang/blaze3d/pipeline/BindGroupLayout;	LIGHTMAP_INFO	field_1_5698
FIELD	net/minecraft/client/renderer/BindGroupLayouts	Lcom/mojang/blaze3d/pipeline/BindGroupLayout;	MATRICES_PROJECTION	field_1_5699
FIELD	net/minecraft/client/renderer/BindGroupLayouts	Lcom/mojang/blaze3d/pipeline/BindGroupLayout;	PROJECTION	field_1_5700
FIELD	net/minecraft/client/renderer/BindGroupLayouts	Lcom/mojang/blaze3d/pipeline/BindGroupLayout;	SAMPLER0	field_1_5701
FIELD	net/minecraft/client/renderer/BindGroupLayouts	Lcom/mojang/blaze3d/pipeline/BindGroupLayout;	SAMPLER0_SAMPLER1	field_1_5702
FIELD	net/minecraft/client/renderer/BindGroupLayouts	Lcom/mojang/blaze3d/pipeline/BindGroupLayout;	SAMPLER0_SAMPLER1_SAMPLER2	field_1_5703
FIELD	net/minecraft/client/renderer/BindGroupLayouts	Lcom/mojang/blaze3d/pipeline/BindGroupLayout;	SAMPLER0_SAMPLER2	field_1_5704
FIELD	net/minecraft/client/renderer/BindGroupLayouts	Lcom/mojang/blaze3d/pipeline/BindGroupLayout;	SAMPLER1	field_1_5705
FIELD	net/minecraft/client/renderer/BindGroupLayouts	Lcom/mojang/blaze3d/pipeline/BindGroupLayout;	SAMPLER2	field_1_5706
FIELD	net/minecraft/client/renderer/BindGroupLayouts	Lcom/mojang/blaze3d/pipeline/BindGroupLayout;	SPRITE	field_1_5707
FIELD	net/minecraft/client/renderer/BindGroupLayouts	Lcom/mojang/blaze3d/pipeline/BindGroupLayout;	SPRITE_ANIMATION_INFO	field_1_5708
METHOD	net/minecraft/client/renderer/MultiBufferSource	(ILjava/util/SequencedSet;)Lnet/minecraft/client/renderer/MultiBufferSource$BufferSource;	create	method_1_4894
FIELD	net/minecraft/client/renderer/MultiBufferSource$BufferSource	I	NO_FIXED_DRAW	field_1_5709
FIELD	net/minecraft/client/renderer/MultiBufferSource$BufferSource	Ljava/util/List;	drawTypes	field_1_5710
FIELD	net/minecraft/client/renderer/MultiBufferSource$BufferSource	Ljava/util/List;	draws	field_1_5711
FIELD	net/minecraft/client/renderer/MultiBufferSource$BufferSource	Lit/unimi/dsi/fastutil/objects/Reference2IntMap;	fixedDraws	field_1_5712
FIELD	net/minecraft/client/renderer/MultiBufferSource$BufferSource	Ljava/util/SequencedSet;	fixedTypes	field_1_5713
FIELD	net/minecraft/client/renderer/MultiBufferSource$BufferSource	Lnet/minecraft/client/renderer/StagedVertexBuffer;	stagedBuffer	field_1_5714
METHOD	net/minecraft/client/renderer/MultiBufferSource$BufferSource	(Lnet/minecraft/client/renderer/rendertype/RenderType;)Lnet/minecraft/client/renderer/StagedVertexBuffer$Draw;	appendDraw	method_1_4895
METHOD	net/minecraft/client/renderer/MultiBufferSource$BufferSource	()V	endFrame	method_1_4896
METHOD	net/minecraft/client/renderer/MultiBufferSource$BufferSource	()Ljava/lang/String;	lambda$new$0	method_1_4897
METHOD	net/minecraft/client/renderer/MultiBufferSource$BufferSource	()V	uploadAndDraw	method_1_4898
FIELD	net/minecraft/client/renderer/SubmitNodeStorage$CustomGeometrySubmit	I	outlineColor	comp_1_661
FIELD	net/minecraft/client/renderer/SubmitNodeStorage$CustomGeometrySubmit	Lnet/minecraft/client/renderer/rendertype/RenderType;	renderType	comp_1_662
METHOD	net/minecraft/data/tags/VanillaItemTagsProvider	(Lnet/minecraft/tags/BlockItemTagId;)Lnet/minecraft/data/tags/BlockItemTagsProvider$CombinedAppender;	lambda$addTags$0	method_1_4899
METHOD	net/minecraft/data/tags/VanillaItemTagsProvider	(Lnet/minecraft/tags/TagKey;)Lnet/minecraft/data/tags/BlockItemTagAppender;	tag	method_1_4900
METHOD	net/minecraft/data/tags/VanillaItemTagsProvider	(Lnet/minecraft/world/level/block/ColorCollection;)Lnet/minecraft/world/level/block/ColorCollection;	toIds	method_1_4901
METHOD	net/minecraft/data/tags/VanillaItemTagsProvider	(Lnet/minecraft/world/level/block/WeatheringCopperCollection;)Lnet/minecraft/world/level/block/WeatheringCopperCollection;	toIds	method_1_4902
FIELD	net/minecraft/world/item/trading/VillagerTrades	Lnet/minecraft/resources/ResourceKey;	WANDERING_TRADER_EMERALD_SULFUR_SPIKE	field_1_5715
METHOD	net/minecraft/world/item/trading/VillagerTrades	(Lnet/minecraft/data/worldgen/BootstrapContext;Lnet/minecraft/resources/ResourceKey;Lnet/minecraft/world/item/Item;)V	lambda$registerBedTrades$0	method_1_4903
METHOD	net/minecraft/world/item/trading/VillagerTrades	(Lnet/minecraft/data/worldgen/BootstrapContext;Lnet/minecraft/resources/ResourceKey;Lnet/minecraft/world/item/Item;)V	lambda$registerCarpetPurchases$0	method_1_4904
METHOD	net/minecraft/world/item/trading/VillagerTrades	(Lnet/minecraft/data/worldgen/BootstrapContext;Lnet/minecraft/resources/ResourceKey;Lnet/minecraft/world/item/Item;)V	lambda$registerShepherdBannerTrades$0	method_1_4905
METHOD	net/minecraft/world/item/trading/VillagerTrades	(Lnet/minecraft/data/worldgen/BootstrapContext;Lnet/minecraft/resources/ResourceKey;Lnet/minecraft/world/item/Item;)V	lambda$registerWanderingTraderDyes$0	method_1_4906
METHOD	net/minecraft/world/item/trading/VillagerTrades	(Lnet/minecraft/data/worldgen/BootstrapContext;Lnet/minecraft/resources/ResourceKey;Lnet/minecraft/world/item/Item;)V	lambda$registerWanderingTraderTerracottaSellTrades$0	method_1_4907
METHOD	net/minecraft/world/item/trading/VillagerTrades	(Lnet/minecraft/data/worldgen/BootstrapContext;Lnet/minecraft/resources/ResourceKey;Lnet/minecraft/world/item/Item;)V	lambda$registerWoolPurchases$0	method_1_4908
METHOD	net/minecraft/world/item/trading/VillagerTrades	(Ljava/lang/String;)Lnet/minecraft/resources/ResourceKey;	lambda$static$0	method_1_4909
METHOD	net/minecraft/world/item/trading/VillagerTrades	(Ljava/lang/String;)Lnet/minecraft/resources/ResourceKey;	lambda$static$1	method_1_4910
METHOD	net/minecraft/world/item/trading/VillagerTrades	(Ljava/lang/String;)Lnet/minecraft/resources/ResourceKey;	lambda$static$2	method_1_4911
METHOD	net/minecraft/world/item/trading/VillagerTrades	(Ljava/lang/String;)Lnet/minecraft/resources/ResourceKey;	lambda$static$3	method_1_4912
METHOD	net/minecraft/world/item/trading/VillagerTrades	(Ljava/lang/String;)Lnet/minecraft/resources/ResourceKey;	lambda$static$4	method_1_4913
METHOD	net/minecraft/world/item/trading/VillagerTrades	(Ljava/lang/String;)Lnet/minecraft/resources/ResourceKey;	lambda$static$5	method_1_4914
METHOD	net/minecraft/world/item/trading/VillagerTrades	(Ljava/lang/String;)Lnet/minecraft/resources/ResourceKey;	lambda$static$6	method_1_4915
FIELD	net/minecraft/world/level/block/ColorCollection	Lnet/minecraft/world/level/block/ColorCollection;	NAMES	field_1_5716
FIELD	net/minecraft/world/level/block/ColorCollection	Lnet/minecraft/world/level/block/ColorCollection;	VALUES	field_1_5717
METHOD	net/minecraft/world/level/block/ColorCollection	(Ljava/lang/Object;)Lnet/minecraft/world/level/block/ColorCollection;	create	method_1_4916
METHOD	net/minecraft/world/level/block/ColorCollection	(Ljava/lang/String;Ljava/lang/String;)Ljava/lang/String;	lambda$prefixWithColor$0	method_1_4917
METHOD	net/minecraft/world/level/block/ColorCollection	(Lorg/apache/commons/lang3/function/TriFunction;Lnet/minecraft/world/level/block/ColorCollection;Lnet/minecraft/world/item/DyeColor;Ljava/lang/Object;)Lnet/minecraft/world/item/Item;	lambda$registerBlockItems$0	method_1_4918
METHOD	net/minecraft/world/level/block/ColorCollection	(Ljava/util/function/BiFunction;Lnet/minecraft/world/item/DyeColor;Ljava/lang/Object;)Lnet/minecraft/world/item/Item;	lambda$registerItems$0	method_1_4919
METHOD	net/minecraft/world/level/block/ColorCollection	(Lnet/minecraft/world/level/block/ColorCollection;)Lnet/minecraft/world/level/block/ColorCollection;	prefixWithColor	method_1_4920
METHOD	net/minecraft/world/level/block/ColorCollection	(Lnet/minecraft/world/level/block/ColorCollection;Lnet/minecraft/world/level/block/ColorCollection;Ljava/util/function/BiFunction;)Lnet/minecraft/world/level/block/ColorCollection;	zipMap	method_1_4921
CLASS	net/minecraft/world/level/block/SpeleothemBlock	class_1_805
FIELD	net/minecraft/world/level/block/SpeleothemBlock	F	AVERAGE_DAYS_PER_GROWTH	field_1_5718
FIELD	net/minecraft/world/level/block/SpeleothemBlock	I	DELAY_BEFORE_FALLING	field_1_5719
FIELD	net/minecraft/world/level/block/SpeleothemBlock	F	GROWTH_PROBABILITY_PER_RANDOM_TICK	field_1_5720
FIELD	net/minecraft/world/level/block/SpeleothemBlock	I	MAX_GROWTH_LENGTH	field_1_5721
FIELD	net/minecraft/world/level/block/SpeleothemBlock	F	MAX_HORIZONTAL_OFFSET	field_1_5722
FIELD	net/minecraft/world/level/block/SpeleothemBlock	I	MAX_STALACTITE_HEIGHT_FOR_DAMAGE_CALCULATION	field_1_5723
FIELD	net/minecraft/world/level/block/SpeleothemBlock	I	MAX_STALAGMITE_SEARCH_RANGE_WHEN_GROWING	field_1_5724
FIELD	net/minecraft/world/level/block/SpeleothemBlock	D	MIN_TRIDENT_VELOCITY_TO_BREAK_SPELEOTHEM	field_1_5725
FIELD	net/minecraft/world/level/block/SpeleothemBlock	Lnet/minecraft/world/phys/shapes/VoxelShape;	SHAPE_BASE	field_1_5726
FIELD	net/minecraft/world/level/block/SpeleothemBlock	Lnet/minecraft/world/phys/shapes/VoxelShape;	SHAPE_FRUSTUM	field_1_5727
FIELD	net/minecraft/world/level/block/SpeleothemBlock	Lnet/minecraft/world/phys/shapes/VoxelShape;	SHAPE_MIDDLE	field_1_5728
FIELD	net/minecraft/world/level/block/SpeleothemBlock	Lnet/minecraft/world/phys/shapes/VoxelShape;	SHAPE_TIP_DOWN	field_1_5729
FIELD	net/minecraft/world/level/block/SpeleothemBlock	Lnet/minecraft/world/phys/shapes/VoxelShape;	SHAPE_TIP_MERGE	field_1_5730
FIELD	net/minecraft/world/level/block/SpeleothemBlock	Lnet/minecraft/world/phys/shapes/VoxelShape;	SHAPE_TIP_UP	field_1_5731
FIELD	net/minecraft/world/level/block/SpeleothemBlock	F	STALACTITE_DAMAGE_PER_FALL_DISTANCE_AND_SIZE	field_1_5732
FIELD	net/minecraft/world/level/block/SpeleothemBlock	I	STALACTITE_MAX_DAMAGE	field_1_5733
FIELD	net/minecraft/world/level/block/SpeleothemBlock	Lnet/minecraft/world/level/block/state/properties/EnumProperty;	THICKNESS	field_1_5734
FIELD	net/minecraft/world/level/block/SpeleothemBlock	Lnet/minecraft/world/level/block/state/properties/EnumProperty;	TIP_DIRECTION	field_1_5735
FIELD	net/minecraft/world/level/block/SpeleothemBlock	Lnet/minecraft/world/level/block/state/properties/BooleanProperty;	WATERLOGGED	field_1_5736
FIELD	net/minecraft/world/level/block/SpeleothemBlock	Lnet/minecraft/world/level/block/state/BlockState;	blockToGrowOn	field_1_5737
METHOD	net/minecraft/world/level/block/SpeleothemBlock	(Lnet/minecraft/world/level/LevelReader;Lnet/minecraft/core/BlockPos;Lnet/minecraft/world/level/block/state/BlockState;)Z	blocksStalagmiteScan	method_1_4922
METHOD	net/minecraft/world/level/block/SpeleothemBlock	(Lnet/minecraft/world/level/LevelReader;Lnet/minecraft/core/BlockPos;Lnet/minecraft/core/Direction;Z)Lnet/minecraft/world/level/block/state/properties/SpeleothemThickness;	calculateSpeleothemThickness	method_1_4923
METHOD	net/minecraft/world/level/block/SpeleothemBlock	(Lnet/minecraft/world/level/LevelReader;Lnet/minecraft/core/BlockPos;Lnet/minecraft/core/Direction;)Lnet/minecraft/core/Direction;	calculateTipDirection	method_1_4924
METHOD	net/minecraft/world/level/block/SpeleothemBlock	(Lnet/minecraft/world/level/block/state/BlockState;Lnet/minecraft/server/level/ServerLevel;Lnet/minecraft/core/BlockPos;)Z	canTipGrow	method_1_4925
METHOD	net/minecraft/world/level/block/SpeleothemBlock	(Lnet/minecraft/world/level/block/state/BlockState;Lnet/minecraft/world/level/LevelAccessor;Lnet/minecraft/core/BlockPos;)V	createMergedTips	method_1_4926
METHOD	net/minecraft/world/level/block/SpeleothemBlock	(Lnet/minecraft/world/level/LevelAccessor;Lnet/minecraft/core/BlockPos;Lnet/minecraft/core/Direction;Lnet/minecraft/world/level/block/state/properties/SpeleothemThickness;)V	createSpeleothem	method_1_4927
METHOD	net/minecraft/world/level/block/SpeleothemBlock	(Lnet/minecraft/world/level/LevelAccessor;Lnet/minecraft/core/BlockPos;Lnet/minecraft/core/Direction$AxisDirection;Ljava/util/function/BiPredicate;Ljava/util/function/Predicate;I)Ljava/util/Optional;	findBlockVertical	method_1_4928
METHOD	net/minecraft/world/level/block/SpeleothemBlock	(Lnet/minecraft/world/level/block/state/BlockState;Lnet/minecraft/world/level/LevelAccessor;Lnet/minecraft/core/BlockPos;IZ)Lnet/minecraft/core/BlockPos;	findTip	method_1_4929
METHOD	net/minecraft/world/level/block/SpeleothemBlock	(Lnet/minecraft/server/level/ServerLevel;Lnet/minecraft/core/BlockPos;Lnet/minecraft/core/Direction;)V	grow	method_1_4930
METHOD	net/minecraft/world/level/block/SpeleothemBlock	(Lnet/minecraft/world/level/block/state/BlockState;Lnet/minecraft/server/level/ServerLevel;Lnet/minecraft/core/BlockPos;Lnet/minecraft/util/RandomSource;)V	growStalactiteOrStalagmiteIfPossible	method_1_4931
METHOD	net/minecraft/world/level/block/SpeleothemBlock	(Lnet/minecraft/server/level/ServerLevel;Lnet/minecraft/core/BlockPos;)V	growStalagmiteBelow	method_1_4932
METHOD	net/minecraft/world/level/block/SpeleothemBlock	(Lnet/minecraft/world/level/block/state/BlockState;)Z	isFreeHangingStalactite	method_1_4933
METHOD	net/minecraft/world/level/block/SpeleothemBlock	(Lnet/minecraft/world/level/block/state/BlockState;Lnet/minecraft/core/Direction;)Z	isSpeleothemWithDirection	method_1_4934
METHOD	net/minecraft/world/level/block/SpeleothemBlock	(Lnet/minecraft/world/level/block/state/BlockState;)Z	isStalactite	method_1_4935
METHOD	net/minecraft/world/level/block/SpeleothemBlock	(Lnet/minecraft/world/level/block/state/BlockState;Lnet/minecraft/world/level/LevelReader;Lnet/minecraft/core/BlockPos;)Z	isStalactiteStartPos	method_1_4936
METHOD	net/minecraft/world/level/block/SpeleothemBlock	(Lnet/minecraft/world/level/block/state/BlockState;)Z	isStalagmite	method_1_4937
METHOD	net/minecraft/world/level/block/SpeleothemBlock	(Lnet/minecraft/world/level/block/state/BlockState;Z)Z	isTip	method_1_4938
METHOD	net/minecraft/world/level/block/SpeleothemBlock	(Lnet/minecraft/world/level/block/state/BlockState;Lnet/minecraft/core/Direction;)Z	isUnmergedTipWithDirection	method_1_4939
METHOD	net/minecraft/world/level/block/SpeleothemBlock	(Lnet/minecraft/world/level/LevelReader;Lnet/minecraft/core/BlockPos;Lnet/minecraft/core/Direction;)Z	isValidSpeleothemPlacement	method_1_4940
METHOD	net/minecraft/world/level/block/SpeleothemBlock	(Lnet/minecraft/world/level/block/state/BlockState;Lnet/minecraft/core/Direction;Lnet/minecraft/core/BlockPos;Lnet/minecraft/world/level/block/state/BlockState;)Z	lambda$findTip$0	method_1_4941
METHOD	net/minecraft/world/level/block/SpeleothemBlock	(ZLnet/minecraft/world/level/block/state/BlockState;)Z	lambda$findTip$1	method_1_4942
METHOD	net/minecraft/world/level/block/SpeleothemBlock	(Lnet/minecraft/world/level/block/state/BlockState;Lnet/minecraft/server/level/ServerLevel;Lnet/minecraft/core/BlockPos;)V	spawnFallingStalactite	method_1_4943
CLASS	net/minecraft/advancements/triggers/package-info	class_1_806
CLASS	net/minecraft/client/renderer/StagedVertexBuffer	class_1_807
FIELD	net/minecraft/client/renderer/StagedVertexBuffer	Lcom/mojang/blaze3d/buffers/GpuBuffer;	currentIndexBuffer	field_1_5738
FIELD	net/minecraft/client/renderer/StagedVertexBuffer	Lcom/mojang/blaze3d/buffers/GpuBuffer;	currentVertexBuffer	field_1_5739
FIELD	net/minecraft/client/renderer/StagedVertexBuffer	Ljava/util/List;	draws	field_1_5740
FIELD	net/minecraft/client/renderer/StagedVertexBuffer	Lnet/minecraft/client/renderer/StagedVertexBuffer$GpuBufferPool;	indexBufferPool	field_1_5741
FIELD	net/minecraft/client/renderer/StagedVertexBuffer	Lnet/minecraft/client/renderer/StagedVertexBuffer$Draw;	lastBuildingDraw	field_1_5742
FIELD	net/minecraft/client/renderer/StagedVertexBuffer	Lcom/mojang/blaze3d/vertex/BufferBuilder;	lastVertexBuilder	field_1_5743
FIELD	net/minecraft/client/renderer/StagedVertexBuffer	Lcom/mojang/blaze3d/vertex/ByteBufferBuilder;	stagingBuffer	field_1_5744
FIELD	net/minecraft/client/renderer/StagedVertexBuffer	Lnet/minecraft/client/renderer/StagedVertexBuffer$GpuBufferPool;	stagingGpuBufferPool	field_1_5745
FIELD	net/minecraft/client/renderer/StagedVertexBuffer	Lnet/minecraft/client/renderer/StagedVertexBuffer$GpuBufferPool;	vertexBufferPool	field_1_5746
METHOD	net/minecraft/client/renderer/StagedVertexBuffer	(Lcom/mojang/blaze3d/vertex/VertexFormat;Lcom/mojang/blaze3d/vertex/VertexFormat$Mode;)Lnet/minecraft/client/renderer/StagedVertexBuffer$Draw;	appendDraw	method_1_4944
METHOD	net/minecraft/client/renderer/StagedVertexBuffer	(Lcom/mojang/blaze3d/vertex/VertexFormat;Lcom/mojang/blaze3d/vertex/VertexFormat$Mode;Lcom/mojang/blaze3d/vertex/VertexSorting;)Lnet/minecraft/client/renderer/StagedVertexBuffer$Draw;	appendDraw	method_1_4945
METHOD	net/minecraft/client/renderer/StagedVertexBuffer	(Lnet/minecraft/client/renderer/StagedVertexBuffer$Draw;)Lcom/mojang/blaze3d/vertex/CompactVectorArray;	decodeSortingPoints	method_1_4946
METHOD	net/minecraft/client/renderer/StagedVertexBuffer	()V	endDraw	method_1_4947
METHOD	net/minecraft/client/renderer/StagedVertexBuffer	()V	endFrame	method_1_4948
METHOD	net/minecraft/client/renderer/StagedVertexBuffer	()V	finishLastVertexBuilder	method_1_4949
METHOD	net/minecraft/client/renderer/StagedVertexBuffer	(Lnet/minecraft/client/renderer/StagedVertexBuffer$Draw;)Lnet/minecraft/client/renderer/StagedVertexBuffer$ExecuteInfo;	getExecuteInfo	method_1_4950
METHOD	net/minecraft/client/renderer/StagedVertexBuffer	(Lnet/minecraft/client/renderer/StagedVertexBuffer$Draw;)Lcom/mojang/blaze3d/vertex/VertexConsumer;	getVertexBuilder	method_1_4951
METHOD	net/minecraft/client/renderer/StagedVertexBuffer	(Ljava/util/function/Supplier;)Ljava/lang/String;	lambda$new$0	method_1_4952
METHOD	net/minecraft/client/renderer/StagedVertexBuffer	(Ljava/util/function/Supplier;)Ljava/lang/String;	lambda$new$1	method_1_4953
METHOD	net/minecraft/client/renderer/StagedVertexBuffer	(Ljava/util/function/Supplier;)Ljava/lang/String;	lambda$new$2	method_1_4954
METHOD	net/minecraft/client/renderer/StagedVertexBuffer	()V	upload	method_1_4955
METHOD	net/minecraft/client/renderer/StagedVertexBuffer	(Lcom/mojang/blaze3d/systems/GpuDevice;Ljava/util/List;Lcom/mojang/blaze3d/buffers/GpuBuffer;Lcom/mojang/blaze3d/buffers/GpuBuffer;II)V	uploadDrawsToBuffers	method_1_4956
CLASS	net/minecraft/client/renderer/StagedVertexBuffer$Draw	class_1_808
FIELD	net/minecraft/client/renderer/StagedVertexBuffer$Draw	Z	$assertionsDisabled	field_1_5747
FIELD	net/minecraft/client/renderer/StagedVertexBuffer$Draw	Lcom/mojang/blaze3d/vertex/VertexFormat;	format	field_1_5748
FIELD	net/minecraft/client/renderer/StagedVertexBuffer$Draw	I	indexCount	field_1_5749
FIELD	net/minecraft/client/renderer/StagedVertexBuffer$Draw	I	indexOffset	field_1_5750
FIELD	net/minecraft/client/renderer/StagedVertexBuffer$Draw	Lcom/mojang/blaze3d/vertex/VertexFormat$Mode;	mode	field_1_5751
FIELD	net/minecraft/client/renderer/StagedVertexBuffer$Draw	Lcom/mojang/blaze3d/vertex/VertexSorting;	quadSorting	field_1_5752
FIELD	net/minecraft/client/renderer/StagedVertexBuffer$Draw	I	vertexBufferSize	field_1_5753
FIELD	net/minecraft/client/renderer/StagedVertexBuffer$Draw	Ljava/util/List;	vertexBufferSlices	field_1_5754
FIELD	net/minecraft/client/renderer/StagedVertexBuffer$Draw	I	vertexCount	field_1_5755
FIELD	net/minecraft/client/renderer/StagedVertexBuffer$Draw	I	vertexOffset	field_1_5756
METHOD	net/minecraft/client/renderer/StagedVertexBuffer$Draw	(Lcom/mojang/blaze3d/vertex/MeshData;)V	append	method_1_4957
METHOD	net/minecraft/client/renderer/StagedVertexBuffer$Draw	()V	freeVertexData	method_1_4958
METHOD	net/minecraft/client/renderer/StagedVertexBuffer$Draw	()Lcom/mojang/blaze3d/vertex/VertexFormat$IndexType;	indexType	method_1_4959
METHOD	net/minecraft/client/renderer/StagedVertexBuffer$Draw	()Z	isEmpty	method_1_4960
CLASS	net/minecraft/client/renderer/StagedVertexBuffer$ExecuteInfo	class_1_809
FIELD	net/minecraft/client/renderer/StagedVertexBuffer$ExecuteInfo	I	baseVertex	comp_1_663
FIELD	net/minecraft/client/renderer/StagedVertexBuffer$ExecuteInfo	I	firstIndex	comp_1_664
FIELD	net/minecraft/client/renderer/StagedVertexBuffer$ExecuteInfo	Lcom/mojang/blaze3d/buffers/GpuBuffer;	indexBuffer	comp_1_665
FIELD	net/minecraft/client/renderer/StagedVertexBuffer$ExecuteInfo	I	indexCount	comp_1_666
FIELD	net/minecraft/client/renderer/StagedVertexBuffer$ExecuteInfo	Lcom/mojang/blaze3d/vertex/VertexFormat$IndexType;	indexType	comp_1_667
FIELD	net/minecraft/client/renderer/StagedVertexBuffer$ExecuteInfo	Lcom/mojang/blaze3d/buffers/GpuBuffer;	vertexBuffer	comp_1_668
CLASS	net/minecraft/client/renderer/StagedVertexBuffer$GpuBufferPool	class_1_810
FIELD	net/minecraft/client/renderer/StagedVertexBuffer$GpuBufferPool	I	BUFFER_SIZE_INCREMENT	field_1_5757
FIELD	net/minecraft/client/renderer/StagedVertexBuffer$GpuBufferPool	I	MAX_REUSE_SIZE_FACTOR	field_1_5758
FIELD	net/minecraft/client/renderer/StagedVertexBuffer$GpuBufferPool	Ljava/util/List;	available	field_1_5759
FIELD	net/minecraft/client/renderer/StagedVertexBuffer$GpuBufferPool	Ljava/util/function/Supplier;	label	field_1_5760
FIELD	net/minecraft/client/renderer/StagedVertexBuffer$GpuBufferPool	Ljava/util/List;	pendingRecycle	field_1_5761
FIELD	net/minecraft/client/renderer/StagedVertexBuffer$GpuBufferPool	I	usage	field_1_5762
FIELD	net/minecraft/client/renderer/StagedVertexBuffer$GpuBufferPool	Ljava/util/List;	usedThisFrame	field_1_5763
METHOD	net/minecraft/client/renderer/StagedVertexBuffer$GpuBufferPool	(Lcom/mojang/blaze3d/systems/GpuDevice;I)Lcom/mojang/blaze3d/buffers/GpuBuffer;	acquire	method_1_4961
METHOD	net/minecraft/client/renderer/StagedVertexBuffer$GpuBufferPool	(Lcom/mojang/blaze3d/systems/GpuDevice;)V	endFrame	method_1_4962
METHOD	net/minecraft/client/renderer/StagedVertexBuffer$GpuBufferPool	(Lnet/minecraft/client/renderer/StagedVertexBuffer$GpuBufferPool$PendingRecycle;)Z	lambda$tryRecycleBuffers$0	method_1_4963
METHOD	net/minecraft/client/renderer/StagedVertexBuffer$GpuBufferPool	(II)Lcom/mojang/blaze3d/buffers/GpuBuffer;	takeBestAvailable	method_1_4964
METHOD	net/minecraft/client/renderer/StagedVertexBuffer$GpuBufferPool	()V	tryRecycleBuffers	method_1_4965
CLASS	net/minecraft/client/renderer/StagedVertexBuffer$GpuBufferPool$PendingRecycle	class_1_811
FIELD	net/minecraft/client/renderer/StagedVertexBuffer$GpuBufferPool$PendingRecycle	Ljava/util/List;	buffers	comp_1_669
FIELD	net/minecraft/client/renderer/StagedVertexBuffer$GpuBufferPool$PendingRecycle	Lcom/mojang/blaze3d/buffers/GpuFence;	fence	comp_1_670
METHOD	net/minecraft/client/renderer/StagedVertexBuffer$GpuBufferPool$PendingRecycle	()Ljava/util/List;	tryRecycle	method_1_4966
METHOD	net/minecraft/data/tags/VanillaBlockTagsProvider	(Lnet/minecraft/tags/BlockItemTagId;)Lnet/minecraft/data/tags/BlockItemTagsProvider$CombinedAppender;	lambda$addTags$0	method_1_4967
METHOD	net/minecraft/data/tags/VanillaBlockTagsProvider	(Lnet/minecraft/core/Holder$Reference;)Z	lambda$addTags$1	method_1_4968
METHOD	net/minecraft/data/tags/VanillaBlockTagsProvider	(Lnet/minecraft/tags/TagKey;)Lnet/minecraft/data/tags/BlockItemTagAppender;	tag	method_1_4969
METHOD	net/minecraft/data/tags/VanillaBlockTagsProvider	(Lnet/minecraft/world/level/block/ColorCollection;)Lnet/minecraft/world/level/block/ColorCollection;	toIds	method_1_4970
METHOD	net/minecraft/data/tags/VanillaBlockTagsProvider	(Lnet/minecraft/world/level/block/WeatheringCopperCollection;)Lnet/minecraft/world/level/block/WeatheringCopperCollection;	toIds	method_1_4971
METHOD	net/minecraft/data/worldgen/BiomeDefaultFeatures	(Lnet/minecraft/world/level/biome/BiomeGenerationSettings$Builder;)V	addSulfurSpikeFeatures	method_1_4972
METHOD	net/minecraft/world/level/block/CopperChestBlock	()Ljava/util/Map;	lambda$static$1	method_1_4973
CLASS	net/minecraft/world/level/block/SulfurSpikeBlock	class_1_812
FIELD	net/minecraft/world/level/block/SulfurSpikeBlock	Lcom/mojang/serialization/MapCodec;	CODEC	field_1_5764
METHOD	net/minecraft/world/level/block/SulfurSpikeBlock	(Lcom/mojang/serialization/codecs/RecordCodecBuilder$Instance;)Lcom/mojang/datafixers/kinds/App;	lambda$static$0	method_1_4974
METHOD	net/minecraft/world/level/block/SulfurSpikeBlock	(Lnet/minecraft/world/level/block/SulfurSpikeBlock;)Lnet/minecraft/world/level/block/state/BlockState;	lambda$static$1	method_1_4975
METHOD	net/minecraft/world/level/block/WeatheringCopper	(Lcom/google/common/collect/ImmutableBiMap$Builder;Lnet/minecraft/world/level/block/WeatheringCopperCollection;)V	lambda$static$1	method_1_4976
METHOD	net/minecraft/client/multiplayer/ClientChunkCache	()Lit/unimi/dsi/fastutil/longs/LongOpenHashSet;	addedEmptySections	method_1_4977
METHOD	net/minecraft/client/multiplayer/ClientChunkCache	()V	flipEmptySectionUpdates	method_1_4978
METHOD	net/minecraft/client/multiplayer/ClientChunkCache	()Lit/unimi/dsi/fastutil/longs/LongOpenHashSet;	removedEmptySections	method_1_4979
FIELD	net/minecraft/client/multiplayer/ClientChunkCache$Storage	I	EMPTY_SECTION_UPDATE_BUFFERS	field_1_5765
FIELD	net/minecraft/client/multiplayer/ClientChunkCache$Storage	[Lit/unimi/dsi/fastutil/longs/LongOpenHashSet;	addedEmptySections	field_1_5766
FIELD	net/minecraft/client/multiplayer/ClientChunkCache$Storage	[Lit/unimi/dsi/fastutil/longs/LongOpenHashSet;	removedEmptySections	field_1_5767
FIELD	net/minecraft/client/multiplayer/ClientChunkCache$Storage	I	updatingEmptySectionsIndex	field_1_5768
METHOD	net/minecraft/client/multiplayer/LevelLoadTracker	()Ljava/lang/Runnable;	getPlayerCompiledSectionCallback	method_1_4980
METHOD	net/minecraft/client/multiplayer/LevelLoadTracker	(Lnet/minecraft/client/multiplayer/LevelLoadTracker$WaitingForPlayerChunk;)V	lambda$getPlayerCompiledSectionCallback$0	method_1_4981
FIELD	net/minecraft/client/multiplayer/LevelLoadTracker$WaitingForPlayerChunk	Ljava/util/concurrent/atomic/AtomicBoolean;	playerSectionReady	comp_1_671
METHOD	net/minecraft/client/renderer/OutlineBufferSource	()V	endFrame	method_1_4982
FIELD	net/minecraft/data/worldgen/features/CaveFeatures	Lnet/minecraft/resources/ResourceKey;	SULFUR_SPIKE	field_1_5769
FIELD	net/minecraft/data/worldgen/features/CaveFeatures	Lnet/minecraft/resources/ResourceKey;	SULFUR_SPIKE_CLUSTER	field_1_5770
CLASS	net/minecraft/advancements/predicates/package-info	class_1_813
CLASS	net/minecraft/client/renderer/extract/package-info	class_1_814
FIELD	net/minecraft/util/profiling/metrics/MetricSampler	Lnet/minecraft/util/profiling/metrics/MetricSampler$SamplingPhase;	samplingPhase	field_1_5771
METHOD	net/minecraft/util/profiling/metrics/MetricSampler	()Lnet/minecraft/util/profiling/metrics/MetricSampler$SamplingPhase;	samplingPhase	method_1_4983
FIELD	net/minecraft/util/profiling/metrics/MetricSampler$MetricSamplerBuilder	Lnet/minecraft/util/profiling/metrics/MetricSampler$SamplingPhase;	samplingPhase	field_1_5772
METHOD	net/minecraft/util/profiling/metrics/MetricSampler$MetricSamplerBuilder	(Lnet/minecraft/util/profiling/metrics/MetricSampler$SamplingPhase;)Lnet/minecraft/util/profiling/metrics/MetricSampler$MetricSamplerBuilder;	withSamplingPhase	method_1_4984
CLASS	net/minecraft/util/profiling/metrics/MetricSampler$SamplingPhase	class_1_815
FIELD	net/minecraft/util/profiling/metrics/MetricSampler$SamplingPhase	[Lnet/minecraft/util/profiling/metrics/MetricSampler$SamplingPhase;	$VALUES	field_1_5773
FIELD	net/minecraft/util/profiling/metrics/MetricSampler$SamplingPhase	Lnet/minecraft/util/profiling/metrics/MetricSampler$SamplingPhase;	END_TICK	field_1_5774
FIELD	net/minecraft/util/profiling/metrics/MetricSampler$SamplingPhase	Lnet/minecraft/util/profiling/metrics/MetricSampler$SamplingPhase;	EXTRACT	field_1_5775
METHOD	net/minecraft/util/profiling/metrics/MetricSampler$SamplingPhase	()[Lnet/minecraft/util/profiling/metrics/MetricSampler$SamplingPhase;	$values	method_1_4985
FIELD	net/minecraft/client/renderer/SectionOcclusionGraph	I	HALF_SECTION_SIZE	field_1_5776
FIELD	net/minecraft/client/renderer/SectionOcclusionGraph	Lit/unimi/dsi/fastutil/longs/LongOpenHashSet;	emptySections	field_1_5777
FIELD	net/minecraft/client/renderer/SectionOcclusionGraph	Z	lastSmartCull	field_1_5778
FIELD	net/minecraft/client/renderer/SectionOcclusionGraph	Ljava/util/concurrent/BlockingQueue;	nextSectionsToPropagateFrom	field_1_5779
FIELD	net/minecraft/client/renderer/SectionOcclusionGraph	D	prevCamX	field_1_5780
FIELD	net/minecraft/client/renderer/SectionOcclusionGraph	D	prevCamY	field_1_5781
FIELD	net/minecraft/client/renderer/SectionOcclusionGraph	D	prevCamZ	field_1_5782
FIELD	net/minecraft/client/renderer/SectionOcclusionGraph	I	prevFov	field_1_5783
METHOD	net/minecraft/client/renderer/SectionOcclusionGraph	(Lnet/minecraft/core/BlockPos;Ljava/util/Queue;)V	initializeQueueForFullUpdate	method_1_4986
METHOD	net/minecraft/client/renderer/SectionOcclusionGraph	(Lnet/minecraft/client/renderer/state/level/CameraRenderState;I)V	invalidateIfNeeded	method_1_4987
METHOD	net/minecraft/client/renderer/SectionOcclusionGraph	(Lnet/minecraft/client/renderer/state/level/CameraRenderState;Lit/unimi/dsi/fastutil/longs/LongOpenHashSet;)V	lambda$scheduleFullUpdate$0	method_1_4988
METHOD	net/minecraft/client/renderer/SectionOcclusionGraph	(Lnet/minecraft/client/renderer/culling/Frustum;)Lnet/minecraft/client/renderer/culling/Frustum;	offsetFrustum	method_1_4989
METHOD	net/minecraft/client/renderer/SectionOcclusionGraph	(Lit/unimi/dsi/fastutil/longs/LongOpenHashSet;Lit/unimi/dsi/fastutil/longs/LongOpenHashSet;)V	updateEmptySections	method_1_4990
FIELD	net/minecraft/client/renderer/SectionOcclusionGraph$GraphState	Ljava/util/concurrent/BlockingQueue;	sectionsToPropagateFrom	comp_1_672
FIELD	net/minecraft/client/renderer/WeatherEffectRenderer	Lcom/mojang/blaze3d/buffers/GpuBuffer;	vertexBuffer	field_1_5784
METHOD	net/minecraft/client/renderer/WeatherEffectRenderer	()Ljava/lang/String;	lambda$uploadVertexBuffer$0	method_1_4991
METHOD	net/minecraft/client/renderer/WeatherEffectRenderer	(Ljava/nio/ByteBuffer;)Lcom/mojang/blaze3d/buffers/GpuBuffer;	uploadVertexBuffer	method_1_4992
METHOD	net/minecraft/client/renderer/rendertype/RenderType	(Lcom/mojang/blaze3d/buffers/GpuBuffer;Lcom/mojang/blaze3d/buffers/GpuBuffer;Lcom/mojang/blaze3d/vertex/VertexFormat$IndexType;III)V	drawFromBuffer	method_1_4993
METHOD	net/minecraft/client/renderer/rendertype/RenderType	(Lnet/minecraft/client/renderer/StagedVertexBuffer$ExecuteInfo;)V	drawFromBuffer	method_1_4994
METHOD	net/minecraft/client/renderer/state/GameRenderState	()Z	useShaderTransparency	method_1_4995
CLASS	net/minecraft/client/renderer/extract/LevelExtractor	class_1_816
FIELD	net/minecraft/client/renderer/extract/LevelExtractor	F	CHUNK_VISIBILITY_THRESHOLD	field_1_5785
FIELD	net/minecraft/client/renderer/extract/LevelExtractor	Lnet/minecraft/client/renderer/debug/DebugRenderer;	debugRenderer	field_1_5786
FIELD	net/minecraft/client/renderer/extract/LevelExtractor	Lnet/minecraft/client/renderer/debug/GameTestBlockHighlightRenderer;	gameTestBlockHighlightRenderer	field_1_5787
FIELD	net/minecraft/client/renderer/extract/LevelExtractor	I	lastViewDistance	field_1_5788
FIELD	net/minecraft/client/renderer/extract/LevelExtractor	Lnet/minecraft/client/multiplayer/ClientLevel;	level	field_1_5789
FIELD	net/minecraft/client/renderer/extract/LevelExtractor	Lnet/minecraft/client/renderer/state/level/LevelRenderState;	levelRenderState	field_1_5790
FIELD	net/minecraft/client/renderer/extract/LevelExtractor	Lnet/minecraft/client/renderer/LevelRenderer;	levelRenderer	field_1_5791
FIELD	net/minecraft/client/renderer/extract/LevelExtractor	Lnet/minecraft/gizmos/SimpleGizmoCollector;	mainThreadGizmos	field_1_5792
FIELD	net/minecraft/client/renderer/extract/LevelExtractor	Lnet/minecraft/client/Minecraft;	minecraft	field_1_5793
FIELD	net/minecraft/client/renderer/extract/LevelExtractor	D	prevCamRotX	field_1_5794
FIELD	net/minecraft/client/renderer/extract/LevelExtractor	D	prevCamRotY	field_1_5795
FIELD	net/minecraft/client/renderer/extract/LevelExtractor	Lnet/minecraft/client/SectionUpdateTracker;	sectionUpdateTracker	field_1_5796
FIELD	net/minecraft/client/renderer/extract/LevelExtractor	Z	shouldInvalidateCompiledGeometry	field_1_5797
FIELD	net/minecraft/client/renderer/extract/LevelExtractor	Z	shouldResetChunkLayerSampler	field_1_5798
FIELD	net/minecraft/client/renderer/extract/LevelExtractor	Z	shouldResetLevelRenderData	field_1_5799
FIELD	net/minecraft/client/renderer/extract/LevelExtractor	Z	shouldResetSkyRenderer	field_1_5800
METHOD	net/minecraft/client/renderer/extract/LevelExtractor	()V	allChanged	method_1_4996
METHOD	net/minecraft/client/renderer/extract/LevelExtractor	(Lnet/minecraft/client/renderer/culling/Frustum;)V	applyFrustum	method_1_4997
METHOD	net/minecraft/client/renderer/extract/LevelExtractor	(Lnet/minecraft/core/BlockPos;I)V	blockChanged	method_1_4998
METHOD	net/minecraft/client/renderer/extract/LevelExtractor	()Lnet/minecraft/gizmos/Gizmos$TemporaryCollection;	collectPerFrameMainThreadGizmos	method_1_4999
METHOD	net/minecraft/client/renderer/extract/LevelExtractor	()I	countRenderedSections	method_1_5000
METHOD	net/minecraft/client/renderer/extract/LevelExtractor	()Ljava/lang/String;	entityStatistics	method_1_5001
METHOD	net/minecraft/client/renderer/extract/LevelExtractor	(Lnet/minecraft/client/DeltaTracker;Lnet/minecraft/client/Camera;F)V	extract	method_1_5002
METHOD	net/minecraft/client/renderer/extract/LevelExtractor	(Lnet/minecraft/client/Camera;Lnet/minecraft/client/renderer/state/level/LevelRenderState;)V	extractBlockDestroyAnimation	method_1_5003
METHOD	net/minecraft/client/renderer/extract/LevelExtractor	(Lnet/minecraft/client/Camera;Lnet/minecraft/client/renderer/state/level/LevelRenderState;)V	extractBlockOutline	method_1_5004
METHOD	net/minecraft/client/renderer/extract/LevelExtractor	(Lnet/minecraft/world/entity/Entity;F)Lnet/minecraft/client/renderer/entity/state/EntityRenderState;	extractEntity	method_1_5005
METHOD	net/minecraft/client/renderer/extract/LevelExtractor	()V	extractGizmos	method_1_5006
METHOD	net/minecraft/client/renderer/extract/LevelExtractor	(Lnet/minecraft/client/Camera;FLnet/minecraft/client/renderer/state/level/LevelRenderState;)V	extractVisibleBlockEntities	method_1_5007
METHOD	net/minecraft/client/renderer/extract/LevelExtractor	(Lnet/minecraft/client/Camera;Lnet/minecraft/client/renderer/culling/Frustum;Lnet/minecraft/client/DeltaTracker;Lnet/minecraft/client/renderer/state/level/LevelRenderState;)V	extractVisibleEntities	method_1_5008
METHOD	net/minecraft/client/renderer/extract/LevelExtractor	()D	lastViewDistance	method_1_5009
METHOD	net/minecraft/client/renderer/extract/LevelExtractor	()V	resetSampler	method_1_5010
METHOD	net/minecraft/client/renderer/extract/LevelExtractor	()Ljava/lang/String;	sectionStatistics	method_1_5011
METHOD	net/minecraft/client/renderer/extract/LevelExtractor	(Lnet/minecraft/core/BlockPos;Lnet/minecraft/world/level/block/state/BlockState;Lnet/minecraft/world/level/block/state/BlockState;)V	setBlockDirty	method_1_5012
METHOD	net/minecraft/client/renderer/extract/LevelExtractor	(Lnet/minecraft/core/BlockPos;Z)V	setBlockDirty	method_1_5013
METHOD	net/minecraft/client/renderer/extract/LevelExtractor	(IIIIII)V	setBlocksDirty	method_1_5014
METHOD	net/minecraft/client/renderer/extract/LevelExtractor	(Lnet/minecraft/client/multiplayer/ClientLevel;)V	setLevel	method_1_5015
METHOD	net/minecraft/client/renderer/extract/LevelExtractor	(III)V	setSectionDirty	method_1_5016
METHOD	net/minecraft/client/renderer/extract/LevelExtractor	(IIIZ)V	setSectionDirty	method_1_5017
METHOD	net/minecraft/client/renderer/extract/LevelExtractor	(III)V	setSectionDirtyWithNeighbors	method_1_5018
METHOD	net/minecraft/client/renderer/extract/LevelExtractor	(IIIIII)V	setSectionRangeDirty	method_1_5019
METHOD	net/minecraft/client/renderer/extract/LevelExtractor	(Lnet/minecraft/client/Camera;)Z	shouldShowEntityOutlines	method_1_5020
METHOD	net/minecraft/client/renderer/extract/LevelExtractor	()D	totalSections	method_1_5021
FIELD	net/minecraft/data/worldgen/placement/CavePlacements	Lnet/minecraft/resources/ResourceKey;	SULFUR_SPIKE	field_1_5801
FIELD	net/minecraft/data/worldgen/placement/CavePlacements	Lnet/minecraft/resources/ResourceKey;	SULFUR_SPIKE_CLUSTER	field_1_5802
METHOD	net/minecraft/client/data/models/BlockModelGenerators	(Lnet/minecraft/world/level/block/Block;Lnet/minecraft/client/data/models/MultiVariant;Lnet/minecraft/client/data/models/MultiVariant;)Lnet/minecraft/client/data/models/blockstates/BlockModelDefinitionGenerator;	createBed	method_1_5022
METHOD	net/minecraft/client/data/models/BlockModelGenerators	(Lnet/minecraft/world/item/DyeColor;Lnet/minecraft/world/level/block/Block;)V	lambda$run$7	method_1_5023
METHOD	net/minecraft/client/data/models/model/ItemModelUtils	(Lnet/minecraft/resources/Identifier;Lcom/mojang/math/Transformation;)Lnet/minecraft/client/renderer/item/ItemModel$Unbaked;	plainModel	method_1_5024
FIELD	net/minecraft/client/data/models/model/ModelTemplates	Lnet/minecraft/client/data/models/model/ModelTemplate;	BED_FOOT	field_1_5803
FIELD	net/minecraft/client/data/models/model/ModelTemplates	Lnet/minecraft/client/data/models/model/ModelTemplate;	BED_HEAD	field_1_5804
METHOD	net/minecraft/client/data/models/model/TextureMapping	(Lnet/minecraft/world/level/block/Block;Lnet/minecraft/world/level/block/state/properties/BedPart;)Lnet/minecraft/client/data/models/model/TextureMapping;	bed	method_1_5025
METHOD	net/minecraft/client/data/models/model/TextureMapping	(Lnet/minecraft/resources/Identifier;Ljava/lang/String;)Lnet/minecraft/client/resources/model/sprite/Material;	getBlockTexture	method_1_5026
METHOD	net/minecraft/client/data/models/model/TextureMapping	(Ljava/lang/String;Ljava/lang/String;)Ljava/lang/String;	lambda$getBlockTexture$0	method_1_5027
METHOD	net/minecraft/client/multiplayer/ClientPacketListener	()Ljava/lang/Runnable;	getPlayerCompiledSectionCallback	method_1_5028
METHOD	net/minecraft/world/level/block/PointedDripstoneBlock	(Lnet/minecraft/world/level/block/state/BlockState;Lnet/minecraft/core/Direction;Lnet/minecraft/core/BlockPos;Lnet/minecraft/world/level/block/state/BlockState;)Z	lambda$findRootBlock$0	method_1_5029
METHOD	net/minecraft/world/level/block/PointedDripstoneBlock	(Lnet/minecraft/world/level/block/state/BlockState;Lnet/minecraft/world/level/block/state/BlockState;)Z	lambda$findRootBlock$1	method_1_5030
METHOD	net/minecraft/world/level/block/PointedDripstoneBlock	(Lcom/mojang/serialization/codecs/RecordCodecBuilder$Instance;)Lcom/mojang/datafixers/kinds/App;	lambda$static$0	method_1_5031
METHOD	net/minecraft/world/level/block/PointedDripstoneBlock	(Lnet/minecraft/world/level/block/PointedDripstoneBlock;)Lnet/minecraft/world/level/block/state/BlockState;	lambda$static$1	method_1_5032
FIELD	net/minecraft/client/renderer/state/OptionsRenderState	D	chunkSectionFadeInTime	field_1_5805
FIELD	net/minecraft/client/renderer/state/OptionsRenderState	I	fov	field_1_5806
FIELD	net/minecraft/client/renderer/state/OptionsRenderState	Lnet/minecraft/client/PrioritizeChunkUpdates;	prioritizeChunkUpdates	field_1_5807
METHOD	net/minecraft/data/recipes/packs/VanillaRecipeProvider	(Lnet/minecraft/data/recipes/packs/VanillaRecipeProvider;Lnet/minecraft/world/item/Item;Lnet/minecraft/world/item/Item;)V	lambda$buildRecipes$11	method_1_5033
METHOD	net/minecraft/data/recipes/packs/VanillaRecipeProvider	(Lnet/minecraft/world/level/block/Block;Lnet/minecraft/world/level/block/Block;)V	lambda$buildRecipes$20	method_1_5034
METHOD	net/minecraft/data/recipes/packs/VanillaRecipeProvider	(Lnet/minecraft/world/level/block/Block;Lnet/minecraft/world/level/block/Block;)V	lambda$buildRecipes$21	method_1_5035
METHOD	net/minecraft/data/recipes/packs/VanillaRecipeProvider	(Lnet/minecraft/world/level/block/Block;Lnet/minecraft/world/level/block/Block;)V	lambda$buildRecipes$22	method_1_5036
METHOD	net/minecraft/data/recipes/packs/VanillaRecipeProvider	(Lnet/minecraft/world/level/block/Block;Lnet/minecraft/world/level/block/Block;)V	lambda$buildRecipes$29	method_1_5037
FIELD	net/minecraft/world/level/levelgen/feature/LakeFeature$Configuration	Lnet/minecraft/world/level/levelgen/blockpredicates/BlockPredicate;	canPlaceFeature	comp_1_673
FIELD	net/minecraft/world/level/levelgen/feature/LakeFeature$Configuration	Lnet/minecraft/world/level/levelgen/blockpredicates/BlockPredicate;	canReplaceWithAirOrFluid	comp_1_674
FIELD	net/minecraft/world/level/levelgen/feature/LakeFeature$Configuration	Lnet/minecraft/world/level/levelgen/blockpredicates/BlockPredicate;	canReplaceWithBarrier	comp_1_675
CLASS	net/minecraft/world/level/block/entity/BlockEntityTypes	class_1_817
FIELD	net/minecraft/world/level/block/entity/BlockEntityTypes	Lnet/minecraft/world/level/block/entity/BlockEntityType;	BANNER	field_1_5808
FIELD	net/minecraft/world/level/block/entity/BlockEntityTypes	Lnet/minecraft/world/level/block/entity/BlockEntityType;	BARREL	field_1_5809
FIELD	net/minecraft/world/level/block/entity/BlockEntityTypes	Lnet/minecraft/world/level/block/entity/BlockEntityType;	BEACON	field_1_5810
FIELD	net/minecraft/world/level/block/entity/BlockEntityTypes	Lnet/minecraft/world/level/block/entity/BlockEntityType;	BEEHIVE	field_1_5811
FIELD	net/minecraft/world/level/block/entity/BlockEntityTypes	Lnet/minecraft/world/level/block/entity/BlockEntityType;	BELL	field_1_5812
FIELD	net/minecraft/world/level/block/entity/BlockEntityTypes	Lnet/minecraft/world/level/block/entity/BlockEntityType;	BLAST_FURNACE	field_1_5813
FIELD	net/minecraft/world/level/block/entity/BlockEntityTypes	Lnet/minecraft/world/level/block/entity/BlockEntityType;	BREWING_STAND	field_1_5814
FIELD	net/minecraft/world/level/block/entity/BlockEntityTypes	Lnet/minecraft/world/level/block/entity/BlockEntityType;	BRUSHABLE_BLOCK	field_1_5815
FIELD	net/minecraft/world/level/block/entity/BlockEntityTypes	Lnet/minecraft/world/level/block/entity/BlockEntityType;	CALIBRATED_SCULK_SENSOR	field_1_5816
FIELD	net/minecraft/world/level/block/entity/BlockEntityTypes	Lnet/minecraft/world/level/block/entity/BlockEntityType;	CAMPFIRE	field_1_5817
FIELD	net/minecraft/world/level/block/entity/BlockEntityTypes	Lnet/minecraft/world/level/block/entity/BlockEntityType;	CHEST	field_1_5818
FIELD	net/minecraft/world/level/block/entity/BlockEntityTypes	Lnet/minecraft/world/level/block/entity/BlockEntityType;	CHISELED_BOOKSHELF	field_1_5819
FIELD	net/minecraft/world/level/block/entity/BlockEntityTypes	Lnet/minecraft/world/level/block/entity/BlockEntityType;	COMMAND_BLOCK	field_1_5820
FIELD	net/minecraft/world/level/block/entity/BlockEntityTypes	Lnet/minecraft/world/level/block/entity/BlockEntityType;	COMPARATOR	field_1_5821
FIELD	net/minecraft/world/level/block/entity/BlockEntityTypes	Lnet/minecraft/world/level/block/entity/BlockEntityType;	CONDUIT	field_1_5822
FIELD	net/minecraft/world/level/block/entity/BlockEntityTypes	Lnet/minecraft/world/level/block/entity/BlockEntityType;	COPPER_GOLEM_STATUE	field_1_5823
FIELD	net/minecraft/world/level/block/entity/BlockEntityTypes	Lnet/minecraft/world/level/block/entity/BlockEntityType;	CRAFTER	field_1_5824
FIELD	net/minecraft/world/level/block/entity/BlockEntityTypes	Lnet/minecraft/world/level/block/entity/BlockEntityType;	CREAKING_HEART	field_1_5825
FIELD	net/minecraft/world/level/block/entity/BlockEntityTypes	Lnet/minecraft/world/level/block/entity/BlockEntityType;	DAYLIGHT_DETECTOR	field_1_5826
FIELD	net/minecraft/world/level/block/entity/BlockEntityTypes	Lnet/minecraft/world/level/block/entity/BlockEntityType;	DECORATED_POT	field_1_5827
FIELD	net/minecraft/world/level/block/entity/BlockEntityTypes	Lnet/minecraft/world/level/block/entity/BlockEntityType;	DISPENSER	field_1_5828
FIELD	net/minecraft/world/level/block/entity/BlockEntityTypes	Lnet/minecraft/world/level/block/entity/BlockEntityType;	DROPPER	field_1_5829
FIELD	net/minecraft/world/level/block/entity/BlockEntityTypes	Lnet/minecraft/world/level/block/entity/BlockEntityType;	ENCHANTING_TABLE	field_1_5830
FIELD	net/minecraft/world/level/block/entity/BlockEntityTypes	Lnet/minecraft/world/level/block/entity/BlockEntityType;	ENDER_CHEST	field_1_5831
FIELD	net/minecraft/world/level/block/entity/BlockEntityTypes	Lnet/minecraft/world/level/block/entity/BlockEntityType;	END_GATEWAY	field_1_5832
FIELD	net/minecraft/world/level/block/entity/BlockEntityTypes	Lnet/minecraft/world/level/block/entity/BlockEntityType;	END_PORTAL	field_1_5833
FIELD	net/minecraft/world/level/block/entity/BlockEntityTypes	Lnet/minecraft/world/level/block/entity/BlockEntityType;	FURNACE	field_1_5834
FIELD	net/minecraft/world/level/block/entity/BlockEntityTypes	Lnet/minecraft/world/level/block/entity/BlockEntityType;	HANGING_SIGN	field_1_5835
FIELD	net/minecraft/world/level/block/entity/BlockEntityTypes	Lnet/minecraft/world/level/block/entity/BlockEntityType;	HOPPER	field_1_5836
FIELD	net/minecraft/world/level/block/entity/BlockEntityTypes	Lnet/minecraft/world/level/block/entity/BlockEntityType;	JIGSAW	field_1_5837
FIELD	net/minecraft/world/level/block/entity/BlockEntityTypes	Lnet/minecraft/world/level/block/entity/BlockEntityType;	JUKEBOX	field_1_5838
FIELD	net/minecraft/world/level/block/entity/BlockEntityTypes	Lnet/minecraft/world/level/block/entity/BlockEntityType;	LECTERN	field_1_5839
FIELD	net/minecraft/world/level/block/entity/BlockEntityTypes	Lorg/slf4j/Logger;	LOGGER	field_1_5840
FIELD	net/minecraft/world/level/block/entity/BlockEntityTypes	Lnet/minecraft/world/level/block/entity/BlockEntityType;	MOB_SPAWNER	field_1_5841
FIELD	net/minecraft/world/level/block/entity/BlockEntityTypes	Ljava/util/Set;	OP_ONLY_CUSTOM_DATA	field_1_5842
FIELD	net/minecraft/world/level/block/entity/BlockEntityTypes	Lnet/minecraft/world/level/block/entity/BlockEntityType;	PISTON	field_1_5843
FIELD	net/minecraft/world/level/block/entity/BlockEntityTypes	Lnet/minecraft/world/level/block/entity/BlockEntityType;	POTENT_SULFUR	field_1_5844
FIELD	net/minecraft/world/level/block/entity/BlockEntityTypes	Lnet/minecraft/world/level/block/entity/BlockEntityType;	SCULK_CATALYST	field_1_5845
FIELD	net/minecraft/world/level/block/entity/BlockEntityTypes	Lnet/minecraft/world/level/block/entity/BlockEntityType;	SCULK_SENSOR	field_1_5846
FIELD	net/minecraft/world/level/block/entity/BlockEntityTypes	Lnet/minecraft/world/level/block/entity/BlockEntityType;	SCULK_SHRIEKER	field_1_5847
FIELD	net/minecraft/world/level/block/entity/BlockEntityTypes	Lnet/minecraft/world/level/block/entity/BlockEntityType;	SHELF	field_1_5848
FIELD	net/minecraft/world/level/block/entity/BlockEntityTypes	Lnet/minecraft/world/level/block/entity/BlockEntityType;	SHULKER_BOX	field_1_5849
FIELD	net/minecraft/world/level/block/entity/BlockEntityTypes	Lnet/minecraft/world/level/block/entity/BlockEntityType;	SIGN	field_1_5850
FIELD	net/minecraft/world/level/block/entity/BlockEntityTypes	Lnet/minecraft/world/level/block/entity/BlockEntityType;	SKULL	field_1_5851
FIELD	net/minecraft/world/level/block/entity/BlockEntityTypes	Lnet/minecraft/world/level/block/entity/BlockEntityType;	SMOKER	field_1_5852
FIELD	net/minecraft/world/level/block/entity/BlockEntityTypes	Lnet/minecraft/world/level/block/entity/BlockEntityType;	STRUCTURE_BLOCK	field_1_5853
FIELD	net/minecraft/world/level/block/entity/BlockEntityTypes	Lnet/minecraft/world/level/block/entity/BlockEntityType;	TEST_BLOCK	field_1_5854
FIELD	net/minecraft/world/level/block/entity/BlockEntityTypes	Lnet/minecraft/world/level/block/entity/BlockEntityType;	TEST_INSTANCE_BLOCK	field_1_5855
FIELD	net/minecraft/world/level/block/entity/BlockEntityTypes	Lnet/minecraft/world/level/block/entity/BlockEntityType;	TRAPPED_CHEST	field_1_5856
FIELD	net/minecraft/world/level/block/entity/BlockEntityTypes	Lnet/minecraft/world/level/block/entity/BlockEntityType;	TRIAL_SPAWNER	field_1_5857
FIELD	net/minecraft/world/level/block/entity/BlockEntityTypes	Lnet/minecraft/world/level/block/entity/BlockEntityType;	VAULT	field_1_5858
METHOD	net/minecraft/world/level/block/entity/BlockEntityTypes	(Lnet/minecraft/resources/ResourceKey;Lnet/minecraft/world/level/block/entity/BlockEntityType$BlockEntitySupplier;Ljava/util/List;)Lnet/minecraft/world/level/block/entity/BlockEntityType;	register	method_1_5038
METHOD	net/minecraft/world/level/block/entity/BlockEntityTypes	(Lnet/minecraft/resources/ResourceKey;Lnet/minecraft/world/level/block/entity/BlockEntityType$BlockEntitySupplier;[Lnet/minecraft/world/level/block/Block;)Lnet/minecraft/world/level/block/entity/BlockEntityType;	register	method_1_5039
METHOD	net/minecraft/client/renderer/OrderedSubmitNodeCollector	(Lcom/mojang/blaze3d/vertex/PoseStack;Lnet/minecraft/client/renderer/rendertype/RenderType;Lnet/minecraft/client/renderer/SubmitNodeCollector$CustomGeometryRenderer;)V	submitCustomGeometry	method_1_5040
FIELD	net/minecraft/util/datafix/fixes/RemoveBlockEntityTagFix	Z	useLegacyDataStructure	field_1_5859
METHOD	net/minecraft/util/datafix/fixes/RemoveBlockEntityTagFix	(Lcom/mojang/datafixers/OpticFinder;)Lcom/mojang/datafixers/TypeRewriteRule;	createChunkBlockEntityRemover	method_1_5041
METHOD	net/minecraft/util/datafix/fixes/RemoveBlockEntityTagFix	(Lcom/mojang/datafixers/OpticFinder;)Lcom/mojang/datafixers/TypeRewriteRule;	createFallingBlockBlockEntityRemover	method_1_5042
METHOD	net/minecraft/util/datafix/fixes/RemoveBlockEntityTagFix	(Lcom/mojang/datafixers/OpticFinder;Ljava/lang/String;Ljava/lang/String;)Lcom/mojang/datafixers/TypeRewriteRule;	createItemBlockEntityRemover	method_1_5043
METHOD	net/minecraft/util/datafix/fixes/RemoveBlockEntityTagFix	(Lcom/mojang/datafixers/OpticFinder;)Lcom/mojang/datafixers/TypeRewriteRule;	createStructureBlockEntityRemover	method_1_5044
METHOD	net/minecraft/util/datafix/fixes/RemoveBlockEntityTagFix	()Lcom/mojang/datafixers/TypeRewriteRule;	createUncheckedConverterHack	method_1_5045
METHOD	net/minecraft/util/datafix/fixes/RemoveBlockEntityTagFix	(Lcom/mojang/datafixers/OpticFinder;Lcom/mojang/datafixers/types/Type;Lcom/mojang/datafixers/types/Type;Lcom/mojang/datafixers/OpticFinder;Lcom/mojang/datafixers/OpticFinder;Lcom/mojang/datafixers/Typed;)Lcom/mojang/datafixers/Typed;	lambda$createChunkBlockEntityRemover$0	method_1_5046
METHOD	net/minecraft/util/datafix/fixes/RemoveBlockEntityTagFix	(Lcom/mojang/datafixers/types/Type;Lcom/mojang/datafixers/Typed;Lcom/mojang/datafixers/OpticFinder;Lcom/mojang/datafixers/OpticFinder;Ljava/util/List;)Ljava/util/List;	lambda$createChunkBlockEntityRemover$1	method_1_5047
METHOD	net/minecraft/util/datafix/fixes/RemoveBlockEntityTagFix	(Lcom/mojang/datafixers/OpticFinder;Lcom/mojang/datafixers/OpticFinder;Lcom/mojang/datafixers/OpticFinder;Lcom/mojang/datafixers/Typed;)Lcom/mojang/datafixers/Typed;	lambda$createFallingBlockBlockEntityRemover$0	method_1_5048
METHOD	net/minecraft/util/datafix/fixes/RemoveBlockEntityTagFix	(Lcom/mojang/datafixers/OpticFinder;Lcom/mojang/datafixers/OpticFinder;Lcom/mojang/datafixers/Typed;)Lcom/mojang/datafixers/Typed;	lambda$createFallingBlockBlockEntityRemover$1	method_1_5049
METHOD	net/minecraft/util/datafix/fixes/RemoveBlockEntityTagFix	(Lcom/mojang/datafixers/OpticFinder;Lcom/mojang/datafixers/OpticFinder;Lcom/mojang/datafixers/OpticFinder;Ljava/lang/String;Lcom/mojang/datafixers/Typed;)Lcom/mojang/datafixers/Typed;	lambda$createItemBlockEntityRemover$0	method_1_5050
METHOD	net/minecraft/util/datafix/fixes/RemoveBlockEntityTagFix	(Lcom/mojang/datafixers/OpticFinder;Lcom/mojang/datafixers/OpticFinder;Ljava/lang/String;Lcom/mojang/datafixers/Typed;)Lcom/mojang/datafixers/Typed;	lambda$createItemBlockEntityRemover$1	method_1_5051
METHOD	net/minecraft/util/datafix/fixes/RemoveBlockEntityTagFix	(Lcom/mojang/datafixers/OpticFinder;Lcom/mojang/datafixers/OpticFinder;Lcom/mojang/datafixers/OpticFinder;Lcom/mojang/datafixers/OpticFinder;Lcom/mojang/datafixers/Typed;)Lcom/mojang/datafixers/Typed;	lambda$createStructureBlockEntityRemover$0	method_1_5052
METHOD	net/minecraft/util/datafix/fixes/RemoveBlockEntityTagFix	(Lcom/mojang/datafixers/OpticFinder;Lcom/mojang/datafixers/OpticFinder;Lcom/mojang/datafixers/OpticFinder;Lcom/mojang/datafixers/Typed;)Lcom/mojang/datafixers/Typed;	lambda$createStructureBlockEntityRemover$1	method_1_5053
METHOD	net/minecraft/util/datafix/fixes/RemoveBlockEntityTagFix	(Lcom/mojang/datafixers/OpticFinder;Lcom/mojang/datafixers/OpticFinder;Lcom/mojang/datafixers/Typed;)Lcom/mojang/datafixers/Typed;	lambda$createStructureBlockEntityRemover$2	method_1_5054
METHOD	net/minecraft/util/datafix/fixes/RemoveBlockEntityTagFix	(Ljava/lang/String;Lcom/mojang/serialization/Dynamic;)Lcom/mojang/serialization/Dynamic;	lambda$removeBlockEntity$0	method_1_5055
METHOD	net/minecraft/world/level/storage/loot/BuiltInLootTables	(Ljava/lang/String;)Lnet/minecraft/resources/ResourceKey;	lambda$static$0	method_1_5056
METHOD	net/minecraft/world/level/storage/loot/BuiltInLootTables	(Ljava/lang/String;)Lnet/minecraft/resources/ResourceKey;	lambda$static$1	method_1_5057
CLASS	net/minecraft/advancements/predicates/entity/package-info	class_1_818
FIELD	net/minecraft/client/renderer/block/BlockModelRenderState	I	blockLightCoords	field_1_5860
CLASS	net/minecraft/world/level/block/entity/BlockEntityTypeIds	class_1_819
FIELD	net/minecraft/world/level/block/entity/BlockEntityTypeIds	Lnet/minecraft/resources/ResourceKey;	BANNER	field_1_5861
FIELD	net/minecraft/world/level/block/entity/BlockEntityTypeIds	Lnet/minecraft/resources/ResourceKey;	BARREL	field_1_5862
FIELD	net/minecraft/world/level/block/entity/BlockEntityTypeIds	Lnet/minecraft/resources/ResourceKey;	BEACON	field_1_5863
FIELD	net/minecraft/world/level/block/entity/BlockEntityTypeIds	Lnet/minecraft/resources/ResourceKey;	BEEHIVE	field_1_5864
FIELD	net/minecraft/world/level/block/entity/BlockEntityTypeIds	Lnet/minecraft/resources/ResourceKey;	BELL	field_1_5865
FIELD	net/minecraft/world/level/block/entity/BlockEntityTypeIds	Lnet/minecraft/resources/ResourceKey;	BLAST_FURNACE	field_1_5866
FIELD	net/minecraft/world/level/block/entity/BlockEntityTypeIds	Lnet/minecraft/resources/ResourceKey;	BREWING_STAND	field_1_5867
FIELD	net/minecraft/world/level/block/entity/BlockEntityTypeIds	Lnet/minecraft/resources/ResourceKey;	BRUSHABLE_BLOCK	field_1_5868
FIELD	net/minecraft/world/level/block/entity/BlockEntityTypeIds	Lnet/minecraft/resources/ResourceKey;	CALIBRATED_SCULK_SENSOR	field_1_5869
FIELD	net/minecraft/world/level/block/entity/BlockEntityTypeIds	Lnet/minecraft/resources/ResourceKey;	CAMPFIRE	field_1_5870
FIELD	net/minecraft/world/level/block/entity/BlockEntityTypeIds	Lnet/minecraft/resources/ResourceKey;	CHEST	field_1_5871
FIELD	net/minecraft/world/level/block/entity/BlockEntityTypeIds	Lnet/minecraft/resources/ResourceKey;	CHISELED_BOOKSHELF	field_1_5872
FIELD	net/minecraft/world/level/block/entity/BlockEntityTypeIds	Lnet/minecraft/resources/ResourceKey;	COMMAND_BLOCK	field_1_5873
FIELD	net/minecraft/world/level/block/entity/BlockEntityTypeIds	Lnet/minecraft/resources/ResourceKey;	COMPARATOR	field_1_5874
FIELD	net/minecraft/world/level/block/entity/BlockEntityTypeIds	Lnet/minecraft/resources/ResourceKey;	CONDUIT	field_1_5875
FIELD	net/minecraft/world/level/block/entity/BlockEntityTypeIds	Lnet/minecraft/resources/ResourceKey;	COPPER_GOLEM_STATUE	field_1_5876
FIELD	net/minecraft/world/level/block/entity/BlockEntityTypeIds	Lnet/minecraft/resources/ResourceKey;	CRAFTER	field_1_5877
FIELD	net/minecraft/world/level/block/entity/BlockEntityTypeIds	Lnet/minecraft/resources/ResourceKey;	CREAKING_HEART	field_1_5878
FIELD	net/minecraft/world/level/block/entity/BlockEntityTypeIds	Lnet/minecraft/resources/ResourceKey;	DAYLIGHT_DETECTOR	field_1_5879
FIELD	net/minecraft/world/level/block/entity/BlockEntityTypeIds	Lnet/minecraft/resources/ResourceKey;	DECORATED_POT	field_1_5880
FIELD	net/minecraft/world/level/block/entity/BlockEntityTypeIds	Lnet/minecraft/resources/ResourceKey;	DISPENSER	field_1_5881
FIELD	net/minecraft/world/level/block/entity/BlockEntityTypeIds	Lnet/minecraft/resources/ResourceKey;	DROPPER	field_1_5882
FIELD	net/minecraft/world/level/block/entity/BlockEntityTypeIds	Lnet/minecraft/resources/ResourceKey;	ENCHANTING_TABLE	field_1_5883
FIELD	net/minecraft/world/level/block/entity/BlockEntityTypeIds	Lnet/minecraft/resources/ResourceKey;	ENDER_CHEST	field_1_5884
FIELD	net/minecraft/world/level/block/entity/BlockEntityTypeIds	Lnet/minecraft/resources/ResourceKey;	END_GATEWAY	field_1_5885
FIELD	net/minecraft/world/level/block/entity/BlockEntityTypeIds	Lnet/minecraft/resources/ResourceKey;	END_PORTAL	field_1_5886
FIELD	net/minecraft/world/level/block/entity/BlockEntityTypeIds	Lnet/minecraft/resources/ResourceKey;	FURNACE	field_1_5887
FIELD	net/minecraft/world/level/block/entity/BlockEntityTypeIds	Lnet/minecraft/resources/ResourceKey;	HANGING_SIGN	field_1_5888
FIELD	net/minecraft/world/level/block/entity/BlockEntityTypeIds	Lnet/minecraft/resources/ResourceKey;	HOPPER	field_1_5889
FIELD	net/minecraft/world/level/block/entity/BlockEntityTypeIds	Lnet/minecraft/resources/ResourceKey;	JIGSAW	field_1_5890
FIELD	net/minecraft/world/level/block/entity/BlockEntityTypeIds	Lnet/minecraft/resources/ResourceKey;	JUKEBOX	field_1_5891
FIELD	net/minecraft/world/level/block/entity/BlockEntityTypeIds	Lnet/minecraft/resources/ResourceKey;	LECTERN	field_1_5892
FIELD	net/minecraft/world/level/block/entity/BlockEntityTypeIds	Lnet/minecraft/resources/ResourceKey;	MOB_SPAWNER	field_1_5893
FIELD	net/minecraft/world/level/block/entity/BlockEntityTypeIds	Lnet/minecraft/resources/ResourceKey;	PISTON	field_1_5894
FIELD	net/minecraft/world/level/block/entity/BlockEntityTypeIds	Lnet/minecraft/resources/ResourceKey;	POTENT_SULFUR	field_1_5895
FIELD	net/minecraft/world/level/block/entity/BlockEntityTypeIds	Lnet/minecraft/resources/ResourceKey;	SCULK_CATALYST	field_1_5896
FIELD	net/minecraft/world/level/block/entity/BlockEntityTypeIds	Lnet/minecraft/resources/ResourceKey;	SCULK_SENSOR	field_1_5897
FIELD	net/minecraft/world/level/block/entity/BlockEntityTypeIds	Lnet/minecraft/resources/ResourceKey;	SCULK_SHRIEKER	field_1_5898
FIELD	net/minecraft/world/level/block/entity/BlockEntityTypeIds	Lnet/minecraft/resources/ResourceKey;	SHELF	field_1_5899
FIELD	net/minecraft/world/level/block/entity/BlockEntityTypeIds	Lnet/minecraft/resources/ResourceKey;	SHULKER_BOX	field_1_5900
FIELD	net/minecraft/world/level/block/entity/BlockEntityTypeIds	Lnet/minecraft/resources/ResourceKey;	SIGN	field_1_5901
FIELD	net/minecraft/world/level/block/entity/BlockEntityTypeIds	Lnet/minecraft/resources/ResourceKey;	SKULL	field_1_5902
FIELD	net/minecraft/world/level/block/entity/BlockEntityTypeIds	Lnet/minecraft/resources/ResourceKey;	SMOKER	field_1_5903
FIELD	net/minecraft/world/level/block/entity/BlockEntityTypeIds	Lnet/minecraft/resources/ResourceKey;	STRUCTURE_BLOCK	field_1_5904
FIELD	net/minecraft/world/level/block/entity/BlockEntityTypeIds	Lnet/minecraft/resources/ResourceKey;	TEST_BLOCK	field_1_5905
FIELD	net/minecraft/world/level/block/entity/BlockEntityTypeIds	Lnet/minecraft/resources/ResourceKey;	TEST_INSTANCE_BLOCK	field_1_5906
FIELD	net/minecraft/world/level/block/entity/BlockEntityTypeIds	Lnet/minecraft/resources/ResourceKey;	TRAPPED_CHEST	field_1_5907
FIELD	net/minecraft/world/level/block/entity/BlockEntityTypeIds	Lnet/minecraft/resources/ResourceKey;	TRIAL_SPAWNER	field_1_5908
FIELD	net/minecraft/world/level/block/entity/BlockEntityTypeIds	Lnet/minecraft/resources/ResourceKey;	VAULT	field_1_5909
METHOD	net/minecraft/world/level/block/entity/BlockEntityTypeIds	(Ljava/lang/String;)Lnet/minecraft/resources/ResourceKey;	create	method_1_5058
CLASS	net/minecraft/advancements/predicates/entity/TeamPredicate	class_1_820
FIELD	net/minecraft/advancements/predicates/entity/TeamPredicate	Lcom/mojang/serialization/Codec;	CODEC	field_1_5910
FIELD	net/minecraft/advancements/predicates/entity/TeamPredicate	Ljava/lang/String;	team	comp_1_676
FIELD	net/minecraft/client/renderer/special/ChestSpecialRenderer	Lnet/minecraft/world/level/block/WeatheringCopperCollection$ByState;	COPPER	field_1_5911
FIELD	net/minecraft/client/renderer/state/level/LevelRenderState	Lit/unimi/dsi/fastutil/longs/LongOpenHashSet;	addedEmptySections	field_1_5912
FIELD	net/minecraft/client/renderer/state/level/LevelRenderState	Ljava/lang/Runnable;	playerCompiledSectionCallback	field_1_5913
FIELD	net/minecraft/client/renderer/state/level/LevelRenderState	Lit/unimi/dsi/fastutil/longs/LongOpenHashSet;	removedEmptySections	field_1_5914
FIELD	net/minecraft/client/renderer/state/level/LevelRenderState	Ljava/util/List;	sectionUpdateRenderStates	field_1_5915
FIELD	net/minecraft/client/renderer/state/level/LevelRenderState	Z	shouldResetChunkLayerSampler	field_1_5916
FIELD	net/minecraft/client/renderer/state/level/LevelRenderState	Z	shouldResetSkyRenderer	field_1_5917
FIELD	net/minecraft/client/renderer/state/level/LevelRenderState	Z	shouldShowEntityOutlines	field_1_5918
FIELD	net/minecraft/world/level/block/WeatheringCopperCollection	Lnet/minecraft/world/level/block/WeatheringCopperCollection;	PREFIXES	field_1_5919
FIELD	net/minecraft/world/level/block/WeatheringCopperCollection	Lnet/minecraft/world/level/block/WeatheringCopperCollection$ByState;	STATES	field_1_5920
FIELD	net/minecraft/world/level/block/WeatheringCopperCollection	Lnet/minecraft/world/level/block/WeatheringCopperCollection$ByState;	waxed	comp_1_677
FIELD	net/minecraft/world/level/block/WeatheringCopperCollection	Lnet/minecraft/world/level/block/WeatheringCopperCollection$ByState;	weathering	comp_1_678
METHOD	net/minecraft/world/level/block/WeatheringCopperCollection	(Ljava/util/function/Function;)Lnet/minecraft/world/level/block/WeatheringCopperCollection;	apply	method_1_5059
METHOD	net/minecraft/world/level/block/WeatheringCopperCollection	(Ljava/util/function/Function;Ljava/util/function/Function;)Lnet/minecraft/world/level/block/WeatheringCopperCollection;	apply	method_1_5060
METHOD	net/minecraft/world/level/block/WeatheringCopperCollection	(Ljava/lang/String;)Lnet/minecraft/world/level/block/WeatheringCopperCollection;	create	method_1_5061
METHOD	net/minecraft/world/level/block/WeatheringCopperCollection	(Ljava/util/function/BiFunction;Lnet/minecraft/world/level/block/WeatheringCopperCollection$ByState;)Lnet/minecraft/world/level/block/WeatheringCopperCollection$ByState;	lambda$createFamily$0	method_1_5062
METHOD	net/minecraft/world/level/block/WeatheringCopperCollection	(Ljava/util/function/BiFunction;Lnet/minecraft/world/level/block/WeatheringCopperCollection$ByState;)Lnet/minecraft/world/level/block/WeatheringCopperCollection$ByState;	lambda$createFamily$1	method_1_5063
METHOD	net/minecraft/world/level/block/WeatheringCopperCollection	(Lorg/apache/commons/lang3/function/TriFunction;Ljava/util/function/BiFunction;Ljava/util/function/Function;Lnet/minecraft/world/level/block/WeatheringCopperCollection$ByState;)Lnet/minecraft/world/level/block/WeatheringCopperCollection$ByState;	lambda$registerBlocks$0	method_1_5064
METHOD	net/minecraft/world/level/block/WeatheringCopperCollection	(Lorg/apache/commons/lang3/function/TriFunction;Ljava/util/function/BiFunction;Ljava/util/function/Function;Lnet/minecraft/world/level/block/WeatheringCopper$WeatherState;Ljava/lang/Object;)Lnet/minecraft/world/level/block/Block;	lambda$registerBlocks$1	method_1_5065
METHOD	net/minecraft/world/level/block/WeatheringCopperCollection	(Ljava/util/function/BiFunction;Lnet/minecraft/world/level/block/WeatheringCopper$WeatherState;Lnet/minecraft/world/level/block/state/BlockBehaviour$Properties;)Lnet/minecraft/world/level/block/Block;	lambda$registerBlocks$2	method_1_5066
METHOD	net/minecraft/world/level/block/WeatheringCopperCollection	(Lorg/apache/commons/lang3/function/TriFunction;Ljava/util/function/BiFunction;Ljava/util/function/Function;Lnet/minecraft/world/level/block/WeatheringCopperCollection$ByState;)Lnet/minecraft/world/level/block/WeatheringCopperCollection$ByState;	lambda$registerBlocks$3	method_1_5067
METHOD	net/minecraft/world/level/block/WeatheringCopperCollection	(Lorg/apache/commons/lang3/function/TriFunction;Ljava/util/function/BiFunction;Ljava/util/function/Function;Lnet/minecraft/world/level/block/WeatheringCopper$WeatherState;Ljava/lang/Object;)Lnet/minecraft/world/level/block/Block;	lambda$registerBlocks$4	method_1_5068
METHOD	net/minecraft/world/level/block/WeatheringCopperCollection	(Ljava/util/function/BiFunction;Lnet/minecraft/world/level/block/WeatheringCopper$WeatherState;Lnet/minecraft/world/level/block/state/BlockBehaviour$Properties;)Lnet/minecraft/world/level/block/Block;	lambda$registerBlocks$5	method_1_5069
METHOD	net/minecraft/world/level/block/WeatheringCopperCollection	(Ljava/util/function/Function;)Lnet/minecraft/world/level/block/WeatheringCopperCollection;	map	method_1_5070
METHOD	net/minecraft/world/level/block/WeatheringCopperCollection	(Lnet/minecraft/world/level/block/WeatheringCopperCollection;)Lnet/minecraft/world/level/block/WeatheringCopperCollection;	prefixWithState	method_1_5071
METHOD	net/minecraft/world/level/block/WeatheringCopperCollection	(Ljava/util/function/BiConsumer;)V	progressMapping	method_1_5072
METHOD	net/minecraft/world/level/block/WeatheringCopperCollection	(Lnet/minecraft/world/level/block/WeatheringCopperCollection$ByState;)Lnet/minecraft/world/level/block/WeatheringCopperCollection;	same	method_1_5073
METHOD	net/minecraft/world/level/block/WeatheringCopperCollection	(Lnet/minecraft/world/level/block/WeatheringCopperCollection$ByState;Lnet/minecraft/world/level/block/WeatheringCopperCollection$ByState;Ljava/util/function/BiConsumer;)V	zipApply	method_1_5074
METHOD	net/minecraft/world/level/block/WeatheringCopperCollection	(Lnet/minecraft/world/level/block/WeatheringCopperCollection;Lnet/minecraft/world/level/block/WeatheringCopperCollection;Ljava/util/function/BiConsumer;)V	zipApply	method_1_5075
METHOD	net/minecraft/world/level/block/WeatheringCopperCollection	(Lnet/minecraft/world/level/block/WeatheringCopperCollection$ByState;Lnet/minecraft/world/level/block/WeatheringCopperCollection$ByState;Ljava/util/function/BiFunction;)Lnet/minecraft/world/level/block/WeatheringCopperCollection$ByState;	zipMap	method_1_5076
METHOD	net/minecraft/world/level/block/WeatheringCopperCollection	(Lnet/minecraft/world/level/block/WeatheringCopperCollection;Lnet/minecraft/world/level/block/WeatheringCopperCollection;Ljava/util/function/BiFunction;)Lnet/minecraft/world/level/block/WeatheringCopperCollection;	zipMap	method_1_5077
METHOD	net/minecraft/world/level/block/WeatheringCopperCollection	(Ljava/util/function/BiConsumer;)V	zipUnwaxedWaxed	method_1_5078
CLASS	net/minecraft/world/level/block/WeatheringCopperCollection$ByState	class_1_821
FIELD	net/minecraft/world/level/block/WeatheringCopperCollection$ByState	Ljava/lang/Object;	exposed	comp_1_679
FIELD	net/minecraft/world/level/block/WeatheringCopperCollection$ByState	Ljava/lang/Object;	oxidized	comp_1_680
FIELD	net/minecraft/world/level/block/WeatheringCopperCollection$ByState	Ljava/lang/Object;	unaffected	comp_1_681
FIELD	net/minecraft/world/level/block/WeatheringCopperCollection$ByState	Ljava/lang/Object;	weathered	comp_1_682
METHOD	net/minecraft/world/level/block/WeatheringCopperCollection$ByState	(Ljava/lang/Object;)Lnet/minecraft/world/level/block/WeatheringCopperCollection$ByState;	create	method_1_5079
METHOD	net/minecraft/world/level/block/WeatheringCopperCollection$ByState	(Ljava/util/function/Consumer;)V	forEach	method_1_5080
METHOD	net/minecraft/world/level/block/WeatheringCopperCollection$ByState	(Ljava/util/function/Function;)Lnet/minecraft/world/level/block/WeatheringCopperCollection$ByState;	map	method_1_5081
METHOD	net/minecraft/world/level/block/WeatheringCopperCollection$ByState	(Lnet/minecraft/world/level/block/WeatheringCopper$WeatherState;)Ljava/lang/Object;	pick	method_1_5082
METHOD	net/minecraft/world/level/block/WeatheringCopperCollection$ByState	(Ljava/util/function/BiConsumer;)V	progressMapping	method_1_5083
FIELD	net/minecraft/client/renderer/chunk/SectionRenderDispatcher	I	NEARBY_SECTION_DISTANCE_IN_BLOCKS	field_1_5921
FIELD	net/minecraft/client/renderer/chunk/SectionRenderDispatcher	Ljava/util/function/Consumer;	onSectionMeshUpdate	field_1_5922
METHOD	net/minecraft/client/renderer/chunk/SectionRenderDispatcher$RenderSection	(Lnet/minecraft/client/renderer/chunk/RenderSectionRegion;)V	compileAsync	method_1_5084
METHOD	net/minecraft/client/renderer/feature/CustomFeatureRenderer	(Lnet/minecraft/client/renderer/SubmitNodeStorage$CustomGeometrySubmit;Lnet/minecraft/client/renderer/OutlineBufferSource;)V	renderOutline	method_1_5085
FIELD	net/minecraft/client/renderer/state/level/CameraRenderState	Z	isFrustumCaptured	field_1_5923
FIELD	net/minecraft/client/renderer/state/level/CameraRenderState	Z	smartCull	field_1_5924
METHOD	net/minecraft/world/level/block/entity/DecoratedPotPatterns	(Ljava/util/function/BiConsumer;)V	itemToPatternMappings	method_1_5086
FIELD	net/minecraft/advancements/predicates/entity/EntityPredicate	Lcom/mojang/serialization/Codec;	MAP_CODEC	field_1_5925
FIELD	net/minecraft/advancements/predicates/entity/EntityPredicate	Ljava/util/Comparator;	PREDICATE_TYPE_ORDER	field_1_5926
FIELD	net/minecraft/advancements/predicates/entity/EntityPredicate	Lnet/minecraft/advancements/predicates/entity/EntitySubPredicate;	combinedPart	field_1_5927
FIELD	net/minecraft/advancements/predicates/entity/EntityPredicate	Ljava/util/Map;	parts	field_1_5928
METHOD	net/minecraft/advancements/predicates/entity/EntityPredicate	(Ljava/util/Map;)Lnet/minecraft/advancements/predicates/entity/EntitySubPredicate;	combine	method_1_5087
METHOD	net/minecraft/advancements/predicates/entity/EntityPredicate	(I)[Lnet/minecraft/advancements/predicates/entity/EntitySubPredicate;	lambda$combine$0	method_1_5088
METHOD	net/minecraft/advancements/predicates/entity/EntityPredicate	([Lnet/minecraft/advancements/predicates/entity/EntitySubPredicate;Lnet/minecraft/world/entity/Entity;Lnet/minecraft/server/level/ServerLevel;Lnet/minecraft/world/phys/Vec3;)Z	lambda$combine$1	method_1_5089
METHOD	net/minecraft/advancements/predicates/entity/EntityPredicate	(Lnet/minecraft/advancements/predicates/entity/EntityPredicate;)Ljava/util/Map;	lambda$static$1	method_1_5090
METHOD	net/minecraft/advancements/predicates/entity/EntityPredicate	(Lcom/mojang/serialization/Codec;)Ljava/lang/Integer;	lambda$static$2	method_1_5091
FIELD	net/minecraft/advancements/predicates/entity/EntityPredicate$Builder	Lcom/google/common/collect/ImmutableMap$Builder;	parts	field_1_5929
METHOD	net/minecraft/advancements/predicates/entity/EntityPredicate$Builder	(Ljava/util/Map;)Lnet/minecraft/advancements/predicates/entity/EntityPredicate$Builder;	components	method_1_5092
METHOD	net/minecraft/advancements/predicates/entity/EntityPredicate$Builder	(Lnet/minecraft/core/component/DataComponentExactPredicate;)Lnet/minecraft/advancements/predicates/entity/EntityPredicate$Builder;	components	method_1_5093
METHOD	net/minecraft/advancements/predicates/entity/EntityPredicate$Builder	(Lnet/minecraft/advancements/predicates/entity/CubeMobPredicate;)Lnet/minecraft/advancements/predicates/entity/EntityPredicate$Builder;	cubeMob	method_1_5094
METHOD	net/minecraft/advancements/predicates/entity/EntityPredicate$Builder	(Lnet/minecraft/advancements/predicates/entity/FishingHookPredicate;)Lnet/minecraft/advancements/predicates/entity/EntityPredicate$Builder;	fishingHook	method_1_5095
METHOD	net/minecraft/advancements/predicates/entity/EntityPredicate$Builder	(Lnet/minecraft/advancements/predicates/entity/LightningBoltPredicate;)Lnet/minecraft/advancements/predicates/entity/EntityPredicate$Builder;	lightingBolt	method_1_5096
METHOD	net/minecraft/advancements/predicates/entity/EntityPredicate$Builder	(Lnet/minecraft/advancements/predicates/entity/PlayerPredicate;)Lnet/minecraft/advancements/predicates/entity/EntityPredicate$Builder;	player	method_1_5097
METHOD	net/minecraft/advancements/predicates/entity/EntityPredicate$Builder	(Lcom/mojang/serialization/Codec;Lnet/minecraft/advancements/predicates/entity/EntitySubPredicate;)Lnet/minecraft/advancements/predicates/entity/EntityPredicate$Builder;	put	method_1_5098
METHOD	net/minecraft/advancements/predicates/entity/EntityPredicate$Builder	(Lnet/minecraft/advancements/predicates/entity/RaiderPredicate;)Lnet/minecraft/advancements/predicates/entity/EntityPredicate$Builder;	raider	method_1_5099
METHOD	net/minecraft/advancements/predicates/entity/EntityPredicate$Builder	(Lnet/minecraft/advancements/predicates/entity/SheepPredicate;)Lnet/minecraft/advancements/predicates/entity/EntityPredicate$Builder;	sheep	method_1_5100
FIELD	net/minecraft/client/profiling/ClientMetricsSamplersProvider	Lnet/minecraft/client/renderer/extract/LevelExtractor;	levelExtractor	field_1_5930
CLASS	net/minecraft/advancements/predicates/entity/VehiclePredicate	class_1_822
FIELD	net/minecraft/advancements/predicates/entity/VehiclePredicate	Lcom/mojang/serialization/Codec;	CODEC	field_1_5931
FIELD	net/minecraft/advancements/predicates/entity/VehiclePredicate	Lnet/minecraft/advancements/predicates/entity/EntityPredicate;	vehicle	comp_1_683
FIELD	net/minecraft/client/renderer/blockentity/DecoratedPotRenderer	Ljava/util/Map;	DECORATED_POT_SPRITES	field_1_5932
METHOD	net/minecraft/client/renderer/blockentity/DecoratedPotRenderer	()Lcom/google/common/collect/ImmutableMap;	lambda$static$0	method_1_5101
METHOD	net/minecraft/client/renderer/blockentity/DecoratedPotRenderer	(Lcom/google/common/collect/ImmutableMap$Builder;Lnet/minecraft/resources/ResourceKey;Lnet/minecraft/resources/ResourceKey;)V	lambda$static$1	method_1_5102
METHOD	net/minecraft/util/profiling/metrics/profiling/MetricsRecorder	()V	sampleDuringExtract	method_1_5103
CLASS	net/minecraft/advancements/predicates/entity/EntityNbtPredicate	class_1_823
FIELD	net/minecraft/advancements/predicates/entity/EntityNbtPredicate	Lcom/mojang/serialization/Codec;	CODEC	field_1_5933
FIELD	net/minecraft/advancements/predicates/entity/EntityNbtPredicate	Lnet/minecraft/advancements/predicates/NbtPredicate;	nbt	comp_1_684
FIELD	net/minecraft/advancements/predicates/entity/EntitySubPredicate	Lnet/minecraft/advancements/predicates/entity/EntitySubPredicate;	ALWAYS_TRUE	field_1_5934
METHOD	net/minecraft/advancements/predicates/entity/EntitySubPredicate	(Lnet/minecraft/advancements/predicates/entity/EntitySubPredicate;)Lnet/minecraft/advancements/predicates/entity/EntitySubPredicate;	and	method_1_5104
METHOD	net/minecraft/advancements/predicates/entity/EntitySubPredicate	(Lnet/minecraft/advancements/predicates/entity/EntitySubPredicate;Lnet/minecraft/world/entity/Entity;Lnet/minecraft/server/level/ServerLevel;Lnet/minecraft/world/phys/Vec3;)Z	lambda$and$0	method_1_5105
METHOD	net/minecraft/advancements/predicates/entity/EntitySubPredicate	(Lnet/minecraft/world/entity/Entity;Lnet/minecraft/server/level/ServerLevel;Lnet/minecraft/world/phys/Vec3;)Z	lambda$static$0	method_1_5106
CLASS	net/minecraft/advancements/predicates/entity/EntityTagPredicate	class_1_824
FIELD	net/minecraft/advancements/predicates/entity/EntityTagPredicate	Lcom/mojang/serialization/Codec;	CODEC	field_1_5935
FIELD	net/minecraft/advancements/predicates/entity/EntityTagPredicate	Ljava/util/Optional;	allOf	comp_1_685
FIELD	net/minecraft/advancements/predicates/entity/EntityTagPredicate	Ljava/util/Optional;	anyOf	comp_1_686
FIELD	net/minecraft/advancements/predicates/entity/EntityTagPredicate	Ljava/util/Optional;	noneOf	comp_1_687
METHOD	net/minecraft/advancements/predicates/entity/EntityTagPredicate	(Ljava/util/Set;Ljava/util/List;)Z	containsAllOf	method_1_5107
METHOD	net/minecraft/advancements/predicates/entity/EntityTagPredicate	(Ljava/util/Set;Ljava/util/List;)Z	containsAtLeastOne	method_1_5108
METHOD	net/minecraft/advancements/predicates/entity/EntityTagPredicate	(Lcom/mojang/serialization/codecs/RecordCodecBuilder$Instance;)Lcom/mojang/datafixers/kinds/App;	lambda$static$0	method_1_5109
METHOD	net/minecraft/advancements/predicates/entity/EntityTagPredicate	(Ljava/util/Set;)Z	matches	method_1_5110
CLASS	net/minecraft/advancements/predicates/entity/PassengerPredicate	class_1_825
FIELD	net/minecraft/advancements/predicates/entity/PassengerPredicate	Lcom/mojang/serialization/Codec;	CODEC	field_1_5936
FIELD	net/minecraft/advancements/predicates/entity/PassengerPredicate	Lnet/minecraft/advancements/predicates/entity/EntityPredicate;	passenger	comp_1_688
METHOD	net/minecraft/client/gui/components/debug/DebugEntrySystemSpecs	(Lcom/mojang/blaze3d/systems/DeviceType;)Ljava/lang/String;	typeName	method_1_5111
CLASS	net/minecraft/advancements/predicates/entity/SteppingOnPredicate	class_1_826
FIELD	net/minecraft/advancements/predicates/entity/SteppingOnPredicate	Lcom/mojang/serialization/Codec;	CODEC	field_1_5937
FIELD	net/minecraft/advancements/predicates/entity/SteppingOnPredicate	Lnet/minecraft/advancements/predicates/LocationPredicate;	predicate	comp_1_689
CLASS	net/minecraft/advancements/predicates/entity/EntitySlotsPredicate	class_1_827
FIELD	net/minecraft/advancements/predicates/entity/EntitySlotsPredicate	Lcom/mojang/serialization/Codec;	CODEC	field_1_5938
FIELD	net/minecraft/advancements/predicates/entity/EntitySlotsPredicate	Lnet/minecraft/advancements/predicates/SlotsPredicate;	slots	comp_1_690
CLASS	net/minecraft/client/renderer/state/level/SectionUpdateRenderState	class_1_828
FIELD	net/minecraft/client/renderer/state/level/SectionUpdateRenderState	Z	playerChanged	comp_1_691
FIELD	net/minecraft/client/renderer/state/level/SectionUpdateRenderState	Lnet/minecraft/client/renderer/chunk/RenderSectionRegion;	region	comp_1_692
FIELD	net/minecraft/client/renderer/state/level/SectionUpdateRenderState	J	sectionNode	comp_1_693
CLASS	net/minecraft/advancements/predicates/entity/EntityEffectsPredicate	class_1_829
FIELD	net/minecraft/advancements/predicates/entity/EntityEffectsPredicate	Lcom/mojang/serialization/Codec;	CODEC	field_1_5939
FIELD	net/minecraft/advancements/predicates/entity/EntityEffectsPredicate	Lnet/minecraft/advancements/predicates/MobEffectsPredicate;	effects	comp_1_694
CLASS	net/minecraft/advancements/predicates/entity/EntityLocationPredicate	class_1_830
FIELD	net/minecraft/advancements/predicates/entity/EntityLocationPredicate	Lcom/mojang/serialization/Codec;	CODEC	field_1_5940
FIELD	net/minecraft/advancements/predicates/entity/EntityLocationPredicate	Lnet/minecraft/advancements/predicates/LocationPredicate;	predicate	comp_1_695
CLASS	net/minecraft/advancements/predicates/entity/TargetedEntityPredicate	class_1_831
FIELD	net/minecraft/advancements/predicates/entity/TargetedEntityPredicate	Lcom/mojang/serialization/Codec;	CODEC	field_1_5941
FIELD	net/minecraft/advancements/predicates/entity/TargetedEntityPredicate	Lnet/minecraft/advancements/predicates/entity/EntityPredicate;	targetedEntity	comp_1_696
METHOD	net/minecraft/util/profiling/metrics/profiling/ActiveMetricsRecorder	(Lnet/minecraft/util/profiling/metrics/MetricSampler$SamplingPhase;)V	sample	method_1_5112
CLASS	net/minecraft/advancements/predicates/entity/DistanceToPlayerPredicate	class_1_832
FIELD	net/minecraft/advancements/predicates/entity/DistanceToPlayerPredicate	Lcom/mojang/serialization/Codec;	CODEC	field_1_5942
FIELD	net/minecraft/advancements/predicates/entity/DistanceToPlayerPredicate	Lnet/minecraft/advancements/predicates/DistancePredicate;	distance	comp_1_697
CLASS	net/minecraft/advancements/predicates/entity/MovementAffectedByPredicate	class_1_833
FIELD	net/minecraft/advancements/predicates/entity/MovementAffectedByPredicate	Lcom/mojang/serialization/Codec;	CODEC	field_1_5943
FIELD	net/minecraft/advancements/predicates/entity/MovementAffectedByPredicate	Lnet/minecraft/advancements/predicates/LocationPredicate;	predicate	comp_1_698
CLASS	net/minecraft/advancements/predicates/entity/PeriodicEntityTickPredicate	class_1_834
FIELD	net/minecraft/advancements/predicates/entity/PeriodicEntityTickPredicate	Lcom/mojang/serialization/Codec;	CODEC	field_1_5944
FIELD	net/minecraft/advancements/predicates/entity/PeriodicEntityTickPredicate	I	periodicTick	comp_1_699
CLASS	net/minecraft/advancements/predicates/entity/EntityPartialComponentsPredicate	class_1_835
FIELD	net/minecraft/advancements/predicates/entity/EntityPartialComponentsPredicate	Lcom/mojang/serialization/Codec;	CODEC	field_1_5945
FIELD	net/minecraft/advancements/predicates/entity/EntityPartialComponentsPredicate	Ljava/util/Map;	predicates	comp_1_700
CLASS	net/minecraft/advancements/predicates/entity/EntityExactDataComponentsPredicate	class_1_836
FIELD	net/minecraft/advancements/predicates/entity/EntityExactDataComponentsPredicate	Lcom/mojang/serialization/Codec;	CODEC	field_1_5946
FIELD	net/minecraft/advancements/predicates/entity/EntityExactDataComponentsPredicate	Lnet/minecraft/core/component/DataComponentExactPredicate;	predicate	comp_1_701
Done!
