Demoting record getter com/mojang/realmsclient/client/RealmsError$CustomError;errorCode()I
Demoting record getter com/mojang/realmsclient/client/RealmsError$ErrorWithJsonPayload;errorCode()I
Demoting record getter com/mojang/realmsclient/client/RealmsError$ErrorWithRawPayload;errorCode()I
Duplicate assignment for record component com/mojang/renderpearl/backend/vulkan/glsl/IntermediaryShaderModule;nameLjava/lang/String;
Demoting record getter com/mojang/renderpearl/backend/vulkan/glsl/IntermediaryShaderModule;lambda$createVulkanShaderModule$0()Ljava/lang/String; due to conflicts
Demoting record getter com/mojang/renderpearl/backend/vulkan/glsl/IntermediaryShaderModule;name()Ljava/lang/String; due to conflicts
Promoting com/mojang/renderpearl/backend/vulkan/glsl/IntermediaryShaderModule;name()Ljava/lang/String; as record getter for nameLjava/lang/String;
Demoting record getter net/minecraft/advancements/predicates/CollectionContentsPredicate$Multiple;unpack()Ljava/util/List;
Demoting record getter net/minecraft/advancements/predicates/CollectionCountsPredicate$Multiple;unpack()Ljava/util/List;
Demoting record getter net/minecraft/client/gui/ComponentPath$Leaf;leafComponent()Lnet/minecraft/client/gui/components/events/GuiEventListener;
Demoting record getter net/minecraft/client/gui/font/AtlasGlyphProvider$Instance;textureView()Lcom/mojang/renderpearl/api/textures/GpuTextureView;
Promoting net/minecraft/client/gui/font/AtlasGlyphProvider$Instance;textureView()Lcom/mojang/renderpearl/api/textures/GpuTextureView; as record getter for textureViewLcom/mojang/renderpearl/api/textures/GpuTextureView;
Demoting record getter net/minecraft/client/gui/font/EmptyArea;activeLeft()F
Demoting record getter net/minecraft/client/gui/font/glyphs/BakedSheetGlyph$EffectInstance;left()F
Demoting record getter net/minecraft/client/gui/font/glyphs/BakedSheetGlyph$EffectInstance;top()F
Demoting record getter net/minecraft/client/input/KeyEvent;input()I
Demoting record getter net/minecraft/client/input/MouseButtonInfo;input()I
Demoting record getter net/minecraft/client/multiplayer/chat/LoggedChatMessage$System;toContentComponent()Lnet/minecraft/network/chat/Component;
Demoting record getter net/minecraft/client/renderer/PostPass$TextureInput;bilinear()Z
Promoting net/minecraft/client/renderer/PostPass$TextureInput;bilinear()Z as record getter for bilinearZ
Demoting record getter net/minecraft/client/renderer/feature/CustomFeatureRenderer$Submit;batchKey()Ljava/lang/Object;
Demoting record getter net/minecraft/client/renderer/feature/FeatureRendererType;toString()Ljava/lang/String;
Demoting record getter net/minecraft/client/renderer/feature/ModelFeatureRenderer$Submit;batchKey()Ljava/lang/Object;
Demoting record getter net/minecraft/commands/arguments/coordinates/WorldCoordinate;isRelative()Z
Demoting record getter net/minecraft/core/ClientAsset$DownloadedTexture;id()Lnet/minecraft/resources/Identifier;
Demoting record getter net/minecraft/core/CompositeDirection;getStep()Lnet/minecraft/core/Vec3i;
Demoting record getter net/minecraft/core/particles/GeyserBaseParticleOptions;getType()Lnet/minecraft/core/particles/ParticleType;
Demoting record getter net/minecraft/core/particles/GeyserParticleOptions;getType()Lnet/minecraft/core/particles/ParticleType;
Demoting record getter net/minecraft/nbt/ByteTag;intValue()I
Demoting record getter net/minecraft/nbt/ByteTag;byteValue()B
Demoting record getter net/minecraft/nbt/DoubleTag;doubleValue()D
Demoting record getter net/minecraft/nbt/FloatTag;floatValue()F
Demoting record getter net/minecraft/nbt/IntTag;intValue()I
Demoting record getter net/minecraft/nbt/LongTag;longValue()J
Demoting record getter net/minecraft/nbt/ShortTag;intValue()I
Demoting record getter net/minecraft/nbt/ShortTag;shortValue()S
Demoting record getter net/minecraft/network/chat/OutgoingChatMessage$Disguised;content()Lnet/minecraft/network/chat/Component;
Promoting net/minecraft/network/chat/OutgoingChatMessage$Disguised;content()Lnet/minecraft/network/chat/Component; as record getter for contentLnet/minecraft/network/chat/Component;
Demoting record getter net/minecraft/network/syncher/EntityDataAccessor;hashCode()I
Demoting record getter net/minecraft/server/network/ConfigurationTask$Type;toString()Ljava/lang/String;
Demoting record getter net/minecraft/server/packs/OverlayMetadataSection$OverlayEntry$IntermediateEntry;toString()Ljava/lang/String;
Demoting record getter net/minecraft/util/ProblemReporter$RootFieldPathElement;get()Ljava/lang/String;
Promoting net/minecraft/util/valueproviders/ClampedInt;maxInclusive()I as record getter for maxInclusiveI
Promoting net/minecraft/util/valueproviders/ClampedInt;minInclusive()I as record getter for minInclusiveI
Demoting record getter net/minecraft/util/valueproviders/ConstantFloat;min()F
Demoting record getter net/minecraft/util/valueproviders/ConstantFloat;max()F
Demoting record getter net/minecraft/util/valueproviders/ConstantInt;minInclusive()I
Demoting record getter net/minecraft/util/valueproviders/ConstantInt;maxInclusive()I
Demoting record getter net/minecraft/world/item/ItemStackTemplate;typeHolder()Lnet/minecraft/core/Holder;
Demoting record getter net/minecraft/world/item/TooltipFlag$Default;isAdvanced()Z
Demoting record getter net/minecraft/world/item/TooltipFlag$Default;isCreative()Z
Promoting net/minecraft/world/item/alchemy/PotionContents;customEffects()Ljava/util/List; as record getter for customEffectsLjava/util/List;
Demoting record getter net/minecraft/world/level/SpawnData;getEntityToSpawn()Lnet/minecraft/nbt/CompoundTag;
Demoting record getter net/minecraft/world/level/SpawnData;getCustomSpawnRules()Ljava/util/Optional;
Demoting record getter net/minecraft/world/level/SpawnData;getEquipment()Ljava/util/Optional;
Promoting net/minecraft/world/level/block/entity/vault/VaultConfig;playerDetector()Lnet/minecraft/world/level/block/entity/trialspawner/PlayerDetector; as record getter for playerDetectorLnet/minecraft/world/level/block/entity/trialspawner/PlayerDetector;
Demoting record getter net/minecraft/world/level/chunk/Configuration$Simple;bitsInMemory()I
Demoting record getter net/minecraft/world/level/chunk/Configuration$Simple;bitsInStorage()I
Demoting record getter net/minecraft/world/level/gameevent/GameEvent;notificationRadius()I
Promoting net/minecraft/world/level/gameevent/GameEvent;notificationRadius()I as record getter for notificationRadiusI
Demoting record getter net/minecraft/world/level/gamerules/GameRuleCategory;getDescriptionId()Lnet/minecraft/resources/Identifier;
Demoting record getter net/minecraft/world/level/levelgen/DensityFunctions$MulOrAdd;argument2()Lnet/minecraft/world/level/levelgen/DensityFunction;
Demoting record getter net/minecraft/world/level/levelgen/NoiseGeneratorSettings;disableMobGeneration()Z
Promoting net/minecraft/world/level/levelgen/NoiseGeneratorSettings;disableMobGeneration()Z as record getter for disableMobGenerationZ
Promoting net/minecraft/world/level/levelgen/NoiseGeneratorSettings;oreVeinsEnabled()Z as record getter for oreVeinsEnabledZ
Read 11087 (7119) classes.
Populated subclass entries.
Joining MethodEntries...
Joined 19681 MethodEntries (0 unique, 11331 classes).
Joined 118 record fields.
Collecting additional information...
- Done. -
Demoting record getter com/mojang/realmsclient/client/RealmsError$CustomError;errorCode()I
Demoting record getter com/mojang/realmsclient/client/RealmsError$ErrorWithJsonPayload;errorCode()I
Demoting record getter com/mojang/realmsclient/client/RealmsError$ErrorWithRawPayload;errorCode()I
Duplicate assignment for record component com/mojang/renderpearl/backend/vulkan/glsl/IntermediaryShaderModule;nameLjava/lang/String;
Demoting record getter com/mojang/renderpearl/backend/vulkan/glsl/IntermediaryShaderModule;lambda$createVulkanShaderModule$0()Ljava/lang/String; due to conflicts
Demoting record getter com/mojang/renderpearl/backend/vulkan/glsl/IntermediaryShaderModule;name()Ljava/lang/String; due to conflicts
Promoting com/mojang/renderpearl/backend/vulkan/glsl/IntermediaryShaderModule;name()Ljava/lang/String; as record getter for nameLjava/lang/String;
Demoting record getter net/minecraft/advancements/predicates/CollectionContentsPredicate$Multiple;unpack()Ljava/util/List;
Demoting record getter net/minecraft/advancements/predicates/CollectionCountsPredicate$Multiple;unpack()Ljava/util/List;
Demoting record getter net/minecraft/client/gui/ComponentPath$Leaf;leafComponent()Lnet/minecraft/client/gui/components/events/GuiEventListener;
Demoting record getter net/minecraft/client/gui/font/AtlasGlyphProvider$Instance;textureView()Lcom/mojang/renderpearl/api/textures/GpuTextureView;
Promoting net/minecraft/client/gui/font/AtlasGlyphProvider$Instance;textureView()Lcom/mojang/renderpearl/api/textures/GpuTextureView; as record getter for textureViewLcom/mojang/renderpearl/api/textures/GpuTextureView;
Demoting record getter net/minecraft/client/gui/font/EmptyArea;activeLeft()F
Demoting record getter net/minecraft/client/gui/font/glyphs/BakedSheetGlyph$EffectInstance;left()F
Demoting record getter net/minecraft/client/gui/font/glyphs/BakedSheetGlyph$EffectInstance;top()F
Demoting record getter net/minecraft/client/input/KeyEvent;input()I
Demoting record getter net/minecraft/client/input/KeyEvent;shortcutKey()I
Demoting record getter net/minecraft/client/input/MouseButtonInfo;input()I
Demoting record getter net/minecraft/client/multiplayer/chat/LoggedChatMessage$System;toContentComponent()Lnet/minecraft/network/chat/Component;
Demoting record getter net/minecraft/client/renderer/PostPass$TextureInput;bilinear()Z
Promoting net/minecraft/client/renderer/PostPass$TextureInput;bilinear()Z as record getter for bilinearZ
Demoting record getter net/minecraft/client/renderer/feature/CustomFeatureRenderer$Submit;batchKey()Ljava/lang/Object;
Demoting record getter net/minecraft/client/renderer/feature/FeatureRendererType;toString()Ljava/lang/String;
Demoting record getter net/minecraft/client/renderer/feature/ModelFeatureRenderer$Submit;batchKey()Ljava/lang/Object;
Demoting record getter net/minecraft/commands/arguments/coordinates/WorldCoordinate;isRelative()Z
Demoting record getter net/minecraft/core/ClientAsset$DownloadedTexture;id()Lnet/minecraft/resources/Identifier;
Demoting record getter net/minecraft/core/CompositeDirection;getStep()Lnet/minecraft/core/Vec3i;
Demoting record getter net/minecraft/core/particles/GeyserBaseParticleOptions;getType()Lnet/minecraft/core/particles/ParticleType;
Demoting record getter net/minecraft/core/particles/GeyserParticleOptions;getType()Lnet/minecraft/core/particles/ParticleType;
Demoting record getter net/minecraft/nbt/ByteTag;intValue()I
Demoting record getter net/minecraft/nbt/ByteTag;byteValue()B
Demoting record getter net/minecraft/nbt/DoubleTag;doubleValue()D
Demoting record getter net/minecraft/nbt/FloatTag;floatValue()F
Demoting record getter net/minecraft/nbt/IntTag;intValue()I
Demoting record getter net/minecraft/nbt/LongTag;longValue()J
Demoting record getter net/minecraft/nbt/ShortTag;intValue()I
Demoting record getter net/minecraft/nbt/ShortTag;shortValue()S
Demoting record getter net/minecraft/network/chat/OutgoingChatMessage$Disguised;content()Lnet/minecraft/network/chat/Component;
Promoting net/minecraft/network/chat/OutgoingChatMessage$Disguised;content()Lnet/minecraft/network/chat/Component; as record getter for contentLnet/minecraft/network/chat/Component;
Demoting record getter net/minecraft/network/syncher/EntityDataAccessor;hashCode()I
Demoting record getter net/minecraft/server/network/ConfigurationTask$Type;toString()Ljava/lang/String;
Demoting record getter net/minecraft/server/packs/OverlayMetadataSection$OverlayEntry$IntermediateEntry;toString()Ljava/lang/String;
Demoting record getter net/minecraft/util/ProblemReporter$RootFieldPathElement;get()Ljava/lang/String;
Promoting net/minecraft/util/valueproviders/ClampedInt;maxInclusive()I as record getter for maxInclusiveI
Promoting net/minecraft/util/valueproviders/ClampedInt;minInclusive()I as record getter for minInclusiveI
Demoting record getter net/minecraft/util/valueproviders/ConstantFloat;min()F
Demoting record getter net/minecraft/util/valueproviders/ConstantFloat;max()F
Demoting record getter net/minecraft/util/valueproviders/ConstantInt;minInclusive()I
Demoting record getter net/minecraft/util/valueproviders/ConstantInt;maxInclusive()I
Demoting record getter net/minecraft/world/item/ItemStackTemplate;typeHolder()Lnet/minecraft/core/Holder;
Demoting record getter net/minecraft/world/item/TooltipFlag$Default;isAdvanced()Z
Demoting record getter net/minecraft/world/item/TooltipFlag$Default;isCreative()Z
Promoting net/minecraft/world/item/alchemy/PotionContents;customEffects()Ljava/util/List; as record getter for customEffectsLjava/util/List;
Demoting record getter net/minecraft/world/level/SpawnData;getEntityToSpawn()Lnet/minecraft/nbt/CompoundTag;
Demoting record getter net/minecraft/world/level/SpawnData;getCustomSpawnRules()Ljava/util/Optional;
Demoting record getter net/minecraft/world/level/SpawnData;getEquipment()Ljava/util/Optional;
Promoting net/minecraft/world/level/block/entity/vault/VaultConfig;playerDetector()Lnet/minecraft/world/level/block/entity/trialspawner/PlayerDetector; as record getter for playerDetectorLnet/minecraft/world/level/block/entity/trialspawner/PlayerDetector;
Demoting record getter net/minecraft/world/level/chunk/Configuration$Simple;bitsInMemory()I
Demoting record getter net/minecraft/world/level/chunk/Configuration$Simple;bitsInStorage()I
Demoting record getter net/minecraft/world/level/gameevent/GameEvent;notificationRadius()I
Promoting net/minecraft/world/level/gameevent/GameEvent;notificationRadius()I as record getter for notificationRadiusI
Demoting record getter net/minecraft/world/level/gamerules/GameRuleCategory;getDescriptionId()Lnet/minecraft/resources/Identifier;
Demoting record getter net/minecraft/world/level/levelgen/DensityFunctions$MulOrAdd;input()Lnet/minecraft/world/level/levelgen/DensityFunction;
Demoting record getter net/minecraft/world/level/levelgen/NoiseGeneratorSettings;disableMobGeneration()Z
Promoting net/minecraft/world/level/levelgen/NoiseGeneratorSettings;disableMobGeneration()Z as record getter for disableMobGenerationZ
Read 11127 (7139) classes.
Populated subclass entries.
Joining MethodEntries...
Joined 19805 MethodEntries (0 unique, 11370 classes).
Joined 128 record fields.
Collecting additional information...
- Done. -
Loading remapping files...
Generating new mappings...
METHOD	net/minecraft/core/Vec3i	(Lnet/minecraft/core/Vec3i;)Z	differsHorizontally	method_1_8235
METHOD	net/minecraft/core/BlockPos	(Lnet/minecraft/core/BlockPos;IIII)Ljava/lang/Iterable;	manhattanOrdered	method_1_8236
METHOD	net/minecraft/core/BlockPos	(Lnet/minecraft/core/BlockPos;III)Ljava/lang/Iterable;	withinBoxByManhattanDistance	method_1_8237
METHOD	net/minecraft/core/BlockPos	(Lnet/minecraft/core/BlockPos;III)Ljava/lang/Iterable;	withinClippedManhattan	method_1_8238
METHOD	net/minecraft/core/BlockPos	(Lnet/minecraft/core/BlockPos;I)Ljava/lang/Iterable;	withinManhattan	method_1_8239
FIELD	net/minecraft/client/Options	Lnet/minecraft/network/chat/Component;	DEBUG_GUI_SCALE_TOOLTIP	field_1_8778
FIELD	net/minecraft/client/Options	I	DEBUG_GUI_SCALE_UNCHANGED	field_1_8779
FIELD	net/minecraft/client/Options	Lnet/minecraft/client/OptionInstance;	debugGuiScale	field_1_8780
METHOD	net/minecraft/client/Options	()Lnet/minecraft/client/OptionInstance;	debugGuiScale	method_1_8240
METHOD	net/minecraft/client/Options	(Ljava/lang/Boolean;)Lnet/minecraft/client/gui/components/Tooltip;	lambda$new$77	method_1_8241
METHOD	net/minecraft/client/Options	(Lnet/minecraft/network/chat/Component;Ljava/lang/Integer;)Lnet/minecraft/network/chat/Component;	lambda$new$92	method_1_8242
METHOD	net/minecraft/client/Options	()I	lambda$new$93	method_1_8243
METHOD	net/minecraft/client/Options	(Ljava/lang/Integer;)V	lambda$new$94	method_1_8244
FIELD	net/minecraft/tags/BlockTags	Lnet/minecraft/tags/TagKey;	CUSHION_USES_COLLISION_SHAPE	field_1_8781
METHOD	net/minecraft/world/item/Item$Properties	(Lnet/minecraft/resources/ResourceKey;)Lnet/minecraft/world/item/Item$Properties;	brewingFuel	method_1_8245
METHOD	net/minecraft/world/item/Item$Properties	(Lnet/minecraft/resources/ResourceKey;)Lnet/minecraft/world/item/Item$Properties;	cookingFuel	method_1_8246
METHOD	net/minecraft/world/item/Item$Properties	([Lnet/minecraft/resources/ResourceKey;Lnet/minecraft/core/HolderLookup$Provider;)Lnet/minecraft/world/item/component/MobVisibility;	lambda$loweredMobVisibility$0	method_1_8247
METHOD	net/minecraft/world/item/Item$Properties	([Lnet/minecraft/resources/ResourceKey;)Lnet/minecraft/world/item/Item$Properties;	loweredMobVisibility	method_1_8248
METHOD	net/minecraft/world/item/Item$Properties	()Lnet/minecraft/world/item/Item$Properties;	signText	method_1_8249
METHOD	net/minecraft/world/item/Item$Properties	(I)Lnet/minecraft/world/item/Item$Properties;	villagerFood	method_1_8250
FIELD	net/minecraft/client/Minecraft	Lcom/mojang/blaze3d/platform/SDLEventHandler;	sdlEventHandler	field_1_8782
METHOD	net/minecraft/world/item/Items	(Lnet/minecraft/world/item/Item$Properties;)Lnet/minecraft/world/item/Item$Properties;	lambda$static$0	method_1_8251
METHOD	net/minecraft/world/item/Items	(Lnet/minecraft/world/item/Item$Properties;)Lnet/minecraft/world/item/Item$Properties;	lambda$static$1	method_1_8252
METHOD	net/minecraft/world/item/Items	(Lnet/minecraft/world/item/Item$Properties;)Lnet/minecraft/world/item/Item$Properties;	lambda$static$10	method_1_8253
METHOD	net/minecraft/world/item/Items	(Lnet/minecraft/world/item/Item$Properties;)Lnet/minecraft/world/item/Item$Properties;	lambda$static$100	method_1_8254
METHOD	net/minecraft/world/item/Items	(Lnet/minecraft/world/item/Item$Properties;)Lnet/minecraft/world/item/Item$Properties;	lambda$static$101	method_1_8255
METHOD	net/minecraft/world/item/Items	(Lnet/minecraft/world/item/Item$Properties;)Lnet/minecraft/world/item/Item$Properties;	lambda$static$102	method_1_8256
METHOD	net/minecraft/world/item/Items	(Lnet/minecraft/world/item/Item$Properties;)Lnet/minecraft/world/item/Item$Properties;	lambda$static$103	method_1_8257
METHOD	net/minecraft/world/item/Items	(Lnet/minecraft/world/item/Item$Properties;)Lnet/minecraft/world/item/Item$Properties;	lambda$static$104	method_1_8258
METHOD	net/minecraft/world/item/Items	(Lnet/minecraft/world/item/Item$Properties;)Lnet/minecraft/world/item/Item$Properties;	lambda$static$105	method_1_8259
METHOD	net/minecraft/world/item/Items	(Lnet/minecraft/world/item/Item$Properties;)Lnet/minecraft/world/item/Item$Properties;	lambda$static$109	method_1_8260
METHOD	net/minecraft/world/item/Items	(Lnet/minecraft/world/item/Item$Properties;)Lnet/minecraft/world/item/Item$Properties;	lambda$static$11	method_1_8261
METHOD	net/minecraft/world/item/Items	(Lnet/minecraft/world/item/Item$Properties;)Lnet/minecraft/world/item/Item$Properties;	lambda$static$110	method_1_8262
METHOD	net/minecraft/world/item/Items	(Lnet/minecraft/world/item/Item$Properties;)Lnet/minecraft/world/item/Item$Properties;	lambda$static$111	method_1_8263
METHOD	net/minecraft/world/item/Items	(Lnet/minecraft/world/item/Item$Properties;)Lnet/minecraft/world/item/Item$Properties;	lambda$static$112	method_1_8264
METHOD	net/minecraft/world/item/Items	(Lnet/minecraft/world/item/Item$Properties;)Lnet/minecraft/world/item/Item$Properties;	lambda$static$113	method_1_8265
METHOD	net/minecraft/world/item/Items	(Lnet/minecraft/world/item/Item$Properties;)Lnet/minecraft/world/item/Item$Properties;	lambda$static$114	method_1_8266
METHOD	net/minecraft/world/item/Items	(Lnet/minecraft/world/item/Item$Properties;)Lnet/minecraft/world/item/Item$Properties;	lambda$static$115	method_1_8267
METHOD	net/minecraft/world/item/Items	(Lnet/minecraft/world/item/Item$Properties;)Lnet/minecraft/world/item/Item$Properties;	lambda$static$116	method_1_8268
METHOD	net/minecraft/world/item/Items	(Lnet/minecraft/world/item/Item$Properties;)Lnet/minecraft/world/item/Item$Properties;	lambda$static$117	method_1_8269
METHOD	net/minecraft/world/item/Items	(Lnet/minecraft/world/item/Item$Properties;)Lnet/minecraft/world/item/Item$Properties;	lambda$static$118	method_1_8270
METHOD	net/minecraft/world/item/Items	(Lnet/minecraft/world/item/Item$Properties;)Lnet/minecraft/world/item/Item$Properties;	lambda$static$119	method_1_8271
METHOD	net/minecraft/world/item/Items	(Lnet/minecraft/world/item/Item$Properties;)Lnet/minecraft/world/item/Item$Properties;	lambda$static$12	method_1_8272
METHOD	net/minecraft/world/item/Items	(Lnet/minecraft/world/item/Item$Properties;)Lnet/minecraft/world/item/Item$Properties;	lambda$static$120	method_1_8273
METHOD	net/minecraft/world/item/Items	(Lnet/minecraft/world/item/Item$Properties;)Lnet/minecraft/world/item/Item$Properties;	lambda$static$13	method_1_8274
METHOD	net/minecraft/world/item/Items	(Lnet/minecraft/world/item/Item$Properties;)Lnet/minecraft/world/item/Item$Properties;	lambda$static$14	method_1_8275
METHOD	net/minecraft/world/item/Items	(Lnet/minecraft/world/level/block/Block;Lnet/minecraft/world/item/Item$Properties;)Lnet/minecraft/world/item/Item;	lambda$static$142	method_1_8276
METHOD	net/minecraft/world/item/Items	(Lnet/minecraft/world/item/Item$Properties;)Lnet/minecraft/world/item/Item$Properties;	lambda$static$147	method_1_8277
METHOD	net/minecraft/world/item/Items	(Lnet/minecraft/world/item/Item$Properties;)Lnet/minecraft/world/item/Item$Properties;	lambda$static$148	method_1_8278
METHOD	net/minecraft/world/item/Items	(Lnet/minecraft/world/item/Item$Properties;)Lnet/minecraft/world/item/Item$Properties;	lambda$static$149	method_1_8279
METHOD	net/minecraft/world/item/Items	(Lnet/minecraft/world/item/Item$Properties;)Lnet/minecraft/world/item/Item$Properties;	lambda$static$15	method_1_8280
METHOD	net/minecraft/world/item/Items	(Lnet/minecraft/world/item/Item$Properties;)Lnet/minecraft/world/item/Item$Properties;	lambda$static$150	method_1_8281
METHOD	net/minecraft/world/item/Items	(Lnet/minecraft/world/item/Item$Properties;)Lnet/minecraft/world/item/Item$Properties;	lambda$static$151	method_1_8282
METHOD	net/minecraft/world/item/Items	(Lnet/minecraft/world/item/Item$Properties;)Lnet/minecraft/world/item/Item$Properties;	lambda$static$152	method_1_8283
METHOD	net/minecraft/world/item/Items	(Lnet/minecraft/world/item/Item$Properties;)Lnet/minecraft/world/item/Item$Properties;	lambda$static$153	method_1_8284
METHOD	net/minecraft/world/item/Items	(Lnet/minecraft/world/item/Item$Properties;)Lnet/minecraft/world/item/Item$Properties;	lambda$static$154	method_1_8285
METHOD	net/minecraft/world/item/Items	(Lnet/minecraft/world/item/Item$Properties;)Lnet/minecraft/world/item/Item$Properties;	lambda$static$155	method_1_8286
METHOD	net/minecraft/world/item/Items	(Lnet/minecraft/world/item/Item$Properties;)Lnet/minecraft/world/item/Item$Properties;	lambda$static$156	method_1_8287
METHOD	net/minecraft/world/item/Items	(Lnet/minecraft/world/item/Item$Properties;)Lnet/minecraft/world/item/Item$Properties;	lambda$static$157	method_1_8288
METHOD	net/minecraft/world/item/Items	(Lnet/minecraft/world/item/Item$Properties;)Lnet/minecraft/world/item/Item$Properties;	lambda$static$158	method_1_8289
METHOD	net/minecraft/world/item/Items	(Lnet/minecraft/world/item/Item$Properties;)Lnet/minecraft/world/item/Item$Properties;	lambda$static$159	method_1_8290
METHOD	net/minecraft/world/item/Items	(Lnet/minecraft/world/item/Item$Properties;)Lnet/minecraft/world/item/Item$Properties;	lambda$static$16	method_1_8291
METHOD	net/minecraft/world/item/Items	(Lnet/minecraft/world/item/Item$Properties;)Lnet/minecraft/world/item/Item$Properties;	lambda$static$160	method_1_8292
METHOD	net/minecraft/world/item/Items	(Lnet/minecraft/world/item/Item$Properties;)Lnet/minecraft/world/item/Item$Properties;	lambda$static$161	method_1_8293
METHOD	net/minecraft/world/item/Items	(Lnet/minecraft/world/item/Item$Properties;)Lnet/minecraft/world/item/Item$Properties;	lambda$static$162	method_1_8294
METHOD	net/minecraft/world/item/Items	(Lnet/minecraft/world/item/Item$Properties;)Lnet/minecraft/world/item/Item$Properties;	lambda$static$163	method_1_8295
METHOD	net/minecraft/world/item/Items	(Lnet/minecraft/world/item/Item$Properties;)Lnet/minecraft/world/item/Item$Properties;	lambda$static$164	method_1_8296
METHOD	net/minecraft/world/item/Items	(Lnet/minecraft/world/item/Item$Properties;)Lnet/minecraft/world/item/Item$Properties;	lambda$static$165	method_1_8297
METHOD	net/minecraft/world/item/Items	(Lnet/minecraft/world/item/Item$Properties;)Lnet/minecraft/world/item/Item$Properties;	lambda$static$166	method_1_8298
METHOD	net/minecraft/world/item/Items	(Lnet/minecraft/world/item/Item$Properties;)Lnet/minecraft/world/item/Item$Properties;	lambda$static$167	method_1_8299
METHOD	net/minecraft/world/item/Items	(Lnet/minecraft/world/item/Item$Properties;)Lnet/minecraft/world/item/Item$Properties;	lambda$static$168	method_1_8300
METHOD	net/minecraft/world/item/Items	(Lnet/minecraft/world/item/Item$Properties;)Lnet/minecraft/world/item/Item$Properties;	lambda$static$169	method_1_8301
METHOD	net/minecraft/world/item/Items	(Lnet/minecraft/world/item/Item$Properties;)Lnet/minecraft/world/item/Item$Properties;	lambda$static$17	method_1_8302
METHOD	net/minecraft/world/item/Items	(Lnet/minecraft/world/item/Item$Properties;)Lnet/minecraft/world/item/Item$Properties;	lambda$static$170	method_1_8303
METHOD	net/minecraft/world/item/Items	(Lnet/minecraft/world/item/Item$Properties;)Lnet/minecraft/world/item/Item$Properties;	lambda$static$171	method_1_8304
METHOD	net/minecraft/world/item/Items	(Lnet/minecraft/world/item/Item$Properties;)Lnet/minecraft/world/item/Item$Properties;	lambda$static$172	method_1_8305
METHOD	net/minecraft/world/item/Items	(Lnet/minecraft/world/level/block/Block;Lnet/minecraft/world/item/Item$Properties;)Lnet/minecraft/world/item/Item;	lambda$static$173	method_1_8306
METHOD	net/minecraft/world/item/Items	(Lnet/minecraft/world/level/block/Block;Lnet/minecraft/world/item/Item$Properties;)Lnet/minecraft/world/item/Item;	lambda$static$174	method_1_8307
METHOD	net/minecraft/world/item/Items	(Lnet/minecraft/world/level/block/Block;Lnet/minecraft/world/item/Item$Properties;)Lnet/minecraft/world/item/Item;	lambda$static$175	method_1_8308
METHOD	net/minecraft/world/item/Items	(Lnet/minecraft/world/level/block/Block;Lnet/minecraft/world/item/Item$Properties;)Lnet/minecraft/world/item/Item;	lambda$static$176	method_1_8309
METHOD	net/minecraft/world/item/Items	(Lnet/minecraft/world/level/block/Block;Lnet/minecraft/world/item/Item$Properties;)Lnet/minecraft/world/item/Item;	lambda$static$177	method_1_8310
METHOD	net/minecraft/world/item/Items	(Lnet/minecraft/world/level/block/Block;Lnet/minecraft/world/item/Item$Properties;)Lnet/minecraft/world/item/Item;	lambda$static$178	method_1_8311
METHOD	net/minecraft/world/item/Items	(Lnet/minecraft/world/level/block/Block;Lnet/minecraft/world/item/Item$Properties;)Lnet/minecraft/world/item/Item;	lambda$static$179	method_1_8312
METHOD	net/minecraft/world/item/Items	(Lnet/minecraft/world/item/Item$Properties;)Lnet/minecraft/world/item/Item$Properties;	lambda$static$18	method_1_8313
METHOD	net/minecraft/world/item/Items	(Lnet/minecraft/world/level/block/Block;Lnet/minecraft/world/item/Item$Properties;)Lnet/minecraft/world/item/Item;	lambda$static$180	method_1_8314
METHOD	net/minecraft/world/item/Items	(Lnet/minecraft/world/level/block/Block;Lnet/minecraft/world/item/Item$Properties;)Lnet/minecraft/world/item/Item;	lambda$static$181	method_1_8315
METHOD	net/minecraft/world/item/Items	(Lnet/minecraft/world/level/block/Block;Lnet/minecraft/world/item/Item$Properties;)Lnet/minecraft/world/item/Item;	lambda$static$182	method_1_8316
METHOD	net/minecraft/world/item/Items	(Lnet/minecraft/world/level/block/Block;Lnet/minecraft/world/item/Item$Properties;)Lnet/minecraft/world/item/Item;	lambda$static$183	method_1_8317
METHOD	net/minecraft/world/item/Items	(Lnet/minecraft/world/item/Item$Properties;)Lnet/minecraft/world/item/Item$Properties;	lambda$static$185	method_1_8318
METHOD	net/minecraft/world/item/Items	(Lnet/minecraft/world/item/Item$Properties;)Lnet/minecraft/world/item/Item$Properties;	lambda$static$186	method_1_8319
METHOD	net/minecraft/world/item/Items	(Lnet/minecraft/world/item/Item$Properties;)Lnet/minecraft/world/item/Item$Properties;	lambda$static$187	method_1_8320
METHOD	net/minecraft/world/item/Items	(Lnet/minecraft/world/item/Item$Properties;)Lnet/minecraft/world/item/Item$Properties;	lambda$static$188	method_1_8321
METHOD	net/minecraft/world/item/Items	(Lnet/minecraft/world/item/Item$Properties;)Lnet/minecraft/world/item/Item$Properties;	lambda$static$189	method_1_8322
METHOD	net/minecraft/world/item/Items	(Lnet/minecraft/world/item/Item$Properties;)Lnet/minecraft/world/item/Item$Properties;	lambda$static$19	method_1_8323
METHOD	net/minecraft/world/item/Items	(Lnet/minecraft/world/item/Item$Properties;)Lnet/minecraft/world/item/Item$Properties;	lambda$static$190	method_1_8324
METHOD	net/minecraft/world/item/Items	(Lnet/minecraft/world/item/Item$Properties;)Lnet/minecraft/world/item/Item$Properties;	lambda$static$191	method_1_8325
METHOD	net/minecraft/world/item/Items	(Lnet/minecraft/world/item/Item$Properties;)Lnet/minecraft/world/item/Item$Properties;	lambda$static$192	method_1_8326
METHOD	net/minecraft/world/item/Items	(Lnet/minecraft/world/item/Item$Properties;)Lnet/minecraft/world/item/Item$Properties;	lambda$static$193	method_1_8327
METHOD	net/minecraft/world/item/Items	(Lnet/minecraft/world/item/Item$Properties;)Lnet/minecraft/world/item/Item$Properties;	lambda$static$194	method_1_8328
METHOD	net/minecraft/world/item/Items	(Lnet/minecraft/world/item/Item$Properties;)Lnet/minecraft/world/item/Item$Properties;	lambda$static$195	method_1_8329
METHOD	net/minecraft/world/item/Items	(Lnet/minecraft/world/item/Item$Properties;)Lnet/minecraft/world/item/Item$Properties;	lambda$static$196	method_1_8330
METHOD	net/minecraft/world/item/Items	(Lnet/minecraft/world/item/Item$Properties;)Lnet/minecraft/world/item/Item$Properties;	lambda$static$197	method_1_8331
METHOD	net/minecraft/world/item/Items	(Lnet/minecraft/world/item/Item$Properties;)Lnet/minecraft/world/item/Item$Properties;	lambda$static$198	method_1_8332
METHOD	net/minecraft/world/item/Items	(Lnet/minecraft/world/item/Item$Properties;)Lnet/minecraft/world/item/Item$Properties;	lambda$static$199	method_1_8333
METHOD	net/minecraft/world/item/Items	(Lnet/minecraft/world/item/Item$Properties;)Lnet/minecraft/world/item/Item$Properties;	lambda$static$2	method_1_8334
METHOD	net/minecraft/world/item/Items	(Lnet/minecraft/world/item/Item$Properties;)Lnet/minecraft/world/item/Item$Properties;	lambda$static$20	method_1_8335
METHOD	net/minecraft/world/item/Items	(Lnet/minecraft/world/item/Item$Properties;)Lnet/minecraft/world/item/Item$Properties;	lambda$static$200	method_1_8336
METHOD	net/minecraft/world/item/Items	(Lnet/minecraft/world/item/Item$Properties;)Lnet/minecraft/world/item/Item$Properties;	lambda$static$201	method_1_8337
METHOD	net/minecraft/world/item/Items	(Lnet/minecraft/world/item/Item$Properties;)Lnet/minecraft/world/item/Item$Properties;	lambda$static$202	method_1_8338
METHOD	net/minecraft/world/item/Items	(Lnet/minecraft/world/item/Item$Properties;)Lnet/minecraft/world/item/Item$Properties;	lambda$static$203	method_1_8339
METHOD	net/minecraft/world/item/Items	(Lnet/minecraft/world/item/Item$Properties;)Lnet/minecraft/world/item/Item$Properties;	lambda$static$204	method_1_8340
METHOD	net/minecraft/world/item/Items	(Lnet/minecraft/world/item/Item$Properties;)Lnet/minecraft/world/item/Item$Properties;	lambda$static$205	method_1_8341
METHOD	net/minecraft/world/item/Items	(Lnet/minecraft/world/item/Item$Properties;)Lnet/minecraft/world/item/Item$Properties;	lambda$static$206	method_1_8342
METHOD	net/minecraft/world/item/Items	(Lnet/minecraft/world/item/Item$Properties;)Lnet/minecraft/world/item/Item$Properties;	lambda$static$21	method_1_8343
METHOD	net/minecraft/world/item/Items	(Lnet/minecraft/world/item/Item$Properties;)Lnet/minecraft/world/item/Item$Properties;	lambda$static$22	method_1_8344
METHOD	net/minecraft/world/item/Items	(Lnet/minecraft/world/item/Item$Properties;)Lnet/minecraft/world/item/Item$Properties;	lambda$static$23	method_1_8345
METHOD	net/minecraft/world/item/Items	(Lnet/minecraft/world/item/Item$Properties;)Lnet/minecraft/world/item/Item$Properties;	lambda$static$24	method_1_8346
METHOD	net/minecraft/world/item/Items	(Lnet/minecraft/world/item/Item$Properties;)Lnet/minecraft/world/item/Item$Properties;	lambda$static$25	method_1_8347
METHOD	net/minecraft/world/item/Items	(Lnet/minecraft/world/item/Item$Properties;)Lnet/minecraft/world/item/Item$Properties;	lambda$static$26	method_1_8348
METHOD	net/minecraft/world/item/Items	(Lnet/minecraft/world/item/Item$Properties;)Lnet/minecraft/world/item/Item$Properties;	lambda$static$27	method_1_8349
METHOD	net/minecraft/world/item/Items	(Lnet/minecraft/world/item/Item$Properties;)Lnet/minecraft/world/item/Item$Properties;	lambda$static$28	method_1_8350
METHOD	net/minecraft/world/item/Items	(Lnet/minecraft/world/item/Item$Properties;)Lnet/minecraft/world/item/Item$Properties;	lambda$static$29	method_1_8351
METHOD	net/minecraft/world/item/Items	(Lnet/minecraft/world/item/Item$Properties;)Lnet/minecraft/world/item/Item$Properties;	lambda$static$296	method_1_8352
METHOD	net/minecraft/world/item/Items	(Lnet/minecraft/world/item/Item$Properties;)Lnet/minecraft/world/item/Item$Properties;	lambda$static$3	method_1_8353
METHOD	net/minecraft/world/item/Items	(Lnet/minecraft/world/item/Item$Properties;)Lnet/minecraft/world/item/Item$Properties;	lambda$static$30	method_1_8354
METHOD	net/minecraft/world/item/Items	(Lnet/minecraft/world/item/Item$Properties;)Lnet/minecraft/world/item/Item$Properties;	lambda$static$308	method_1_8355
METHOD	net/minecraft/world/item/Items	(Lnet/minecraft/world/item/Item$Properties;)Lnet/minecraft/world/item/Item$Properties;	lambda$static$309	method_1_8356
METHOD	net/minecraft/world/item/Items	(Lnet/minecraft/world/item/Item$Properties;)Lnet/minecraft/world/item/Item$Properties;	lambda$static$31	method_1_8357
METHOD	net/minecraft/world/item/Items	(Lnet/minecraft/world/item/Item$Properties;)Lnet/minecraft/world/item/Item$Properties;	lambda$static$312	method_1_8358
METHOD	net/minecraft/world/item/Items	(Lnet/minecraft/world/item/Item$Properties;)Lnet/minecraft/world/item/Item$Properties;	lambda$static$313	method_1_8359
METHOD	net/minecraft/world/item/Items	(Lnet/minecraft/world/item/Item$Properties;)Lnet/minecraft/world/item/Item$Properties;	lambda$static$314	method_1_8360
METHOD	net/minecraft/world/item/Items	(Lnet/minecraft/world/item/Item$Properties;)Lnet/minecraft/world/item/Item$Properties;	lambda$static$32	method_1_8361
METHOD	net/minecraft/world/item/Items	(Lnet/minecraft/world/item/Item$Properties;)Lnet/minecraft/world/item/Item$Properties;	lambda$static$33	method_1_8362
METHOD	net/minecraft/world/item/Items	(Lnet/minecraft/world/item/Item$Properties;)Lnet/minecraft/world/item/Item$Properties;	lambda$static$34	method_1_8363
METHOD	net/minecraft/world/item/Items	(Lnet/minecraft/world/item/Item$Properties;)Lnet/minecraft/world/item/Item$Properties;	lambda$static$35	method_1_8364
METHOD	net/minecraft/world/item/Items	(Lnet/minecraft/world/item/Item$Properties;)Lnet/minecraft/world/item/Item$Properties;	lambda$static$36	method_1_8365
METHOD	net/minecraft/world/item/Items	(Lnet/minecraft/world/item/Item$Properties;)Lnet/minecraft/world/item/Item$Properties;	lambda$static$37	method_1_8366
METHOD	net/minecraft/world/item/Items	(Lnet/minecraft/world/item/Item$Properties;)Lnet/minecraft/world/item/Item$Properties;	lambda$static$38	method_1_8367
METHOD	net/minecraft/world/item/Items	(Lnet/minecraft/world/item/Item$Properties;)Lnet/minecraft/world/item/Item$Properties;	lambda$static$39	method_1_8368
METHOD	net/minecraft/world/item/Items	(Lnet/minecraft/world/item/Item$Properties;)Lnet/minecraft/world/item/Item$Properties;	lambda$static$4	method_1_8369
METHOD	net/minecraft/world/item/Items	(Lnet/minecraft/world/item/Item$Properties;)Lnet/minecraft/world/item/Item$Properties;	lambda$static$40	method_1_8370
METHOD	net/minecraft/world/item/Items	(Lnet/minecraft/world/item/Item$Properties;)Lnet/minecraft/world/item/Item$Properties;	lambda$static$41	method_1_8371
METHOD	net/minecraft/world/item/Items	(Lnet/minecraft/world/item/Item$Properties;)Lnet/minecraft/world/item/Item$Properties;	lambda$static$42	method_1_8372
METHOD	net/minecraft/world/item/Items	(Lnet/minecraft/world/item/Item$Properties;)Lnet/minecraft/world/item/Item$Properties;	lambda$static$43	method_1_8373
METHOD	net/minecraft/world/item/Items	(Lnet/minecraft/world/item/Item$Properties;)Lnet/minecraft/world/item/Item$Properties;	lambda$static$44	method_1_8374
METHOD	net/minecraft/world/item/Items	(Lnet/minecraft/world/item/Item$Properties;)Lnet/minecraft/world/item/Item$Properties;	lambda$static$45	method_1_8375
METHOD	net/minecraft/world/item/Items	(Lnet/minecraft/world/item/Item$Properties;)Lnet/minecraft/world/item/Item$Properties;	lambda$static$46	method_1_8376
METHOD	net/minecraft/world/item/Items	(Lnet/minecraft/world/item/Item$Properties;)Lnet/minecraft/world/item/Item$Properties;	lambda$static$47	method_1_8377
METHOD	net/minecraft/world/item/Items	(Lnet/minecraft/world/item/Item$Properties;)Lnet/minecraft/world/item/Item$Properties;	lambda$static$48	method_1_8378
METHOD	net/minecraft/world/item/Items	(Lnet/minecraft/world/item/Item$Properties;)Lnet/minecraft/world/item/Item$Properties;	lambda$static$49	method_1_8379
METHOD	net/minecraft/world/item/Items	(Lnet/minecraft/world/item/Item$Properties;)Lnet/minecraft/world/item/Item$Properties;	lambda$static$5	method_1_8380
METHOD	net/minecraft/world/item/Items	(Lnet/minecraft/world/item/Item$Properties;)Lnet/minecraft/world/item/Item$Properties;	lambda$static$50	method_1_8381
METHOD	net/minecraft/world/item/Items	(Lnet/minecraft/world/item/Item$Properties;)Lnet/minecraft/world/item/Item$Properties;	lambda$static$51	method_1_8382
METHOD	net/minecraft/world/item/Items	(Lnet/minecraft/world/item/Item$Properties;)Lnet/minecraft/world/item/Item$Properties;	lambda$static$52	method_1_8383
METHOD	net/minecraft/world/item/Items	(Lnet/minecraft/world/item/Item$Properties;)Lnet/minecraft/world/item/Item$Properties;	lambda$static$53	method_1_8384
METHOD	net/minecraft/world/item/Items	(Lnet/minecraft/world/item/Item$Properties;)Lnet/minecraft/world/item/Item$Properties;	lambda$static$54	method_1_8385
METHOD	net/minecraft/world/item/Items	(Lnet/minecraft/references/BlockItemId;Lnet/minecraft/world/level/block/Block;Lnet/minecraft/world/item/DyeColor;)Lnet/minecraft/world/item/Item;	lambda$static$55	method_1_8386
METHOD	net/minecraft/world/item/Items	(Lnet/minecraft/world/item/Item$Properties;)Lnet/minecraft/world/item/Item$Properties;	lambda$static$56	method_1_8387
METHOD	net/minecraft/world/item/Items	(Lnet/minecraft/references/BlockItemId;Lnet/minecraft/world/level/block/Block;Lnet/minecraft/world/item/DyeColor;)Lnet/minecraft/world/item/Item;	lambda$static$57	method_1_8388
METHOD	net/minecraft/world/item/Items	(Lnet/minecraft/world/item/Item$Properties;)Lnet/minecraft/world/item/Item$Properties;	lambda$static$58	method_1_8389
METHOD	net/minecraft/world/item/Items	(Lnet/minecraft/references/BlockItemId;Lnet/minecraft/world/level/block/Block;Lnet/minecraft/world/item/DyeColor;)Lnet/minecraft/world/item/Item;	lambda$static$59	method_1_8390
METHOD	net/minecraft/world/item/Items	(Lnet/minecraft/world/item/Item$Properties;)Lnet/minecraft/world/item/Item$Properties;	lambda$static$6	method_1_8391
METHOD	net/minecraft/world/item/Items	(Lnet/minecraft/world/item/Item$Properties;)Lnet/minecraft/world/item/Item$Properties;	lambda$static$60	method_1_8392
METHOD	net/minecraft/world/item/Items	(Lnet/minecraft/world/item/Item$Properties;)Lnet/minecraft/world/item/Item$Properties;	lambda$static$61	method_1_8393
METHOD	net/minecraft/world/item/Items	(Lnet/minecraft/world/item/Item$Properties;)Lnet/minecraft/world/item/Item$Properties;	lambda$static$62	method_1_8394
METHOD	net/minecraft/world/item/Items	(Lnet/minecraft/world/item/Item$Properties;)Lnet/minecraft/world/item/Item$Properties;	lambda$static$63	method_1_8395
METHOD	net/minecraft/world/item/Items	(Lnet/minecraft/world/item/Item$Properties;)Lnet/minecraft/world/item/Item$Properties;	lambda$static$64	method_1_8396
METHOD	net/minecraft/world/item/Items	(Lnet/minecraft/world/item/Item$Properties;)Lnet/minecraft/world/item/Item$Properties;	lambda$static$65	method_1_8397
METHOD	net/minecraft/world/item/Items	(Lnet/minecraft/world/item/Item$Properties;)Lnet/minecraft/world/item/Item$Properties;	lambda$static$66	method_1_8398
METHOD	net/minecraft/world/item/Items	(Lnet/minecraft/world/item/Item$Properties;)Lnet/minecraft/world/item/Item$Properties;	lambda$static$67	method_1_8399
METHOD	net/minecraft/world/item/Items	(Lnet/minecraft/world/item/Item$Properties;)Lnet/minecraft/world/item/Item$Properties;	lambda$static$68	method_1_8400
METHOD	net/minecraft/world/item/Items	(Lnet/minecraft/world/item/Item$Properties;)Lnet/minecraft/world/item/Item$Properties;	lambda$static$69	method_1_8401
METHOD	net/minecraft/world/item/Items	(Lnet/minecraft/world/item/Item$Properties;)Lnet/minecraft/world/item/Item$Properties;	lambda$static$7	method_1_8402
METHOD	net/minecraft/world/item/Items	(Lnet/minecraft/world/item/Item$Properties;)Lnet/minecraft/world/item/Item$Properties;	lambda$static$70	method_1_8403
METHOD	net/minecraft/world/item/Items	(Lnet/minecraft/world/item/Item$Properties;)Lnet/minecraft/world/item/Item$Properties;	lambda$static$71	method_1_8404
METHOD	net/minecraft/world/item/Items	(Lnet/minecraft/world/item/Item$Properties;)Lnet/minecraft/world/item/Item$Properties;	lambda$static$72	method_1_8405
METHOD	net/minecraft/world/item/Items	(Lnet/minecraft/world/item/Item$Properties;)Lnet/minecraft/world/item/Item$Properties;	lambda$static$73	method_1_8406
METHOD	net/minecraft/world/item/Items	(Lnet/minecraft/world/item/Item$Properties;)Lnet/minecraft/world/item/Item$Properties;	lambda$static$74	method_1_8407
METHOD	net/minecraft/world/item/Items	(Lnet/minecraft/world/item/Item$Properties;)Lnet/minecraft/world/item/Item$Properties;	lambda$static$75	method_1_8408
METHOD	net/minecraft/world/item/Items	(Lnet/minecraft/world/item/Item$Properties;)Lnet/minecraft/world/item/Item$Properties;	lambda$static$76	method_1_8409
METHOD	net/minecraft/world/item/Items	(Lnet/minecraft/world/item/Item$Properties;)Lnet/minecraft/world/item/Item$Properties;	lambda$static$77	method_1_8410
METHOD	net/minecraft/world/item/Items	(Lnet/minecraft/world/item/Item$Properties;)Lnet/minecraft/world/item/Item$Properties;	lambda$static$79	method_1_8411
METHOD	net/minecraft/world/item/Items	(Lnet/minecraft/world/item/Item$Properties;)Lnet/minecraft/world/item/Item$Properties;	lambda$static$8	method_1_8412
METHOD	net/minecraft/world/item/Items	(Lnet/minecraft/world/item/Item$Properties;)Lnet/minecraft/world/item/Item$Properties;	lambda$static$80	method_1_8413
METHOD	net/minecraft/world/item/Items	(Lnet/minecraft/world/item/Item$Properties;)Lnet/minecraft/world/item/Item$Properties;	lambda$static$81	method_1_8414
METHOD	net/minecraft/world/item/Items	(Lnet/minecraft/world/item/Item$Properties;)Lnet/minecraft/world/item/Item$Properties;	lambda$static$82	method_1_8415
METHOD	net/minecraft/world/item/Items	(Lnet/minecraft/world/item/Item$Properties;)Lnet/minecraft/world/item/Item$Properties;	lambda$static$83	method_1_8416
METHOD	net/minecraft/world/item/Items	(Lnet/minecraft/world/item/Item$Properties;)Lnet/minecraft/world/item/Item$Properties;	lambda$static$84	method_1_8417
METHOD	net/minecraft/world/item/Items	(Lnet/minecraft/world/item/Item$Properties;)Lnet/minecraft/world/item/Item$Properties;	lambda$static$85	method_1_8418
METHOD	net/minecraft/world/item/Items	(Lnet/minecraft/world/item/Item$Properties;)Lnet/minecraft/world/item/Item$Properties;	lambda$static$87	method_1_8419
METHOD	net/minecraft/world/item/Items	(Lnet/minecraft/world/item/Item$Properties;)Lnet/minecraft/world/item/Item$Properties;	lambda$static$88	method_1_8420
METHOD	net/minecraft/world/item/Items	(Lnet/minecraft/world/item/Item$Properties;)Lnet/minecraft/world/item/Item$Properties;	lambda$static$9	method_1_8421
METHOD	net/minecraft/world/item/Items	(Lnet/minecraft/world/item/Item$Properties;)Lnet/minecraft/world/item/Item$Properties;	lambda$static$90	method_1_8422
METHOD	net/minecraft/world/item/Items	(Lnet/minecraft/world/item/Item$Properties;)Lnet/minecraft/world/item/Item$Properties;	lambda$static$91	method_1_8423
METHOD	net/minecraft/world/item/Items	(Lnet/minecraft/world/item/Item$Properties;)Lnet/minecraft/world/item/Item$Properties;	lambda$static$93	method_1_8424
METHOD	net/minecraft/world/item/Items	(Lnet/minecraft/world/item/Item$Properties;)Lnet/minecraft/world/item/Item$Properties;	lambda$static$94	method_1_8425
METHOD	net/minecraft/world/item/Items	(Lnet/minecraft/world/item/Item$Properties;)Lnet/minecraft/world/item/Item$Properties;	lambda$static$95	method_1_8426
METHOD	net/minecraft/world/item/Items	(Lnet/minecraft/world/item/Item$Properties;)Lnet/minecraft/world/item/Item$Properties;	lambda$static$96	method_1_8427
METHOD	net/minecraft/world/item/Items	(Lnet/minecraft/world/item/Item$Properties;)Lnet/minecraft/world/item/Item$Properties;	lambda$static$97	method_1_8428
METHOD	net/minecraft/world/item/Items	(Lnet/minecraft/world/item/Item$Properties;)Lnet/minecraft/world/item/Item$Properties;	lambda$static$98	method_1_8429
METHOD	net/minecraft/world/item/Items	(Lnet/minecraft/world/item/Item$Properties;)Lnet/minecraft/world/item/Item$Properties;	lambda$static$99	method_1_8430
FIELD	net/minecraft/world/entity/Entity	Ljava/util/Set;	FLUIDS_WITH_CURRENT	field_1_8783
METHOD	net/minecraft/world/entity/Entity	(FF)Lorg/joml/Quaternionf;	calculateViewQuaternion	method_1_8431
METHOD	net/minecraft/world/entity/Entity	()Lorg/joml/Quaternionf;	getLookQuaternion	method_1_8432
METHOD	net/minecraft/world/entity/Entity	(Lnet/minecraft/server/level/ServerLevel;Lnet/minecraft/world/level/portal/TeleportTransition;)V	teleportToPortalDestination	method_1_8433
FIELD	com/mojang/blaze3d/platform/Window	I	MIN_WINDOW_HEIGHT	field_1_8784
FIELD	com/mojang/blaze3d/platform/Window	I	MIN_WINDOW_WIDTH	field_1_8785
FIELD	com/mojang/blaze3d/platform/Window	Ljava/lang/Runnable;	closeCallback	field_1_8786
METHOD	com/mojang/blaze3d/platform/Window	(Lorg/lwjgl/sdl/SDL_Surface;Lnet/minecraft/server/packs/resources/IoSupplier;)V	addAlternateIcon	method_1_8434
METHOD	com/mojang/blaze3d/platform/Window	(I)I	allowedWindowMinSize	method_1_8435
METHOD	com/mojang/blaze3d/platform/Window	()Z	applyBorderlessFullscreen	method_1_8436
METHOD	com/mojang/blaze3d/platform/Window	()Z	applyFullscreen	method_1_8437
METHOD	com/mojang/blaze3d/platform/Window	()Z	applyFullscreenMode	method_1_8438
METHOD	com/mojang/blaze3d/platform/Window	()Z	applyWindowed	method_1_8439
METHOD	com/mojang/blaze3d/platform/Window	(Lcom/mojang/blaze3d/platform/NativeImage;)Lorg/lwjgl/sdl/SDL_Surface;	createIconSurface	method_1_8440
METHOD	com/mojang/blaze3d/platform/Window	()Lorg/lwjgl/sdl/SDL_DisplayMode;	getActiveDisplayMode	method_1_8441
METHOD	com/mojang/blaze3d/platform/Window	()Lcom/mojang/blaze3d/platform/VideoMode;	getActiveVideoMode	method_1_8442
METHOD	com/mojang/blaze3d/platform/Window	()Ljava/lang/String;	getErrorSection	method_1_8443
METHOD	com/mojang/blaze3d/platform/Window	()F	getPixelDensity	method_1_8444
METHOD	com/mojang/blaze3d/platform/Window	(Lorg/lwjgl/sdl/SDL_Event;)V	handleEvent	method_1_8445
METHOD	com/mojang/blaze3d/platform/Window	()Z	isRuntimeExclusiveFullscreen	method_1_8446
METHOD	com/mojang/blaze3d/platform/Window	()Z	isWindowFullscreen	method_1_8447
METHOD	com/mojang/blaze3d/platform/Window	(Z)V	onFullscreenChanged	method_1_8448
METHOD	com/mojang/blaze3d/platform/Window	()Lcom/mojang/blaze3d/platform/Window$FramebufferSize;	queryFramebufferSize	method_1_8449
METHOD	com/mojang/blaze3d/platform/Window	()V	requestClose	method_1_8450
METHOD	com/mojang/blaze3d/platform/Window	(Z)V	setExclusiveFullscreen	method_1_8451
METHOD	com/mojang/blaze3d/platform/Window	(Z)V	setFullscreen	method_1_8452
METHOD	com/mojang/blaze3d/platform/Window	(Ljava/util/List;)V	setIcon	method_1_8453
METHOD	com/mojang/blaze3d/platform/Window	(II)V	setWindowMaxSize	method_1_8454
METHOD	com/mojang/blaze3d/platform/Window	()V	show	method_1_8455
FIELD	com/mojang/blaze3d/platform/Window$1	[I	$SwitchMap$net$minecraft$util$Util$OS	field_1_8787
CLASS	com/mojang/blaze3d/platform/Window$FramebufferSize	class_1_1301
FIELD	com/mojang/blaze3d/platform/Window$FramebufferSize	I	height	comp_1_1349
FIELD	com/mojang/blaze3d/platform/Window$FramebufferSize	I	width	comp_1_1350
CLASS	net/minecraft/util/ProblemReporter$CollectionReferencePathElement	class_1_1302
FIELD	net/minecraft/util/ProblemReporter$CollectionReferencePathElement	Lnet/minecraft/tags/TagKey;	id	comp_1_1351
METHOD	net/minecraft/world/item/ItemStack	(Lnet/minecraft/core/component/DataComponentType;Lnet/minecraft/world/item/Item$TooltipContext;Lnet/minecraft/world/item/component/TooltipDisplay;Ljava/util/function/Consumer;Lnet/minecraft/world/item/TooltipFlag;)V	addToTooltip	method_1_8456
METHOD	net/minecraft/world/item/ItemStack	(Lnet/minecraft/world/item/component/TooltipProvider;)Lnet/minecraft/world/item/component/TooltipProvider;	lambda$addToTooltip$0	method_1_8457
FIELD	com/mojang/blaze3d/platform/Monitor	I	id	comp_1_1352
METHOD	com/mojang/blaze3d/platform/Monitor	()Lcom/mojang/blaze3d/platform/VideoMode;	getPreferredVideoMode	method_1_8458
CLASS	com/mojang/blaze3d/platform/SdlDebug	class_1_1303
FIELD	com/mojang/blaze3d/platform/SdlDebug	Lorg/lwjgl/sdl/SDL_LogOutputFunction;	CALLBACK	field_1_8788
FIELD	com/mojang/blaze3d/platform/SdlDebug	Ljava/util/HexFormat;	HEX_FORMAT	field_1_8789
FIELD	com/mojang/blaze3d/platform/SdlDebug	Lorg/slf4j/Logger;	LOGGER	field_1_8790
METHOD	com/mojang/blaze3d/platform/SdlDebug	(I)Ljava/lang/String;	categoryToString	method_1_8459
METHOD	com/mojang/blaze3d/platform/SdlDebug	()V	init	method_1_8460
METHOD	com/mojang/blaze3d/platform/SdlDebug	(JIIJ)V	onLogMessage	method_1_8461
METHOD	com/mojang/blaze3d/platform/SdlDebug	(I)Ljava/lang/String;	printUnknownToken	method_1_8462
METHOD	net/minecraft/client/KeyboardHandler	(JLjava/lang/String;)V	textInput	method_1_8463
FIELD	net/minecraft/world/item/CushionItem	D	COLLISION_SHAPE_RAYCAST_EPSILON	field_1_8791
METHOD	net/minecraft/world/item/CushionItem	(Lnet/minecraft/world/item/context/UseOnContext;)Lnet/minecraft/world/item/context/UseOnContext;	recalculateContextForSpecialCollisionShapes	method_1_8464
FIELD	com/mojang/blaze3d/platform/VideoMode	Lcom/mojang/serialization/Codec;	CODEC	field_1_8792
FIELD	com/mojang/blaze3d/platform/VideoMode	Lcom/google/gson/Gson;	GSON	field_1_8793
FIELD	com/mojang/blaze3d/platform/VideoMode	Lorg/slf4j/Logger;	LOGGER	field_1_8794
METHOD	com/mojang/blaze3d/platform/VideoMode	(Ljava/lang/String;Ljava/lang/String;)V	lambda$read$0	method_1_8465
METHOD	com/mojang/blaze3d/platform/VideoMode	(Lcom/mojang/serialization/codecs/RecordCodecBuilder$Instance;)Lcom/mojang/datafixers/kinds/App;	lambda$static$0	method_1_8466
METHOD	com/mojang/blaze3d/platform/VideoMode	()Ljava/lang/String;	refreshRateLabel	method_1_8467
CLASS	net/minecraft/world/food/VillagerFood	class_1_1304
FIELD	net/minecraft/world/food/VillagerFood	Lcom/mojang/serialization/Codec;	CODEC	field_1_8795
FIELD	net/minecraft/world/food/VillagerFood	Lnet/minecraft/network/codec/StreamCodec;	STREAM_CODEC	field_1_8796
FIELD	net/minecraft/world/food/VillagerFood	I	nutrition	comp_1_1353
METHOD	net/minecraft/world/food/VillagerFood	(Lcom/mojang/serialization/codecs/RecordCodecBuilder$Instance;)Lcom/mojang/datafixers/kinds/App;	lambda$static$0	method_1_8468
METHOD	net/minecraft/world/level/LevelReader	(Ljava/lang/Iterable;)Lnet/minecraft/world/level/blockscan/OrderedBlockMatcher;	findBlocksIn	method_1_8469
METHOD	net/minecraft/world/level/LevelReader	(Lnet/minecraft/core/BlockPos;I)Lnet/minecraft/world/level/blockscan/OrderedBlockMatcher;	findBlocksInBoxByManhattanDistance	method_1_8470
METHOD	net/minecraft/world/level/LevelReader	(Lnet/minecraft/core/BlockPos;II)Lnet/minecraft/world/level/blockscan/OrderedBlockMatcher;	findBlocksInBoxByManhattanDistance	method_1_8471
METHOD	net/minecraft/world/level/LevelReader	(Lnet/minecraft/core/BlockPos;I)Lnet/minecraft/world/level/blockscan/OrderedBlockMatcher;	findBlocksInManhattan	method_1_8472
FIELD	net/minecraft/client/input/InputQuirks	Z	SHIFT_INVERTS_SCROLL_AXIS	field_1_8797
METHOD	net/minecraft/resources/HolderSetCodec	(Lcom/mojang/serialization/DynamicOps;Lnet/minecraft/tags/TagKey;)Lcom/mojang/serialization/DataResult;	lambda$decode$1	method_1_8473
METHOD	net/minecraft/resources/HolderSetCodec	()Ljava/lang/String;	lambda$decode$2	method_1_8474
METHOD	net/minecraft/resources/HolderSetCodec	()Ljava/lang/String;	lambda$decode$3	method_1_8475
METHOD	net/minecraft/resources/HolderSetCodec	(Lnet/minecraft/core/HolderSet$Named;)Ljava/lang/String;	lambda$encode$0	method_1_8476
METHOD	net/minecraft/resources/HolderSetCodec	()Ljava/lang/String;	lambda$encode$1	method_1_8477
field_28859 is now field_1_8798
METHOD	net/minecraft/server/level/ServerLevel	(Lnet/minecraft/core/HolderSet;Lnet/minecraft/core/BlockPos;IZ)Lnet/minecraft/core/BlockPos;	findNearestMapStructure	method_1_8478
METHOD	net/minecraft/util/random/WeightedList$Builder	(Lnet/minecraft/util/random/WeightedList;)Lnet/minecraft/util/random/WeightedList$Builder;	addAll	method_1_8479
CLASS	net/minecraft/world/entity/EntityEvent$Value	class_1_1305
CLASS	com/mojang/blaze3d/platform/TextureUtil	class_1_1306
FIELD	com/mojang/blaze3d/platform/TextureUtil	I	DEFAULT_IMAGE_BUFFER_SIZE	field_1_8799
FIELD	com/mojang/blaze3d/platform/TextureUtil	[[I	DIRECTIONS	field_1_8800
FIELD	com/mojang/blaze3d/platform/TextureUtil	Lorg/slf4j/Logger;	LOGGER	field_1_8801
FIELD	com/mojang/blaze3d/platform/TextureUtil	I	MIN_MIPMAP_LEVEL	field_1_8802
METHOD	com/mojang/blaze3d/platform/TextureUtil	(Lcom/mojang/blaze3d/platform/NativeImage;)V	fillEmptyAreasWithDarkColor	method_1_8480
METHOD	com/mojang/blaze3d/platform/TextureUtil	()Ljava/nio/file/Path;	getDebugTexturePath	method_1_8481
METHOD	com/mojang/blaze3d/platform/TextureUtil	(Ljava/nio/file/Path;)Ljava/nio/file/Path;	getDebugTexturePath	method_1_8482
METHOD	com/mojang/blaze3d/platform/TextureUtil	()Ljava/lang/String;	lambda$writeAsPNG$0	method_1_8483
METHOD	com/mojang/blaze3d/platform/TextureUtil	(Lcom/mojang/renderpearl/api/buffers/GpuBuffer;ILcom/mojang/renderpearl/api/textures/GpuTexture;Ljava/util/function/IntUnaryOperator;Ljava/nio/file/Path;Ljava/lang/String;)V	lambda$writeAsPNG$1	method_1_8484
METHOD	com/mojang/blaze3d/platform/TextureUtil	(Ljava/util/concurrent/atomic/AtomicInteger;ILjava/lang/Runnable;)V	lambda$writeAsPNG$2	method_1_8485
METHOD	com/mojang/blaze3d/platform/TextureUtil	(III)I	pack	method_1_8486
METHOD	com/mojang/blaze3d/platform/TextureUtil	(Ljava/io/InputStream;)Ljava/nio/ByteBuffer;	readResource	method_1_8487
METHOD	com/mojang/blaze3d/platform/TextureUtil	(Ljava/nio/channels/ReadableByteChannel;I)Ljava/nio/ByteBuffer;	readResource	method_1_8488
METHOD	com/mojang/blaze3d/platform/TextureUtil	(Lcom/mojang/blaze3d/platform/NativeImage;)V	solidify	method_1_8489
METHOD	com/mojang/blaze3d/platform/TextureUtil	(Ljava/nio/file/Path;Ljava/lang/String;Lcom/mojang/renderpearl/api/textures/GpuTexture;ILjava/util/function/IntUnaryOperator;)V	writeAsPNG	method_1_8490
METHOD	com/mojang/blaze3d/platform/TextureUtil	(II)I	x	method_1_8491
METHOD	com/mojang/blaze3d/platform/TextureUtil	(II)I	y	method_1_8492
CLASS	com/mojang/blaze3d/systems/RenderSystem	class_1_1307
FIELD	com/mojang/blaze3d/systems/RenderSystem	Lcom/mojang/renderpearl/api/device/GpuBackend;	BACKEND	field_1_8803
FIELD	com/mojang/blaze3d/systems/RenderSystem	D	DEFAULT_DEPTH_CLEAR_VALUE	field_1_8804
FIELD	com/mojang/blaze3d/systems/RenderSystem	Lcom/mojang/renderpearl/api/device/GpuDevice;	DEVICE	field_1_8805
FIELD	com/mojang/blaze3d/systems/RenderSystem	Lorg/slf4j/Logger;	LOGGER	field_1_8806
FIELD	com/mojang/blaze3d/systems/RenderSystem	I	MINIMUM_ATLAS_TEXTURE_SIZE	field_1_8807
FIELD	com/mojang/blaze3d/systems/RenderSystem	Lnet/minecraft/util/ArrayListDeque;	PENDING_FENCES	field_1_8808
FIELD	com/mojang/blaze3d/systems/RenderSystem	I	PROJECTION_MATRIX_UBO_SIZE	field_1_8809
FIELD	com/mojang/blaze3d/systems/RenderSystem	Lcom/mojang/blaze3d/pipeline/PipelineCache;	currentPipelineCache	field_1_8810
FIELD	com/mojang/blaze3d/systems/RenderSystem	Lnet/minecraft/client/renderer/DynamicUniforms;	dynamicUniforms	field_1_8811
FIELD	com/mojang/blaze3d/systems/RenderSystem	Lcom/mojang/blaze3d/pipeline/PipelineCache;	fallbackPipelineCache	field_1_8812
FIELD	com/mojang/blaze3d/systems/RenderSystem	Lcom/mojang/renderpearl/api/buffers/GpuBuffer;	globalSettingsUniform	field_1_8813
FIELD	com/mojang/blaze3d/systems/RenderSystem	Z	isRenderingLevel	field_1_8814
FIELD	com/mojang/blaze3d/systems/RenderSystem	Lorg/joml/Matrix4fStack;	modelViewStack	field_1_8815
FIELD	com/mojang/blaze3d/systems/RenderSystem	Ljava/util/concurrent/atomic/AtomicLong;	pollEventsWaitStart	field_1_8816
FIELD	com/mojang/blaze3d/systems/RenderSystem	Ljava/util/concurrent/atomic/AtomicBoolean;	pollingEvents	field_1_8817
FIELD	com/mojang/blaze3d/systems/RenderSystem	Lcom/mojang/renderpearl/api/buffers/GpuBufferSlice;	projectionMatrixBuffer	field_1_8818
FIELD	com/mojang/blaze3d/systems/RenderSystem	Lcom/mojang/blaze3d/ProjectionType;	projectionType	field_1_8819
FIELD	com/mojang/blaze3d/systems/RenderSystem	Ljava/lang/Thread;	renderThread	field_1_8820
FIELD	com/mojang/blaze3d/systems/RenderSystem	Lcom/mojang/blaze3d/systems/SamplerCache;	samplerCache	field_1_8821
FIELD	com/mojang/blaze3d/systems/RenderSystem	Lcom/mojang/renderpearl/api/buffers/GpuBufferSlice;	savedProjectionMatrixBuffer	field_1_8822
FIELD	com/mojang/blaze3d/systems/RenderSystem	Lcom/mojang/blaze3d/ProjectionType;	savedProjectionType	field_1_8823
FIELD	com/mojang/blaze3d/systems/RenderSystem	Lcom/mojang/blaze3d/systems/ScissorState;	scissorStateForRenderTypeDraws	field_1_8824
FIELD	com/mojang/blaze3d/systems/RenderSystem	Lcom/mojang/renderpearl/api/buffers/GpuBufferSlice;	shaderFog	field_1_8825
FIELD	com/mojang/blaze3d/systems/RenderSystem	Lcom/mojang/renderpearl/api/buffers/GpuBufferSlice;	shaderLightDirections	field_1_8826
FIELD	com/mojang/blaze3d/systems/RenderSystem	Lcom/mojang/blaze3d/systems/RenderSystem$AutoStorageIndexBuffer;	sharedSequential	field_1_8827
FIELD	com/mojang/blaze3d/systems/RenderSystem	Lcom/mojang/blaze3d/systems/RenderSystem$AutoStorageIndexBuffer;	sharedSequentialLines	field_1_8828
FIELD	com/mojang/blaze3d/systems/RenderSystem	Lcom/mojang/blaze3d/systems/RenderSystem$AutoStorageIndexBuffer;	sharedSequentialQuad	field_1_8829
METHOD	com/mojang/blaze3d/systems/RenderSystem	()V	assertOnRenderThread	method_1_8493
METHOD	com/mojang/blaze3d/systems/RenderSystem	()V	backupProjectionMatrix	method_1_8494
METHOD	com/mojang/blaze3d/systems/RenderSystem	(Lcom/mojang/renderpearl/api/commands/RenderPass;)V	bindDefaultUniforms	method_1_8495
METHOD	com/mojang/blaze3d/systems/RenderSystem	()Ljava/lang/IllegalStateException;	constructThreadException	method_1_8496
METHOD	com/mojang/blaze3d/systems/RenderSystem	()V	disableScissorForRenderTypeDraws	method_1_8497
METHOD	com/mojang/blaze3d/systems/RenderSystem	(IIII)V	enableScissorForRenderTypeDraws	method_1_8498
METHOD	com/mojang/blaze3d/systems/RenderSystem	()V	executePendingTasks	method_1_8499
METHOD	com/mojang/blaze3d/systems/RenderSystem	()Ljava/lang/String;	getBackendDescription	method_1_8500
METHOD	com/mojang/blaze3d/systems/RenderSystem	(Lcom/mojang/renderpearl/api/pipeline/RenderPipeline;)Lcom/mojang/renderpearl/api/pipeline/CompiledRenderPipeline;	getCompiledPipeline	method_1_8501
METHOD	com/mojang/blaze3d/systems/RenderSystem	(Lcom/mojang/renderpearl/api/pipeline/RenderPipeline;)Lcom/mojang/renderpearl/api/pipeline/CompiledRenderPipeline;	getCompiledPipelineNullable	method_1_8502
METHOD	com/mojang/blaze3d/systems/RenderSystem	()Lcom/mojang/renderpearl/api/device/GpuDevice;	getDevice	method_1_8503
METHOD	com/mojang/blaze3d/systems/RenderSystem	()Lnet/minecraft/client/renderer/DynamicUniforms;	getDynamicUniforms	method_1_8504
METHOD	com/mojang/blaze3d/systems/RenderSystem	()Lcom/mojang/renderpearl/api/buffers/GpuBuffer;	getGlobalSettingsUniform	method_1_8505
METHOD	com/mojang/blaze3d/systems/RenderSystem	()Lorg/joml/Matrix4f;	getModelViewMatrixCopy	method_1_8506
METHOD	com/mojang/blaze3d/systems/RenderSystem	()Lorg/joml/Matrix4fStack;	getModelViewStack	method_1_8507
METHOD	com/mojang/blaze3d/systems/RenderSystem	()Lcom/mojang/renderpearl/api/buffers/GpuBufferSlice;	getProjectionMatrixBuffer	method_1_8508
METHOD	com/mojang/blaze3d/systems/RenderSystem	()Lcom/mojang/blaze3d/ProjectionType;	getProjectionType	method_1_8509
METHOD	com/mojang/blaze3d/systems/RenderSystem	()Lcom/mojang/blaze3d/systems/SamplerCache;	getSamplerCache	method_1_8510
METHOD	com/mojang/blaze3d/systems/RenderSystem	()Lcom/mojang/blaze3d/systems/ScissorState;	getScissorStateForRenderTypeDraws	method_1_8511
METHOD	com/mojang/blaze3d/systems/RenderSystem	(Lcom/mojang/renderpearl/api/pipeline/PrimitiveTopology;)Lcom/mojang/blaze3d/systems/RenderSystem$AutoStorageIndexBuffer;	getSequentialBuffer	method_1_8512
METHOD	com/mojang/blaze3d/systems/RenderSystem	()Lcom/mojang/renderpearl/api/buffers/GpuBufferSlice;	getShaderFog	method_1_8513
METHOD	com/mojang/blaze3d/systems/RenderSystem	()Lcom/mojang/renderpearl/api/buffers/GpuBufferSlice;	getShaderLights	method_1_8514
METHOD	com/mojang/blaze3d/systems/RenderSystem	()Lnet/minecraft/util/TimeSource$NanoTimeSource;	initBackendSystem	method_1_8515
METHOD	com/mojang/blaze3d/systems/RenderSystem	()V	initRenderThread	method_1_8516
METHOD	com/mojang/blaze3d/systems/RenderSystem	(Lcom/mojang/renderpearl/api/device/GpuDevice;)V	initRenderer	method_1_8517
METHOD	com/mojang/blaze3d/systems/RenderSystem	()Z	isFrozenAtPollEvents	method_1_8518
METHOD	com/mojang/blaze3d/systems/RenderSystem	()Z	isOnRenderThread	method_1_8519
METHOD	com/mojang/blaze3d/systems/RenderSystem	(Lit/unimi/dsi/fastutil/ints/IntConsumer;I)V	lambda$static$0	method_1_8520
METHOD	com/mojang/blaze3d/systems/RenderSystem	(Lit/unimi/dsi/fastutil/ints/IntConsumer;I)V	lambda$static$1	method_1_8521
METHOD	com/mojang/blaze3d/systems/RenderSystem	(Lcom/mojang/blaze3d/platform/SDLEventHandler;)V	pollEvents	method_1_8522
METHOD	com/mojang/blaze3d/systems/RenderSystem	(Lcom/mojang/blaze3d/platform/SDLEventHandler;)V	pumpEvents	method_1_8523
METHOD	com/mojang/blaze3d/systems/RenderSystem	(Ljava/lang/Runnable;)V	queueFencedTask	method_1_8524
METHOD	com/mojang/blaze3d/systems/RenderSystem	()V	resizeAllAutoStorageIndexBuffers	method_1_8525
METHOD	com/mojang/blaze3d/systems/RenderSystem	()V	restoreProjectionMatrix	method_1_8526
METHOD	com/mojang/blaze3d/systems/RenderSystem	(Lcom/mojang/blaze3d/pipeline/PipelineCache;)Lcom/mojang/blaze3d/pipeline/PipelineCache;	setCurrentPipelineCache	method_1_8527
METHOD	com/mojang/blaze3d/systems/RenderSystem	(Lcom/mojang/blaze3d/pipeline/PipelineCache;)V	setFallbackPipelineCache	method_1_8528
METHOD	com/mojang/blaze3d/systems/RenderSystem	(Lcom/mojang/renderpearl/api/buffers/GpuBuffer;)V	setGlobalSettingsUniform	method_1_8529
METHOD	com/mojang/blaze3d/systems/RenderSystem	(Lcom/mojang/renderpearl/api/buffers/GpuBufferSlice;Lcom/mojang/blaze3d/ProjectionType;)V	setProjectionMatrix	method_1_8530
METHOD	com/mojang/blaze3d/systems/RenderSystem	(Lcom/mojang/renderpearl/api/buffers/GpuBufferSlice;)V	setShaderFog	method_1_8531
METHOD	com/mojang/blaze3d/systems/RenderSystem	(Lcom/mojang/renderpearl/api/buffers/GpuBufferSlice;)V	setShaderLights	method_1_8532
METHOD	com/mojang/blaze3d/systems/RenderSystem	()V	setupDefaultState	method_1_8533
METHOD	com/mojang/blaze3d/systems/RenderSystem	()V	shutdownRenderer	method_1_8534
METHOD	com/mojang/blaze3d/systems/RenderSystem	(Lcom/mojang/renderpearl/api/device/GpuBackend;)V	trackBackendLibraryForShutdown	method_1_8535
METHOD	com/mojang/blaze3d/systems/RenderSystem	()Lcom/mojang/renderpearl/api/device/GpuDevice;	tryGetDevice	method_1_8536
METHOD	com/mojang/blaze3d/systems/RenderSystem	()V	unloadTrackedBackendLibrary	method_1_8537
METHOD	net/minecraft/client/input/PreeditEvent	(Ljava/lang/String;II)Lnet/minecraft/client/input/PreeditEvent;	fromSdlTextEditing	method_1_8538
FIELD	net/minecraft/client/renderer/PostChain	Lnet/minecraft/resources/Identifier;	id	field_1_8830
METHOD	net/minecraft/client/renderer/PostChain	()Lnet/minecraft/resources/Identifier;	id	method_1_8539
field_28860 is now field_1_8831
field_28862 is now field_1_8832
CLASS	com/mojang/blaze3d/buffers/Std140Builder	class_1_1308
FIELD	com/mojang/blaze3d/buffers/Std140Builder	Ljava/nio/ByteBuffer;	buffer	field_1_8833
FIELD	com/mojang/blaze3d/buffers/Std140Builder	I	start	field_1_8834
METHOD	com/mojang/blaze3d/buffers/Std140Builder	(I)Lcom/mojang/blaze3d/buffers/Std140Builder;	align	method_1_8540
METHOD	com/mojang/blaze3d/buffers/Std140Builder	()Ljava/nio/ByteBuffer;	get	method_1_8541
METHOD	com/mojang/blaze3d/buffers/Std140Builder	(Ljava/nio/ByteBuffer;)Lcom/mojang/blaze3d/buffers/Std140Builder;	intoBuffer	method_1_8542
METHOD	com/mojang/blaze3d/buffers/Std140Builder	(Lorg/lwjgl/system/MemoryStack;I)Lcom/mojang/blaze3d/buffers/Std140Builder;	onStack	method_1_8543
METHOD	com/mojang/blaze3d/buffers/Std140Builder	(F)Lcom/mojang/blaze3d/buffers/Std140Builder;	putFloat	method_1_8544
METHOD	com/mojang/blaze3d/buffers/Std140Builder	(II)Lcom/mojang/blaze3d/buffers/Std140Builder;	putIVec2	method_1_8545
METHOD	com/mojang/blaze3d/buffers/Std140Builder	(Lorg/joml/Vector2ic;)Lcom/mojang/blaze3d/buffers/Std140Builder;	putIVec2	method_1_8546
METHOD	com/mojang/blaze3d/buffers/Std140Builder	(III)Lcom/mojang/blaze3d/buffers/Std140Builder;	putIVec3	method_1_8547
METHOD	com/mojang/blaze3d/buffers/Std140Builder	(Lorg/joml/Vector3ic;)Lcom/mojang/blaze3d/buffers/Std140Builder;	putIVec3	method_1_8548
METHOD	com/mojang/blaze3d/buffers/Std140Builder	(IIII)Lcom/mojang/blaze3d/buffers/Std140Builder;	putIVec4	method_1_8549
METHOD	com/mojang/blaze3d/buffers/Std140Builder	(Lorg/joml/Vector4ic;)Lcom/mojang/blaze3d/buffers/Std140Builder;	putIVec4	method_1_8550
METHOD	com/mojang/blaze3d/buffers/Std140Builder	(I)Lcom/mojang/blaze3d/buffers/Std140Builder;	putInt	method_1_8551
METHOD	com/mojang/blaze3d/buffers/Std140Builder	(Lorg/joml/Matrix4fc;)Lcom/mojang/blaze3d/buffers/Std140Builder;	putMat4f	method_1_8552
METHOD	com/mojang/blaze3d/buffers/Std140Builder	(FF)Lcom/mojang/blaze3d/buffers/Std140Builder;	putVec2	method_1_8553
METHOD	com/mojang/blaze3d/buffers/Std140Builder	(Lorg/joml/Vector2fc;)Lcom/mojang/blaze3d/buffers/Std140Builder;	putVec2	method_1_8554
METHOD	com/mojang/blaze3d/buffers/Std140Builder	(FFF)Lcom/mojang/blaze3d/buffers/Std140Builder;	putVec3	method_1_8555
METHOD	com/mojang/blaze3d/buffers/Std140Builder	(Lorg/joml/Vector3fc;)Lcom/mojang/blaze3d/buffers/Std140Builder;	putVec3	method_1_8556
METHOD	com/mojang/blaze3d/buffers/Std140Builder	(FFFF)Lcom/mojang/blaze3d/buffers/Std140Builder;	putVec4	method_1_8557
METHOD	com/mojang/blaze3d/buffers/Std140Builder	(Lorg/joml/Vector4fc;)Lcom/mojang/blaze3d/buffers/Std140Builder;	putVec4	method_1_8558
METHOD	com/mojang/blaze3d/pipeline/RenderTarget	(Lcom/mojang/blaze3d/pipeline/RenderTarget;)V	copyColorFrom	method_1_8559
field_28866 is now field_1_8835
field_28867 is now field_1_8836
FIELD	net/minecraft/world/item/crafting/Recipe	Lcom/mojang/serialization/Codec;	CODEC	field_1_8837
FIELD	net/minecraft/world/item/crafting/Recipe	Lcom/mojang/serialization/Codec;	LIST_CODEC	field_1_8838
FIELD	net/minecraft/gametest/framework/TestData	Lnet/minecraft/resources/ResourceKey;	dimension	comp_1_1354
METHOD	net/minecraft/network/codec/ByteBufCodecs	(Ljava/util/function/IntFunction;I)Lnet/minecraft/network/codec/StreamCodec$CodecOperation;	fixedSizeCollection	method_1_8560
METHOD	net/minecraft/network/codec/ByteBufCodecs	(Ljava/util/function/IntFunction;Lnet/minecraft/network/codec/StreamCodec;I)Lnet/minecraft/network/codec/StreamCodec;	fixedSizeCollection	method_1_8561
METHOD	net/minecraft/network/codec/ByteBufCodecs	(I)Lnet/minecraft/network/codec/StreamCodec$CodecOperation;	fixedSizeList	method_1_8562
METHOD	net/minecraft/network/codec/ByteBufCodecs	(Ljava/util/function/IntFunction;ILnet/minecraft/network/codec/StreamCodec;)Lnet/minecraft/network/codec/StreamCodec;	lambda$fixedSizeCollection$0	method_1_8563
METHOD	net/minecraft/network/codec/ByteBufCodecs	(ILnet/minecraft/network/codec/StreamCodec;)Lnet/minecraft/network/codec/StreamCodec;	lambda$fixedSizeList$0	method_1_8564
FIELD	net/minecraft/network/codec/ByteBufCodecs$25	Ljava/util/function/IntFunction;	val$constructor	field_1_8839
FIELD	net/minecraft/network/codec/ByteBufCodecs$25	Lnet/minecraft/network/codec/StreamCodec;	val$elementCodec	field_1_8840
FIELD	net/minecraft/network/codec/ByteBufCodecs$25	I	val$size	field_1_8841
METHOD	net/minecraft/network/codec/ByteBufCodecs$25	(Lio/netty/buffer/ByteBuf;)Ljava/util/Collection;	decode	method_1_8565
METHOD	net/minecraft/network/codec/ByteBufCodecs$25	(Lio/netty/buffer/ByteBuf;Ljava/util/Collection;)V	encode	method_1_8566
FIELD	net/minecraft/server/level/WorldGenRegion	Lnet/minecraft/world/attribute/EnvironmentAttributeSystem;	environmentAttributes	field_1_8842
field_28863 is now field_1_8843
METHOD	net/minecraft/world/entity/animal/bee/Bee$BeePollinateGoal	(Lit/unimi/dsi/fastutil/longs/Long2LongOpenHashMap;Lnet/minecraft/core/BlockPos;Lnet/minecraft/world/level/block/state/BlockState;)Z	lambda$findNearbyFlower$0	method_1_8567
FIELD	net/minecraft/world/item/slot/SlotSources	Lcom/mojang/serialization/Codec;	LIST_CODEC	field_1_8844
FIELD	net/minecraft/world/item/slot/SlotSources	Lcom/mojang/serialization/Codec;	TYPED_CODEC	field_1_8845
METHOD	net/minecraft/world/item/slot/SlotSources	(Lcom/mojang/serialization/MapCodec;)Lcom/mojang/serialization/MapCodec;	lambda$static$0	method_1_8568
METHOD	net/minecraft/world/item/slot/SlotSources	()Lcom/mojang/serialization/Codec;	lambda$static$1	method_1_8569
METHOD	net/minecraft/world/item/slot/SlotSources	(Lcom/mojang/datafixers/util/Either;)Lnet/minecraft/world/item/slot/SlotSource;	lambda$static$2	method_1_8570
METHOD	net/minecraft/world/item/slot/SlotSources	(Lnet/minecraft/world/item/slot/SlotSource;)Lnet/minecraft/world/item/slot/SlotSource;	lambda$static$3	method_1_8571
METHOD	net/minecraft/world/item/slot/SlotSources	(Lnet/minecraft/world/item/slot/GroupSlotSource;)Lnet/minecraft/world/item/slot/SlotSource;	lambda$static$4	method_1_8572
METHOD	net/minecraft/world/item/slot/SlotSources	(Lnet/minecraft/world/item/slot/SlotSource;)Lcom/mojang/datafixers/util/Either;	lambda$static$5	method_1_8573
field_1_113 is now comp_1_1355
field_1_114 is now comp_1_1356
field_1_115 is now comp_1_1357
field_1_116 is now comp_1_1358
FIELD	com/mojang/blaze3d/platform/InputConstants	I	KEYCODE_A	field_1_8846
FIELD	com/mojang/blaze3d/platform/InputConstants	I	KEYCODE_BACKSPACE	field_1_8847
FIELD	com/mojang/blaze3d/platform/InputConstants	I	KEYCODE_BACKWARD	field_1_8848
FIELD	com/mojang/blaze3d/platform/InputConstants	I	KEYCODE_B	field_1_8849
FIELD	com/mojang/blaze3d/platform/InputConstants	I	KEYCODE_C	field_1_8850
FIELD	com/mojang/blaze3d/platform/InputConstants	I	KEYCODE_DELETE	field_1_8851
FIELD	com/mojang/blaze3d/platform/InputConstants	I	KEYCODE_DOWN	field_1_8852
FIELD	com/mojang/blaze3d/platform/InputConstants	I	KEYCODE_E	field_1_8853
FIELD	com/mojang/blaze3d/platform/InputConstants	I	KEYCODE_END	field_1_8854
FIELD	com/mojang/blaze3d/platform/InputConstants	I	KEYCODE_F5	field_1_8855
FIELD	com/mojang/blaze3d/platform/InputConstants	I	KEYCODE_F	field_1_8856
FIELD	com/mojang/blaze3d/platform/InputConstants	I	KEYCODE_FORWARD	field_1_8857
FIELD	com/mojang/blaze3d/platform/InputConstants	I	KEYCODE_HOME	field_1_8858
FIELD	com/mojang/blaze3d/platform/InputConstants	I	KEYCODE_LCONTROL	field_1_8859
FIELD	com/mojang/blaze3d/platform/InputConstants	I	KEYCODE_LEFT	field_1_8860
FIELD	com/mojang/blaze3d/platform/InputConstants	I	KEYCODE_L	field_1_8861
FIELD	com/mojang/blaze3d/platform/InputConstants	I	KEYCODE_NUMPAD3	field_1_8862
FIELD	com/mojang/blaze3d/platform/InputConstants	I	KEYCODE_NUMPAD9	field_1_8863
FIELD	com/mojang/blaze3d/platform/InputConstants	I	KEYCODE_NUMPADENTER	field_1_8864
FIELD	com/mojang/blaze3d/platform/InputConstants	I	KEYCODE_O	field_1_8865
FIELD	com/mojang/blaze3d/platform/InputConstants	I	KEYCODE_PAGEDOWN	field_1_8866
FIELD	com/mojang/blaze3d/platform/InputConstants	I	KEYCODE_PAGEUP	field_1_8867
FIELD	com/mojang/blaze3d/platform/InputConstants	I	KEYCODE_RCONTROL	field_1_8868
FIELD	com/mojang/blaze3d/platform/InputConstants	I	KEYCODE_RETURN	field_1_8869
FIELD	com/mojang/blaze3d/platform/InputConstants	I	KEYCODE_R	field_1_8870
FIELD	com/mojang/blaze3d/platform/InputConstants	I	KEYCODE_RIGHT	field_1_8871
FIELD	com/mojang/blaze3d/platform/InputConstants	I	KEYCODE_SPACE	field_1_8872
FIELD	com/mojang/blaze3d/platform/InputConstants	I	KEYCODE_TAB	field_1_8873
FIELD	com/mojang/blaze3d/platform/InputConstants	I	KEYCODE_U	field_1_8874
FIELD	com/mojang/blaze3d/platform/InputConstants	I	KEYCODE_UP	field_1_8875
FIELD	com/mojang/blaze3d/platform/InputConstants	I	KEYCODE_V	field_1_8876
FIELD	com/mojang/blaze3d/platform/InputConstants	I	KEYCODE_W	field_1_8877
FIELD	com/mojang/blaze3d/platform/InputConstants	I	KEYCODE_X	field_1_8878
FIELD	com/mojang/blaze3d/platform/InputConstants	I	KEYCODE_Y	field_1_8879
FIELD	com/mojang/blaze3d/platform/InputConstants	I	KEYCODE_Z	field_1_8880
FIELD	com/mojang/blaze3d/platform/InputConstants	I	KEY_0	field_1_8881
FIELD	com/mojang/blaze3d/platform/InputConstants	I	KEY_1	field_1_8882
FIELD	com/mojang/blaze3d/platform/InputConstants	I	KEY_2	field_1_8883
FIELD	com/mojang/blaze3d/platform/InputConstants	I	KEY_3	field_1_8884
FIELD	com/mojang/blaze3d/platform/InputConstants	I	KEY_4	field_1_8885
FIELD	com/mojang/blaze3d/platform/InputConstants	I	KEY_5	field_1_8886
FIELD	com/mojang/blaze3d/platform/InputConstants	I	KEY_6	field_1_8887
FIELD	com/mojang/blaze3d/platform/InputConstants	I	KEY_7	field_1_8888
FIELD	com/mojang/blaze3d/platform/InputConstants	I	KEY_8	field_1_8889
FIELD	com/mojang/blaze3d/platform/InputConstants	I	KEY_9	field_1_8890
FIELD	com/mojang/blaze3d/platform/InputConstants	I	KEY_ADD	field_1_8891
FIELD	com/mojang/blaze3d/platform/InputConstants	I	KEY_A	field_1_8892
FIELD	com/mojang/blaze3d/platform/InputConstants	I	KEY_APOSTROPHE	field_1_8893
FIELD	com/mojang/blaze3d/platform/InputConstants	I	KEY_BACKSLASH	field_1_8894
FIELD	com/mojang/blaze3d/platform/InputConstants	I	KEY_BACKSPACE	field_1_8895
FIELD	com/mojang/blaze3d/platform/InputConstants	I	KEY_B	field_1_8896
FIELD	com/mojang/blaze3d/platform/InputConstants	I	KEY_CAPSLOCK	field_1_8897
FIELD	com/mojang/blaze3d/platform/InputConstants	I	KEY_C	field_1_8898
FIELD	com/mojang/blaze3d/platform/InputConstants	I	KEY_COMMA	field_1_8899
FIELD	com/mojang/blaze3d/platform/InputConstants	I	KEY_DELETE	field_1_8900
FIELD	com/mojang/blaze3d/platform/InputConstants	I	KEY_D	field_1_8901
FIELD	com/mojang/blaze3d/platform/InputConstants	I	KEY_DOWN	field_1_8902
FIELD	com/mojang/blaze3d/platform/InputConstants	I	KEY_E	field_1_8903
FIELD	com/mojang/blaze3d/platform/InputConstants	I	KEY_END	field_1_8904
FIELD	com/mojang/blaze3d/platform/InputConstants	I	KEY_EQUALS	field_1_8905
FIELD	com/mojang/blaze3d/platform/InputConstants	I	KEY_ESCAPE	field_1_8906
FIELD	com/mojang/blaze3d/platform/InputConstants	I	KEY_F10	field_1_8907
FIELD	com/mojang/blaze3d/platform/InputConstants	I	KEY_F11	field_1_8908
FIELD	com/mojang/blaze3d/platform/InputConstants	I	KEY_F12	field_1_8909
FIELD	com/mojang/blaze3d/platform/InputConstants	I	KEY_F13	field_1_8910
FIELD	com/mojang/blaze3d/platform/InputConstants	I	KEY_F14	field_1_8911
FIELD	com/mojang/blaze3d/platform/InputConstants	I	KEY_F15	field_1_8912
FIELD	com/mojang/blaze3d/platform/InputConstants	I	KEY_F16	field_1_8913
FIELD	com/mojang/blaze3d/platform/InputConstants	I	KEY_F17	field_1_8914
FIELD	com/mojang/blaze3d/platform/InputConstants	I	KEY_F18	field_1_8915
FIELD	com/mojang/blaze3d/platform/InputConstants	I	KEY_F19	field_1_8916
FIELD	com/mojang/blaze3d/platform/InputConstants	I	KEY_F1	field_1_8917
FIELD	com/mojang/blaze3d/platform/InputConstants	I	KEY_F20	field_1_8918
FIELD	com/mojang/blaze3d/platform/InputConstants	I	KEY_F21	field_1_8919
FIELD	com/mojang/blaze3d/platform/InputConstants	I	KEY_F22	field_1_8920
FIELD	com/mojang/blaze3d/platform/InputConstants	I	KEY_F23	field_1_8921
FIELD	com/mojang/blaze3d/platform/InputConstants	I	KEY_F24	field_1_8922
FIELD	com/mojang/blaze3d/platform/InputConstants	I	KEY_F2	field_1_8923
FIELD	com/mojang/blaze3d/platform/InputConstants	I	KEY_F3	field_1_8924
FIELD	com/mojang/blaze3d/platform/InputConstants	I	KEY_F4	field_1_8925
FIELD	com/mojang/blaze3d/platform/InputConstants	I	KEY_F5	field_1_8926
FIELD	com/mojang/blaze3d/platform/InputConstants	I	KEY_F6	field_1_8927
FIELD	com/mojang/blaze3d/platform/InputConstants	I	KEY_F7	field_1_8928
FIELD	com/mojang/blaze3d/platform/InputConstants	I	KEY_F8	field_1_8929
FIELD	com/mojang/blaze3d/platform/InputConstants	I	KEY_F9	field_1_8930
FIELD	com/mojang/blaze3d/platform/InputConstants	I	KEY_F	field_1_8931
FIELD	com/mojang/blaze3d/platform/InputConstants	I	KEY_G	field_1_8932
FIELD	com/mojang/blaze3d/platform/InputConstants	I	KEY_GRAVE	field_1_8933
FIELD	com/mojang/blaze3d/platform/InputConstants	I	KEY_H	field_1_8934
FIELD	com/mojang/blaze3d/platform/InputConstants	I	KEY_HOME	field_1_8935
FIELD	com/mojang/blaze3d/platform/InputConstants	I	KEY_I	field_1_8936
FIELD	com/mojang/blaze3d/platform/InputConstants	I	KEY_INSERT	field_1_8937
FIELD	com/mojang/blaze3d/platform/InputConstants	I	KEY_J	field_1_8938
FIELD	com/mojang/blaze3d/platform/InputConstants	I	KEY_K	field_1_8939
FIELD	com/mojang/blaze3d/platform/InputConstants	I	KEY_LALT	field_1_8940
FIELD	com/mojang/blaze3d/platform/InputConstants	I	KEY_LBRACKET	field_1_8941
FIELD	com/mojang/blaze3d/platform/InputConstants	I	KEY_LCONTROL	field_1_8942
FIELD	com/mojang/blaze3d/platform/InputConstants	I	KEY_LEFT	field_1_8943
FIELD	com/mojang/blaze3d/platform/InputConstants	I	KEY_LGUI	field_1_8944
FIELD	com/mojang/blaze3d/platform/InputConstants	I	KEY_L	field_1_8945
FIELD	com/mojang/blaze3d/platform/InputConstants	I	KEY_LSHIFT	field_1_8946
FIELD	com/mojang/blaze3d/platform/InputConstants	I	KEY_M	field_1_8947
FIELD	com/mojang/blaze3d/platform/InputConstants	I	KEY_MINUS	field_1_8948
FIELD	com/mojang/blaze3d/platform/InputConstants	I	KEY_MULTIPLY	field_1_8949
FIELD	com/mojang/blaze3d/platform/InputConstants	I	KEY_N	field_1_8950
FIELD	com/mojang/blaze3d/platform/InputConstants	I	KEY_NUMLOCK	field_1_8951
FIELD	com/mojang/blaze3d/platform/InputConstants	I	KEY_NUMPAD0	field_1_8952
FIELD	com/mojang/blaze3d/platform/InputConstants	I	KEY_NUMPAD1	field_1_8953
FIELD	com/mojang/blaze3d/platform/InputConstants	I	KEY_NUMPAD2	field_1_8954
FIELD	com/mojang/blaze3d/platform/InputConstants	I	KEY_NUMPAD3	field_1_8955
FIELD	com/mojang/blaze3d/platform/InputConstants	I	KEY_NUMPAD4	field_1_8956
FIELD	com/mojang/blaze3d/platform/InputConstants	I	KEY_NUMPAD5	field_1_8957
FIELD	com/mojang/blaze3d/platform/InputConstants	I	KEY_NUMPAD6	field_1_8958
FIELD	com/mojang/blaze3d/platform/InputConstants	I	KEY_NUMPAD7	field_1_8959
FIELD	com/mojang/blaze3d/platform/InputConstants	I	KEY_NUMPAD8	field_1_8960
FIELD	com/mojang/blaze3d/platform/InputConstants	I	KEY_NUMPAD9	field_1_8961
FIELD	com/mojang/blaze3d/platform/InputConstants	I	KEY_NUMPADCOMMA	field_1_8962
FIELD	com/mojang/blaze3d/platform/InputConstants	I	KEY_NUMPADENTER	field_1_8963
FIELD	com/mojang/blaze3d/platform/InputConstants	I	KEY_NUMPADEQUALS	field_1_8964
FIELD	com/mojang/blaze3d/platform/InputConstants	I	KEY_O	field_1_8965
FIELD	com/mojang/blaze3d/platform/InputConstants	I	KEY_PAGEDOWN	field_1_8966
FIELD	com/mojang/blaze3d/platform/InputConstants	I	KEY_PAGEUP	field_1_8967
FIELD	com/mojang/blaze3d/platform/InputConstants	I	KEY_PAUSE	field_1_8968
FIELD	com/mojang/blaze3d/platform/InputConstants	I	KEY_PERIOD	field_1_8969
FIELD	com/mojang/blaze3d/platform/InputConstants	I	KEY_P	field_1_8970
FIELD	com/mojang/blaze3d/platform/InputConstants	I	KEY_PRINTSCREEN	field_1_8971
FIELD	com/mojang/blaze3d/platform/InputConstants	I	KEY_Q	field_1_8972
FIELD	com/mojang/blaze3d/platform/InputConstants	I	KEY_RALT	field_1_8973
FIELD	com/mojang/blaze3d/platform/InputConstants	I	KEY_RBRACKET	field_1_8974
FIELD	com/mojang/blaze3d/platform/InputConstants	I	KEY_RCONTROL	field_1_8975
FIELD	com/mojang/blaze3d/platform/InputConstants	I	KEY_RETURN	field_1_8976
FIELD	com/mojang/blaze3d/platform/InputConstants	I	KEY_RGUI	field_1_8977
FIELD	com/mojang/blaze3d/platform/InputConstants	I	KEY_R	field_1_8978
FIELD	com/mojang/blaze3d/platform/InputConstants	I	KEY_RIGHT	field_1_8979
FIELD	com/mojang/blaze3d/platform/InputConstants	I	KEY_RSHIFT	field_1_8980
FIELD	com/mojang/blaze3d/platform/InputConstants	I	KEY_SCROLLLOCK	field_1_8981
FIELD	com/mojang/blaze3d/platform/InputConstants	I	KEY_SEMICOLON	field_1_8982
FIELD	com/mojang/blaze3d/platform/InputConstants	I	KEY_S	field_1_8983
FIELD	com/mojang/blaze3d/platform/InputConstants	I	KEY_SLASH	field_1_8984
FIELD	com/mojang/blaze3d/platform/InputConstants	I	KEY_SPACE	field_1_8985
FIELD	com/mojang/blaze3d/platform/InputConstants	I	KEY_TAB	field_1_8986
FIELD	com/mojang/blaze3d/platform/InputConstants	I	KEY_T	field_1_8987
FIELD	com/mojang/blaze3d/platform/InputConstants	I	KEY_U	field_1_8988
FIELD	com/mojang/blaze3d/platform/InputConstants	I	KEY_UP	field_1_8989
FIELD	com/mojang/blaze3d/platform/InputConstants	I	KEY_V	field_1_8990
FIELD	com/mojang/blaze3d/platform/InputConstants	I	KEY_W	field_1_8991
FIELD	com/mojang/blaze3d/platform/InputConstants	I	KEY_X	field_1_8992
FIELD	com/mojang/blaze3d/platform/InputConstants	I	KEY_Y	field_1_8993
FIELD	com/mojang/blaze3d/platform/InputConstants	I	KEY_Z	field_1_8994
FIELD	com/mojang/blaze3d/platform/InputConstants	Lorg/slf4j/Logger;	LOGGER	field_1_8995
FIELD	com/mojang/blaze3d/platform/InputConstants	I	MOD_ALT	field_1_8996
FIELD	com/mojang/blaze3d/platform/InputConstants	I	MOD_CAPS_LOCK	field_1_8997
FIELD	com/mojang/blaze3d/platform/InputConstants	I	MOD_CONTROL	field_1_8998
FIELD	com/mojang/blaze3d/platform/InputConstants	I	MOD_NUM_LOCK	field_1_8999
FIELD	com/mojang/blaze3d/platform/InputConstants	I	MOD_SHIFT	field_1_9000
FIELD	com/mojang/blaze3d/platform/InputConstants	I	MOD_SUPER	field_1_9001
FIELD	com/mojang/blaze3d/platform/InputConstants	I	MOUSE_BUTTON_4	field_1_9002
FIELD	com/mojang/blaze3d/platform/InputConstants	I	MOUSE_BUTTON_5	field_1_9003
FIELD	com/mojang/blaze3d/platform/InputConstants	I	MOUSE_BUTTON_6	field_1_9004
FIELD	com/mojang/blaze3d/platform/InputConstants	I	MOUSE_BUTTON_7	field_1_9005
FIELD	com/mojang/blaze3d/platform/InputConstants	I	MOUSE_BUTTON_8	field_1_9006
FIELD	com/mojang/blaze3d/platform/InputConstants	I	MOUSE_BUTTON_LEFT	field_1_9007
FIELD	com/mojang/blaze3d/platform/InputConstants	I	MOUSE_BUTTON_MIDDLE	field_1_9008
FIELD	com/mojang/blaze3d/platform/InputConstants	I	MOUSE_BUTTON_RIGHT	field_1_9009
FIELD	com/mojang/blaze3d/platform/InputConstants	I	PRESS	field_1_9010
FIELD	com/mojang/blaze3d/platform/InputConstants	I	RELEASE	field_1_9011
FIELD	com/mojang/blaze3d/platform/InputConstants	I	REPEAT	field_1_9012
METHOD	com/mojang/blaze3d/platform/InputConstants	(Lcom/mojang/blaze3d/platform/Window;)V	grabMouse	method_1_8574
METHOD	com/mojang/blaze3d/platform/InputConstants	(Lcom/mojang/blaze3d/platform/Window;DD)V	releaseMouse	method_1_8575
METHOD	com/mojang/blaze3d/platform/MonitorManager	(I)Lcom/mojang/blaze3d/platform/Monitor;	addDisplay	method_1_8576
METHOD	com/mojang/blaze3d/platform/MonitorManager	(I)V	onDisplayConnected	method_1_8577
METHOD	com/mojang/blaze3d/platform/MonitorManager	(I)V	onDisplayDisconnected	method_1_8578
FIELD	net/minecraft/client/renderer/GameRenderer	Lcom/mojang/blaze3d/pipeline/RenderTarget;	hud3DTarget	field_1_9013
METHOD	net/minecraft/client/renderer/GameRenderer	()V	integrate3DHudDepth	method_1_8579
METHOD	net/minecraft/client/renderer/GameRenderer	()Ljava/lang/String;	lambda$integrate3DHudDepth$0	method_1_8580
METHOD	net/minecraft/client/renderer/GameRenderer	()V	preparePostEffects	method_1_8581
METHOD	net/minecraft/client/renderer/GameRenderer	(Lnet/minecraft/client/renderer/state/level/CameraRenderState;Lnet/minecraft/client/renderer/state/OptionsRenderState;Z)V	render3dHud	method_1_8582
METHOD	net/minecraft/world/attribute/LerpFunction	(Lnet/minecraft/world/attribute/LerpFunction$AlphaScaler;FLjava/util/List;Ljava/util/List;)Ljava/util/List;	lambda$ofListCrossFade$0	method_1_8583
METHOD	net/minecraft/world/attribute/LerpFunction	(Lnet/minecraft/world/attribute/LerpFunction$AlphaScaler;)Lnet/minecraft/world/attribute/LerpFunction;	ofListCrossFade	method_1_8584
CLASS	net/minecraft/world/attribute/LerpFunction$AlphaScaler	class_1_1309
METHOD	net/minecraft/world/attribute/LerpFunction$AlphaScaler	(Ljava/lang/Object;F)Ljava/lang/Object;	apply	method_1_8585
METHOD	net/minecraft/world/entity/item/ItemEntity	(I)V	setInvulnerableFor	method_1_8586
FIELD	net/minecraft/world/level/block/LevelEvent	I	PARTICLES_DRAGON_EGG	field_1_9014
CLASS	net/minecraft/world/level/block/LevelEvent$Value	class_1_1310
CLASS	net/minecraft/world/level/levelgen/Aquifer$Config	class_1_1311
FIELD	net/minecraft/world/level/levelgen/Aquifer$Config	Lcom/mojang/serialization/Codec;	CODEC	field_1_9015
FIELD	net/minecraft/world/level/levelgen/Aquifer$Config	Lnet/minecraft/world/level/levelgen/DensityFunction;	barrierNoise	comp_1_1359
FIELD	net/minecraft/world/level/levelgen/Aquifer$Config	Lnet/minecraft/world/level/levelgen/DensityFunction;	exclusion	comp_1_1360
FIELD	net/minecraft/world/level/levelgen/Aquifer$Config	Lnet/minecraft/world/level/levelgen/DensityFunction;	fluidLevelFloodednessNoise	comp_1_1361
FIELD	net/minecraft/world/level/levelgen/Aquifer$Config	Lnet/minecraft/world/level/levelgen/DensityFunction;	fluidLevelSpreadNoise	comp_1_1362
FIELD	net/minecraft/world/level/levelgen/Aquifer$Config	Lnet/minecraft/world/level/levelgen/DensityFunction;	lavaNoise	comp_1_1363
FIELD	net/minecraft/world/level/levelgen/Aquifer$Config	Lnet/minecraft/world/level/levelgen/DensityFunction;	surfaceLevel	comp_1_1364
METHOD	net/minecraft/world/level/levelgen/Aquifer$Config	(Lnet/minecraft/world/level/levelgen/NoiseChunk;Lnet/minecraft/world/level/ChunkPos;Lnet/minecraft/world/level/levelgen/PositionalRandomFactory;IILnet/minecraft/world/level/levelgen/Aquifer$FluidPicker;)Lnet/minecraft/world/level/levelgen/Aquifer;	create	method_1_8587
METHOD	net/minecraft/world/level/levelgen/Aquifer$Config	(Lcom/mojang/serialization/codecs/RecordCodecBuilder$Instance;)Lcom/mojang/datafixers/kinds/App;	lambda$static$0	method_1_8588
METHOD	net/minecraft/world/level/levelgen/Aquifer$Config	(Lnet/minecraft/world/level/levelgen/DensityFunction$Visitor;)Lnet/minecraft/world/level/levelgen/Aquifer$Config;	mapAll	method_1_8589
FIELD	net/minecraft/world/level/levelgen/Aquifer$NoiseBasedAquifer	Lnet/minecraft/world/level/levelgen/DensityFunction;	exclusion	field_1_9016
FIELD	net/minecraft/world/level/levelgen/Aquifer$NoiseBasedAquifer	Lit/unimi/dsi/fastutil/longs/Long2IntMap;	surfaceLevelCache	field_1_9017
FIELD	net/minecraft/world/level/levelgen/Aquifer$NoiseBasedAquifer	Lnet/minecraft/world/level/levelgen/DensityFunction;	surfaceLevel	field_1_9018
METHOD	net/minecraft/world/level/levelgen/Aquifer$NoiseBasedAquifer	(IIJ)I	lambda$surfaceLevel$0	method_1_8590
METHOD	net/minecraft/world/level/levelgen/Aquifer$NoiseBasedAquifer	(IIII)I	maxSurfaceLevel	method_1_8591
METHOD	net/minecraft/world/level/levelgen/Aquifer$NoiseBasedAquifer	(II)I	surfaceLevel	method_1_8592
CLASS	com/mojang/blaze3d/platform/SDLEventHandler	class_1_1312
FIELD	com/mojang/blaze3d/platform/SDLEventHandler	Ljava/util/List;	dropFiles	field_1_9019
FIELD	com/mojang/blaze3d/platform/SDLEventHandler	Lnet/minecraft/client/Minecraft;	minecraft	field_1_9020
FIELD	com/mojang/blaze3d/platform/SDLEventHandler	Lcom/mojang/blaze3d/platform/Window;	window	field_1_9021
METHOD	com/mojang/blaze3d/platform/SDLEventHandler	(Lorg/lwjgl/sdl/SDL_Event;)J	getWindowHandle	method_1_8593
METHOD	com/mojang/blaze3d/platform/SDLEventHandler	()V	handleDropBeginEvent	method_1_8594
METHOD	com/mojang/blaze3d/platform/SDLEventHandler	(Lorg/lwjgl/sdl/SDL_Event;)V	handleDropCompleteEvent	method_1_8595
METHOD	com/mojang/blaze3d/platform/SDLEventHandler	(Lorg/lwjgl/sdl/SDL_Event;)V	handleDropFileEvent	method_1_8596
METHOD	com/mojang/blaze3d/platform/SDLEventHandler	(Lorg/lwjgl/sdl/SDL_Event;)V	handleKeyEvent	method_1_8597
METHOD	com/mojang/blaze3d/platform/SDLEventHandler	()V	handleKeymapChangedEvent	method_1_8598
METHOD	com/mojang/blaze3d/platform/SDLEventHandler	(Lorg/lwjgl/sdl/SDL_Event;)V	handleMouseButtonEvent	method_1_8599
METHOD	com/mojang/blaze3d/platform/SDLEventHandler	(Lorg/lwjgl/sdl/SDL_Event;)V	handleMouseMotionEvent	method_1_8600
METHOD	com/mojang/blaze3d/platform/SDLEventHandler	(Lorg/lwjgl/sdl/SDL_Event;)V	handleMouseWheelEvent	method_1_8601
METHOD	com/mojang/blaze3d/platform/SDLEventHandler	(Lorg/lwjgl/sdl/SDL_Event;)V	handleTextEditingEvent	method_1_8602
METHOD	com/mojang/blaze3d/platform/SDLEventHandler	(Lorg/lwjgl/sdl/SDL_Event;)V	handleTextInputEvent	method_1_8603
METHOD	com/mojang/blaze3d/platform/SDLEventHandler	(DD)Z	isShiftInvertedScroll	method_1_8604
METHOD	com/mojang/blaze3d/platform/SDLEventHandler	(JLjava/util/List;)V	lambda$handleDropCompleteEvent$0	method_1_8605
METHOD	com/mojang/blaze3d/platform/SDLEventHandler	(Lorg/lwjgl/sdl/SDL_Event;ILnet/minecraft/client/input/KeyEvent;)V	lambda$handleKeyEvent$0	method_1_8606
METHOD	com/mojang/blaze3d/platform/SDLEventHandler	()V	lambda$handleKeymapChangedEvent$0	method_1_8607
METHOD	com/mojang/blaze3d/platform/SDLEventHandler	(JLnet/minecraft/client/input/MouseButtonInfo;I)V	lambda$handleMouseButtonEvent$0	method_1_8608
METHOD	com/mojang/blaze3d/platform/SDLEventHandler	(JLorg/lwjgl/sdl/SDL_MouseMotionEvent;)V	lambda$handleMouseMotionEvent$0	method_1_8609
METHOD	com/mojang/blaze3d/platform/SDLEventHandler	(Ljava/lang/Long;DD)V	lambda$handleMouseWheelEvent$0	method_1_8610
METHOD	com/mojang/blaze3d/platform/SDLEventHandler	(JLnet/minecraft/client/input/PreeditEvent;)V	lambda$handleTextEditingEvent$0	method_1_8611
METHOD	com/mojang/blaze3d/platform/SDLEventHandler	(JLjava/lang/String;)V	lambda$handleTextInputEvent$0	method_1_8612
METHOD	com/mojang/blaze3d/platform/SDLEventHandler	()V	pollEvents	method_1_8613
METHOD	com/mojang/blaze3d/platform/SDLEventHandler	()V	pumpEvents	method_1_8614
CLASS	com/mojang/renderpearl/api/device/GpuDevice	class_1_1313
METHOD	net/minecraft/client/renderer/LevelRenderer	()Lcom/mojang/blaze3d/pipeline/RenderTarget;	depthBoundsCopyTarget	method_1_8615
METHOD	net/minecraft/client/renderer/LevelRenderer	(Lnet/minecraft/client/renderer/feature/FeatureRenderDispatcher$PreparedFrame;Lcom/mojang/blaze3d/pipeline/RenderTarget;Z)V	executeAlwaysOnTop	method_1_8616
METHOD	net/minecraft/client/renderer/LevelRenderer	()V	executeDepthBoundsCull	method_1_8617
METHOD	net/minecraft/client/renderer/LevelRenderer	()Z	frameHasAlwaysOnTopGizmos	method_1_8618
METHOD	net/minecraft/client/renderer/LevelRenderer	()Ljava/lang/String;	lambda$executeAlwaysOnTop$1	method_1_8619
METHOD	net/minecraft/client/renderer/LevelRenderer	()Ljava/lang/String;	lambda$executeDepthBoundsCull$0	method_1_8620
FIELD	net/minecraft/core/component/DataComponents	Lnet/minecraft/core/component/DataComponentType;	BREWING_FUEL	field_1_9022
FIELD	net/minecraft/core/component/DataComponents	Lnet/minecraft/core/component/DataComponentType;	COOKING_FUEL	field_1_9023
FIELD	net/minecraft/core/component/DataComponents	Lnet/minecraft/core/component/DataComponentType;	CUSHION_COLOR	field_1_9024
FIELD	net/minecraft/core/component/DataComponents	Lnet/minecraft/core/component/DataComponentType;	MOB_VISIBILITY	field_1_9025
FIELD	net/minecraft/core/component/DataComponents	Lnet/minecraft/core/component/DataComponentType;	SIGN_TEXT_BACK	field_1_9026
FIELD	net/minecraft/core/component/DataComponents	Lnet/minecraft/core/component/DataComponentType;	SIGN_TEXT_FRONT	field_1_9027
FIELD	net/minecraft/core/component/DataComponents	Lnet/minecraft/core/component/DataComponentType;	VILLAGER_FOOD	field_1_9028
FIELD	net/minecraft/core/component/DataComponents	Lnet/minecraft/core/component/DataComponentType;	WAXED	field_1_9029
METHOD	net/minecraft/core/component/DataComponents	(Lnet/minecraft/core/component/DataComponentType$Builder;)Lnet/minecraft/core/component/DataComponentType$Builder;	lambda$static$118	method_1_8621
METHOD	net/minecraft/core/component/DataComponents	(Lnet/minecraft/core/component/DataComponentType$Builder;)Lnet/minecraft/core/component/DataComponentType$Builder;	lambda$static$119	method_1_8622
METHOD	net/minecraft/core/component/DataComponents	(Lnet/minecraft/core/component/DataComponentType$Builder;)Lnet/minecraft/core/component/DataComponentType$Builder;	lambda$static$120	method_1_8623
METHOD	net/minecraft/core/component/DataComponents	(Lnet/minecraft/core/component/DataComponentType$Builder;)Lnet/minecraft/core/component/DataComponentType$Builder;	lambda$static$121	method_1_8624
METHOD	net/minecraft/core/component/DataComponents	(Lnet/minecraft/core/component/DataComponentType$Builder;)Lnet/minecraft/core/component/DataComponentType$Builder;	lambda$static$43	method_1_8625
METHOD	net/minecraft/core/component/DataComponents	(Lnet/minecraft/core/component/DataComponentType$Builder;)Lnet/minecraft/core/component/DataComponentType$Builder;	lambda$static$85	method_1_8626
METHOD	net/minecraft/core/component/DataComponents	(Lnet/minecraft/core/component/DataComponentType$Builder;)Lnet/minecraft/core/component/DataComponentType$Builder;	lambda$static$86	method_1_8627
METHOD	net/minecraft/core/component/DataComponents	(Lnet/minecraft/core/component/DataComponentType$Builder;)Lnet/minecraft/core/component/DataComponentType$Builder;	lambda$static$87	method_1_8628
FIELD	net/minecraft/gametest/framework/TestFinder$Builder	Ljava/util/function/UnaryOperator;	structureBlockPosFinderWrapper	field_1_9030
METHOD	net/minecraft/gametest/framework/TestFinder$Builder	(Lnet/minecraft/commands/CommandSourceStack;Lnet/minecraft/core/BlockPos;)Lnet/minecraft/core/GlobalPos;	lambda$allNearby$1	method_1_8629
METHOD	net/minecraft/gametest/framework/TestFinder$Builder	(Lnet/minecraft/gametest/framework/TestPosFinder;)Ljava/util/stream/Stream;	lambda$build$0	method_1_8630
METHOD	net/minecraft/gametest/framework/TestFinder$Builder	(Lnet/minecraft/commands/CommandSourceStack;Lnet/minecraft/core/BlockPos;)Lnet/minecraft/core/GlobalPos;	lambda$lookedAt$1	method_1_8631
METHOD	net/minecraft/gametest/framework/TestFinder$Builder	(Lnet/minecraft/commands/CommandSourceStack;Lnet/minecraft/core/BlockPos;)Lnet/minecraft/core/GlobalPos;	lambda$nearest$1	method_1_8632
METHOD	net/minecraft/gametest/framework/TestFinder$Builder	(Lnet/minecraft/commands/CommandSourceStack;Lnet/minecraft/core/BlockPos;)Lnet/minecraft/core/GlobalPos;	lambda$radius$1	method_1_8633
method_151 is now method_1_8634
FIELD	com/mojang/blaze3d/platform/ClipboardManager	Lorg/slf4j/Logger;	LOGGER	field_1_9031
FIELD	com/mojang/blaze3d/platform/TextInputManager	Ljava/lang/Object;	owner	field_1_9032
METHOD	com/mojang/blaze3d/platform/TextInputManager	(Ljava/lang/Object;)V	stopTextInput	method_1_8635
METHOD	com/mojang/renderpearl/api/device/GpuBackend	()J	getWindowFlags	method_1_8636
METHOD	com/mojang/renderpearl/api/device/GpuBackend	()V	loadLibrary	method_1_8637
METHOD	com/mojang/renderpearl/api/device/GpuBackend	()V	unloadLibrary	method_1_8638
CLASS	com/mojang/renderpearl/api/device/GpuSurface	class_1_1314
CLASS	com/mojang/renderpearl/frontend/package-info	class_1_1315
METHOD	net/minecraft/data/loot/BlockLootSubProvider	(Lnet/minecraft/world/level/block/Block;Lnet/minecraft/core/Direction;)Lnet/minecraft/world/level/storage/loot/functions/LootItemFunction$Builder;	lambda$createMultifaceBlockDrops$0	method_1_8639
METHOD	net/minecraft/data/loot/BlockLootSubProvider	(Lnet/minecraft/world/level/block/Block;Lnet/minecraft/core/Direction;)Lnet/minecraft/world/level/storage/loot/functions/LootItemFunction$Builder;	lambda$createMultifaceBlockDrops$1	method_1_8640
METHOD	net/minecraft/data/loot/BlockLootSubProvider	(Lnet/minecraft/world/level/block/Block;Lnet/minecraft/world/level/block/SegmentableBlock;Ljava/lang/Integer;)Lnet/minecraft/world/level/storage/loot/functions/LootItemFunction$Builder;	lambda$createSegmentedBlockDrops$0	method_1_8641
METHOD	net/minecraft/gametest/framework/TestCommand	(Lnet/minecraft/server/MinecraftServer;Lnet/minecraft/core/GlobalPos;)Ljava/util/stream/Stream;	lambda$clear$0	method_1_8642
METHOD	net/minecraft/gametest/framework/TestCommand	(Lnet/minecraft/commands/CommandSourceStack;Lnet/minecraft/resources/ResourceKey;)Lnet/minecraft/core/BlockPos;	lambda$run$2	method_1_8643
METHOD	net/minecraft/gametest/framework/TestCommand	(Lnet/minecraft/commands/CommandSourceStack;ILnet/minecraft/gametest/framework/RetryOptions;Lnet/minecraft/core/Holder$Reference;)Ljava/util/stream/Stream;	lambda$toGameTestInfo$1	method_1_8644
METHOD	net/minecraft/gametest/framework/TestCommand	(Lnet/minecraft/commands/CommandSourceStack;Lnet/minecraft/resources/ResourceKey;)Lnet/minecraft/core/BlockPos;	lambda$verify$0	method_1_8645
FIELD	net/minecraft/gametest/framework/TestCommand$TestSummaryDisplayer	Ljava/util/Set;	dimensions	field_1_9033
comp_3538 is now field_1_9034
comp_2217 is now field_1_9035
FIELD	net/minecraft/world/attribute/AttributeRange	Lnet/minecraft/world/attribute/AttributeRange;	UNIT_FLOAT_EPSILON	field_1_9036
FIELD	net/minecraft/world/attribute/AttributeTypes	Lnet/minecraft/world/attribute/AttributeType;	MOB_SPAWN_SETTINGS	field_1_9037
METHOD	net/minecraft/world/attribute/AttributeTypes	(Lnet/minecraft/world/attribute/AmbientParticle;F)Lnet/minecraft/world/attribute/AmbientParticle;	lambda$static$3	method_1_8646
CLASS	net/minecraft/world/entity/ConversionTracker	class_1_1316
FIELD	net/minecraft/world/entity/ConversionTracker	I	DEFAULT_AFFLICTION_TIME	field_1_9038
FIELD	net/minecraft/world/entity/ConversionTracker	I	NOT_CONVERTING	field_1_9039
FIELD	net/minecraft/world/entity/ConversionTracker	I	afflictionTime	field_1_9040
FIELD	net/minecraft/world/entity/ConversionTracker	Ljava/lang/String;	afflictionTimeTag	field_1_9041
FIELD	net/minecraft/world/entity/ConversionTracker	Lnet/minecraft/network/syncher/EntityDataAccessor;	conversionId	field_1_9042
FIELD	net/minecraft/world/entity/ConversionTracker	Ljava/util/function/Supplier;	conversionSound	field_1_9043
FIELD	net/minecraft/world/entity/ConversionTracker	I	conversionTime	field_1_9044
FIELD	net/minecraft/world/entity/ConversionTracker	Ljava/lang/String;	conversionTimeTag	field_1_9045
FIELD	net/minecraft/world/entity/ConversionTracker	Ljava/util/function/Supplier;	convertsTo	field_1_9046
FIELD	net/minecraft/world/entity/ConversionTracker	Ljava/util/function/BooleanSupplier;	isAfflicted	field_1_9047
FIELD	net/minecraft/world/entity/ConversionTracker	Lnet/minecraft/world/entity/Mob;	mob	field_1_9048
FIELD	net/minecraft/world/entity/ConversionTracker	Ljava/util/function/BiConsumer;	postConversionStep	field_1_9049
FIELD	net/minecraft/world/entity/ConversionTracker	I	totalAfflictionTime	field_1_9050
FIELD	net/minecraft/world/entity/ConversionTracker	I	totalConversionTime	field_1_9051
METHOD	net/minecraft/world/entity/ConversionTracker	(Lnet/minecraft/world/level/storage/ValueOutput;)V	addAdditionalSaveData	method_1_8647
METHOD	net/minecraft/world/entity/ConversionTracker	(Lnet/minecraft/server/level/ServerLevel;)V	doConversion	method_1_8648
METHOD	net/minecraft/world/entity/ConversionTracker	()Z	isConverting	method_1_8649
METHOD	net/minecraft/world/entity/ConversionTracker	(Lnet/minecraft/server/level/ServerLevel;Lnet/minecraft/world/entity/Mob;)V	lambda$doConversion$0	method_1_8650
METHOD	net/minecraft/world/entity/ConversionTracker	(Lnet/minecraft/world/level/storage/ValueInput;)V	readAdditionalSaveData	method_1_8651
METHOD	net/minecraft/world/entity/ConversionTracker	(I)V	setAfflictionTime	method_1_8652
METHOD	net/minecraft/world/entity/ConversionTracker	(I)V	setConversionTime	method_1_8653
METHOD	net/minecraft/world/entity/ConversionTracker	(Z)V	setConverting	method_1_8654
METHOD	net/minecraft/world/entity/ConversionTracker	(I)V	startConversion	method_1_8655
METHOD	net/minecraft/world/entity/ConversionTracker	()V	tick	method_1_8656
METHOD	net/minecraft/advancements/AdvancementRewards$Builder	(Lnet/minecraft/core/Holder;)Lnet/minecraft/advancements/AdvancementRewards$Builder;	loot	method_1_8657
METHOD	net/minecraft/client/input/InputWithModifiers	()I	shortcutKey	method_1_8658
FIELD	net/minecraft/client/renderer/RenderPipelines	Lcom/mojang/renderpearl/api/pipeline/RenderPipeline;	INTEGRATE_DEPTH	field_1_9052
FIELD	net/minecraft/client/renderer/RenderPipelines	Lcom/mojang/renderpearl/api/pipeline/RenderPipeline;	OIT_DEPTH_BOUNDS_CULL	field_1_9053
FIELD	net/minecraft/data/loot/EntityLootSubProvider	Lnet/minecraft/core/HolderGetter;	damageTypes	field_1_9054
FIELD	net/minecraft/data/loot/EntityLootSubProvider	Lnet/minecraft/core/HolderGetter;	items	field_1_9055
FIELD	net/minecraft/data/loot/EntityLootSubProvider	Lnet/minecraft/core/HolderGetter;	lootTables	field_1_9056
METHOD	net/minecraft/data/loot/EntityLootSubProvider	()Lnet/minecraft/advancements/predicates/DamageSourcePredicate$Builder;	projectileDamage	method_1_8659
FIELD	net/minecraft/world/entity/decoration/Cushion	I	LIGHTNING_DROP_INVULNERABLE_TICKS	field_1_9057
METHOD	net/minecraft/world/entity/decoration/Cushion	(Lnet/minecraft/server/level/ServerLevel;)V	destroyIfInFire	method_1_8660
METHOD	net/minecraft/world/entity/decoration/Cushion	()Lnet/minecraft/world/item/ItemStack;	getCushionItemStackWithData	method_1_8661
METHOD	net/minecraft/world/entity/decoration/Cushion	(Lnet/minecraft/world/level/block/state/BlockState;)Z	lambda$destroyIfInFire$0	method_1_8662
METHOD	net/minecraft/world/entity/decoration/Cushion	(Lnet/minecraft/server/level/ServerLevel;Lnet/minecraft/core/BlockPos;Lnet/minecraft/world/level/block/state/BlockState;)Lnet/minecraft/util/Continuation;	lambda$destroyIfInFire$1	method_1_8663
METHOD	net/minecraft/world/entity/decoration/Cushion	(Lnet/minecraft/world/level/Level;Lnet/minecraft/world/phys/AABB;Lnet/minecraft/core/BlockPos;Lnet/minecraft/world/level/block/state/BlockState;)Lnet/minecraft/util/Continuation;	lambda$wouldSuriveAt$0	method_1_8664
FIELD	net/minecraft/world/level/levelgen/Beardifier	D	MAX_BURY_DISTANCE	field_1_9058
METHOD	com/mojang/blaze3d/platform/WindowEventHandler	(Z)V	fullscreenStateChanged	method_1_8665
CLASS	com/mojang/renderpearl/api/commands/RenderPass	class_1_1317
FIELD	com/mojang/renderpearl/api/commands/RenderPass	I	MAX_VERTEX_BUFFERS	field_1_9059
CLASS	com/mojang/renderpearl/api/textures/GpuTexture	class_1_1318
FIELD	com/mojang/renderpearl/api/textures/GpuTexture	I	USAGE_COPY_DST	field_1_9060
FIELD	com/mojang/renderpearl/api/textures/GpuTexture	I	USAGE_COPY_SRC	field_1_9061
FIELD	com/mojang/renderpearl/api/textures/GpuTexture	I	USAGE_CUBEMAP_COMPATIBLE	field_1_9062
FIELD	com/mojang/renderpearl/api/textures/GpuTexture	I	USAGE_RENDER_ATTACHMENT	field_1_9063
FIELD	com/mojang/renderpearl/api/textures/GpuTexture	I	USAGE_TEXTURE_BINDING	field_1_9064
FIELD	com/mojang/renderpearl/backend/opengl/GlDevice	J	glContext	field_1_9065
FIELD	com/mojang/renderpearl/backend/opengl/GlDevice	J	windowHandle	field_1_9066
FIELD	net/minecraft/data/loot/packs/VanillaChestLoot	Lnet/minecraft/core/HolderGetter;	structures	field_1_9067
FIELD	net/minecraft/gametest/framework/GameTestBatch	Lnet/minecraft/resources/ResourceKey;	dimension	comp_1_1365
METHOD	net/minecraft/world/inventory/BrewingStandMenu	()I	getTotalBrewingTicks	method_1_8666
METHOD	net/minecraft/world/inventory/BrewingStandMenu	()I	getTotalFuel	method_1_8667
CLASS	net/minecraft/world/item/component/BrewingFuel	class_1_1319
FIELD	net/minecraft/world/item/component/BrewingFuel	Lcom/mojang/serialization/Codec;	CODEC	field_1_9068
FIELD	net/minecraft/world/item/component/BrewingFuel	Lnet/minecraft/network/codec/StreamCodec;	STREAM_CODEC	field_1_9069
FIELD	net/minecraft/world/item/component/BrewingFuel	Lnet/minecraft/resources/ResourceKey;	speedMultiplier	comp_1_1366
FIELD	net/minecraft/world/item/component/BrewingFuel	Lnet/minecraft/resources/ResourceKey;	uses	comp_1_1367
METHOD	net/minecraft/world/item/component/BrewingFuel	(Lcom/mojang/serialization/codecs/RecordCodecBuilder$Instance;)Lcom/mojang/datafixers/kinds/App;	lambda$static$0	method_1_8668
CLASS	net/minecraft/world/item/component/CookingFuel	class_1_1320
FIELD	net/minecraft/world/item/component/CookingFuel	Lcom/mojang/serialization/Codec;	CODEC	field_1_9070
FIELD	net/minecraft/world/item/component/CookingFuel	Lnet/minecraft/network/codec/StreamCodec;	STREAM_CODEC	field_1_9071
FIELD	net/minecraft/world/item/component/CookingFuel	Lnet/minecraft/resources/ResourceKey;	burnTime	comp_1_1368
FIELD	net/minecraft/world/item/component/CookingFuel	Lnet/minecraft/resources/ResourceKey;	speedMultiplier	comp_1_1369
METHOD	net/minecraft/world/item/component/CookingFuel	(Lcom/mojang/serialization/codecs/RecordCodecBuilder$Instance;)Lcom/mojang/datafixers/kinds/App;	lambda$static$0	method_1_8669
METHOD	net/minecraft/world/item/trading/VillagerTrade	(Lnet/minecraft/world/item/trading/TradeCost;Lnet/minecraft/world/item/ItemStackTemplate;IIF)Lnet/minecraft/world/item/trading/VillagerTrade$Builder;	builder	method_1_8670
METHOD	net/minecraft/world/item/trading/VillagerTrade	(Lnet/minecraft/world/item/trading/TradeCost;Lnet/minecraft/world/item/trading/TradeCost;Lnet/minecraft/world/item/ItemStackTemplate;IIF)Lnet/minecraft/world/item/trading/VillagerTrade$Builder;	builder	method_1_8671
CLASS	net/minecraft/world/item/trading/VillagerTrade$Builder	class_1_1321
FIELD	net/minecraft/world/item/trading/VillagerTrade$Builder	Ljava/util/Optional;	additionalWants	field_1_9072
FIELD	net/minecraft/world/item/trading/VillagerTrade$Builder	Ljava/util/Optional;	doubleTradePriceEnchantments	field_1_9073
FIELD	net/minecraft/world/item/trading/VillagerTrade$Builder	Lcom/google/common/collect/ImmutableList$Builder;	givenItemModifiers	field_1_9074
FIELD	net/minecraft/world/item/trading/VillagerTrade$Builder	Lnet/minecraft/world/item/ItemStackTemplate;	gives	field_1_9075
FIELD	net/minecraft/world/item/trading/VillagerTrade$Builder	Lnet/minecraft/core/Holder;	maxUses	field_1_9076
FIELD	net/minecraft/world/item/trading/VillagerTrade$Builder	Ljava/util/Optional;	merchantPredicate	field_1_9077
FIELD	net/minecraft/world/item/trading/VillagerTrade$Builder	Lnet/minecraft/core/Holder;	reputationDiscount	field_1_9078
FIELD	net/minecraft/world/item/trading/VillagerTrade$Builder	Lnet/minecraft/world/item/trading/TradeCost;	wants	field_1_9079
FIELD	net/minecraft/world/item/trading/VillagerTrade$Builder	Lnet/minecraft/core/Holder;	xp	field_1_9080
METHOD	net/minecraft/world/item/trading/VillagerTrade$Builder	(Lnet/minecraft/world/level/storage/loot/functions/LootItemFunction$Builder;)Lnet/minecraft/world/item/trading/VillagerTrade$Builder;	addModifier	method_1_8672
METHOD	net/minecraft/world/item/trading/VillagerTrade$Builder	(Ljava/util/Collection;)Lnet/minecraft/world/item/trading/VillagerTrade$Builder;	addModifiers	method_1_8673
METHOD	net/minecraft/world/item/trading/VillagerTrade$Builder	([Lnet/minecraft/core/Holder;)Lnet/minecraft/world/item/trading/VillagerTrade$Builder;	addModifiers	method_1_8674
METHOD	net/minecraft/world/item/trading/VillagerTrade$Builder	(Lnet/minecraft/world/item/trading/TradeCost;)Lnet/minecraft/world/item/trading/VillagerTrade$Builder;	additionalWants	method_1_8675
METHOD	net/minecraft/world/item/trading/VillagerTrade$Builder	()Lnet/minecraft/world/item/trading/VillagerTrade;	build	method_1_8676
METHOD	net/minecraft/world/item/trading/VillagerTrade$Builder	(Lnet/minecraft/core/HolderSet;)Lnet/minecraft/world/item/trading/VillagerTrade$Builder;	doubleTradePriceEnchantments	method_1_8677
METHOD	net/minecraft/world/item/trading/VillagerTrade$Builder	(Lnet/minecraft/core/Holder;)Lnet/minecraft/world/item/trading/VillagerTrade$Builder;	merchantPredicate	method_1_8678
CLASS	net/minecraft/world/level/block/BonemealSource	class_1_1322
FIELD	net/minecraft/world/level/block/BonemealSource	Lnet/minecraft/world/level/block/BonemealSource;	INTERACTION	field_1_9081
FIELD	net/minecraft/world/level/block/BonemealSource	Lnet/minecraft/world/level/block/BonemealSource;	MOB	field_1_9082
METHOD	net/minecraft/world/level/block/BonemealSource	()[Lnet/minecraft/world/level/block/BonemealSource;	$values	method_1_8679
FIELD	net/minecraft/world/level/block/DragonEggBlock	I	HORIZONTAL_TELEPORT_RADIUS	field_1_9083
FIELD	net/minecraft/world/level/block/DragonEggBlock	I	VERTICAL_TELEPORT_RADIUS	field_1_9084
FIELD	net/minecraft/world/level/levelgen/RandomState	Ljava/util/Optional;	aquifers	field_1_9085
FIELD	net/minecraft/world/level/levelgen/RandomState	Ljava/util/List;	oreVeins	field_1_9086
METHOD	net/minecraft/world/level/levelgen/RandomState	()Ljava/util/Optional;	aquifers	method_1_8680
METHOD	net/minecraft/world/level/levelgen/RandomState	(Lnet/minecraft/world/level/levelgen/RandomState$1NoiseWiringHelper;Lnet/minecraft/world/level/levelgen/Aquifer$Config;)Lnet/minecraft/world/level/levelgen/Aquifer$Config;	lambda$new$0	method_1_8681
METHOD	net/minecraft/world/level/levelgen/RandomState	(Lnet/minecraft/world/level/levelgen/RandomState$1NoiseWiringHelper;Lnet/minecraft/world/level/levelgen/OreVeinifier;)Lnet/minecraft/world/level/levelgen/OreVeinifier;	lambda$new$1	method_1_8682
METHOD	net/minecraft/world/level/levelgen/RandomState	()Ljava/util/List;	oreVeins	method_1_8683
CLASS	com/mojang/blaze3d/buffers/Std140SizeCalculator	class_1_1323
FIELD	com/mojang/blaze3d/buffers/Std140SizeCalculator	I	size	field_1_9087
METHOD	com/mojang/blaze3d/buffers/Std140SizeCalculator	(I)Lcom/mojang/blaze3d/buffers/Std140SizeCalculator;	align	method_1_8684
METHOD	com/mojang/blaze3d/buffers/Std140SizeCalculator	()I	get	method_1_8685
METHOD	com/mojang/blaze3d/buffers/Std140SizeCalculator	()Lcom/mojang/blaze3d/buffers/Std140SizeCalculator;	putFloat	method_1_8686
METHOD	com/mojang/blaze3d/buffers/Std140SizeCalculator	()Lcom/mojang/blaze3d/buffers/Std140SizeCalculator;	putIVec2	method_1_8687
METHOD	com/mojang/blaze3d/buffers/Std140SizeCalculator	()Lcom/mojang/blaze3d/buffers/Std140SizeCalculator;	putIVec3	method_1_8688
METHOD	com/mojang/blaze3d/buffers/Std140SizeCalculator	()Lcom/mojang/blaze3d/buffers/Std140SizeCalculator;	putIVec4	method_1_8689
METHOD	com/mojang/blaze3d/buffers/Std140SizeCalculator	()Lcom/mojang/blaze3d/buffers/Std140SizeCalculator;	putInt	method_1_8690
METHOD	com/mojang/blaze3d/buffers/Std140SizeCalculator	()Lcom/mojang/blaze3d/buffers/Std140SizeCalculator;	putMat4f	method_1_8691
METHOD	com/mojang/blaze3d/buffers/Std140SizeCalculator	()Lcom/mojang/blaze3d/buffers/Std140SizeCalculator;	putVec2	method_1_8692
METHOD	com/mojang/blaze3d/buffers/Std140SizeCalculator	()Lcom/mojang/blaze3d/buffers/Std140SizeCalculator;	putVec3	method_1_8693
METHOD	com/mojang/blaze3d/buffers/Std140SizeCalculator	()Lcom/mojang/blaze3d/buffers/Std140SizeCalculator;	putVec4	method_1_8694
FIELD	com/mojang/renderpearl/backend/opengl/GlBackend	Lcom/mojang/renderpearl/api/device/BackendCreationException;	libraryLoadFailure	field_1_9088
FIELD	com/mojang/renderpearl/backend/opengl/GlBackend	Z	libraryLoaded	field_1_9089
FIELD	net/minecraft/client/renderer/LevelTargetBundle	Lcom/mojang/blaze3d/resource/ResourceHandle;	alwaysOnTopDepth	field_1_9090
FIELD	net/minecraft/client/renderer/LevelTargetBundle	Lcom/mojang/blaze3d/resource/ResourceHandle;	depthBoundsCopy	field_1_9091
METHOD	net/minecraft/gametest/framework/GameTestServer	(Lnet/minecraft/core/BlockPos;Lnet/minecraft/resources/ResourceKey;)Lnet/minecraft/core/BlockPos;	lambda$startTests$0	method_1_8695
CLASS	net/minecraft/util/datafix/fixes/SignsOpFlagFix	class_1_1324
METHOD	net/minecraft/util/datafix/fixes/SignsOpFlagFix	(Lcom/mojang/datafixers/OpticFinder;Lcom/mojang/datafixers/types/Type;Lcom/mojang/datafixers/Typed;)Lcom/mojang/datafixers/Typed;	lambda$makeRuleForType$0	method_1_8696
METHOD	net/minecraft/util/datafix/fixes/SignsOpFlagFix	(Lcom/mojang/datafixers/Typed;)Lcom/mojang/datafixers/Typed;	lambda$makeRuleForType$1	method_1_8697
METHOD	net/minecraft/util/datafix/fixes/SignsOpFlagFix	(Lcom/mojang/serialization/Dynamic;)Lcom/mojang/serialization/Dynamic;	lambda$makeRuleForType$2	method_1_8698
METHOD	net/minecraft/util/datafix/fixes/SignsOpFlagFix	(Ljava/lang/String;)Lcom/mojang/datafixers/TypeRewriteRule;	makeRuleForType	method_1_8699
METHOD	net/minecraft/world/item/trading/VillagerTrades	(Lnet/minecraft/core/HolderGetter;)Lnet/minecraft/advancements/predicates/ItemPredicate$Builder;	anyValidMap	method_1_8700
METHOD	net/minecraft/world/item/trading/VillagerTrades	(Lnet/minecraft/advancements/predicates/ItemPredicate$Builder;)Lnet/minecraft/core/Holder;	discardItemIfItsNot	method_1_8701
METHOD	net/minecraft/world/item/trading/VillagerTrades	(Lnet/minecraft/world/level/storage/loot/functions/LootItemFunction$Builder;Lnet/minecraft/advancements/predicates/ItemPredicate$Builder;)Ljava/util/List;	discardItemIfItsNot	method_1_8702
FIELD	net/minecraft/world/level/block/entity/SignText	Lnet/minecraft/world/item/component/TooltipProvider$Getter;	BACK_TEXT	field_1_9092
FIELD	net/minecraft/world/level/block/entity/SignText	Lnet/minecraft/world/level/block/entity/SignText;	EMPTY	field_1_9093
FIELD	net/minecraft/world/level/block/entity/SignText	Ljava/util/List;	EMPTY_MESSAGES	field_1_9094
FIELD	net/minecraft/world/level/block/entity/SignText	Lnet/minecraft/world/item/component/TooltipProvider$Getter;	FRONT_TEXT	field_1_9095
FIELD	net/minecraft/world/level/block/entity/SignText	Lnet/minecraft/network/codec/StreamCodec;	STREAM_CODEC	field_1_9096
METHOD	net/minecraft/world/level/block/entity/SignText	()Lnet/minecraft/world/level/block/entity/SignText$Mutable;	asMutable	method_1_8703
METHOD	net/minecraft/world/level/block/entity/SignText	(Lnet/minecraft/network/chat/Component;)Lnet/minecraft/world/item/component/TooltipProvider$Getter;	createTooltip	method_1_8704
METHOD	net/minecraft/world/level/block/entity/SignText	(Z)Z	hasEditableText	method_1_8705
METHOD	net/minecraft/world/level/block/entity/SignText	(Lnet/minecraft/network/chat/Component;Lnet/minecraft/world/level/block/entity/SignText;)Lnet/minecraft/world/item/component/TooltipProvider;	lambda$createTooltip$0	method_1_8706
METHOD	net/minecraft/world/level/block/entity/SignText	(Lnet/minecraft/world/item/Item$TooltipContext;Ljava/util/function/Consumer;Lnet/minecraft/world/item/TooltipFlag;Lnet/minecraft/core/component/DataComponentGetter;)V	lambda$createTooltip$1	method_1_8707
METHOD	net/minecraft/world/level/block/entity/SignText	(Lnet/minecraft/network/chat/Component;Lnet/minecraft/world/level/block/entity/SignText;Lnet/minecraft/world/item/Item$TooltipContext;Ljava/util/function/Consumer;Lnet/minecraft/world/item/TooltipFlag;Lnet/minecraft/core/component/DataComponentGetter;)V	lambda$createTooltip$2	method_1_8708
METHOD	net/minecraft/world/level/block/entity/SignText	(Lnet/minecraft/network/chat/Component;)Z	lambda$hasEditableText$0	method_1_8709
METHOD	net/minecraft/world/level/block/entity/SignText	(Lnet/minecraft/world/level/block/entity/SignText;)Ljava/util/List;	lambda$static$4	method_1_8710
METHOD	net/minecraft/world/level/block/entity/SignText	(Lnet/minecraft/world/level/block/entity/SignText;)Lnet/minecraft/world/item/DyeColor;	lambda$static$5	method_1_8711
METHOD	net/minecraft/world/level/block/entity/SignText	(Lnet/minecraft/world/level/block/entity/SignText;)Ljava/lang/Boolean;	lambda$static$6	method_1_8712
METHOD	net/minecraft/world/level/block/entity/SignText	()Ljava/lang/String;	lambda$validateLineCounts$0	method_1_8713
METHOD	net/minecraft/world/level/block/entity/SignText	(Lnet/minecraft/world/level/block/entity/SignText;)Lcom/mojang/serialization/DataResult;	validateLineCounts	method_1_8714
CLASS	net/minecraft/world/level/block/entity/SignText$Mutable	class_1_1325
FIELD	net/minecraft/world/level/block/entity/SignText$Mutable	Lnet/minecraft/world/item/DyeColor;	color	field_1_9097
FIELD	net/minecraft/world/level/block/entity/SignText$Mutable	[Lnet/minecraft/network/chat/Component;	filteredMessages	field_1_9098
FIELD	net/minecraft/world/level/block/entity/SignText$Mutable	Z	isTextGlowing	field_1_9099
FIELD	net/minecraft/world/level/block/entity/SignText$Mutable	[Lnet/minecraft/network/chat/Component;	messages	field_1_9100
METHOD	net/minecraft/world/level/block/entity/SignText$Mutable	()Lnet/minecraft/world/level/block/entity/SignText;	asImmutable	method_1_8715
METHOD	net/minecraft/world/level/block/entity/SignText$Mutable	(I)[Lnet/minecraft/network/chat/Component;	lambda$new$0	method_1_8716
METHOD	net/minecraft/world/level/block/entity/SignText$Mutable	(I)[Lnet/minecraft/network/chat/Component;	lambda$new$1	method_1_8717
METHOD	net/minecraft/world/level/block/entity/SignText$Mutable	(ILjava/util/function/UnaryOperator;)Lnet/minecraft/world/level/block/entity/SignText$Mutable;	modifyLine	method_1_8718
METHOD	net/minecraft/world/level/block/entity/SignText$Mutable	(Ljava/util/function/UnaryOperator;)Lnet/minecraft/world/level/block/entity/SignText$Mutable;	modifyLines	method_1_8719
METHOD	net/minecraft/world/level/block/entity/SignText$Mutable	(Lnet/minecraft/world/item/DyeColor;)Lnet/minecraft/world/level/block/entity/SignText$Mutable;	setColor	method_1_8720
METHOD	net/minecraft/world/level/block/entity/SignText$Mutable	(ILnet/minecraft/network/chat/Component;)Lnet/minecraft/world/level/block/entity/SignText$Mutable;	setLine	method_1_8721
METHOD	net/minecraft/world/level/block/entity/SignText$Mutable	(ILnet/minecraft/network/chat/Component;Lnet/minecraft/network/chat/Component;)Lnet/minecraft/world/level/block/entity/SignText$Mutable;	setLine	method_1_8722
METHOD	net/minecraft/world/level/block/entity/SignText$Mutable	(Z)Lnet/minecraft/world/level/block/entity/SignText$Mutable;	setTextGlowing	method_1_8723
FIELD	net/minecraft/world/level/levelgen/OreVeinifier	Lcom/mojang/serialization/Codec;	CODEC	field_1_9101
FIELD	net/minecraft/world/level/levelgen/OreVeinifier	Lnet/minecraft/world/level/levelgen/DensityFunction;	density	comp_1_1370
FIELD	net/minecraft/world/level/levelgen/OreVeinifier	Lnet/minecraft/world/level/block/state/BlockState;	fillerBlock	comp_1_1371
FIELD	net/minecraft/world/level/levelgen/OreVeinifier	Lnet/minecraft/world/level/levelgen/DensityFunction;	fillerGap	comp_1_1372
FIELD	net/minecraft/world/level/levelgen/OreVeinifier	Lnet/minecraft/world/level/block/state/BlockState;	oreBlock	comp_1_1373
FIELD	net/minecraft/world/level/levelgen/OreVeinifier	Lnet/minecraft/world/level/block/state/BlockState;	rawOreBlock	comp_1_1374
FIELD	net/minecraft/world/level/levelgen/OreVeinifier	F	rawOreChance	comp_1_1375
FIELD	net/minecraft/world/level/levelgen/OreVeinifier	Lnet/minecraft/world/level/levelgen/DensityFunction;	richness	comp_1_1376
METHOD	net/minecraft/world/level/levelgen/OreVeinifier	(Lnet/minecraft/world/level/levelgen/PositionalRandomFactory;)Lnet/minecraft/world/level/levelgen/NoiseChunk$BlockStateFiller;	createFiller	method_1_8724
METHOD	net/minecraft/world/level/levelgen/OreVeinifier	(Lnet/minecraft/world/level/block/state/BlockState;Lnet/minecraft/world/level/levelgen/PositionalRandomFactory;Lnet/minecraft/world/level/levelgen/DensityFunction$FunctionContext;)Lnet/minecraft/world/level/block/state/BlockState;	lambda$createFiller$0	method_1_8725
METHOD	net/minecraft/world/level/levelgen/OreVeinifier	(Lcom/mojang/serialization/codecs/RecordCodecBuilder$Instance;)Lcom/mojang/datafixers/kinds/App;	lambda$static$0	method_1_8726
METHOD	net/minecraft/world/level/levelgen/OreVeinifier	(Lnet/minecraft/world/level/levelgen/DensityFunction$Visitor;)Lnet/minecraft/world/level/levelgen/OreVeinifier;	mapAll	method_1_8727
METHOD	net/minecraft/world/level/levelgen/OreVeinifier$VeinType	(Lnet/minecraft/world/level/levelgen/DensityFunction;Lnet/minecraft/world/level/levelgen/DensityFunction;Lnet/minecraft/world/level/levelgen/DensityFunction;)Lnet/minecraft/world/level/levelgen/OreVeinifier;	create	method_1_8728
FIELD	net/minecraft/world/level/material/PushReaction	Lnet/minecraft/world/level/material/PushReaction;	IGNORE_ENTITY	field_1_9102
FIELD	net/minecraft/world/level/material/PushReaction	Lnet/minecraft/world/level/material/PushReaction;	IMMOVEABLE	field_1_9103
FIELD	net/minecraft/world/level/material/PushReaction	Lnet/minecraft/world/level/material/PushReaction;	POPPED	field_1_9104
FIELD	net/minecraft/world/level/material/PushReaction	Lnet/minecraft/world/level/material/PushReaction;	PUSH_PULL	field_1_9105
FIELD	net/minecraft/world/level/storage/loot/LootPool	Ljava/util/Optional;	modifier	field_1_9106
FIELD	net/minecraft/world/entity/monster/zombie/Zombie	Lnet/minecraft/world/entity/ConversionTracker;	drowningTracker	field_1_9107
METHOD	net/minecraft/world/entity/monster/zombie/Zombie	()Lnet/minecraft/world/entity/EntityType;	convertsToWhenDrowning	method_1_8729
METHOD	net/minecraft/world/entity/monster/zombie/Zombie	()I	getConversionSound	method_1_8730
METHOD	net/minecraft/world/entity/monster/zombie/Zombie	()Z	lambda$new$0	method_1_8731
METHOD	net/minecraft/world/entity/monster/zombie/Zombie	(Lnet/minecraft/world/entity/monster/zombie/Zombie;Lnet/minecraft/server/level/ServerLevel;)V	lambda$new$1	method_1_8732
CLASS	net/minecraft/world/item/component/MobVisibility	class_1_1326
FIELD	net/minecraft/world/item/component/MobVisibility	Lcom/mojang/serialization/Codec;	CODEC	field_1_9108
FIELD	net/minecraft/world/item/component/MobVisibility	F	MAX_VISIBILITY	field_1_9109
FIELD	net/minecraft/world/item/component/MobVisibility	F	MIN_VISIBILITY	field_1_9110
FIELD	net/minecraft/world/item/component/MobVisibility	Lnet/minecraft/network/codec/StreamCodec;	STREAM_CODEC	field_1_9111
FIELD	net/minecraft/world/item/component/MobVisibility	Lnet/minecraft/core/HolderSet;	targetingEntityTypes	comp_1_1377
FIELD	net/minecraft/world/item/component/MobVisibility	F	visibility	comp_1_1378
METHOD	net/minecraft/world/item/component/MobVisibility	(Lcom/mojang/serialization/codecs/RecordCodecBuilder$Instance;)Lcom/mojang/datafixers/kinds/App;	lambda$static$0	method_1_8733
METHOD	net/minecraft/world/level/biome/MobSpawnSettings	()Ljava/util/Map;	allSpawnCosts	method_1_8734
METHOD	net/minecraft/world/level/biome/MobSpawnSettings	()Ljava/util/Set;	definedCategories	method_1_8735
METHOD	net/minecraft/world/level/biome/MobSpawnSettings	(Lnet/minecraft/world/entity/MobCategory;)Lnet/minecraft/util/random/WeightedList;	getMobsInCategory	method_1_8736
METHOD	net/minecraft/world/level/biome/MobSpawnSettings$Builder	(Ljava/util/Map;)Lnet/minecraft/world/level/biome/MobSpawnSettings$Builder;	addAllCosts	method_1_8737
METHOD	net/minecraft/world/level/biome/MobSpawnSettings$Builder	(Lnet/minecraft/world/entity/MobCategory;Lnet/minecraft/util/random/WeightedList;)Lnet/minecraft/world/level/biome/MobSpawnSettings$Builder;	addAllSpawns	method_1_8738
METHOD	net/minecraft/world/level/biome/MobSpawnSettings$Builder	(Lnet/minecraft/world/entity/EntityType;III)Lnet/minecraft/world/level/biome/MobSpawnSettings$Builder;	addSpawn	method_1_8739
METHOD	net/minecraft/world/level/biome/MobSpawnSettings$Builder	(Lnet/minecraft/world/entity/EntityType;ILnet/minecraft/util/valueproviders/IntProvider;)Lnet/minecraft/world/level/biome/MobSpawnSettings$Builder;	addSpawn	method_1_8740
METHOD	net/minecraft/world/level/biome/MobSpawnSettings$Builder	(Lnet/minecraft/world/entity/MobCategory;)Lnet/minecraft/world/level/biome/MobSpawnSettings$Builder;	dontOverride	method_1_8741
METHOD	net/minecraft/world/level/biome/MobSpawnSettings$Builder	(Lnet/minecraft/world/entity/MobCategory;)Lnet/minecraft/util/random/WeightedList$Builder;	forCategory	method_1_8742
METHOD	net/minecraft/world/level/biome/MobSpawnSettings$Builder	(Lnet/minecraft/world/entity/MobCategory;)Lnet/minecraft/util/random/WeightedList$Builder;	lambda$forCategory$0	method_1_8743
METHOD	net/minecraft/world/level/biome/MobSpawnSettings$Builder	(Lnet/minecraft/world/entity/MobCategory;)Lnet/minecraft/world/level/biome/MobSpawnSettings$Builder;	noSpawns	method_1_8744
FIELD	net/minecraft/world/level/biome/MobSpawnSettings$SpawnerData	Lnet/minecraft/util/valueproviders/IntProvider;	count	comp_1_1379
METHOD	net/minecraft/world/level/biome/MobSpawnSettings$SpawnerData	(Lcom/mojang/serialization/codecs/RecordCodecBuilder$Instance;)Lcom/mojang/datafixers/kinds/App;	lambda$static$0	method_1_8745
FIELD	net/minecraft/world/level/blockscan/BlockMatcher	Ljava/util/function/Predicate;	NO_PREDICATE	field_1_9112
METHOD	net/minecraft/world/level/blockscan/BlockMatcher	(Ljava/util/function/Predicate;)Z	anyMatched	method_1_8746
METHOD	net/minecraft/world/level/blockscan/BlockMatcher	(Lnet/minecraft/world/level/block/state/BlockState;)Z	lambda$static$0	method_1_8747
CLASS	net/minecraft/world/level/blockscan/package-info	class_1_1327
FIELD	net/minecraft/world/level/storage/loot/LootTable	Lcom/mojang/serialization/Codec;	LIST_CODEC	field_1_9113
FIELD	net/minecraft/world/level/storage/loot/LootTable	Ljava/util/Optional;	modifier	field_1_9114
FIELD	net/minecraft/client/renderer/WorldBorderRenderer	I	FORCEFIELD_MIP_LEVEL	field_1_9115
FIELD	net/minecraft/client/renderer/WorldBorderRenderer	D	RENDERING_OFFSET	field_1_9116
FIELD	net/minecraft/data/loot/packs/VanillaShearingLoot	Lnet/minecraft/core/HolderGetter;	lootTables	field_1_9117
METHOD	net/minecraft/gametest/framework/GameTestInstance	()Lnet/minecraft/resources/ResourceKey;	dimension	method_1_8748
METHOD	net/minecraft/network/protocol/game/GameProtocols	(Ljava/util/function/Function;)Lnet/minecraft/network/protocol/CodecModifier;	dispatchCodec	method_1_8749
METHOD	net/minecraft/network/protocol/game/GameProtocols	(Ljava/util/function/Function;Lnet/minecraft/network/codec/StreamCodec;Lnet/minecraft/network/protocol/game/GameProtocols$Context;)Lnet/minecraft/network/codec/StreamCodec;	lambda$dispatchCodec$0	method_1_8750
METHOD	net/minecraft/network/protocol/game/GameProtocols	(Lnet/minecraft/network/protocol/game/GameProtocols$Context;)Lnet/minecraft/network/codec/StreamCodec;	lambda$static$2	method_1_8751
FIELD	net/minecraft/network/protocol/game/GameProtocols$2	Ljava/util/function/Function;	val$codecGetter	field_1_9118
FIELD	net/minecraft/network/protocol/game/GameProtocols$2	Lnet/minecraft/network/protocol/game/GameProtocols$Context;	val$context	field_1_9119
METHOD	net/minecraft/network/protocol/game/GameProtocols$2	(Lnet/minecraft/network/RegistryFriendlyByteBuf;)Ljava/lang/Object;	decode	method_1_8752
METHOD	net/minecraft/network/protocol/game/GameProtocols$2	(Lnet/minecraft/network/RegistryFriendlyByteBuf;Ljava/lang/Object;)V	encode	method_1_8753
METHOD	net/minecraft/network/protocol/game/GameProtocols$Context	()Z	canUseCommandBlocks	method_1_8754
FIELD	net/minecraft/world/entity/EntityFluidInteraction	Lit/unimi/dsi/fastutil/objects/Reference2ObjectMap;	currentAccumulators	field_1_9120
FIELD	net/minecraft/world/entity/EntityFluidInteraction	Ljava/util/List;	fluidTrackers	field_1_9121
METHOD	net/minecraft/world/entity/EntityFluidInteraction	(Lnet/minecraft/core/Holder;)Lnet/minecraft/world/entity/EntityFluidInteraction$CurrentAccumulator;	getCurrentAccumulatorFor	method_1_8755
METHOD	net/minecraft/world/entity/EntityFluidInteraction	(Lnet/minecraft/core/Holder;)Lnet/minecraft/world/entity/EntityFluidInteraction$Tracker;	getOrCreateTrackerFor	method_1_8756
CLASS	net/minecraft/world/entity/EntityFluidInteraction$Tracker	class_1_1328
FIELD	net/minecraft/world/entity/EntityFluidInteraction$Tracker	Z	eyesInside	field_1_9122
FIELD	net/minecraft/world/entity/EntityFluidInteraction$Tracker	Lnet/minecraft/core/Holder;	fluidType	field_1_9123
FIELD	net/minecraft/world/entity/EntityFluidInteraction$Tracker	D	height	field_1_9124
METHOD	net/minecraft/world/entity/EntityFluidInteraction$Tracker	()Z	reset	method_1_8757
METHOD	net/minecraft/world/item/slot/CompositeSlotSource	(Lnet/minecraft/core/HolderSet;)Ljava/util/function/Function;	group	method_1_8758
METHOD	net/minecraft/world/item/slot/CompositeSlotSource	(Lnet/minecraft/core/HolderSet;Lnet/minecraft/world/level/storage/loot/LootContext;)Lnet/minecraft/world/item/slot/SlotCollection;	lambda$group$0	method_1_8759
METHOD	net/minecraft/world/item/slot/CompositeSlotSource	(Lnet/minecraft/world/level/storage/loot/LootContext;)Lnet/minecraft/world/item/slot/SlotCollection;	lambda$group$1	method_1_8760
METHOD	net/minecraft/world/item/slot/CompositeSlotSource	(Lnet/minecraft/core/Holder;Lnet/minecraft/world/level/storage/loot/LootContext;)Lnet/minecraft/world/item/slot/SlotCollection;	lambda$group$2	method_1_8761
METHOD	net/minecraft/world/item/slot/CompositeSlotSource	(Lnet/minecraft/core/Holder;Lnet/minecraft/core/Holder;Lnet/minecraft/world/level/storage/loot/LootContext;)Lnet/minecraft/world/item/slot/SlotCollection;	lambda$group$3	method_1_8762
METHOD	net/minecraft/world/item/slot/CompositeSlotSource	(Lnet/minecraft/core/HolderSet;Lnet/minecraft/world/level/storage/loot/LootContext;)Lnet/minecraft/world/item/slot/SlotCollection;	lambda$group$4	method_1_8763
CLASS	com/mojang/renderpearl/api/commands/CommandEncoder	class_1_1329
CLASS	com/mojang/renderpearl/api/textures/GpuTextureView	class_1_1330
CLASS	com/mojang/renderpearl/backend/common/package-info	class_1_1331
FIELD	net/minecraft/advancements/predicates/TagPredicate	Lnet/minecraft/core/HolderSet;	tag	comp_1_1380
METHOD	net/minecraft/advancements/predicates/TagPredicate	(Lnet/minecraft/core/HolderSet;)Lnet/minecraft/advancements/predicates/TagPredicate;	is	method_1_8764
METHOD	net/minecraft/advancements/predicates/TagPredicate	(Lnet/minecraft/core/HolderSet;)Lnet/minecraft/advancements/predicates/TagPredicate;	isNot	method_1_8765
METHOD	net/minecraft/world/entity/ai/behavior/AnimalPanic	(Lnet/minecraft/world/level/block/state/BlockState;)Z	isWater	method_1_8766
METHOD	net/minecraft/world/entity/ai/behavior/AnimalPanic	(Lnet/minecraft/world/level/LevelReader;Lnet/minecraft/core/BlockPos;Lnet/minecraft/world/level/block/state/BlockState;)Z	lambda$lookForWater$0	method_1_8767
METHOD	net/minecraft/world/entity/ai/behavior/TryFindLand	(Lnet/minecraft/server/level/ServerLevel;Lnet/minecraft/core/BlockPos;Lnet/minecraft/world/level/block/state/BlockState;Lnet/minecraft/world/phys/shapes/CollisionContext;Lnet/minecraft/core/BlockPos$MutableBlockPos;)Z	canStandOn	method_1_8768
METHOD	net/minecraft/world/entity/ai/behavior/TryFindLand	(Lnet/minecraft/core/BlockPos;Lnet/minecraft/core/BlockPos;)Z	lambda$create$3	method_1_8769
METHOD	net/minecraft/world/entity/ai/behavior/TryFindLand	(Lnet/minecraft/world/level/block/state/BlockState;)Z	lambda$create$4	method_1_8770
METHOD	net/minecraft/world/entity/ai/behavior/TryFindLand	(Lnet/minecraft/server/level/ServerLevel;Lnet/minecraft/world/phys/shapes/CollisionContext;Lnet/minecraft/core/BlockPos$MutableBlockPos;Lnet/minecraft/core/BlockPos;Lnet/minecraft/world/level/block/state/BlockState;)Z	lambda$create$5	method_1_8771
METHOD	net/minecraft/world/entity/ai/behavior/TryFindLand	(Lnet/minecraft/world/entity/ai/behavior/declarative/MemoryAccessor;Lnet/minecraft/world/entity/ai/behavior/declarative/MemoryAccessor;FLnet/minecraft/core/BlockPos;)V	lambda$create$6	method_1_8772
CLASS	net/minecraft/world/item/component/TooltipProvider$Getter	class_1_1332
METHOD	net/minecraft/world/item/component/TooltipProvider$Getter	(Ljava/lang/Object;)Lnet/minecraft/world/item/component/TooltipProvider;	get	method_1_8773
METHOD	net/minecraft/world/level/blockscan/BlockScanUtils	(Lnet/minecraft/world/level/LevelReader;Ljava/lang/Iterable;Ljava/util/function/Predicate;Lnet/minecraft/world/level/blockscan/BlockStateConsumer;)Z	findBlocksWithCache	method_1_8774
METHOD	net/minecraft/world/level/levelgen/DensityFunction	(D)Lnet/minecraft/world/level/levelgen/DensityFunction;	add	method_1_8775
METHOD	net/minecraft/world/level/levelgen/DensityFunction	(Lnet/minecraft/world/level/levelgen/DensityFunction;)Lnet/minecraft/world/level/levelgen/DensityFunction;	add	method_1_8776
METHOD	net/minecraft/world/level/levelgen/DensityFunction	(D)Lnet/minecraft/world/level/levelgen/DensityFunction;	div	method_1_8777
METHOD	net/minecraft/world/level/levelgen/DensityFunction	(Lnet/minecraft/world/level/levelgen/DensityFunction;)Lnet/minecraft/world/level/levelgen/DensityFunction;	div	method_1_8778
METHOD	net/minecraft/world/level/levelgen/DensityFunction	(D)Lnet/minecraft/world/level/levelgen/DensityFunction;	mul	method_1_8779
METHOD	net/minecraft/world/level/levelgen/DensityFunction	(Lnet/minecraft/world/level/levelgen/DensityFunction;)Lnet/minecraft/world/level/levelgen/DensityFunction;	mul	method_1_8780
METHOD	net/minecraft/world/level/levelgen/DensityFunction	()Lnet/minecraft/world/level/levelgen/DensityFunction;	negate	method_1_8781
METHOD	net/minecraft/world/level/levelgen/DensityFunction	()Lnet/minecraft/world/level/levelgen/DensityFunction;	reciprocal	method_1_8782
METHOD	net/minecraft/world/level/levelgen/DensityFunction	(D)Lnet/minecraft/world/level/levelgen/DensityFunction;	sub	method_1_8783
METHOD	net/minecraft/world/level/levelgen/DensityFunction	(Lnet/minecraft/world/level/levelgen/DensityFunction;)Lnet/minecraft/world/level/levelgen/DensityFunction;	sub	method_1_8784
FIELD	net/minecraft/world/level/levelgen/NoiseRouterData	Lnet/minecraft/world/level/levelgen/OverworldFunctionSet;	AMPLIFIED_OVERWORLD_FUNCTIONS	field_1_9125
FIELD	net/minecraft/world/level/levelgen/NoiseRouterData	Lnet/minecraft/world/level/levelgen/OverworldFunctionSet;	LARGE_OVERWORLD_FUNCTIONS	field_1_9126
FIELD	net/minecraft/world/level/levelgen/NoiseRouterData	Lnet/minecraft/resources/ResourceKey;	ORE_VEIN_COPPER_DENSITY	field_1_9127
FIELD	net/minecraft/world/level/levelgen/NoiseRouterData	Lnet/minecraft/resources/ResourceKey;	ORE_VEIN_GAP	field_1_9128
FIELD	net/minecraft/world/level/levelgen/NoiseRouterData	Lnet/minecraft/resources/ResourceKey;	ORE_VEIN_IRON_DENSITY	field_1_9129
FIELD	net/minecraft/world/level/levelgen/NoiseRouterData	Lnet/minecraft/resources/ResourceKey;	ORE_VEIN_MASK	field_1_9130
FIELD	net/minecraft/world/level/levelgen/NoiseRouterData	Lnet/minecraft/resources/ResourceKey;	ORE_VEIN_RICHNESS	field_1_9131
FIELD	net/minecraft/world/level/levelgen/NoiseRouterData	Lnet/minecraft/resources/ResourceKey;	ORE_VEIN_TOGGLE	field_1_9132
FIELD	net/minecraft/world/level/levelgen/NoiseRouterData	Lnet/minecraft/world/level/levelgen/OverworldFunctionSet;	OVERWORLD_FUNCTIONS	field_1_9133
METHOD	net/minecraft/world/level/levelgen/NoiseRouterData	(Lnet/minecraft/core/HolderGetter;Lnet/minecraft/world/level/levelgen/DensityFunction;Lnet/minecraft/world/level/levelgen/DensityFunction;II)Lnet/minecraft/world/level/levelgen/DensityFunction;	createBaseOreVeinMask	method_1_8785
METHOD	net/minecraft/world/level/levelgen/NoiseRouterData	(Lnet/minecraft/world/level/levelgen/OreVeinifier$VeinType;Lnet/minecraft/world/level/levelgen/DensityFunction;Lnet/minecraft/world/level/levelgen/DensityFunction;Lnet/minecraft/world/level/levelgen/DensityFunction;Z)Lnet/minecraft/world/level/levelgen/DensityFunction;	createOreVeinDensity	method_1_8786
METHOD	net/minecraft/world/level/levelgen/NoiseRouterData	(Lnet/minecraft/core/HolderGetter;Lnet/minecraft/resources/ResourceKey;)Lnet/minecraft/world/level/levelgen/DensityFunction;	lambda$overworld$0	method_1_8787
METHOD	net/minecraft/world/level/levelgen/NoiseRouterData	(Lnet/minecraft/core/HolderGetter;Lnet/minecraft/core/HolderGetter;Lnet/minecraft/world/level/levelgen/OverworldFunctionSet;)Lnet/minecraft/world/level/levelgen/Aquifer$Config;	overworldAquifers	method_1_8788
METHOD	net/minecraft/world/level/levelgen/NoiseRouterData	(Lnet/minecraft/core/HolderGetter;)Ljava/util/List;	overworldOreVeins	method_1_8789
METHOD	net/minecraft/world/level/levelgen/NoiseRouterData	(Lnet/minecraft/data/worldgen/BootstrapContext;)V	registerOreVeins	method_1_8790
METHOD	net/minecraft/world/level/storage/loot/Validatable	(Lnet/minecraft/world/level/storage/loot/ValidationContext;Ljava/lang/String;Lnet/minecraft/core/Holder;)V	lambda$validateHolder$0	method_1_8791
METHOD	net/minecraft/world/level/storage/loot/Validatable	(Lnet/minecraft/world/level/storage/loot/ValidationContext;Ljava/lang/String;Ljava/util/List;)V	validateHolder	method_1_8792
METHOD	net/minecraft/world/level/storage/loot/Validatable	(Lnet/minecraft/world/level/storage/loot/ValidationContext;Ljava/lang/String;Ljava/util/Optional;)V	validateHolder	method_1_8793
METHOD	net/minecraft/world/level/storage/loot/Validatable	(Lnet/minecraft/world/level/storage/loot/ValidationContext;Ljava/lang/String;Lnet/minecraft/core/Holder;)V	validateHolder	method_1_8794
METHOD	net/minecraft/world/level/storage/loot/Validatable	(Lnet/minecraft/world/level/storage/loot/ValidationContext;Lnet/minecraft/core/Holder;)V	validateHolder	method_1_8795
METHOD	net/minecraft/world/level/storage/loot/Validatable	(Lnet/minecraft/world/level/storage/loot/ValidationContext;Ljava/lang/String;Lnet/minecraft/core/HolderSet;)V	validateHolderSet	method_1_8796
METHOD	net/minecraft/world/level/storage/loot/Validatable	(Lnet/minecraft/world/level/storage/loot/ValidationContext;Lnet/minecraft/core/HolderSet;)V	validateHolderSet	method_1_8797
field_1_5657 is now comp_1_1381
field_1_5658 is now comp_1_1382
CLASS	com/mojang/renderpearl/backend/common/BaseGpuBuffer	class_1_1333
FIELD	com/mojang/renderpearl/backend/common/BaseGpuBuffer	J	size	field_1_9134
FIELD	com/mojang/renderpearl/backend/common/BaseGpuBuffer	I	usage	field_1_9135
FIELD	com/mojang/renderpearl/backend/vulkan/VulkanBackend	Lcom/mojang/renderpearl/api/device/BackendCreationException;	libraryLoadFailure	field_1_9136
FIELD	com/mojang/renderpearl/backend/vulkan/VulkanBackend	Z	libraryLoaded	field_1_9137
METHOD	com/mojang/renderpearl/backend/vulkan/VulkanBackend	()Lcom/mojang/renderpearl/api/device/BackendCreationException;	checkBackendAvailableWithLoadedLibrary	method_1_8798
FIELD	net/minecraft/client/renderer/item/MissingItemModel	Lnet/minecraft/client/resources/model/geometry/ItemQuads;	itemQuads	field_1_9138
FIELD	net/minecraft/client/renderer/rendertype/RenderType	Z	hasBlending	field_1_9139
METHOD	net/minecraft/client/renderer/rendertype/RenderType	()Z	hasBlending	method_1_8799
FIELD	net/minecraft/client/renderer/state/GameRenderState	Z	shouldRenderLevel	field_1_9140
FIELD	net/minecraft/data/worldgen/features/NetherFeatures	Lnet/minecraft/resources/ResourceKey;	NYLIUM_BONEMEAL	field_1_9141
METHOD	net/minecraft/data/worldgen/features/NetherFeatures	(IILnet/minecraft/core/Direction;Lnet/minecraft/world/level/block/Block;Lnet/minecraft/world/level/block/Block;)Lnet/minecraft/world/level/levelgen/feature/Feature;	createVines	method_1_8800
CLASS	net/minecraft/gametest/framework/GameTestDimensions	class_1_1334
FIELD	net/minecraft/gametest/framework/GameTestDimensions	Ljava/lang/String;	DEFAULT	field_1_9142
FIELD	net/minecraft/gametest/framework/GameTestDimensions	Ljava/lang/String;	END	field_1_9143
FIELD	net/minecraft/gametest/framework/GameTestDimensions	Ljava/lang/String;	NETHER	field_1_9144
FIELD	net/minecraft/world/attribute/EnvironmentAttributes	Lnet/minecraft/world/attribute/EnvironmentAttribute;	CREATURE_WORLD_GEN_SPAWN_PROBABILITY	field_1_9145
FIELD	net/minecraft/world/attribute/EnvironmentAttributes	Lnet/minecraft/world/attribute/EnvironmentAttribute;	NATURAL_MOB_SPAWNS	field_1_9146
CLASS	net/minecraft/world/attribute/modifier/ListModifier	class_1_1335
METHOD	net/minecraft/world/attribute/modifier/ListModifier	()Lnet/minecraft/world/attribute/modifier/ListModifier;	append	method_1_8801
CLASS	net/minecraft/world/attribute/modifier/ListModifier$Append	class_1_1336
FIELD	net/minecraft/world/attribute/modifier/ListModifier$Append	Lnet/minecraft/world/attribute/modifier/ListModifier$Append;	INSTANCE	field_1_9147
METHOD	net/minecraft/world/attribute/modifier/ListModifier$Append	(Ljava/util/List;Ljava/util/List;)Ljava/util/List;	apply	method_1_8802
METHOD	net/minecraft/world/entity/ai/behavior/TryFindWater	(Lnet/minecraft/core/BlockPos;Lnet/minecraft/core/BlockPos;)Z	lambda$create$3	method_1_8803
METHOD	net/minecraft/world/entity/ai/behavior/TryFindWater	(Lnet/minecraft/world/level/block/state/BlockState;)Z	lambda$create$4	method_1_8804
METHOD	net/minecraft/world/entity/ai/behavior/TryFindWater	(Lnet/minecraft/server/level/ServerLevel;Lorg/apache/commons/lang3/mutable/MutableObject;Lnet/minecraft/world/entity/PathfinderMob;Lnet/minecraft/core/BlockPos;Lnet/minecraft/world/level/block/state/BlockState;)Lnet/minecraft/util/Continuation;	lambda$create$5	method_1_8805
FIELD	net/minecraft/world/inventory/AbstractContainerMenu	I	CONTAINER_CLICK_PRIMARY	field_1_9148
FIELD	net/minecraft/world/inventory/AbstractContainerMenu	I	CONTAINER_CLICK_SECONDARY	field_1_9149
METHOD	net/minecraft/world/inventory/AbstractContainerMenu	(I)Lnet/minecraft/world/inventory/ClickAction;	getClickAction	method_1_8806
METHOD	net/minecraft/world/inventory/AbstractContainerMenu	(I)Z	isContainerClickButton	method_1_8807
METHOD	net/minecraft/world/level/block/ChangeOverTimeBlock	(Lnet/minecraft/world/level/block/state/BlockState;)Z	isSameAgeingType	method_1_8808
METHOD	net/minecraft/world/level/block/ChangeOverTimeBlock	(Lnet/minecraft/core/BlockPos;Lnet/minecraft/core/BlockPos;)Z	lambda$getNextState$0	method_1_8809
METHOD	net/minecraft/world/level/block/ChangeOverTimeBlock	(Lnet/minecraft/server/level/ServerLevel;ILorg/apache/commons/lang3/mutable/MutableInt;Lorg/apache/commons/lang3/mutable/MutableInt;Lnet/minecraft/core/BlockPos;Lnet/minecraft/world/level/block/state/BlockState;)Lnet/minecraft/util/Continuation;	lambda$getNextState$1	method_1_8810
CLASS	net/minecraft/world/level/block/entity/SignTextSlot	class_1_1337
FIELD	net/minecraft/world/level/block/entity/SignTextSlot	Lnet/minecraft/world/level/block/entity/SignTextSlot;	BACK	field_1_9150
FIELD	net/minecraft/world/level/block/entity/SignTextSlot	Ljava/util/function/IntFunction;	BY_ID	field_1_9151
FIELD	net/minecraft/world/level/block/entity/SignTextSlot	Lnet/minecraft/world/level/block/entity/SignTextSlot;	FRONT	field_1_9152
FIELD	net/minecraft/world/level/block/entity/SignTextSlot	Lnet/minecraft/network/codec/StreamCodec;	STREAM_CODEC	field_1_9153
FIELD	net/minecraft/world/level/block/entity/SignTextSlot	I	id	field_1_9154
METHOD	net/minecraft/world/level/block/entity/SignTextSlot	()[Lnet/minecraft/world/level/block/entity/SignTextSlot;	$values	method_1_8811
METHOD	net/minecraft/world/level/block/entity/SignTextSlot	(Lnet/minecraft/world/level/block/entity/SignTextSlot;)I	lambda$static$0	method_1_8812
METHOD	net/minecraft/world/level/block/entity/SignTextSlot	(Lnet/minecraft/world/level/block/entity/SignTextSlot;)I	lambda$static$1	method_1_8813
CLASS	net/minecraft/world/level/blockscan/BoxBlockMatcher	class_1_1338
FIELD	net/minecraft/world/level/blockscan/BoxBlockMatcher	Lnet/minecraft/core/BlockPos;	from	field_1_9155
FIELD	net/minecraft/world/level/blockscan/BoxBlockMatcher	Lnet/minecraft/core/BlockPos;	to	field_1_9156
METHOD	net/minecraft/world/level/blockscan/BoxBlockMatcher	(Ljava/util/function/Predicate;)Lnet/minecraft/world/level/blockscan/BoxBlockMatcher;	filterState	method_1_8814
METHOD	net/minecraft/world/level/blockscan/BoxBlockMatcher	(Lnet/minecraft/core/BlockPos;Lnet/minecraft/world/level/block/state/BlockState;)Lnet/minecraft/util/Continuation;	lambda$anyMatched$0	method_1_8815
METHOD	net/minecraft/world/level/blockscan/BoxBlockMatcher	(Ljava/util/function/BiConsumer;Lnet/minecraft/core/BlockPos;Lnet/minecraft/world/level/block/state/BlockState;)Lnet/minecraft/util/Continuation;	lambda$forEach$0	method_1_8816
METHOD	net/minecraft/world/level/levelgen/DensityFunctions	()Lnet/minecraft/world/level/levelgen/DensityFunction;	beardifier	method_1_8817
METHOD	net/minecraft/world/level/levelgen/DensityFunctions	(Lnet/minecraft/world/level/levelgen/DensityFunction;DDDD)Lnet/minecraft/world/level/levelgen/DensityFunction;	clampedMap	method_1_8818
METHOD	net/minecraft/world/level/levelgen/DensityFunctions	(Lnet/minecraft/world/level/levelgen/DensityFunction;Lnet/minecraft/world/level/levelgen/DensityFunction;)Lnet/minecraft/world/level/levelgen/DensityFunction;	div	method_1_8819
METHOD	net/minecraft/world/level/levelgen/DensityFunctions	(Lnet/minecraft/world/level/levelgen/DensityFunction;DDDD)Lnet/minecraft/world/level/levelgen/DensityFunction;	remap	method_1_8820
METHOD	net/minecraft/world/level/levelgen/DensityFunctions	(Lnet/minecraft/world/level/levelgen/DensityFunction;Lnet/minecraft/world/level/levelgen/DensityFunction;)Lnet/minecraft/world/level/levelgen/DensityFunction;	sub	method_1_8821
comp_378 is now comp_1_1383
comp_377 is now comp_1_1384
METHOD	net/minecraft/world/level/levelgen/DensityFunctions$Constant	(Lcom/mojang/serialization/codecs/RecordCodecBuilder$Instance;)Lcom/mojang/datafixers/kinds/App;	lambda$static$0	method_1_8822
CLASS	net/minecraft/world/level/levelgen/DensityFunctions$Lerp	class_1_1339
FIELD	net/minecraft/world/level/levelgen/DensityFunctions$Lerp	Lcom/mojang/serialization/MapCodec;	CODEC	field_1_9157
FIELD	net/minecraft/world/level/levelgen/DensityFunctions$Lerp	Lnet/minecraft/world/level/levelgen/DensityFunction;	alpha	comp_1_1385
FIELD	net/minecraft/world/level/levelgen/DensityFunctions$Lerp	Lnet/minecraft/world/level/levelgen/DensityFunction;	first	comp_1_1386
FIELD	net/minecraft/world/level/levelgen/DensityFunctions$Lerp	Lnet/minecraft/world/level/levelgen/DensityFunction;	second	comp_1_1387
METHOD	net/minecraft/world/level/levelgen/DensityFunctions$Lerp	(Lcom/mojang/serialization/codecs/RecordCodecBuilder$Instance;)Lcom/mojang/datafixers/kinds/App;	lambda$static$0	method_1_8823
FIELD	net/minecraft/world/level/levelgen/DensityFunctions$Mapped$Type	Lnet/minecraft/world/level/levelgen/DensityFunctions$Mapped$Type;	NEGATE	field_1_9158
FIELD	net/minecraft/world/level/levelgen/DensityFunctions$Mapped$Type	Lnet/minecraft/world/level/levelgen/DensityFunctions$Mapped$Type;	RECIPROCAL	field_1_9159
METHOD	net/minecraft/world/level/levelgen/DensityFunctions$Mapped$Type	(Lcom/mojang/serialization/codecs/RecordCodecBuilder$Instance;)Lcom/mojang/datafixers/kinds/App;	lambda$new$0	method_1_8824
METHOD	net/minecraft/world/level/levelgen/DensityFunctions$Mapped$Type	(Lnet/minecraft/world/level/levelgen/DensityFunction;)Lnet/minecraft/world/level/levelgen/DensityFunctions$Mapped;	lambda$new$1	method_1_8825
METHOD	net/minecraft/world/level/levelgen/DensityFunctions$Marker$Type	(Lcom/mojang/serialization/codecs/RecordCodecBuilder$Instance;)Lcom/mojang/datafixers/kinds/App;	lambda$new$0	method_1_8826
METHOD	net/minecraft/world/level/levelgen/DensityFunctions$Marker$Type	(Lnet/minecraft/world/level/levelgen/DensityFunction;)Lnet/minecraft/world/level/levelgen/DensityFunctions$MarkerOrMarked;	lambda$new$1	method_1_8827
CLASS	net/minecraft/world/level/levelgen/DensityFunctions$Round	class_1_1340
FIELD	net/minecraft/world/level/levelgen/DensityFunctions$Round	Lnet/minecraft/world/level/levelgen/DensityFunction;	input	comp_1_1388
FIELD	net/minecraft/world/level/levelgen/DensityFunctions$Round	Lnet/minecraft/world/level/levelgen/DensityFunction;	multiple	comp_1_1389
FIELD	net/minecraft/world/level/levelgen/DensityFunctions$Round	Lnet/minecraft/world/level/levelgen/DensityFunctions$Round$Type;	type	comp_1_1390
METHOD	net/minecraft/world/level/levelgen/DensityFunctions$Round	(D)D	roundToInteger	method_1_8828
CLASS	net/minecraft/world/level/levelgen/DensityFunctions$Round$Type	class_1_1341
FIELD	net/minecraft/world/level/levelgen/DensityFunctions$Round$Type	Lnet/minecraft/world/level/levelgen/DensityFunctions$Round$Type;	CEIL	field_1_9160
FIELD	net/minecraft/world/level/levelgen/DensityFunctions$Round$Type	Lnet/minecraft/world/level/levelgen/DensityFunctions$Round$Type;	FLOOR	field_1_9161
FIELD	net/minecraft/world/level/levelgen/DensityFunctions$Round$Type	Lnet/minecraft/world/level/levelgen/DensityFunctions$Round$Type;	ROUND	field_1_9162
FIELD	net/minecraft/world/level/levelgen/DensityFunctions$Round$Type	Lnet/minecraft/world/level/levelgen/DensityFunctions$Round$Type;	TRUNCATE	field_1_9163
FIELD	net/minecraft/world/level/levelgen/DensityFunctions$Round$Type	Lcom/mojang/serialization/MapCodec;	codec	field_1_9164
FIELD	net/minecraft/world/level/levelgen/DensityFunctions$Round$Type	Ljava/lang/String;	name	field_1_9165
METHOD	net/minecraft/world/level/levelgen/DensityFunctions$Round$Type	()[Lnet/minecraft/world/level/levelgen/DensityFunctions$Round$Type;	$values	method_1_8829
METHOD	net/minecraft/world/level/levelgen/DensityFunctions$Round$Type	(Lcom/mojang/serialization/codecs/RecordCodecBuilder$Instance;)Lcom/mojang/datafixers/kinds/App;	lambda$new$0	method_1_8830
METHOD	net/minecraft/world/level/levelgen/DensityFunctions$Round$Type	(Lnet/minecraft/world/level/levelgen/DensityFunction;Lnet/minecraft/world/level/levelgen/DensityFunction;)Lnet/minecraft/world/level/levelgen/DensityFunctions$Round;	lambda$new$1	method_1_8831
METHOD	net/minecraft/world/level/levelgen/DensityFunctions$Shift	(Lcom/mojang/serialization/codecs/RecordCodecBuilder$Instance;)Lcom/mojang/datafixers/kinds/App;	lambda$static$0	method_1_8832
METHOD	net/minecraft/world/level/levelgen/DensityFunctions$ShiftA	(Lcom/mojang/serialization/codecs/RecordCodecBuilder$Instance;)Lcom/mojang/datafixers/kinds/App;	lambda$static$0	method_1_8833
METHOD	net/minecraft/world/level/levelgen/DensityFunctions$ShiftB	(Lcom/mojang/serialization/codecs/RecordCodecBuilder$Instance;)Lcom/mojang/datafixers/kinds/App;	lambda$static$0	method_1_8834
FIELD	net/minecraft/world/level/levelgen/DensityFunctions$TwoArgumentSimpleFunction$Type	Lnet/minecraft/world/level/levelgen/DensityFunctions$TwoArgumentSimpleFunction$Type;	DIV	field_1_9166
FIELD	net/minecraft/world/level/levelgen/DensityFunctions$TwoArgumentSimpleFunction$Type	Lnet/minecraft/world/level/levelgen/DensityFunctions$TwoArgumentSimpleFunction$Type;	SUB	field_1_9167
METHOD	net/minecraft/world/level/levelgen/DensityFunctions$TwoArgumentSimpleFunction$Type	(Lcom/mojang/serialization/codecs/RecordCodecBuilder$Instance;)Lcom/mojang/datafixers/kinds/App;	lambda$new$0	method_1_8835
METHOD	net/minecraft/world/level/levelgen/DensityFunctions$TwoArgumentSimpleFunction$Type	(Lnet/minecraft/world/level/levelgen/DensityFunction;Lnet/minecraft/world/level/levelgen/DensityFunction;)Lnet/minecraft/world/level/levelgen/DensityFunctions$TwoArgumentSimpleFunction;	lambda$new$1	method_1_8836
FIELD	com/mojang/renderpearl/backend/opengl/GlStateManager	Z	IS_MACOS	field_1_9168
FIELD	net/minecraft/advancements/predicates/BlockPredicate	Lcom/mojang/serialization/MapCodec;	MAP_CODEC	field_1_9169
METHOD	net/minecraft/advancements/predicates/BlockPredicate	(Lnet/minecraft/world/level/LevelReader;Lnet/minecraft/world/level/block/entity/BlockEntity;)Z	matchesBlockEntity	method_1_8837
METHOD	net/minecraft/advancements/triggers/LootTableTrigger$TriggerInstance	(Lnet/minecraft/resources/ResourceKey;Lnet/minecraft/core/Holder;)Z	lambda$matches$0	method_1_8838
METHOD	net/minecraft/advancements/triggers/LootTableTrigger$TriggerInstance	(Lnet/minecraft/core/Holder;)Lnet/minecraft/advancements/triggers/Criterion;	lootTableUsed	method_1_8839
FIELD	net/minecraft/data/worldgen/features/AquaticFeatures	Lnet/minecraft/resources/ResourceKey;	BRAIN_CORAL_BLOCK	field_1_9170
FIELD	net/minecraft/data/worldgen/features/AquaticFeatures	Lnet/minecraft/resources/ResourceKey;	BUBBLE_CORAL_BLOCK	field_1_9171
FIELD	net/minecraft/data/worldgen/features/AquaticFeatures	Lnet/minecraft/resources/ResourceKey;	CORAL_BLOCK_DECORATION	field_1_9172
FIELD	net/minecraft/data/worldgen/features/AquaticFeatures	Lnet/minecraft/resources/ResourceKey;	FIRE_CORAL_BLOCK	field_1_9173
FIELD	net/minecraft/data/worldgen/features/AquaticFeatures	Lnet/minecraft/resources/ResourceKey;	HORN_CORAL_BLOCK	field_1_9174
FIELD	net/minecraft/data/worldgen/features/AquaticFeatures	Lnet/minecraft/resources/ResourceKey;	TUBE_CORAL_BLOCK	field_1_9175
METHOD	net/minecraft/data/worldgen/placement/PlacementUtils	(Lnet/minecraft/core/Holder;Ljava/util/List;)Lnet/minecraft/core/Holder;	inlinePlaced	method_1_8840
METHOD	net/minecraft/data/worldgen/placement/PlacementUtils	(Lnet/minecraft/world/level/levelgen/feature/Feature;Ljava/util/List;)Lnet/minecraft/core/Holder;	inlinePlaced	method_1_8841
FIELD	net/minecraft/world/entity/monster/skeleton/Skeleton	Lnet/minecraft/world/entity/ConversionTracker;	freezingTracker	field_1_9176
METHOD	net/minecraft/world/entity/monster/skeleton/Skeleton	()Lnet/minecraft/world/entity/EntityType;	lambda$new$0	method_1_8842
METHOD	net/minecraft/world/entity/monster/skeleton/Skeleton	()Ljava/lang/Integer;	lambda$new$1	method_1_8843
METHOD	net/minecraft/world/entity/monster/skeleton/Skeleton	()Z	lambda$new$2	method_1_8844
METHOD	net/minecraft/world/level/block/state/BlockBehaviour	(Lnet/minecraft/world/level/block/state/BlockState;Lnet/minecraft/world/level/Level;Lnet/minecraft/core/BlockPos;Lnet/minecraft/world/phys/BlockHitResult;)Z	showAsInteractableInSpectatorMode	method_1_8845
METHOD	net/minecraft/world/level/block/state/BlockBehaviour$BlockStateBase	(Lnet/minecraft/world/level/Level;Lnet/minecraft/core/BlockPos;Lnet/minecraft/world/phys/BlockHitResult;)Z	showAsInteractableInSpectatorMode	method_1_8846
METHOD	net/minecraft/advancements/triggers/EnterBlockTrigger$TriggerInstance	(Lnet/minecraft/core/HolderGetter;Lnet/minecraft/world/level/block/Block;)Lnet/minecraft/advancements/triggers/Criterion;	entersBlock	method_1_8847
CLASS	net/minecraft/gametest/framework/GameTestBatchFactory$BatchKey	class_1_1342
FIELD	net/minecraft/gametest/framework/GameTestBatchFactory$BatchKey	Lnet/minecraft/resources/ResourceKey;	dimension	comp_1_1391
FIELD	net/minecraft/gametest/framework/GameTestBatchFactory$BatchKey	Lnet/minecraft/core/Holder;	environment	comp_1_1392
FIELD	net/minecraft/gametest/framework/StructureGridSpawner	Ljava/util/Map;	grids	field_1_9177
METHOD	net/minecraft/gametest/framework/StructureGridSpawner	(Lnet/minecraft/gametest/framework/GameTestInfo;)Lnet/minecraft/gametest/framework/StructureGridSpawner$DimensionGridState;	gridFor	method_1_8848
METHOD	net/minecraft/gametest/framework/StructureGridSpawner	(Lnet/minecraft/resources/ResourceKey;)Lnet/minecraft/gametest/framework/StructureGridSpawner$DimensionGridState;	lambda$gridFor$0	method_1_8849
CLASS	net/minecraft/gametest/framework/StructureGridSpawner$DimensionGridState	class_1_1343
FIELD	net/minecraft/gametest/framework/StructureGridSpawner$DimensionGridState	I	currentRowCount	field_1_9178
FIELD	net/minecraft/gametest/framework/StructureGridSpawner$DimensionGridState	Lnet/minecraft/core/BlockPos;	firstTestNorthWestCorner	field_1_9179
FIELD	net/minecraft/gametest/framework/StructureGridSpawner$DimensionGridState	Lnet/minecraft/core/BlockPos$MutableBlockPos;	nextCorner	field_1_9180
FIELD	net/minecraft/gametest/framework/StructureGridSpawner$DimensionGridState	Lnet/minecraft/world/phys/AABB;	rowBounds	field_1_9181
FIELD	net/minecraft/gametest/framework/StructureGridSpawner$DimensionGridState	Ljava/util/Collection;	testsInLastBatch	field_1_9182
CLASS	net/minecraft/util/profiling/jfr/event/ClientFpsEvent	class_1_1344
FIELD	net/minecraft/util/profiling/jfr/event/ClientFpsEvent	Ljava/lang/String;	EVENT_NAME	field_1_9183
FIELD	net/minecraft/util/profiling/jfr/event/ClientFpsEvent	Ljdk/jfr/EventType;	TYPE	field_1_9184
FIELD	net/minecraft/util/profiling/jfr/event/ClientFpsEvent	I	fps	field_1_9185
CLASS	net/minecraft/client/renderer/texture/MipmappedTexture	class_1_1345
FIELD	net/minecraft/client/renderer/texture/MipmappedTexture	I	maxMipLevel	field_1_9186
METHOD	net/minecraft/client/renderer/texture/MipmappedTexture	(II)I	clampMipLevel	method_1_8850
FIELD	net/minecraft/data/advancements/AdvancementSubProvider	Lnet/minecraft/core/HolderGetter;	damageTypes	field_1_9187
METHOD	net/minecraft/data/advancements/AdvancementSubProvider	()Lnet/minecraft/advancements/predicates/DamageSourcePredicate$Builder;	isProjectile	method_1_8851
FIELD	net/minecraft/data/loot/packs/VanillaBlockInteractLoot	Lnet/minecraft/core/HolderGetter;	blocks	field_1_9188
FIELD	net/minecraft/data/recipes/packs/VanillaRecipeProvider	I	DEFAULT_COOKING_TIME	field_1_9189
METHOD	net/minecraft/data/worldgen/placement/NetherPlacements	(II)Ljava/util/List;	spreadTwistingVines	method_1_8852
CLASS	net/minecraft/util/profiling/jfr/event/PacketSentEvent	class_1_1346
FIELD	net/minecraft/util/profiling/jfr/event/PacketSentEvent	Ljava/lang/String;	NAME	field_1_9190
FIELD	net/minecraft/util/profiling/jfr/event/PacketSentEvent	Ljdk/jfr/EventType;	TYPE	field_1_9191
FIELD	net/minecraft/world/entity/SteppedInterpolationHandler$InterpolationData	F	interpolationSpeed	field_1_9192
FIELD	net/minecraft/world/entity/SteppedInterpolationHandler$InterpolationData	Lnet/minecraft/core/PositionAndRotation$Mutable;	lastStepPosRot	field_1_9193
FIELD	net/minecraft/world/entity/SteppedInterpolationHandler$InterpolationData	F	remainingTicks	field_1_9194
METHOD	net/minecraft/world/entity/SteppedInterpolationHandler$InterpolationData	(Lnet/minecraft/world/phys/Vec3;FFI)V	addStep	method_1_8853
METHOD	net/minecraft/world/entity/SteppedInterpolationHandler$InterpolationData	(FI)V	advance	method_1_8854
METHOD	net/minecraft/world/entity/SteppedInterpolationHandler$InterpolationData	(Ljava/util/List;)I	getInterpolationTicks	method_1_8855
METHOD	net/minecraft/world/entity/SteppedInterpolationHandler$InterpolationData	()Lnet/minecraft/core/PositionAndRotation;	getNewPositionAndRotation	method_1_8856
METHOD	net/minecraft/world/entity/SteppedInterpolationHandler$InterpolationData	()V	reset	method_1_8857
METHOD	net/minecraft/world/entity/SteppedInterpolationHandler$InterpolationData	(Lnet/minecraft/world/phys/Vec3;FF)V	setStartingPoint	method_1_8858
CLASS	net/minecraft/world/entity/SteppedInterpolationHandler$Step	class_1_1347
FIELD	net/minecraft/world/entity/SteppedInterpolationHandler$Step	I	tickOffset	field_1_9195
method_6001 is now method_1_8859
FIELD	net/minecraft/world/level/block/entity/SignBlockEntity	Lnet/minecraft/network/chat/Component;	CLICK_ACTIONS_DISABLED	field_1_9196
FIELD	net/minecraft/world/level/block/entity/SignBlockEntity	Z	DEFAULT_ALLOW_OP_FEATURES	field_1_9197
FIELD	net/minecraft/world/level/block/entity/SignBlockEntity	Z	allowOpFeatures	field_1_9198
METHOD	net/minecraft/client/renderer/item/ItemStackRenderState$LayerRenderState	(Lnet/minecraft/client/resources/model/geometry/ItemQuads;)V	setQuads	method_1_8860
METHOD	net/minecraft/client/renderer/texture/ReloadableTexture	(Lnet/minecraft/client/renderer/texture/TextureContents;)V	setSampler	method_1_8861
CLASS	net/minecraft/client/resources/model/geometry/ItemQuads	class_1_1348
FIELD	net/minecraft/client/resources/model/geometry/ItemQuads	Lnet/minecraft/client/resources/model/geometry/ItemQuads;	EMPTY	field_1_9199
FIELD	net/minecraft/client/resources/model/geometry/ItemQuads	Ljava/util/List;	all	comp_1_1393
FIELD	net/minecraft/client/resources/model/geometry/ItemQuads	Ljava/util/List;	solid	comp_1_1394
FIELD	net/minecraft/client/resources/model/geometry/ItemQuads	Ljava/util/List;	translucent	comp_1_1395
METHOD	net/minecraft/client/resources/model/geometry/ItemQuads	()Z	isEmpty	method_1_8862
METHOD	net/minecraft/client/resources/model/geometry/ItemQuads	(Ljava/util/List;)Lnet/minecraft/client/resources/model/geometry/ItemQuads;	split	method_1_8863
CLASS	net/minecraft/world/level/blockscan/OrderedBlockMatcher	class_1_1349
FIELD	net/minecraft/world/level/blockscan/OrderedBlockMatcher	Ljava/lang/Iterable;	positions	field_1_9200
METHOD	net/minecraft/world/level/blockscan/OrderedBlockMatcher	(Ljava/util/function/Predicate;)Lnet/minecraft/world/level/blockscan/OrderedBlockMatcher;	filterPos	method_1_8864
METHOD	net/minecraft/world/level/blockscan/OrderedBlockMatcher	(Ljava/util/function/Predicate;)Lnet/minecraft/world/level/blockscan/OrderedBlockMatcher;	filterState	method_1_8865
METHOD	net/minecraft/world/level/blockscan/OrderedBlockMatcher	()Ljava/util/Optional;	findFirst	method_1_8866
METHOD	net/minecraft/world/level/blockscan/OrderedBlockMatcher	(Ljava/util/function/BiPredicate;)Ljava/util/Optional;	findFirst	method_1_8867
METHOD	net/minecraft/world/level/blockscan/OrderedBlockMatcher	(Lnet/minecraft/core/BlockPos;Lnet/minecraft/world/level/block/state/BlockState;)Lnet/minecraft/util/Continuation;	lambda$anyMatched$0	method_1_8868
METHOD	net/minecraft/world/level/blockscan/OrderedBlockMatcher	(Lorg/apache/commons/lang3/mutable/MutableObject;Lnet/minecraft/core/BlockPos;Lnet/minecraft/world/level/block/state/BlockState;)Lnet/minecraft/util/Continuation;	lambda$findFirst$0	method_1_8869
METHOD	net/minecraft/world/level/blockscan/OrderedBlockMatcher	(Ljava/util/function/BiPredicate;Lorg/apache/commons/lang3/mutable/MutableObject;Lnet/minecraft/core/BlockPos;Lnet/minecraft/world/level/block/state/BlockState;)Lnet/minecraft/util/Continuation;	lambda$findFirst$1	method_1_8870
METHOD	net/minecraft/world/level/blockscan/OrderedBlockMatcher	(Ljava/util/function/BiConsumer;Lnet/minecraft/core/BlockPos;Lnet/minecraft/world/level/block/state/BlockState;)Lnet/minecraft/util/Continuation;	lambda$forEach$0	method_1_8871
FIELD	net/minecraft/world/level/blockscan/OrderedBlockMatcher$1	I	count	field_1_9201
FIELD	net/minecraft/world/level/blockscan/OrderedBlockMatcher$1	I	val$n	field_1_9202
CLASS	net/minecraft/world/level/levelgen/OverworldFunctionSet	class_1_1350
FIELD	net/minecraft/world/level/levelgen/OverworldFunctionSet	Ljava/lang/Object;	continents	comp_1_1396
FIELD	net/minecraft/world/level/levelgen/OverworldFunctionSet	Ljava/lang/Object;	depth	comp_1_1397
FIELD	net/minecraft/world/level/levelgen/OverworldFunctionSet	Ljava/lang/Object;	erosion	comp_1_1398
FIELD	net/minecraft/world/level/levelgen/OverworldFunctionSet	Ljava/lang/Object;	factor	comp_1_1399
FIELD	net/minecraft/world/level/levelgen/OverworldFunctionSet	Ljava/lang/Object;	jaggedness	comp_1_1400
FIELD	net/minecraft/world/level/levelgen/OverworldFunctionSet	Ljava/lang/Object;	offset	comp_1_1401
FIELD	net/minecraft/world/level/levelgen/OverworldFunctionSet	Ljava/lang/Object;	preliminarySurfaceLevel	comp_1_1402
FIELD	net/minecraft/world/level/levelgen/OverworldFunctionSet	Ljava/lang/Object;	slopedCheese	comp_1_1403
FIELD	net/minecraft/world/level/levelgen/OverworldFunctionSet	Ljava/lang/Object;	temperature	comp_1_1404
FIELD	net/minecraft/world/level/levelgen/OverworldFunctionSet	Ljava/lang/Object;	vegetation	comp_1_1405
METHOD	net/minecraft/world/level/levelgen/OverworldFunctionSet	(Ljava/util/function/Function;)Lnet/minecraft/world/level/levelgen/OverworldFunctionSet;	map	method_1_8872
METHOD	net/minecraft/world/level/storage/loot/entries/TagEntry	(Lnet/minecraft/core/HolderSet;IILjava/util/Optional;Ljava/util/Optional;)Lnet/minecraft/world/level/storage/loot/entries/UniformContainerBase;	lambda$expandTag$0	method_1_8873
METHOD	net/minecraft/world/level/storage/loot/entries/TagEntry	(Lcom/mojang/serialization/codecs/RecordCodecBuilder$Instance;)Lcom/mojang/datafixers/kinds/App;	lambda$static$0	method_1_8874
METHOD	net/minecraft/world/level/storage/loot/entries/TagEntry	(Lnet/minecraft/core/HolderSet;IILjava/util/Optional;Ljava/util/Optional;)Lnet/minecraft/world/level/storage/loot/entries/UniformContainerBase;	lambda$tagContents$0	method_1_8875
FIELD	net/minecraft/world/level/storage/loot/entries/TagEntry$2	Lnet/minecraft/world/level/storage/loot/entries/TagEntry;	this$0	field_1_9203
METHOD	net/minecraft/world/level/storage/loot/entries/TagEntry$2	(Ljava/util/function/Consumer;Lnet/minecraft/core/Holder;)V	lambda$createItemStack$0	method_1_8876
field_1_8128 is now comp_1_1406
field_1_8129 is now comp_1_1407
field_1_6326 is now comp_1_1408
field_1_8130 is now comp_1_1409
FIELD	net/minecraft/advancements/triggers/RecipeCraftedTrigger$TriggerInstance	Lnet/minecraft/core/HolderSet;	recipes	comp_1_1410
METHOD	net/minecraft/advancements/triggers/RecipeCraftedTrigger$TriggerInstance	(Lnet/minecraft/resources/ResourceKey;Lnet/minecraft/core/Holder;)Z	lambda$matches$0	method_1_8877
METHOD	net/minecraft/world/attribute/EnvironmentAttributeSystem	(Lnet/minecraft/world/attribute/EnvironmentAttributeSystem$Builder;Lnet/minecraft/world/level/LevelAccessor;)V	addStaticLayers	method_1_8878
METHOD	net/minecraft/world/attribute/EnvironmentAttributeSystem$Builder	(Lnet/minecraft/world/level/Level;)Lnet/minecraft/world/attribute/EnvironmentAttributeSystem$Builder;	addDynamicLayers	method_1_8879
METHOD	net/minecraft/world/attribute/EnvironmentAttributeSystem$Builder	(Lnet/minecraft/world/level/LevelAccessor;)Lnet/minecraft/world/attribute/EnvironmentAttributeSystem$Builder;	addStaticLayers	method_1_8880
FIELD	net/minecraft/world/attribute/modifier/AttributeModifier	Ljava/util/Map;	MOB_SPAWN_SETTINGS_LIBRARY	field_1_9204
METHOD	net/minecraft/world/attribute/modifier/AttributeModifier	()Ljava/util/Map;	listLibrary	method_1_8881
FIELD	net/minecraft/world/attribute/modifier/AttributeModifier$OperationId	Lnet/minecraft/world/attribute/modifier/AttributeModifier$OperationId;	APPEND	field_1_9205
FIELD	net/minecraft/world/attribute/modifier/AttributeModifier$OperationId	Lnet/minecraft/world/attribute/modifier/AttributeModifier$OperationId;	OVERLAY	field_1_9206
METHOD	net/minecraft/world/entity/ai/behavior/TradeWithVillager	(Lnet/minecraft/world/item/ItemStack;)Z	lambda$tick$0	method_1_8882
METHOD	net/minecraft/world/entity/ai/behavior/TradeWithVillager	(Lnet/minecraft/world/item/ItemStack;)Z	lambda$tick$1	method_1_8883
METHOD	net/minecraft/world/entity/ai/behavior/TradeWithVillager	(Lnet/minecraft/world/item/ItemStack;)Z	lambda$tick$2	method_1_8884
CLASS	net/minecraft/world/level/blockscan/FilteredSectionCache	class_1_1351
FIELD	net/minecraft/world/level/blockscan/FilteredSectionCache	Lnet/minecraft/world/level/LevelReader;	level	field_1_9207
FIELD	net/minecraft/world/level/blockscan/FilteredSectionCache	[Lnet/minecraft/world/level/blockscan/FilteredSectionCache$CacheEntry;	sectionCache	field_1_9208
FIELD	net/minecraft/world/level/blockscan/FilteredSectionCache	Ljava/util/function/Predicate;	statePredicate	field_1_9209
METHOD	net/minecraft/world/level/blockscan/FilteredSectionCache	(Lnet/minecraft/core/BlockPos;)Lnet/minecraft/world/level/block/state/BlockState;	getBlockState	method_1_8885
METHOD	net/minecraft/world/level/blockscan/FilteredSectionCache	(III)I	getHash	method_1_8886
METHOD	net/minecraft/world/level/blockscan/FilteredSectionCache	(III)Lnet/minecraft/world/level/chunk/LevelChunkSection;	getOrLoad	method_1_8887
CLASS	net/minecraft/world/level/blockscan/FilteredSectionCache$CacheEntry	class_1_1352
FIELD	net/minecraft/world/level/blockscan/FilteredSectionCache$CacheEntry	Lnet/minecraft/world/level/chunk/LevelChunkSection;	chunkSection	comp_1_1411
FIELD	net/minecraft/world/level/blockscan/FilteredSectionCache$CacheEntry	I	sectionX	comp_1_1412
FIELD	net/minecraft/world/level/blockscan/FilteredSectionCache$CacheEntry	I	sectionY	comp_1_1413
FIELD	net/minecraft/world/level/blockscan/FilteredSectionCache$CacheEntry	I	sectionZ	comp_1_1414
METHOD	net/minecraft/world/level/storage/loot/ValidationContext	(Lnet/minecraft/util/ProblemReporter$PathElement;Ljava/lang/Object;)Lnet/minecraft/world/level/storage/loot/ValidationContext;	enterObject	method_1_8888
METHOD	net/minecraft/world/level/storage/loot/ValidationContext	(Lnet/minecraft/util/ProblemReporter$PathElement;Lnet/minecraft/tags/TagKey;)Lnet/minecraft/world/level/storage/loot/ValidationContext;	enterTag	method_1_8889
METHOD	net/minecraft/world/level/storage/loot/ValidationContext	(Lnet/minecraft/tags/TagKey;)Z	hasVisitedTag	method_1_8890
CLASS	net/minecraft/world/level/storage/loot/ValidationContext$RecursiveTagReferenceProblem	class_1_1353
FIELD	net/minecraft/world/level/storage/loot/ValidationContext$RecursiveTagReferenceProblem	Lnet/minecraft/tags/TagKey;	referenced	comp_1_1415
METHOD	net/minecraft/advancements/triggers/RecipeUnlockedTrigger	(Lnet/minecraft/core/Holder;)Lnet/minecraft/advancements/triggers/Criterion;	unlocked	method_1_8891
METHOD	net/minecraft/advancements/triggers/RecipeUnlockedTrigger$TriggerInstance	(Lnet/minecraft/world/item/crafting/RecipeHolder;Lnet/minecraft/core/Holder;)Z	lambda$matches$0	method_1_8892
METHOD	net/minecraft/advancements/triggers/SlideDownBlockTrigger$TriggerInstance	(Lnet/minecraft/core/HolderGetter;Lnet/minecraft/world/level/block/Block;)Lnet/minecraft/advancements/triggers/Criterion;	slidesDownBlock	method_1_8893
FIELD	net/minecraft/client/renderer/item/CuboidItemModelWrapper	Z	animated	field_1_9210
FIELD	net/minecraft/client/renderer/item/CuboidItemModelWrapper	Lnet/minecraft/client/resources/model/geometry/ItemQuads;	itemQuads	field_1_9211
FIELD	net/minecraft/server/network/ServerGamePacketListenerImpl	Lnet/minecraft/server/network/ServerCommandSuggestionsProvider;	commandSuggestionsProvider	field_1_9212
METHOD	net/minecraft/server/network/ServerGamePacketListenerImpl	(ILcom/mojang/brigadier/suggestion/Suggestions;)V	lambda$handleCustomCommandSuggestions$0	method_1_8894
FIELD	net/minecraft/world/entity/decoration/BlockAttachedEntity	Ljava/lang/String;	TAG_BLOCK_POS	field_1_9213
FIELD	net/minecraft/world/level/levelgen/NoiseGeneratorSettings	Ljava/util/Optional;	aquifers	comp_1_1416
FIELD	net/minecraft/world/level/levelgen/NoiseGeneratorSettings	Ljava/util/List;	oreVeins	comp_1_1417
FIELD	com/mojang/renderpearl/api/device/BackendCreationException$Reason	Lcom/mojang/renderpearl/api/device/BackendCreationException$Reason;	PLATFORM_ERROR	field_1_9214
FIELD	net/minecraft/client/renderer/state/level/LevelRenderState	F	worldPartialTicks	field_1_9215
CLASS	net/minecraft/util/profiling/jfr/event/NetworkSummaryEvent	class_1_1354
FIELD	net/minecraft/util/profiling/jfr/event/NetworkSummaryEvent	Ljava/lang/String;	EVENT_NAME	field_1_9216
FIELD	net/minecraft/util/profiling/jfr/event/NetworkSummaryEvent	Ljdk/jfr/EventType;	TYPE	field_1_9217
FIELD	net/minecraft/util/profiling/jfr/event/NetworkSummaryEvent	J	receivedBytes	field_1_9218
FIELD	net/minecraft/util/profiling/jfr/event/NetworkSummaryEvent	I	receivedPackets	field_1_9219
FIELD	net/minecraft/util/profiling/jfr/event/NetworkSummaryEvent	Ljava/lang/String;	remoteAddress	field_1_9220
FIELD	net/minecraft/util/profiling/jfr/event/NetworkSummaryEvent	J	sentBytes	field_1_9221
FIELD	net/minecraft/util/profiling/jfr/event/NetworkSummaryEvent	I	sentPackets	field_1_9222
CLASS	net/minecraft/util/profiling/jfr/event/PacketReceivedEvent	class_1_1355
FIELD	net/minecraft/util/profiling/jfr/event/PacketReceivedEvent	Ljava/lang/String;	NAME	field_1_9223
FIELD	net/minecraft/util/profiling/jfr/event/PacketReceivedEvent	Ljdk/jfr/EventType;	TYPE	field_1_9224
CLASS	net/minecraft/util/profiling/jfr/event/ServerTickTimeEvent	class_1_1356
FIELD	net/minecraft/util/profiling/jfr/event/ServerTickTimeEvent	Ljava/lang/String;	EVENT_NAME	field_1_9225
FIELD	net/minecraft/util/profiling/jfr/event/ServerTickTimeEvent	Ljdk/jfr/EventType;	TYPE	field_1_9226
FIELD	net/minecraft/util/profiling/jfr/event/ServerTickTimeEvent	J	averageTickDurationNanos	field_1_9227
FIELD	net/minecraft/advancements/triggers/BeeNestDestroyedTrigger$TriggerInstance	Ljava/util/Optional;	state	comp_1_1418
METHOD	net/minecraft/advancements/triggers/BeeNestDestroyedTrigger$TriggerInstance	(Lnet/minecraft/core/HolderGetter;Lnet/minecraft/world/level/block/Block;Lnet/minecraft/advancements/predicates/ItemPredicate$Builder;Lnet/minecraft/advancements/predicates/MinMaxBounds$Ints;)Lnet/minecraft/advancements/triggers/Criterion;	destroyedBeeNest	method_1_8895
FIELD	net/minecraft/client/renderer/state/level/CameraRenderState	F	cameraEntityPartialTicks	field_1_9228
method_16896 is now method_1_8896
CLASS	net/minecraft/util/profiling/jfr/event/ChunkGenerationEvent	class_1_1357
FIELD	net/minecraft/util/profiling/jfr/event/ChunkGenerationEvent	Ljava/lang/String;	EVENT_NAME	field_1_9229
FIELD	net/minecraft/util/profiling/jfr/event/ChunkGenerationEvent	Ljdk/jfr/EventType;	TYPE	field_1_9230
FIELD	net/minecraft/util/profiling/jfr/event/ChunkGenerationEvent	I	chunkPosX	field_1_9231
FIELD	net/minecraft/util/profiling/jfr/event/ChunkGenerationEvent	I	chunkPosZ	field_1_9232
FIELD	net/minecraft/util/profiling/jfr/event/ChunkGenerationEvent	Ljava/lang/String;	level	field_1_9233
FIELD	net/minecraft/util/profiling/jfr/event/ChunkGenerationEvent	Ljava/lang/String;	targetStatus	field_1_9234
FIELD	net/minecraft/util/profiling/jfr/event/ChunkGenerationEvent	I	worldPosX	field_1_9235
FIELD	net/minecraft/util/profiling/jfr/event/ChunkGenerationEvent	I	worldPosZ	field_1_9236
CLASS	net/minecraft/util/profiling/jfr/event/ChunkRegionReadEvent	class_1_1358
FIELD	net/minecraft/util/profiling/jfr/event/ChunkRegionReadEvent	Ljava/lang/String;	EVENT_NAME	field_1_9237
FIELD	net/minecraft/util/profiling/jfr/event/ChunkRegionReadEvent	Ljdk/jfr/EventType;	TYPE	field_1_9238
METHOD	net/minecraft/world/entity/ai/behavior/TryFindLandNearWater	(Lnet/minecraft/core/BlockPos;Lnet/minecraft/core/BlockPos;)Z	lambda$create$3	method_1_8897
METHOD	net/minecraft/world/entity/ai/behavior/TryFindLandNearWater	(Lnet/minecraft/server/level/ServerLevel;Lnet/minecraft/world/phys/shapes/CollisionContext;Lnet/minecraft/core/BlockPos$MutableBlockPos;Lnet/minecraft/core/BlockPos;Lnet/minecraft/world/level/block/state/BlockState;)Z	lambda$create$4	method_1_8898
METHOD	net/minecraft/world/entity/ai/behavior/TryFindLandNearWater	(Lnet/minecraft/world/entity/ai/behavior/declarative/MemoryAccessor;Lnet/minecraft/world/entity/ai/behavior/declarative/MemoryAccessor;FLnet/minecraft/core/BlockPos;)V	lambda$create$5	method_1_8899
FIELD	net/minecraft/client/gui/components/debug/DebugScreenEntries	Lnet/minecraft/resources/Identifier;	PLAYER_SPEED	field_1_9239
CLASS	net/minecraft/util/profiling/jfr/event/ChunkRegionWriteEvent	class_1_1359
FIELD	net/minecraft/util/profiling/jfr/event/ChunkRegionWriteEvent	Ljava/lang/String;	EVENT_NAME	field_1_9240
FIELD	net/minecraft/util/profiling/jfr/event/ChunkRegionWriteEvent	Ljdk/jfr/EventType;	TYPE	field_1_9241
METHOD	net/minecraft/world/level/levelgen/feature/HugeFungusFeature	(Lnet/minecraft/world/level/LevelAccessor;Lnet/minecraft/util/RandomSource;Lnet/minecraft/core/BlockPos;III)V	placeWeepingVinesColumn	method_1_8900
CLASS	net/minecraft/world/level/storage/loot/predicates/MatchBlock	class_1_1360
FIELD	net/minecraft/world/level/storage/loot/predicates/MatchBlock	Lcom/mojang/serialization/MapCodec;	MAP_CODEC	field_1_9242
FIELD	net/minecraft/world/level/storage/loot/predicates/MatchBlock	Lnet/minecraft/advancements/predicates/BlockPredicate;	predicate	comp_1_1419
METHOD	net/minecraft/world/level/storage/loot/predicates/MatchBlock	(Lnet/minecraft/advancements/predicates/BlockPredicate$Builder;)Lnet/minecraft/world/level/storage/loot/predicates/LootItemCondition$Builder;	blockMatches	method_1_8901
METHOD	net/minecraft/world/level/storage/loot/predicates/MatchBlock	(Lnet/minecraft/core/HolderGetter;Lnet/minecraft/world/level/block/Block;)Lnet/minecraft/world/level/storage/loot/predicates/LootItemCondition$Builder;	blockMatches	method_1_8902
METHOD	net/minecraft/world/level/storage/loot/predicates/MatchBlock	(Lnet/minecraft/core/HolderGetter;Lnet/minecraft/world/level/block/Block;Lnet/minecraft/advancements/predicates/StatePropertiesPredicate$Builder;)Lnet/minecraft/world/level/storage/loot/predicates/LootItemCondition$Builder;	blockMatches	method_1_8903
METHOD	net/minecraft/world/level/storage/loot/predicates/MatchBlock	(Lnet/minecraft/advancements/predicates/BlockPredicate$Builder;)Lnet/minecraft/world/level/storage/loot/predicates/LootItemCondition;	lambda$blockMatches$0	method_1_8904
METHOD	net/minecraft/world/level/storage/loot/predicates/MatchBlock	(Lnet/minecraft/world/level/storage/loot/LootContext;)Z	test	method_1_8905
METHOD	net/minecraft/client/renderer/feature/FeatureRenderDispatcher$PreparedFrame	()Z	isEmpty	method_1_8906
METHOD	net/minecraft/commands/arguments/coordinates/LocalCoordinates	(Lnet/minecraft/world/phys/Vec2;)Lorg/joml/Quaterniond;	localToWorld	method_1_8907
CLASS	net/minecraft/server/network/ServerCommandSuggestionsProvider	class_1_1361
FIELD	net/minecraft/server/network/ServerCommandSuggestionsProvider	I	MAX_COMMAND_SUGGESTIONS	field_1_9243
FIELD	net/minecraft/server/network/ServerCommandSuggestionsProvider	I	MIN_INTERVAL_TICKS	field_1_9244
FIELD	net/minecraft/server/network/ServerCommandSuggestionsProvider	Z	hasBudget	field_1_9245
FIELD	net/minecraft/server/network/ServerCommandSuggestionsProvider	Ljava/util/concurrent/atomic/AtomicReference;	lastRequest	field_1_9246
FIELD	net/minecraft/server/network/ServerCommandSuggestionsProvider	Lnet/minecraft/server/level/ServerPlayer;	player	field_1_9247
METHOD	net/minecraft/server/network/ServerCommandSuggestionsProvider	(Lnet/minecraft/server/network/ServerCommandSuggestionsProvider$Request;Lcom/mojang/brigadier/suggestion/Suggestions;)V	lambda$tryProcessRequest$0	method_1_8908
METHOD	net/minecraft/server/network/ServerCommandSuggestionsProvider	(Lcom/mojang/brigadier/suggestion/Suggestions;)Lcom/mojang/brigadier/suggestion/Suggestions;	limitSuggestionCount	method_1_8909
METHOD	net/minecraft/server/network/ServerCommandSuggestionsProvider	(Ljava/lang/String;)Ljava/util/concurrent/CompletableFuture;	request	method_1_8910
METHOD	net/minecraft/server/network/ServerCommandSuggestionsProvider	()V	tick	method_1_8911
METHOD	net/minecraft/server/network/ServerCommandSuggestionsProvider	()V	tryProcessRequest	method_1_8912
METHOD	net/minecraft/server/network/ServerCommandSuggestionsProvider	()V	trySchedule	method_1_8913
CLASS	net/minecraft/server/network/ServerCommandSuggestionsProvider$Request	class_1_1362
FIELD	net/minecraft/server/network/ServerCommandSuggestionsProvider$Request	Ljava/lang/String;	command	field_1_9248
FIELD	net/minecraft/server/network/ServerCommandSuggestionsProvider$Request	Ljava/util/concurrent/CompletableFuture;	future	field_1_9249
CLASS	net/minecraft/util/profiling/jfr/event/WorldLoadFinishedEvent	class_1_1363
FIELD	net/minecraft/util/profiling/jfr/event/WorldLoadFinishedEvent	Ljava/lang/String;	EVENT_NAME	field_1_9250
FIELD	net/minecraft/util/profiling/jfr/event/WorldLoadFinishedEvent	Ljdk/jfr/EventType;	TYPE	field_1_9251
METHOD	net/minecraft/client/gui/screens/options/controls/KeyBindsList$KeyEntry	()V	updateChangeButtonMessage	method_1_8914
FIELD	net/minecraft/world/level/block/entity/BrewingStandBlockEntity	I	BREWING_TIME_SECONDS	field_1_9252
FIELD	net/minecraft/world/level/block/entity/BrewingStandBlockEntity	I	DATA_TOTAL_FUEL_USES	field_1_9253
FIELD	net/minecraft/world/level/block/entity/BrewingStandBlockEntity	F	DEFAULT_SPEED_MULTIPLIER	field_1_9254
FIELD	net/minecraft/world/level/block/entity/BrewingStandBlockEntity	I	NUM_DATA_VALUES	field_1_9255
FIELD	net/minecraft/world/level/block/entity/BrewingStandBlockEntity	F	speedMultiplier	field_1_9256
FIELD	net/minecraft/world/level/block/entity/BrewingStandBlockEntity	I	totalBrewTime	field_1_9257
FIELD	net/minecraft/world/level/block/entity/BrewingStandBlockEntity	I	totalFuel	field_1_9258
METHOD	net/minecraft/world/level/block/entity/BrewingStandBlockEntity	(Lnet/minecraft/server/level/ServerLevel;)Lnet/minecraft/world/level/storage/loot/LootContext;	getLootContext	method_1_8915
METHOD	net/minecraft/world/level/block/entity/BrewingStandBlockEntity	(Lnet/minecraft/server/level/ServerLevel;Ljava/lang/Object;Ljava/util/function/Function;F)F	getProvidedFloat	method_1_8916
METHOD	net/minecraft/world/level/block/entity/BrewingStandBlockEntity	(Lnet/minecraft/server/level/ServerLevel;Ljava/lang/Object;Ljava/util/function/Function;I)I	getProvidedInteger	method_1_8917
METHOD	net/minecraft/world/level/block/entity/BrewingStandBlockEntity	(Lnet/minecraft/server/level/ServerLevel;Lnet/minecraft/world/item/component/BrewingFuel;)F	getSpeedMultiplier	method_1_8918
METHOD	net/minecraft/world/level/block/entity/BrewingStandBlockEntity	(Lnet/minecraft/server/level/ServerLevel;Lnet/minecraft/world/item/component/BrewingFuel;)I	getUses	method_1_8919
METHOD	net/minecraft/world/level/storage/loot/entries/NestedLootTable	(Lnet/minecraft/core/Holder;IILjava/util/Optional;Ljava/util/Optional;)Lnet/minecraft/world/level/storage/loot/entries/UniformContainerBase;	lambda$lootTableReference$0	method_1_8920
FIELD	net/minecraft/world/level/storage/loot/entries/NestedLootTable$1	Lnet/minecraft/core/Holder;	val$table	field_1_9259
FIELD	net/minecraft/world/level/storage/loot/entries/NestedLootTable$2	Lnet/minecraft/world/level/storage/loot/entries/NestedLootTable;	this$0	field_1_9260
METHOD	net/minecraft/world/level/storage/loot/entries/NestedLootTable$2	(Lnet/minecraft/world/level/storage/loot/LootContext;Ljava/util/function/Consumer;Lnet/minecraft/core/Holder;)V	lambda$createItemStack$0	method_1_8921
CLASS	net/minecraft/client/gui/components/debug/DebugEntryPlayerSpeed	class_1_1364
FIELD	net/minecraft/client/gui/components/debug/DebugEntrySystemSpecs	Ljava/lang/String;	cpuInfo	field_1_9261
METHOD	net/minecraft/client/gui/components/debug/DebugEntrySystemSpecs	()Ljava/lang/String;	getCpuInfo	method_1_8922
FIELD	net/minecraft/data/advancements/packs/VanillaNetherAdvancements	Lnet/minecraft/core/HolderGetter;	lootTables	field_1_9262
FIELD	net/minecraft/data/advancements/packs/VanillaTheEndAdvancements	Lnet/minecraft/core/HolderGetter;	blocks	field_1_9263
FIELD	net/minecraft/network/protocol/game/ServerboundSignUpdatePacket	Lnet/minecraft/network/codec/StreamCodec;	STREAM_CODEC	field_1_9264
field_13100 is now comp_1_1420
field_13101 is now comp_1_1421
FIELD	net/minecraft/network/protocol/game/ServerboundSignUpdatePacket	Lnet/minecraft/world/level/block/entity/SignTextSlot;	slot	comp_1_1422
CLASS	net/minecraft/util/profiling/jfr/event/StructureGenerationEvent	class_1_1365
FIELD	net/minecraft/util/profiling/jfr/event/StructureGenerationEvent	Ljava/lang/String;	EVENT_NAME	field_1_9265
FIELD	net/minecraft/util/profiling/jfr/event/StructureGenerationEvent	Ljdk/jfr/EventType;	TYPE	field_1_9266
FIELD	net/minecraft/util/profiling/jfr/event/StructureGenerationEvent	I	chunkPosX	field_1_9267
FIELD	net/minecraft/util/profiling/jfr/event/StructureGenerationEvent	I	chunkPosZ	field_1_9268
FIELD	net/minecraft/util/profiling/jfr/event/StructureGenerationEvent	Ljava/lang/String;	level	field_1_9269
FIELD	net/minecraft/util/profiling/jfr/event/StructureGenerationEvent	Ljava/lang/String;	structure	field_1_9270
FIELD	net/minecraft/util/profiling/jfr/event/StructureGenerationEvent	Z	success	field_1_9271
CLASS	net/minecraft/world/attribute/modifier/MobSpawnSettingsModifier	class_1_1366
METHOD	net/minecraft/world/attribute/modifier/MobSpawnSettingsModifier	()Lnet/minecraft/world/attribute/modifier/MobSpawnSettingsModifier;	overlay	method_1_8923
CLASS	net/minecraft/world/attribute/modifier/MobSpawnSettingsModifier$Overlay	class_1_1367
FIELD	net/minecraft/world/attribute/modifier/MobSpawnSettingsModifier$Overlay	[Lnet/minecraft/world/entity/MobCategory;	ALL_CATEGORIES	field_1_9272
FIELD	net/minecraft/world/attribute/modifier/MobSpawnSettingsModifier$Overlay	Lnet/minecraft/world/attribute/modifier/MobSpawnSettingsModifier$Overlay;	INSTANCE	field_1_9273
METHOD	net/minecraft/world/attribute/modifier/MobSpawnSettingsModifier$Overlay	(Lnet/minecraft/world/level/biome/MobSpawnSettings;Lnet/minecraft/world/level/biome/MobSpawnSettings;)Lnet/minecraft/world/level/biome/MobSpawnSettings;	apply	method_1_8924
METHOD	net/minecraft/client/gui/screens/options/controls/KeyBindsScreen	()V	refreshKeybindLabels	method_1_8925
METHOD	net/minecraft/world/level/storage/loot/predicates/AllOfCondition	(Lnet/minecraft/core/HolderSet;)Ljava/util/function/Predicate;	combine	method_1_8926
METHOD	net/minecraft/world/level/storage/loot/predicates/AllOfCondition	(Lnet/minecraft/core/HolderSet;Lnet/minecraft/world/level/storage/loot/LootContext;)Z	lambda$combine$0	method_1_8927
METHOD	net/minecraft/world/level/storage/loot/predicates/AnyOfCondition	(Lnet/minecraft/core/HolderSet;)Ljava/util/function/Predicate;	combine	method_1_8928
METHOD	net/minecraft/world/level/storage/loot/predicates/AnyOfCondition	(Lnet/minecraft/core/HolderSet;Lnet/minecraft/world/level/storage/loot/LootContext;)Z	lambda$combine$0	method_1_8929
METHOD	net/minecraft/world/level/storage/loot/predicates/AnyOfCondition$Builder	(Lnet/minecraft/core/Holder;)Lnet/minecraft/world/level/storage/loot/predicates/AnyOfCondition$Builder;	or	method_1_8930
FIELD	net/minecraft/world/level/storage/loot/predicates/LootPredicates	Lnet/minecraft/resources/ResourceKey;	FAST_FURNACE	field_1_9274
FIELD	net/minecraft/client/gui/screens/inventory/AbstractSignEditScreen	I	LINE_COUNT	field_1_9275
FIELD	net/minecraft/client/gui/screens/inventory/AbstractSignEditScreen	Lnet/minecraft/world/level/block/entity/SignTextSlot;	slot	field_1_9276
FIELD	net/minecraft/client/gui/screens/inventory/AbstractSignEditScreen	I	textColor	field_1_9277
METHOD	net/minecraft/client/gui/screens/inventory/AbstractSignEditScreen	()Ljava/lang/String;	lambda$new$0	method_1_8931
METHOD	net/minecraft/client/gui/screens/inventory/AbstractSignEditScreen	(Lnet/minecraft/world/level/block/entity/SignBlockEntity;Ljava/lang/String;)Z	lambda$new$1	method_1_8932
FIELD	net/minecraft/world/level/block/entity/AbstractFurnaceBlockEntity	F	DEFAULT_SPEED_MULTIPLIER	field_1_9278
FIELD	net/minecraft/world/level/block/entity/AbstractFurnaceBlockEntity	F	speedMultiplier	field_1_9279
METHOD	net/minecraft/world/level/block/entity/AbstractFurnaceBlockEntity	(Lnet/minecraft/server/level/ServerLevel;)Lnet/minecraft/world/level/storage/loot/LootContext;	getLootContext	method_1_8933
METHOD	net/minecraft/world/level/block/entity/AbstractFurnaceBlockEntity	(Lnet/minecraft/server/level/ServerLevel;Lnet/minecraft/world/item/ItemStack;Lnet/minecraft/core/component/DataComponentType;Ljava/util/function/Function;F)F	getProvidedFloat	method_1_8934
METHOD	net/minecraft/world/level/block/entity/AbstractFurnaceBlockEntity	(Lnet/minecraft/server/level/ServerLevel;Lnet/minecraft/world/item/ItemStack;Lnet/minecraft/core/component/DataComponentType;Ljava/util/function/Function;I)I	getProvidedInteger	method_1_8935
METHOD	net/minecraft/world/level/block/entity/AbstractFurnaceBlockEntity	(Lnet/minecraft/server/level/ServerLevel;Lnet/minecraft/world/item/ItemStack;)F	getSpeedMultiplier	method_1_8936
METHOD	net/minecraft/world/level/block/entity/AbstractFurnaceBlockEntity	(Lnet/minecraft/world/item/crafting/RecipeHolder;Lnet/minecraft/world/level/block/entity/AbstractFurnaceBlockEntity;)I	getTotalCookTime	method_1_8937
METHOD	net/minecraft/world/level/block/entity/AbstractFurnaceBlockEntity	(Lnet/minecraft/world/level/block/entity/AbstractFurnaceBlockEntity;Lnet/minecraft/world/item/crafting/RecipeHolder;)Ljava/lang/Integer;	lambda$getTotalCookTime$0	method_1_8938
CLASS	net/minecraft/world/level/storage/loot/entries/CompositeEntryBase$Builder	class_1_1368
FIELD	net/minecraft/world/level/storage/loot/entries/CompositeEntryBase$Builder	Lcom/google/common/collect/ImmutableList$Builder;	entries	field_1_9280
METHOD	net/minecraft/world/level/storage/loot/entries/CompositeEntryBase$Builder	(Lnet/minecraft/world/level/storage/loot/entries/LootPoolEntryContainer$Builder;)Lcom/google/common/collect/ImmutableList$Builder;	addEntry	method_1_8939
METHOD	net/minecraft/world/level/storage/loot/entries/CompositeEntryBase$Builder	(Lnet/minecraft/world/level/storage/loot/entries/CompositeEntryBase$CompositeEntryConstructor;)Lnet/minecraft/world/level/storage/loot/entries/CompositeEntryBase;	build	method_1_8940
FIELD	net/minecraft/world/level/storage/loot/functions/SequenceFunction	Ljava/util/function/BiFunction;	IDENTITY	field_1_9281
METHOD	net/minecraft/world/level/storage/loot/functions/SequenceFunction	()Z	canUseInlineCodec	method_1_8941
METHOD	net/minecraft/world/level/storage/loot/functions/SequenceFunction	(Lnet/minecraft/core/HolderSet;)Ljava/util/function/BiFunction;	compose	method_1_8942
METHOD	net/minecraft/world/level/storage/loot/functions/SequenceFunction	(Lnet/minecraft/core/HolderSet;Lnet/minecraft/world/item/ItemStack;Lnet/minecraft/world/level/storage/loot/LootContext;)Lnet/minecraft/world/item/ItemStack;	lambda$compose$0	method_1_8943
METHOD	net/minecraft/world/level/storage/loot/functions/SequenceFunction	(Lnet/minecraft/core/Holder;Lnet/minecraft/world/item/ItemStack;Lnet/minecraft/world/level/storage/loot/LootContext;)Lnet/minecraft/world/item/ItemStack;	lambda$compose$1	method_1_8944
METHOD	net/minecraft/world/level/storage/loot/functions/SequenceFunction	(Lnet/minecraft/core/Holder;Lnet/minecraft/core/Holder;Lnet/minecraft/world/item/ItemStack;Lnet/minecraft/world/level/storage/loot/LootContext;)Lnet/minecraft/world/item/ItemStack;	lambda$compose$2	method_1_8945
METHOD	net/minecraft/world/level/storage/loot/functions/SequenceFunction	(Lnet/minecraft/core/HolderSet;Lnet/minecraft/world/item/ItemStack;Lnet/minecraft/world/level/storage/loot/LootContext;)Lnet/minecraft/world/item/ItemStack;	lambda$compose$3	method_1_8946
METHOD	net/minecraft/world/level/storage/loot/functions/SequenceFunction	(Lnet/minecraft/world/item/ItemStack;Lnet/minecraft/world/level/storage/loot/LootContext;)Lnet/minecraft/world/item/ItemStack;	lambda$static$0	method_1_8947
METHOD	net/minecraft/client/gui/screens/inventory/AbstractContainerScreen	(Lnet/minecraft/client/input/MouseButtonEvent;)I	getContainerClickButton	method_1_8948
METHOD	net/minecraft/client/gui/screens/inventory/AbstractContainerScreen	(Lnet/minecraft/world/inventory/Slot;ILnet/minecraft/client/input/MouseButtonEvent;Lnet/minecraft/world/inventory/ContainerInput;)V	slotClicked	method_1_8949
FIELD	net/minecraft/data/advancements/packs/VanillaAdventureAdvancements	Lnet/minecraft/core/HolderGetter;	lootTables	field_1_9282
FIELD	net/minecraft/data/advancements/packs/VanillaAdventureAdvancements	Lnet/minecraft/core/HolderGetter;	recipes	field_1_9283
METHOD	net/minecraft/data/advancements/packs/VanillaAdventureAdvancements	(Lnet/minecraft/advancements/Advancement$Builder;Lnet/minecraft/resources/ResourceKey;)V	lambda$craftingANewLook$0	method_1_8950
METHOD	net/minecraft/data/advancements/packs/VanillaAdventureAdvancements	(Lnet/minecraft/advancements/Advancement$Builder;Lnet/minecraft/data/recipes/packs/VanillaRecipeProvider$TrimTemplate;)V	lambda$smithingWithStyle$1	method_1_8951
METHOD	net/minecraft/data/advancements/packs/VanillaAdventureAdvancements	(Lnet/minecraft/resources/Identifier;)Lnet/minecraft/core/HolderSet;	lookupRecipe	method_1_8952
FIELD	net/minecraft/world/level/storage/loot/functions/LootItemFunctions	Lcom/mojang/serialization/Codec;	LIST_CODEC	field_1_9284
FIELD	net/minecraft/world/level/storage/loot/functions/LootItemFunctions	Lcom/mojang/serialization/Codec;	TYPED_CODEC	field_1_9285
METHOD	net/minecraft/world/level/storage/loot/functions/LootItemFunctions	(Lcom/mojang/datafixers/util/Either;)Lnet/minecraft/world/level/storage/loot/functions/LootItemFunction;	lambda$static$2	method_1_8953
METHOD	net/minecraft/world/level/storage/loot/functions/LootItemFunctions	(Lnet/minecraft/world/level/storage/loot/functions/LootItemFunction;)Lnet/minecraft/world/level/storage/loot/functions/LootItemFunction;	lambda$static$3	method_1_8954
METHOD	net/minecraft/world/level/storage/loot/functions/LootItemFunctions	(Lnet/minecraft/world/level/storage/loot/functions/SequenceFunction;)Lnet/minecraft/world/level/storage/loot/functions/LootItemFunction;	lambda$static$4	method_1_8955
METHOD	net/minecraft/world/level/storage/loot/functions/LootItemFunctions	(Lnet/minecraft/world/level/storage/loot/functions/LootItemFunction;)Lcom/mojang/datafixers/util/Either;	lambda$static$5	method_1_8956
field_12325 is now comp_1_1423
FIELD	net/minecraft/network/protocol/game/ClientboundOpenSignEditorPacket	Lnet/minecraft/world/level/block/entity/SignTextSlot;	slot	comp_1_1424
METHOD	net/minecraft/world/level/storage/loot/entries/UniformContainerBase	(Lnet/minecraft/world/level/storage/loot/entries/UniformContainerBase;)Ljava/util/Optional;	lambda$uniformFields$2	method_1_8957
METHOD	net/minecraft/world/level/storage/loot/entries/UniformContainerBase	(Lcom/mojang/serialization/codecs/RecordCodecBuilder$Instance;)Lcom/mojang/datafixers/Products$P4;	uniformFields	method_1_8958
FIELD	net/minecraft/world/level/storage/loot/predicates/LootItemCondition	Lcom/mojang/serialization/Codec;	LIST_CODEC	field_1_9286
METHOD	net/minecraft/world/level/storage/loot/functions/FunctionUserBuilder	(Lnet/minecraft/world/level/storage/loot/functions/LootItemFunction$Builder;)Lnet/minecraft/world/level/storage/loot/functions/FunctionUserBuilder;	apply	method_1_8959
METHOD	net/minecraft/world/level/storage/loot/functions/FunctionUserBuilder	(Ljava/util/List;)Ljava/util/Optional;	buildFunction	method_1_8960
FIELD	net/minecraft/world/level/storage/loot/entries/LootPoolEntryContainer	Ljava/util/Optional;	modifier	field_1_9287
METHOD	net/minecraft/world/level/storage/loot/entries/LootPoolEntryContainer	(Ljava/util/function/Consumer;)Ljava/util/function/Consumer;	adjustOutput	method_1_8961
METHOD	net/minecraft/world/level/storage/loot/entries/LootPoolEntryContainer	(Lnet/minecraft/world/level/storage/loot/LootContext;Ljava/util/function/Consumer;)Z	expandRaw	method_1_8962
METHOD	net/minecraft/world/level/storage/loot/entries/LootPoolEntryContainer	(Ljava/util/function/Consumer;Lnet/minecraft/world/level/storage/loot/entries/LootPoolEntry;)V	lambda$adjustOutput$0	method_1_8963
METHOD	net/minecraft/world/level/storage/loot/entries/LootPoolEntryContainer	(Lnet/minecraft/world/level/storage/loot/entries/LootPoolEntryContainer;)Ljava/util/Optional;	lambda$commonFields$1	method_1_8964
FIELD	net/minecraft/world/level/storage/loot/entries/LootPoolEntryContainer$1	Lnet/minecraft/world/level/storage/loot/entries/LootPoolEntryContainer;	this$0	field_1_9288
FIELD	net/minecraft/world/level/storage/loot/entries/LootPoolEntryContainer$1	Lnet/minecraft/world/level/storage/loot/entries/LootPoolEntry;	val$rawEntry	field_1_9289
FIELD	net/minecraft/world/level/storage/loot/entries/LootPoolEntryContainer$Builder	Lcom/google/common/collect/ImmutableList$Builder;	modifiers	field_1_9290
METHOD	net/minecraft/world/level/storage/loot/entries/LootPoolEntryContainer$Builder	(Lnet/minecraft/core/Holder;)Lnet/minecraft/world/level/storage/loot/entries/LootPoolEntryContainer$Builder;	apply	method_1_8965
METHOD	net/minecraft/world/level/storage/loot/entries/LootPoolEntryContainer$Builder	()Ljava/util/Optional;	getModifier	method_1_8966
METHOD	net/minecraft/world/level/storage/loot/functions/SetItemCountFunction	(Lnet/minecraft/core/Holder;Ljava/util/Optional;)Lnet/minecraft/world/level/storage/loot/functions/LootItemFunction;	lambda$setCount$0	method_1_8967
FIELD	net/minecraft/network/protocol/game/ServerboundCommandSuggestionPacket	Lnet/minecraft/network/codec/StreamCodec;	CHAT_ONLY_STREAM_CODEC	field_1_9291
field_12785 is now comp_1_1425
field_12784 is now comp_1_1426
METHOD	net/minecraft/network/protocol/game/ServerboundCommandSuggestionPacket	(I)Lnet/minecraft/network/codec/StreamCodec;	createStreamCodec	method_1_8968
FIELD	net/minecraft/network/protocol/game/ServerboundCommandSuggestionPacket$1	Lnet/minecraft/network/codec/StreamCodec;	downstream	field_1_9292
METHOD	net/minecraft/network/protocol/game/ServerboundCommandSuggestionPacket$1	(Lio/netty/buffer/ByteBuf;)Lnet/minecraft/network/protocol/game/ServerboundCommandSuggestionPacket;	decode	method_1_8969
METHOD	net/minecraft/network/protocol/game/ServerboundCommandSuggestionPacket$1	(Lio/netty/buffer/ByteBuf;Lnet/minecraft/network/protocol/game/ServerboundCommandSuggestionPacket;)V	encode	method_1_8970
FIELD	net/minecraft/world/level/levelgen/feature/RandomNeighborSpreadFeature	[Lnet/minecraft/core/Direction;	DIRECTIONS	field_1_9293
CLASS	net/minecraft/world/level/storage/loot/entries/ExpandableContainerBase	class_1_1369
FIELD	net/minecraft/world/level/storage/loot/entries/ExpandableContainerBase	Z	expand	field_1_9294
METHOD	net/minecraft/world/level/storage/loot/entries/ExpandableContainerBase	(Ljava/util/function/Consumer;)Z	addUnexpandedEntry	method_1_8971
METHOD	net/minecraft/world/level/storage/loot/entries/ExpandableContainerBase	(Lcom/mojang/serialization/codecs/RecordCodecBuilder$Instance;)Lcom/mojang/datafixers/Products$P5;	expandableFields	method_1_8972
METHOD	net/minecraft/world/level/storage/loot/entries/ExpandableContainerBase	(Lnet/minecraft/world/level/storage/loot/entries/ExpandableContainerBase;)Ljava/lang/Boolean;	lambda$expandableFields$0	method_1_8973
FIELD	net/minecraft/world/level/storage/loot/functions/SetContainerLootTable	Lcom/mojang/serialization/Codec;	ID_ONLY_CODEC	field_1_9295
FIELD	net/minecraft/world/level/storage/loot/functions/SetContainerLootTable	Lnet/minecraft/core/Holder$Reference;	tag	field_1_9296
METHOD	net/minecraft/world/level/storage/loot/functions/SetContainerLootTable	(Lnet/minecraft/core/Holder;)Lcom/mojang/serialization/DataResult;	lambda$static$0	method_1_8974
METHOD	net/minecraft/world/level/storage/loot/functions/SetContainerLootTable	()Ljava/lang/String;	lambda$static$1	method_1_8975
METHOD	net/minecraft/world/level/storage/loot/functions/SetContainerLootTable	(Lnet/minecraft/core/Holder$Reference;)Lnet/minecraft/core/Holder;	lambda$static$2	method_1_8976
METHOD	net/minecraft/world/level/storage/loot/functions/SetContainerLootTable	(Lnet/minecraft/core/Holder$Reference;Lnet/minecraft/core/Holder;Ljava/util/Optional;)Lnet/minecraft/world/level/storage/loot/functions/LootItemFunction;	lambda$withLootTable$0	method_1_8977
METHOD	net/minecraft/world/level/storage/loot/functions/SetContainerLootTable	(Lnet/minecraft/core/Holder$Reference;JLnet/minecraft/core/Holder;Ljava/util/Optional;)Lnet/minecraft/world/level/storage/loot/functions/LootItemFunction;	lambda$withLootTable$1	method_1_8978
FIELD	net/minecraft/world/level/storage/loot/parameters/LootContextParamSets	Lnet/minecraft/util/context/ContextKeySet;	CONTAINER_PROCESS	field_1_9297
METHOD	net/minecraft/world/level/storage/loot/parameters/LootContextParamSets	(Lnet/minecraft/util/context/ContextKeySet$Builder;)V	lambda$static$25	method_1_8979
METHOD	net/minecraft/world/level/storage/loot/predicates/ConditionUserBuilder	(Ljava/util/List;)Ljava/util/Optional;	buildCondition	method_1_8980
METHOD	net/minecraft/world/level/storage/loot/predicates/ConditionUserBuilder	(Lnet/minecraft/world/level/storage/loot/predicates/LootItemCondition$Builder;)Lnet/minecraft/world/level/storage/loot/predicates/ConditionUserBuilder;	when	method_1_8981
FIELD	net/minecraft/client/renderer/state/gui/pip/GuiProfilerChartRenderState	Lorg/joml/Matrix3x2fc;	pose	comp_1_1427
METHOD	net/minecraft/client/renderer/state/gui/pip/PictureInPictureRenderState	(IIIILorg/joml/Matrix3x2fc;Lnet/minecraft/client/gui/navigation/ScreenRectangle;)Lnet/minecraft/client/gui/navigation/ScreenRectangle;	getBounds	method_1_8982
CLASS	net/minecraft/world/level/storage/loot/entries/SingleEntryContainerBase	class_1_1370
FIELD	net/minecraft/world/level/storage/loot/entries/SingleEntryContainerBase	Lnet/minecraft/world/level/storage/loot/entries/LootPoolEntry;	entry	field_1_9298
FIELD	net/minecraft/world/level/storage/loot/entries/SingleEntryContainerBase$1	Lnet/minecraft/world/level/storage/loot/entries/SingleEntryContainerBase;	this$0	field_1_9299
FIELD	net/minecraft/world/level/storage/loot/providers/number/NumberProviders	Lnet/minecraft/resources/ResourceKey;	BREWING_DEFAULT_SPEED_MULTIPLIER	field_1_9300
FIELD	net/minecraft/world/level/storage/loot/providers/number/NumberProviders	Lnet/minecraft/resources/ResourceKey;	BREWING_DEFAULT_USES	field_1_9301
FIELD	net/minecraft/world/level/storage/loot/providers/number/NumberProviders	Lnet/minecraft/resources/ResourceKey;	COOKING_DEFAULT_SPEED_MULTIPLIER	field_1_9302
FIELD	net/minecraft/world/level/storage/loot/providers/number/NumberProviders	Lnet/minecraft/resources/ResourceKey;	COOKING_TIME_BAMBOO	field_1_9303
FIELD	net/minecraft/world/level/storage/loot/providers/number/NumberProviders	Lnet/minecraft/resources/ResourceKey;	COOKING_TIME_BLAZE_ROD	field_1_9304
FIELD	net/minecraft/world/level/storage/loot/providers/number/NumberProviders	Lnet/minecraft/resources/ResourceKey;	COOKING_TIME_BOATS	field_1_9305
FIELD	net/minecraft/world/level/storage/loot/providers/number/NumberProviders	Lnet/minecraft/resources/ResourceKey;	COOKING_TIME_COAL	field_1_9306
FIELD	net/minecraft/world/level/storage/loot/providers/number/NumberProviders	Lnet/minecraft/resources/ResourceKey;	COOKING_TIME_COAL_BLOCK	field_1_9307
FIELD	net/minecraft/world/level/storage/loot/providers/number/NumberProviders	Lnet/minecraft/resources/ResourceKey;	COOKING_TIME_DRIED_KELP_BLOCK	field_1_9308
FIELD	net/minecraft/world/level/storage/loot/providers/number/NumberProviders	Lnet/minecraft/resources/ResourceKey;	COOKING_TIME_DRY_PLANTS	field_1_9309
FIELD	net/minecraft/world/level/storage/loot/providers/number/NumberProviders	Lnet/minecraft/resources/ResourceKey;	COOKING_TIME_HANGING_SIGNS	field_1_9310
FIELD	net/minecraft/world/level/storage/loot/providers/number/NumberProviders	Lnet/minecraft/resources/ResourceKey;	COOKING_TIME_LAVA_BUCKET	field_1_9311
FIELD	net/minecraft/world/level/storage/loot/providers/number/NumberProviders	Lnet/minecraft/resources/ResourceKey;	COOKING_TIME_ROOTS	field_1_9312
FIELD	net/minecraft/world/level/storage/loot/providers/number/NumberProviders	Lnet/minecraft/resources/ResourceKey;	COOKING_TIME_WOOD_BLOCKS	field_1_9313
FIELD	net/minecraft/world/level/storage/loot/providers/number/NumberProviders	Lnet/minecraft/resources/ResourceKey;	COOKING_TIME_WOOD_ITEMS_EXTRA_SMALL	field_1_9314
FIELD	net/minecraft/world/level/storage/loot/providers/number/NumberProviders	Lnet/minecraft/resources/ResourceKey;	COOKING_TIME_WOOD_ITEMS_LARGE	field_1_9315
FIELD	net/minecraft/world/level/storage/loot/providers/number/NumberProviders	Lnet/minecraft/resources/ResourceKey;	COOKING_TIME_WOOD_ITEMS_SMALL	field_1_9316
FIELD	net/minecraft/world/level/storage/loot/providers/number/NumberProviders	Lnet/minecraft/resources/ResourceKey;	COOKING_TIME_WOOD_SLABS	field_1_9317
FIELD	net/minecraft/world/level/storage/loot/providers/number/NumberProviders	Lnet/minecraft/resources/ResourceKey;	COOKING_TIME_WOOL	field_1_9318
FIELD	net/minecraft/world/level/storage/loot/providers/number/NumberProviders	Lnet/minecraft/resources/ResourceKey;	COOKING_TIME_WOOL_CARPETS	field_1_9319
FIELD	net/minecraft/world/level/storage/loot/providers/number/NumberProviders	Lnet/minecraft/resources/ResourceKey;	COOKING_TIME_WOOL_SLABS	field_1_9320
FIELD	net/minecraft/world/level/storage/loot/providers/number/NumberProviders	Lcom/mojang/serialization/Codec;	LIST_CODEC	field_1_9321
METHOD	net/minecraft/world/level/storage/loot/providers/number/NumberProviders	(Lnet/minecraft/core/HolderGetter;I)Lnet/minecraft/world/level/storage/loot/providers/number/NumberProvider;	cooking	method_1_8983
METHOD	net/minecraft/world/level/storage/loot/providers/number/NumberProviders	(Lnet/minecraft/server/level/ServerLevel;Ljava/lang/Object;Ljava/util/function/Function;)Ljava/util/Optional;	getFromComponent	method_1_8984
METHOD	net/minecraft/world/level/storage/loot/providers/number/NumberProviders	(Lnet/minecraft/server/level/ServerLevel;Lnet/minecraft/world/item/ItemStack;Lnet/minecraft/core/component/DataComponentType;Ljava/util/function/Function;)Ljava/util/Optional;	getFromItemComponent	method_1_8985
METHOD	net/minecraft/world/level/storage/loot/providers/number/NumberProviders	(Ljava/util/function/Function;Ljava/lang/Object;Lnet/minecraft/core/HolderLookup$RegistryLookup;)Ljava/util/Optional;	lambda$getFromComponent$0	method_1_8986
METHOD	net/minecraft/world/level/storage/loot/predicates/InvertedLootItemCondition	(Lnet/minecraft/core/Holder;)Lnet/minecraft/world/level/storage/loot/predicates/LootItemCondition$Builder;	invert	method_1_8987
FIELD	net/minecraft/world/level/storage/loot/functions/LootItemConditionalFunction	Ljava/util/Optional;	condition	field_1_9322
METHOD	net/minecraft/world/level/storage/loot/predicates/CompositeLootItemCondition	(Lnet/minecraft/core/Holder;)Ljava/util/function/Predicate;	holderToLazyPredicate	method_1_8988
METHOD	net/minecraft/world/level/storage/loot/predicates/CompositeLootItemCondition	(Lnet/minecraft/core/HolderSet;)Ljava/util/List;	holdersToLazyPredicates	method_1_8989
METHOD	net/minecraft/world/level/storage/loot/predicates/CompositeLootItemCondition	(Lnet/minecraft/core/Holder;Lnet/minecraft/world/level/storage/loot/LootContext;)Z	lambda$holderToLazyPredicate$0	method_1_8990
METHOD	net/minecraft/world/level/storage/loot/predicates/CompositeLootItemCondition$Builder	(Lnet/minecraft/core/Holder;)V	addTerm	method_1_8991
Done!
