Demoting record getter com/mojang/realmsclient/client/RealmsError$CustomError;errorCode()I
Demoting record getter com/mojang/realmsclient/client/RealmsError$ErrorWithJsonPayload;errorCode()I
Demoting record getter com/mojang/realmsclient/client/RealmsError$ErrorWithRawPayload;errorCode()I
Demoting record getter net/minecraft/advancements/predicates/CollectionContentsPredicate$Multiple;unpack()Ljava/util/List;
Demoting record getter net/minecraft/advancements/predicates/CollectionCountsPredicate$Multiple;unpack()Ljava/util/List;
Demoting record getter net/minecraft/client/gui/ComponentPath$Leaf;leafComponent()Lnet/minecraft/client/gui/components/events/GuiEventListener;
Demoting record getter net/minecraft/client/gui/font/AtlasGlyphProvider$Instance;textureView()Lcom/mojang/renderpearl/api/textures/GpuTextureView;
Promoting net/minecraft/client/gui/font/AtlasGlyphProvider$Instance;textureView()Lcom/mojang/renderpearl/api/textures/GpuTextureView; as record getter for textureViewLcom/mojang/renderpearl/api/textures/GpuTextureView;
Demoting record getter net/minecraft/client/gui/font/EmptyArea;activeLeft()F
Demoting record getter net/minecraft/client/gui/font/glyphs/BakedSheetGlyph$EffectInstance;left()F
Demoting record getter net/minecraft/client/gui/font/glyphs/BakedSheetGlyph$EffectInstance;top()F
Demoting record getter net/minecraft/client/input/KeyEvent;input()I
Demoting record getter net/minecraft/client/input/KeyEvent;shortcutKey()I
Demoting record getter net/minecraft/client/input/MouseButtonInfo;input()I
Demoting record getter net/minecraft/client/multiplayer/chat/LoggedChatMessage$System;toContentComponent()Lnet/minecraft/network/chat/Component;
Demoting record getter net/minecraft/client/renderer/PostPass$TextureInput;bilinear()Z
Promoting net/minecraft/client/renderer/PostPass$TextureInput;bilinear()Z as record getter for bilinearZ
Demoting record getter net/minecraft/client/renderer/feature/CustomFeatureRenderer$Submit;batchKey()Ljava/lang/Object;
Demoting record getter net/minecraft/client/renderer/feature/FeatureRendererType;toString()Ljava/lang/String;
Demoting record getter net/minecraft/client/renderer/feature/ModelFeatureRenderer$Submit;batchKey()Ljava/lang/Object;
Demoting record getter net/minecraft/commands/arguments/coordinates/WorldCoordinate;isRelative()Z
Demoting record getter net/minecraft/core/ClientAsset$DownloadedTexture;id()Lnet/minecraft/resources/Identifier;
Demoting record getter net/minecraft/core/CompositeDirection;getStep()Lnet/minecraft/core/Vec3i;
Demoting record getter net/minecraft/core/particles/GeyserBaseParticleOptions;getType()Lnet/minecraft/core/particles/ParticleType;
Demoting record getter net/minecraft/core/particles/GeyserParticleOptions;getType()Lnet/minecraft/core/particles/ParticleType;
Demoting record getter net/minecraft/nbt/ByteTag;intValue()I
Demoting record getter net/minecraft/nbt/ByteTag;byteValue()B
Demoting record getter net/minecraft/nbt/DoubleTag;doubleValue()D
Demoting record getter net/minecraft/nbt/FloatTag;floatValue()F
Demoting record getter net/minecraft/nbt/IntTag;intValue()I
Demoting record getter net/minecraft/nbt/LongTag;longValue()J
Demoting record getter net/minecraft/nbt/ShortTag;intValue()I
Demoting record getter net/minecraft/nbt/ShortTag;shortValue()S
Demoting record getter net/minecraft/network/chat/OutgoingChatMessage$Disguised;content()Lnet/minecraft/network/chat/Component;
Promoting net/minecraft/network/chat/OutgoingChatMessage$Disguised;content()Lnet/minecraft/network/chat/Component; as record getter for contentLnet/minecraft/network/chat/Component;
Demoting record getter net/minecraft/network/syncher/EntityDataAccessor;hashCode()I
Demoting record getter net/minecraft/server/network/ConfigurationTask$Type;toString()Ljava/lang/String;
Demoting record getter net/minecraft/server/packs/OverlayMetadataSection$OverlayEntry$IntermediateEntry;toString()Ljava/lang/String;
Demoting record getter net/minecraft/util/ProblemReporter$RootFieldPathElement;get()Ljava/lang/String;
Promoting net/minecraft/util/valueproviders/ClampedInt;maxInclusive()I as record getter for maxInclusiveI
Promoting net/minecraft/util/valueproviders/ClampedInt;minInclusive()I as record getter for minInclusiveI
Demoting record getter net/minecraft/util/valueproviders/ConstantFloat;min()F
Demoting record getter net/minecraft/util/valueproviders/ConstantFloat;max()F
Demoting record getter net/minecraft/util/valueproviders/ConstantInt;minInclusive()I
Demoting record getter net/minecraft/util/valueproviders/ConstantInt;maxInclusive()I
Demoting record getter net/minecraft/world/item/ItemStackTemplate;typeHolder()Lnet/minecraft/core/Holder;
Demoting record getter net/minecraft/world/item/TooltipFlag$Default;isAdvanced()Z
Demoting record getter net/minecraft/world/item/TooltipFlag$Default;isCreative()Z
Promoting net/minecraft/world/item/alchemy/PotionContents;customEffects()Ljava/util/List; as record getter for customEffectsLjava/util/List;
Demoting record getter net/minecraft/world/level/SpawnData;getEntityToSpawn()Lnet/minecraft/nbt/CompoundTag;
Demoting record getter net/minecraft/world/level/SpawnData;getCustomSpawnRules()Ljava/util/Optional;
Demoting record getter net/minecraft/world/level/SpawnData;getEquipment()Ljava/util/Optional;
Promoting net/minecraft/world/level/block/entity/vault/VaultConfig;playerDetector()Lnet/minecraft/world/level/block/entity/trialspawner/PlayerDetector; as record getter for playerDetectorLnet/minecraft/world/level/block/entity/trialspawner/PlayerDetector;
Demoting record getter net/minecraft/world/level/chunk/Configuration$Simple;bitsInMemory()I
Demoting record getter net/minecraft/world/level/chunk/Configuration$Simple;bitsInStorage()I
Demoting record getter net/minecraft/world/level/gameevent/GameEvent;notificationRadius()I
Promoting net/minecraft/world/level/gameevent/GameEvent;notificationRadius()I as record getter for notificationRadiusI
Demoting record getter net/minecraft/world/level/gamerules/GameRuleCategory;getDescriptionId()Lnet/minecraft/resources/Identifier;
Demoting record getter net/minecraft/world/level/levelgen/NoiseGeneratorSettings;disableMobGeneration()Z
Promoting net/minecraft/world/level/levelgen/NoiseGeneratorSettings;disableMobGeneration()Z as record getter for disableMobGenerationZ
Read 11423 (7327) classes.
Populated subclass entries.
Joining MethodEntries...
Joined 20212 MethodEntries (0 unique, 11666 classes).
Joined 159 record fields.
Collecting additional information...
- Done. -
Demoting record getter com/mojang/realmsclient/client/RealmsError$CustomError;errorCode()I
Demoting record getter com/mojang/realmsclient/client/RealmsError$ErrorWithJsonPayload;errorCode()I
Demoting record getter com/mojang/realmsclient/client/RealmsError$ErrorWithRawPayload;errorCode()I
Demoting record getter net/minecraft/advancements/predicates/CollectionContentsPredicate$Multiple;unpack()Ljava/util/List;
Demoting record getter net/minecraft/advancements/predicates/CollectionCountsPredicate$Multiple;unpack()Ljava/util/List;
Demoting record getter net/minecraft/client/gui/ComponentPath$Leaf;leafComponent()Lnet/minecraft/client/gui/components/events/GuiEventListener;
Demoting record getter net/minecraft/client/gui/font/AtlasGlyphProvider$Instance;textureView()Lcom/mojang/renderpearl/api/textures/GpuTextureView;
Promoting net/minecraft/client/gui/font/AtlasGlyphProvider$Instance;textureView()Lcom/mojang/renderpearl/api/textures/GpuTextureView; as record getter for textureViewLcom/mojang/renderpearl/api/textures/GpuTextureView;
Demoting record getter net/minecraft/client/gui/font/EmptyArea;activeLeft()F
Demoting record getter net/minecraft/client/gui/font/glyphs/BakedSheetGlyph$EffectInstance;left()F
Demoting record getter net/minecraft/client/gui/font/glyphs/BakedSheetGlyph$EffectInstance;top()F
Demoting record getter net/minecraft/client/input/KeyEvent;input()I
Demoting record getter net/minecraft/client/input/KeyEvent;shortcutKey()I
Demoting record getter net/minecraft/client/input/MouseButtonInfo;input()I
Demoting record getter net/minecraft/client/multiplayer/chat/LoggedChatMessage$System;toContentComponent()Lnet/minecraft/network/chat/Component;
Demoting record getter net/minecraft/client/renderer/PostPass$TextureInput;bilinear()Z
Promoting net/minecraft/client/renderer/PostPass$TextureInput;bilinear()Z as record getter for bilinearZ
Demoting record getter net/minecraft/client/renderer/feature/CustomFeatureRenderer$Submit;batchKey()Ljava/lang/Object;
Demoting record getter net/minecraft/client/renderer/feature/FeatureRendererType;toString()Ljava/lang/String;
Demoting record getter net/minecraft/client/renderer/feature/ModelFeatureRenderer$Submit;batchKey()Ljava/lang/Object;
Demoting record getter net/minecraft/commands/arguments/coordinates/WorldCoordinate;isRelative()Z
Demoting record getter net/minecraft/core/ClientAsset$DownloadedTexture;id()Lnet/minecraft/resources/Identifier;
Demoting record getter net/minecraft/core/CompositeDirection;getStep()Lnet/minecraft/core/Vec3i;
Demoting record getter net/minecraft/core/particles/GeyserBaseParticleOptions;getType()Lnet/minecraft/core/particles/ParticleType;
Demoting record getter net/minecraft/core/particles/GeyserParticleOptions;getType()Lnet/minecraft/core/particles/ParticleType;
Demoting record getter net/minecraft/nbt/ByteTag;intValue()I
Demoting record getter net/minecraft/nbt/ByteTag;byteValue()B
Demoting record getter net/minecraft/nbt/DoubleTag;doubleValue()D
Demoting record getter net/minecraft/nbt/FloatTag;floatValue()F
Demoting record getter net/minecraft/nbt/IntTag;intValue()I
Demoting record getter net/minecraft/nbt/LongTag;longValue()J
Demoting record getter net/minecraft/nbt/ShortTag;intValue()I
Demoting record getter net/minecraft/nbt/ShortTag;shortValue()S
Demoting record getter net/minecraft/network/chat/OutgoingChatMessage$Disguised;content()Lnet/minecraft/network/chat/Component;
Promoting net/minecraft/network/chat/OutgoingChatMessage$Disguised;content()Lnet/minecraft/network/chat/Component; as record getter for contentLnet/minecraft/network/chat/Component;
Demoting record getter net/minecraft/network/syncher/EntityDataAccessor;hashCode()I
Demoting record getter net/minecraft/server/network/ConfigurationTask$Type;toString()Ljava/lang/String;
Demoting record getter net/minecraft/server/packs/OverlayMetadataSection$OverlayEntry$IntermediateEntry;toString()Ljava/lang/String;
Demoting record getter net/minecraft/util/ProblemReporter$RootFieldPathElement;get()Ljava/lang/String;
Promoting net/minecraft/util/valueproviders/ClampedInt;minInclusive()I as record getter for minInclusiveI
Promoting net/minecraft/util/valueproviders/ClampedInt;maxInclusive()I as record getter for maxInclusiveI
Demoting record getter net/minecraft/util/valueproviders/ConstantFloat;min()F
Demoting record getter net/minecraft/util/valueproviders/ConstantFloat;max()F
Demoting record getter net/minecraft/util/valueproviders/ConstantInt;minInclusive()I
Demoting record getter net/minecraft/util/valueproviders/ConstantInt;maxInclusive()I
Demoting record getter net/minecraft/world/item/ItemStackTemplate;typeHolder()Lnet/minecraft/core/Holder;
Demoting record getter net/minecraft/world/item/TooltipFlag$Default;isAdvanced()Z
Demoting record getter net/minecraft/world/item/TooltipFlag$Default;isCreative()Z
Promoting net/minecraft/world/item/alchemy/PotionContents;customEffects()Ljava/util/List; as record getter for customEffectsLjava/util/List;
Demoting record getter net/minecraft/world/level/SpawnData;getEntityToSpawn()Lnet/minecraft/nbt/CompoundTag;
Demoting record getter net/minecraft/world/level/SpawnData;getCustomSpawnRules()Ljava/util/Optional;
Demoting record getter net/minecraft/world/level/SpawnData;getEquipment()Ljava/util/Optional;
Promoting net/minecraft/world/level/block/entity/vault/VaultConfig;playerDetector()Lnet/minecraft/world/level/block/entity/trialspawner/PlayerDetector; as record getter for playerDetectorLnet/minecraft/world/level/block/entity/trialspawner/PlayerDetector;
Demoting record getter net/minecraft/world/level/chunk/Configuration$Simple;bitsInMemory()I
Demoting record getter net/minecraft/world/level/chunk/Configuration$Simple;bitsInStorage()I
Demoting record getter net/minecraft/world/level/gameevent/GameEvent;notificationRadius()I
Promoting net/minecraft/world/level/gameevent/GameEvent;notificationRadius()I as record getter for notificationRadiusI
Demoting record getter net/minecraft/world/level/gamerules/GameRuleCategory;getDescriptionId()Lnet/minecraft/resources/Identifier;
Demoting record getter net/minecraft/world/level/levelgen/NoiseGeneratorSettings;disableMobGeneration()Z
Promoting net/minecraft/world/level/levelgen/NoiseGeneratorSettings;disableMobGeneration()Z as record getter for disableMobGenerationZ
Read 11504 (7396) classes.
Populated subclass entries.
Joining MethodEntries...
Joined 20338 MethodEntries (0 unique, 11747 classes).
Joined 168 record fields.
Collecting additional information...
- Done. -
Loading remapping files...
Generating new mappings...
FIELD	net/minecraft/tags/ItemTags	Lnet/minecraft/tags/TagKey;	FROSTBITE_PREFERRED_WEAPONS	field_1_10902
FIELD	net/minecraft/tags/ItemTags	Lnet/minecraft/tags/TagKey;	KNOCKS_BACK_PLAYERS_EVEN_WITH_ZERO_DAMAGE	field_1_10903
FIELD	net/minecraft/tags/ItemTags	Lnet/minecraft/tags/TagKey;	SHEEP_WOOL_DYES	field_1_10904
FIELD	net/minecraft/client/Options	Lnet/minecraft/client/KeyMapping;	keyOtherPlayers	field_1_10905
METHOD	net/minecraft/client/Options	(Lnet/minecraft/client/OptionInstance$Enum;)Lnet/minecraft/client/OptionInstance$ButtonFactory;	lambda$new$72	method_1_11010
FIELD	net/minecraft/client/gui/Gui	Lnet/minecraft/network/chat/Component;	OTHER_PLAYERS_NOT_AVAILABLE	field_1_10906
FIELD	net/minecraft/tags/BiomeTags	Lnet/minecraft/tags/TagKey;	SPAWNS_STRAYS_WITHOUT_POWDER_SNOW	field_1_10907
FIELD	net/minecraft/tags/BlockTags	Lnet/minecraft/tags/TagKey;	DROP_DOWN	field_1_10908
FIELD	net/minecraft/tags/BlockTags	Lnet/minecraft/tags/TagKey;	ICE_CAVE_ORE_REPLACEABLES	field_1_10909
FIELD	net/minecraft/tags/BlockTags	Lnet/minecraft/tags/TagKey;	LARGE_ICICLE_REPLACEABLE	field_1_10910
FIELD	net/minecraft/tags/BlockTags	Lnet/minecraft/tags/TagKey;	MELTS_ICICLE_ABOVE	field_1_10911
FIELD	net/minecraft/tags/BlockTags	Lnet/minecraft/tags/TagKey;	PATHFINDING_AVOID_IN_AIR	field_1_10912
FIELD	net/minecraft/tags/BlockTags	Lnet/minecraft/tags/TagKey;	PATHFINDING_DAMAGE_CAUTIOUS	field_1_10913
FIELD	net/minecraft/tags/BlockTags	Lnet/minecraft/tags/TagKey;	PATHFINDING_DAMAGING	field_1_10914
FIELD	net/minecraft/tags/BlockTags	Lnet/minecraft/tags/TagKey;	PATHFINDING_DROP_DOWN	field_1_10915
FIELD	net/minecraft/tags/BlockTags	Lnet/minecraft/tags/TagKey;	PATHFINDING_LEAVES	field_1_10916
FIELD	net/minecraft/tags/BlockTags	Lnet/minecraft/tags/TagKey;	PATHFINDING_OPEN	field_1_10917
FIELD	net/minecraft/tags/BlockTags	Lnet/minecraft/tags/TagKey;	PATHFINDING_POWDER_SNOW	field_1_10918
FIELD	net/minecraft/tags/BlockTags	Lnet/minecraft/tags/TagKey;	PATHFINDING_RAILS	field_1_10919
FIELD	net/minecraft/tags/BlockTags	Lnet/minecraft/tags/TagKey;	PATHFINDING_STICKY	field_1_10920
METHOD	net/minecraft/world/phys/AABB	(Lnet/minecraft/world/phys/Vec3;DDD)Lnet/minecraft/world/phys/AABB;	ofSize	method_1_11011
FIELD	net/minecraft/client/Minecraft	Lnet/minecraft/server/players/ProfileResolver;	localProfileResolver	field_1_10921
METHOD	net/minecraft/client/Minecraft	()Lnet/minecraft/server/players/ProfileResolver;	localProfileResolver	method_1_11012
FIELD	net/minecraft/world/item/Items	Lnet/minecraft/world/item/Item;	FROSTBITE_SPAWN_EGG	field_1_10922
FIELD	net/minecraft/world/item/Items	Lnet/minecraft/world/item/Item;	ICE_BALL	field_1_10923
FIELD	net/minecraft/world/item/Items	Lnet/minecraft/world/item/Item;	ICE_CRYSTAL	field_1_10924
FIELD	net/minecraft/world/item/Items	Lnet/minecraft/world/item/Item;	ICICLE	field_1_10925
METHOD	net/minecraft/world/level/Level	(Lnet/minecraft/core/BlockPos;Lnet/minecraft/core/Holder;Lnet/minecraft/sounds/SoundSource;FFZ)V	playLocalSound	method_1_11013
METHOD	net/minecraft/world/level/Level	(Lnet/minecraft/world/entity/Entity;Lnet/minecraft/core/Holder;Lnet/minecraft/sounds/SoundSource;FF)V	playLocalSound	method_1_11014
FIELD	net/minecraft/references/ItemIds	Lnet/minecraft/resources/ResourceKey;	FROSTBITE_SPAWN_EGG	field_1_10926
FIELD	net/minecraft/references/ItemIds	Lnet/minecraft/resources/ResourceKey;	ICE_BALL	field_1_10927
FIELD	net/minecraft/sounds/SoundEvents	Lnet/minecraft/sounds/SoundEvent;	APPLY_EFFECT_FREEZING	field_1_10928
FIELD	net/minecraft/sounds/SoundEvents	Lnet/minecraft/sounds/SoundEvent;	FROSTBITE_AMBIENT	field_1_10929
FIELD	net/minecraft/sounds/SoundEvents	Lnet/minecraft/sounds/SoundEvent;	FROSTBITE_CONVERTED_TO_ZOMBIE	field_1_10930
FIELD	net/minecraft/sounds/SoundEvents	Lnet/minecraft/sounds/SoundEvent;	FROSTBITE_DEATH	field_1_10931
FIELD	net/minecraft/sounds/SoundEvents	Lnet/minecraft/sounds/SoundEvent;	FROSTBITE_HURT	field_1_10932
FIELD	net/minecraft/sounds/SoundEvents	Lnet/minecraft/sounds/SoundEvent;	FROSTBITE_STEP	field_1_10933
FIELD	net/minecraft/sounds/SoundEvents	Lnet/minecraft/sounds/SoundEvent;	ICE_BALL_BREAK	field_1_10934
FIELD	net/minecraft/sounds/SoundEvents	Lnet/minecraft/sounds/SoundEvent;	ICE_BALL_THROW	field_1_10935
FIELD	net/minecraft/sounds/SoundEvents	Lnet/minecraft/core/Holder;	ICE_BREAK	field_1_10936
FIELD	net/minecraft/sounds/SoundEvents	Lnet/minecraft/core/Holder;	ICE_CRYSTAL_BREAK	field_1_10937
FIELD	net/minecraft/sounds/SoundEvents	Lnet/minecraft/core/Holder;	ICE_CRYSTAL_FALL	field_1_10938
FIELD	net/minecraft/sounds/SoundEvents	Lnet/minecraft/core/Holder;	ICE_CRYSTAL_HIT	field_1_10939
FIELD	net/minecraft/sounds/SoundEvents	Lnet/minecraft/core/Holder;	ICE_CRYSTAL_PLACE	field_1_10940
FIELD	net/minecraft/sounds/SoundEvents	Lnet/minecraft/core/Holder;	ICE_CRYSTAL_STEP	field_1_10941
FIELD	net/minecraft/sounds/SoundEvents	Lnet/minecraft/core/Holder;	ICE_FALL	field_1_10942
FIELD	net/minecraft/sounds/SoundEvents	Lnet/minecraft/core/Holder;	ICE_HIT	field_1_10943
FIELD	net/minecraft/sounds/SoundEvents	Lnet/minecraft/core/Holder;	ICE_PLACE	field_1_10944
FIELD	net/minecraft/sounds/SoundEvents	Lnet/minecraft/core/Holder;	ICE_STEP	field_1_10945
FIELD	net/minecraft/sounds/SoundEvents	Lnet/minecraft/core/Holder;	ICICLE_BREAK	field_1_10946
FIELD	net/minecraft/sounds/SoundEvents	Lnet/minecraft/core/Holder;	ICICLE_FALL	field_1_10947
FIELD	net/minecraft/sounds/SoundEvents	Lnet/minecraft/core/Holder;	ICICLE_HIT	field_1_10948
FIELD	net/minecraft/sounds/SoundEvents	Lnet/minecraft/core/Holder;	ICICLE_LAND	field_1_10949
FIELD	net/minecraft/sounds/SoundEvents	Lnet/minecraft/core/Holder;	ICICLE_PLACE	field_1_10950
FIELD	net/minecraft/sounds/SoundEvents	Lnet/minecraft/core/Holder;	ICICLE_STEP	field_1_10951
FIELD	net/minecraft/sounds/SoundEvents	Lnet/minecraft/sounds/SoundEvent;	ZOMBIE_CONVERTED_TO_FROSTBITE	field_1_10952
METHOD	net/minecraft/world/entity/Entity	(I)V	freezeForTicks	method_1_11015
METHOD	net/minecraft/world/entity/Entity	(Lnet/minecraft/world/level/block/sounds/BlockSoundSet;Lnet/minecraft/core/Holder;)V	lambda$playCombinationStepSounds$0	method_1_11016
METHOD	net/minecraft/world/entity/Entity	(Lnet/minecraft/world/level/block/sounds/BlockSoundSet;Lnet/minecraft/core/Holder;)V	lambda$playMuffledStepSound$0	method_1_11017
METHOD	net/minecraft/world/entity/Entity	(Lnet/minecraft/world/level/block/sounds/BlockSoundSet;Lnet/minecraft/core/Holder;)V	lambda$playStepSound$0	method_1_11018
METHOD	net/minecraft/world/entity/Entity	(Lnet/minecraft/core/Holder;FF)V	playSound	method_1_11019
FIELD	com/mojang/blaze3d/platform/Window	Z	needsBorderlessFullscreenPadding	field_1_10953
CLASS	com/mojang/renderpearl/util/dx/IID	class_1_1728
FIELD	com/mojang/renderpearl/util/dx/IID	Z	$assertionsDisabled	field_1_10954
FIELD	com/mojang/renderpearl/util/dx/IID	Lcom/mojang/renderpearl/util/dx/IID;	ID3D12ApplicationIdentity	field_1_10955
FIELD	com/mojang/renderpearl/util/dx/IID	Lcom/mojang/renderpearl/util/dx/IID;	ID3D12CommandAllocator	field_1_10956
FIELD	com/mojang/renderpearl/util/dx/IID	Lcom/mojang/renderpearl/util/dx/IID;	ID3D12CommandList	field_1_10957
FIELD	com/mojang/renderpearl/util/dx/IID	Lcom/mojang/renderpearl/util/dx/IID;	ID3D12CommandQueue1	field_1_10958
FIELD	com/mojang/renderpearl/util/dx/IID	Lcom/mojang/renderpearl/util/dx/IID;	ID3D12CommandQueue	field_1_10959
FIELD	com/mojang/renderpearl/util/dx/IID	Lcom/mojang/renderpearl/util/dx/IID;	ID3D12CommandSignature	field_1_10960
FIELD	com/mojang/renderpearl/util/dx/IID	Lcom/mojang/renderpearl/util/dx/IID;	ID3D12DSRDeviceFactory	field_1_10961
FIELD	com/mojang/renderpearl/util/dx/IID	Lcom/mojang/renderpearl/util/dx/IID;	ID3D12Debug1	field_1_10962
FIELD	com/mojang/renderpearl/util/dx/IID	Lcom/mojang/renderpearl/util/dx/IID;	ID3D12Debug2	field_1_10963
FIELD	com/mojang/renderpearl/util/dx/IID	Lcom/mojang/renderpearl/util/dx/IID;	ID3D12Debug3	field_1_10964
FIELD	com/mojang/renderpearl/util/dx/IID	Lcom/mojang/renderpearl/util/dx/IID;	ID3D12Debug4	field_1_10965
FIELD	com/mojang/renderpearl/util/dx/IID	Lcom/mojang/renderpearl/util/dx/IID;	ID3D12Debug5	field_1_10966
FIELD	com/mojang/renderpearl/util/dx/IID	Lcom/mojang/renderpearl/util/dx/IID;	ID3D12Debug6	field_1_10967
FIELD	com/mojang/renderpearl/util/dx/IID	Lcom/mojang/renderpearl/util/dx/IID;	ID3D12DebugCommandList1	field_1_10968
FIELD	com/mojang/renderpearl/util/dx/IID	Lcom/mojang/renderpearl/util/dx/IID;	ID3D12DebugCommandList2	field_1_10969
FIELD	com/mojang/renderpearl/util/dx/IID	Lcom/mojang/renderpearl/util/dx/IID;	ID3D12DebugCommandList3	field_1_10970
FIELD	com/mojang/renderpearl/util/dx/IID	Lcom/mojang/renderpearl/util/dx/IID;	ID3D12DebugCommandList	field_1_10971
FIELD	com/mojang/renderpearl/util/dx/IID	Lcom/mojang/renderpearl/util/dx/IID;	ID3D12DebugCommandQueue1	field_1_10972
FIELD	com/mojang/renderpearl/util/dx/IID	Lcom/mojang/renderpearl/util/dx/IID;	ID3D12DebugCommandQueue	field_1_10973
FIELD	com/mojang/renderpearl/util/dx/IID	Lcom/mojang/renderpearl/util/dx/IID;	ID3D12DebugDevice1	field_1_10974
FIELD	com/mojang/renderpearl/util/dx/IID	Lcom/mojang/renderpearl/util/dx/IID;	ID3D12DebugDevice2	field_1_10975
FIELD	com/mojang/renderpearl/util/dx/IID	Lcom/mojang/renderpearl/util/dx/IID;	ID3D12DebugDevice	field_1_10976
FIELD	com/mojang/renderpearl/util/dx/IID	Lcom/mojang/renderpearl/util/dx/IID;	ID3D12Debug	field_1_10977
FIELD	com/mojang/renderpearl/util/dx/IID	Lcom/mojang/renderpearl/util/dx/IID;	ID3D12DescriptorHeap	field_1_10978
FIELD	com/mojang/renderpearl/util/dx/IID	Lcom/mojang/renderpearl/util/dx/IID;	ID3D12Device10	field_1_10979
FIELD	com/mojang/renderpearl/util/dx/IID	Lcom/mojang/renderpearl/util/dx/IID;	ID3D12Device11	field_1_10980
FIELD	com/mojang/renderpearl/util/dx/IID	Lcom/mojang/renderpearl/util/dx/IID;	ID3D12Device12	field_1_10981
FIELD	com/mojang/renderpearl/util/dx/IID	Lcom/mojang/renderpearl/util/dx/IID;	ID3D12Device13	field_1_10982
FIELD	com/mojang/renderpearl/util/dx/IID	Lcom/mojang/renderpearl/util/dx/IID;	ID3D12Device14	field_1_10983
FIELD	com/mojang/renderpearl/util/dx/IID	Lcom/mojang/renderpearl/util/dx/IID;	ID3D12Device15	field_1_10984
FIELD	com/mojang/renderpearl/util/dx/IID	Lcom/mojang/renderpearl/util/dx/IID;	ID3D12Device1	field_1_10985
FIELD	com/mojang/renderpearl/util/dx/IID	Lcom/mojang/renderpearl/util/dx/IID;	ID3D12Device2	field_1_10986
FIELD	com/mojang/renderpearl/util/dx/IID	Lcom/mojang/renderpearl/util/dx/IID;	ID3D12Device3	field_1_10987
FIELD	com/mojang/renderpearl/util/dx/IID	Lcom/mojang/renderpearl/util/dx/IID;	ID3D12Device4	field_1_10988
FIELD	com/mojang/renderpearl/util/dx/IID	Lcom/mojang/renderpearl/util/dx/IID;	ID3D12Device5	field_1_10989
FIELD	com/mojang/renderpearl/util/dx/IID	Lcom/mojang/renderpearl/util/dx/IID;	ID3D12Device6	field_1_10990
FIELD	com/mojang/renderpearl/util/dx/IID	Lcom/mojang/renderpearl/util/dx/IID;	ID3D12Device7	field_1_10991
FIELD	com/mojang/renderpearl/util/dx/IID	Lcom/mojang/renderpearl/util/dx/IID;	ID3D12Device8	field_1_10992
FIELD	com/mojang/renderpearl/util/dx/IID	Lcom/mojang/renderpearl/util/dx/IID;	ID3D12Device9	field_1_10993
FIELD	com/mojang/renderpearl/util/dx/IID	Lcom/mojang/renderpearl/util/dx/IID;	ID3D12DeviceChild	field_1_10994
FIELD	com/mojang/renderpearl/util/dx/IID	Lcom/mojang/renderpearl/util/dx/IID;	ID3D12DeviceConfiguration1	field_1_10995
FIELD	com/mojang/renderpearl/util/dx/IID	Lcom/mojang/renderpearl/util/dx/IID;	ID3D12DeviceConfiguration	field_1_10996
FIELD	com/mojang/renderpearl/util/dx/IID	Lcom/mojang/renderpearl/util/dx/IID;	ID3D12DeviceFactory	field_1_10997
FIELD	com/mojang/renderpearl/util/dx/IID	Lcom/mojang/renderpearl/util/dx/IID;	ID3D12Device	field_1_10998
FIELD	com/mojang/renderpearl/util/dx/IID	Lcom/mojang/renderpearl/util/dx/IID;	ID3D12DeviceRemovedExtendedData1	field_1_10999
FIELD	com/mojang/renderpearl/util/dx/IID	Lcom/mojang/renderpearl/util/dx/IID;	ID3D12DeviceRemovedExtendedData2	field_1_11000
FIELD	com/mojang/renderpearl/util/dx/IID	Lcom/mojang/renderpearl/util/dx/IID;	ID3D12DeviceRemovedExtendedData	field_1_11001
FIELD	com/mojang/renderpearl/util/dx/IID	Lcom/mojang/renderpearl/util/dx/IID;	ID3D12DeviceRemovedExtendedDataSettings1	field_1_11002
FIELD	com/mojang/renderpearl/util/dx/IID	Lcom/mojang/renderpearl/util/dx/IID;	ID3D12DeviceRemovedExtendedDataSettings2	field_1_11003
FIELD	com/mojang/renderpearl/util/dx/IID	Lcom/mojang/renderpearl/util/dx/IID;	ID3D12DeviceRemovedExtendedDataSettings	field_1_11004
FIELD	com/mojang/renderpearl/util/dx/IID	Lcom/mojang/renderpearl/util/dx/IID;	ID3D12DeviceStatistics	field_1_11005
FIELD	com/mojang/renderpearl/util/dx/IID	Lcom/mojang/renderpearl/util/dx/IID;	ID3D12DeviceTools1	field_1_11006
FIELD	com/mojang/renderpearl/util/dx/IID	Lcom/mojang/renderpearl/util/dx/IID;	ID3D12DeviceTools	field_1_11007
FIELD	com/mojang/renderpearl/util/dx/IID	Lcom/mojang/renderpearl/util/dx/IID;	ID3D12Fence1	field_1_11008
FIELD	com/mojang/renderpearl/util/dx/IID	Lcom/mojang/renderpearl/util/dx/IID;	ID3D12Fence	field_1_11009
FIELD	com/mojang/renderpearl/util/dx/IID	Lcom/mojang/renderpearl/util/dx/IID;	ID3D12GBVDiagnostics	field_1_11010
FIELD	com/mojang/renderpearl/util/dx/IID	Lcom/mojang/renderpearl/util/dx/IID;	ID3D12GraphicsCommandList10	field_1_11011
FIELD	com/mojang/renderpearl/util/dx/IID	Lcom/mojang/renderpearl/util/dx/IID;	ID3D12GraphicsCommandList1	field_1_11012
FIELD	com/mojang/renderpearl/util/dx/IID	Lcom/mojang/renderpearl/util/dx/IID;	ID3D12GraphicsCommandList2	field_1_11013
FIELD	com/mojang/renderpearl/util/dx/IID	Lcom/mojang/renderpearl/util/dx/IID;	ID3D12GraphicsCommandList3	field_1_11014
FIELD	com/mojang/renderpearl/util/dx/IID	Lcom/mojang/renderpearl/util/dx/IID;	ID3D12GraphicsCommandList4	field_1_11015
FIELD	com/mojang/renderpearl/util/dx/IID	Lcom/mojang/renderpearl/util/dx/IID;	ID3D12GraphicsCommandList5	field_1_11016
FIELD	com/mojang/renderpearl/util/dx/IID	Lcom/mojang/renderpearl/util/dx/IID;	ID3D12GraphicsCommandList6	field_1_11017
FIELD	com/mojang/renderpearl/util/dx/IID	Lcom/mojang/renderpearl/util/dx/IID;	ID3D12GraphicsCommandList7	field_1_11018
FIELD	com/mojang/renderpearl/util/dx/IID	Lcom/mojang/renderpearl/util/dx/IID;	ID3D12GraphicsCommandList8	field_1_11019
FIELD	com/mojang/renderpearl/util/dx/IID	Lcom/mojang/renderpearl/util/dx/IID;	ID3D12GraphicsCommandList9	field_1_11020
FIELD	com/mojang/renderpearl/util/dx/IID	Lcom/mojang/renderpearl/util/dx/IID;	ID3D12GraphicsCommandList	field_1_11021
FIELD	com/mojang/renderpearl/util/dx/IID	Lcom/mojang/renderpearl/util/dx/IID;	ID3D12Heap1	field_1_11022
FIELD	com/mojang/renderpearl/util/dx/IID	Lcom/mojang/renderpearl/util/dx/IID;	ID3D12Heap	field_1_11023
FIELD	com/mojang/renderpearl/util/dx/IID	Lcom/mojang/renderpearl/util/dx/IID;	ID3D12InfoQueue1	field_1_11024
FIELD	com/mojang/renderpearl/util/dx/IID	Lcom/mojang/renderpearl/util/dx/IID;	ID3D12InfoQueue	field_1_11025
FIELD	com/mojang/renderpearl/util/dx/IID	Lcom/mojang/renderpearl/util/dx/IID;	ID3D12LifetimeOwner	field_1_11026
FIELD	com/mojang/renderpearl/util/dx/IID	Lcom/mojang/renderpearl/util/dx/IID;	ID3D12LifetimeTracker	field_1_11027
FIELD	com/mojang/renderpearl/util/dx/IID	Lcom/mojang/renderpearl/util/dx/IID;	ID3D12ManualWriteTrackingResource	field_1_11028
FIELD	com/mojang/renderpearl/util/dx/IID	Lcom/mojang/renderpearl/util/dx/IID;	ID3D12MetaCommand	field_1_11029
FIELD	com/mojang/renderpearl/util/dx/IID	Lcom/mojang/renderpearl/util/dx/IID;	ID3D12Object	field_1_11030
FIELD	com/mojang/renderpearl/util/dx/IID	Lcom/mojang/renderpearl/util/dx/IID;	ID3D12Pageable	field_1_11031
FIELD	com/mojang/renderpearl/util/dx/IID	Lcom/mojang/renderpearl/util/dx/IID;	ID3D12PageableTools	field_1_11032
FIELD	com/mojang/renderpearl/util/dx/IID	Lcom/mojang/renderpearl/util/dx/IID;	ID3D12PipelineLibrary1	field_1_11033
FIELD	com/mojang/renderpearl/util/dx/IID	Lcom/mojang/renderpearl/util/dx/IID;	ID3D12PipelineLibrary	field_1_11034
FIELD	com/mojang/renderpearl/util/dx/IID	Lcom/mojang/renderpearl/util/dx/IID;	ID3D12PipelineState1	field_1_11035
FIELD	com/mojang/renderpearl/util/dx/IID	Lcom/mojang/renderpearl/util/dx/IID;	ID3D12PipelineState	field_1_11036
FIELD	com/mojang/renderpearl/util/dx/IID	Lcom/mojang/renderpearl/util/dx/IID;	ID3D12ProtectedResourceSession1	field_1_11037
FIELD	com/mojang/renderpearl/util/dx/IID	Lcom/mojang/renderpearl/util/dx/IID;	ID3D12ProtectedResourceSession	field_1_11038
FIELD	com/mojang/renderpearl/util/dx/IID	Lcom/mojang/renderpearl/util/dx/IID;	ID3D12ProtectedSession	field_1_11039
FIELD	com/mojang/renderpearl/util/dx/IID	Lcom/mojang/renderpearl/util/dx/IID;	ID3D12QueryHeap	field_1_11040
FIELD	com/mojang/renderpearl/util/dx/IID	Lcom/mojang/renderpearl/util/dx/IID;	ID3D12Resource1	field_1_11041
FIELD	com/mojang/renderpearl/util/dx/IID	Lcom/mojang/renderpearl/util/dx/IID;	ID3D12Resource2	field_1_11042
FIELD	com/mojang/renderpearl/util/dx/IID	Lcom/mojang/renderpearl/util/dx/IID;	ID3D12Resource	field_1_11043
FIELD	com/mojang/renderpearl/util/dx/IID	Lcom/mojang/renderpearl/util/dx/IID;	ID3D12RootSignature1	field_1_11044
FIELD	com/mojang/renderpearl/util/dx/IID	Lcom/mojang/renderpearl/util/dx/IID;	ID3D12RootSignatureDeserializer	field_1_11045
FIELD	com/mojang/renderpearl/util/dx/IID	Lcom/mojang/renderpearl/util/dx/IID;	ID3D12RootSignature	field_1_11046
FIELD	com/mojang/renderpearl/util/dx/IID	Lcom/mojang/renderpearl/util/dx/IID;	ID3D12RuntimeValidationControl	field_1_11047
FIELD	com/mojang/renderpearl/util/dx/IID	Lcom/mojang/renderpearl/util/dx/IID;	ID3D12SDKConfiguration1	field_1_11048
FIELD	com/mojang/renderpearl/util/dx/IID	Lcom/mojang/renderpearl/util/dx/IID;	ID3D12SDKConfiguration	field_1_11049
FIELD	com/mojang/renderpearl/util/dx/IID	Lcom/mojang/renderpearl/util/dx/IID;	ID3D12ShaderCacheSession	field_1_11050
FIELD	com/mojang/renderpearl/util/dx/IID	Lcom/mojang/renderpearl/util/dx/IID;	ID3D12SharingContract	field_1_11051
FIELD	com/mojang/renderpearl/util/dx/IID	Lcom/mojang/renderpearl/util/dx/IID;	ID3D12StateObjectDatabaseFactory	field_1_11052
FIELD	com/mojang/renderpearl/util/dx/IID	Lcom/mojang/renderpearl/util/dx/IID;	ID3D12StateObjectDatabase	field_1_11053
FIELD	com/mojang/renderpearl/util/dx/IID	Lcom/mojang/renderpearl/util/dx/IID;	ID3D12StateObject	field_1_11054
FIELD	com/mojang/renderpearl/util/dx/IID	Lcom/mojang/renderpearl/util/dx/IID;	ID3D12StateObjectProperties1	field_1_11055
FIELD	com/mojang/renderpearl/util/dx/IID	Lcom/mojang/renderpearl/util/dx/IID;	ID3D12StateObjectProperties2	field_1_11056
FIELD	com/mojang/renderpearl/util/dx/IID	Lcom/mojang/renderpearl/util/dx/IID;	ID3D12StateObjectProperties	field_1_11057
FIELD	com/mojang/renderpearl/util/dx/IID	Lcom/mojang/renderpearl/util/dx/IID;	ID3D12SwapChainAssistant	field_1_11058
FIELD	com/mojang/renderpearl/util/dx/IID	Lcom/mojang/renderpearl/util/dx/IID;	ID3D12Tools1	field_1_11059
FIELD	com/mojang/renderpearl/util/dx/IID	Lcom/mojang/renderpearl/util/dx/IID;	ID3D12Tools2	field_1_11060
FIELD	com/mojang/renderpearl/util/dx/IID	Lcom/mojang/renderpearl/util/dx/IID;	ID3D12Tools	field_1_11061
FIELD	com/mojang/renderpearl/util/dx/IID	Lcom/mojang/renderpearl/util/dx/IID;	ID3D12VersionedRootSignatureDeserializer	field_1_11062
FIELD	com/mojang/renderpearl/util/dx/IID	Lcom/mojang/renderpearl/util/dx/IID;	ID3D12VirtualizationGuestDevice	field_1_11063
FIELD	com/mojang/renderpearl/util/dx/IID	Lcom/mojang/renderpearl/util/dx/IID;	ID3D12WorkGraphProperties	field_1_11064
FIELD	com/mojang/renderpearl/util/dx/IID	Lcom/mojang/renderpearl/util/dx/IID;	IDXGIAdapter1	field_1_11065
FIELD	com/mojang/renderpearl/util/dx/IID	Lcom/mojang/renderpearl/util/dx/IID;	IDXGIAdapter2	field_1_11066
FIELD	com/mojang/renderpearl/util/dx/IID	Lcom/mojang/renderpearl/util/dx/IID;	IDXGIAdapter3	field_1_11067
FIELD	com/mojang/renderpearl/util/dx/IID	Lcom/mojang/renderpearl/util/dx/IID;	IDXGIAdapter4	field_1_11068
FIELD	com/mojang/renderpearl/util/dx/IID	Lcom/mojang/renderpearl/util/dx/IID;	IDXGIAdapter	field_1_11069
FIELD	com/mojang/renderpearl/util/dx/IID	Lcom/mojang/renderpearl/util/dx/IID;	IDXGIDecodeSwapChain	field_1_11070
FIELD	com/mojang/renderpearl/util/dx/IID	Lcom/mojang/renderpearl/util/dx/IID;	IDXGIDevice1	field_1_11071
FIELD	com/mojang/renderpearl/util/dx/IID	Lcom/mojang/renderpearl/util/dx/IID;	IDXGIDevice2	field_1_11072
FIELD	com/mojang/renderpearl/util/dx/IID	Lcom/mojang/renderpearl/util/dx/IID;	IDXGIDevice3	field_1_11073
FIELD	com/mojang/renderpearl/util/dx/IID	Lcom/mojang/renderpearl/util/dx/IID;	IDXGIDevice4	field_1_11074
FIELD	com/mojang/renderpearl/util/dx/IID	Lcom/mojang/renderpearl/util/dx/IID;	IDXGIDevice	field_1_11075
FIELD	com/mojang/renderpearl/util/dx/IID	Lcom/mojang/renderpearl/util/dx/IID;	IDXGIDeviceSubObject	field_1_11076
FIELD	com/mojang/renderpearl/util/dx/IID	Lcom/mojang/renderpearl/util/dx/IID;	IDXGIDisplayControl	field_1_11077
FIELD	com/mojang/renderpearl/util/dx/IID	Lcom/mojang/renderpearl/util/dx/IID;	IDXGIFactory1	field_1_11078
FIELD	com/mojang/renderpearl/util/dx/IID	Lcom/mojang/renderpearl/util/dx/IID;	IDXGIFactory2	field_1_11079
FIELD	com/mojang/renderpearl/util/dx/IID	Lcom/mojang/renderpearl/util/dx/IID;	IDXGIFactory3	field_1_11080
FIELD	com/mojang/renderpearl/util/dx/IID	Lcom/mojang/renderpearl/util/dx/IID;	IDXGIFactory4	field_1_11081
FIELD	com/mojang/renderpearl/util/dx/IID	Lcom/mojang/renderpearl/util/dx/IID;	IDXGIFactory5	field_1_11082
FIELD	com/mojang/renderpearl/util/dx/IID	Lcom/mojang/renderpearl/util/dx/IID;	IDXGIFactory6	field_1_11083
FIELD	com/mojang/renderpearl/util/dx/IID	Lcom/mojang/renderpearl/util/dx/IID;	IDXGIFactory7	field_1_11084
FIELD	com/mojang/renderpearl/util/dx/IID	Lcom/mojang/renderpearl/util/dx/IID;	IDXGIFactory	field_1_11085
FIELD	com/mojang/renderpearl/util/dx/IID	Lcom/mojang/renderpearl/util/dx/IID;	IDXGIFactoryMedia	field_1_11086
FIELD	com/mojang/renderpearl/util/dx/IID	Lcom/mojang/renderpearl/util/dx/IID;	IDXGIKeyedMutex	field_1_11087
FIELD	com/mojang/renderpearl/util/dx/IID	Lcom/mojang/renderpearl/util/dx/IID;	IDXGIObject	field_1_11088
FIELD	com/mojang/renderpearl/util/dx/IID	Lcom/mojang/renderpearl/util/dx/IID;	IDXGIOutput1	field_1_11089
FIELD	com/mojang/renderpearl/util/dx/IID	Lcom/mojang/renderpearl/util/dx/IID;	IDXGIOutput2	field_1_11090
FIELD	com/mojang/renderpearl/util/dx/IID	Lcom/mojang/renderpearl/util/dx/IID;	IDXGIOutput3	field_1_11091
FIELD	com/mojang/renderpearl/util/dx/IID	Lcom/mojang/renderpearl/util/dx/IID;	IDXGIOutput4	field_1_11092
FIELD	com/mojang/renderpearl/util/dx/IID	Lcom/mojang/renderpearl/util/dx/IID;	IDXGIOutput5	field_1_11093
FIELD	com/mojang/renderpearl/util/dx/IID	Lcom/mojang/renderpearl/util/dx/IID;	IDXGIOutput6	field_1_11094
FIELD	com/mojang/renderpearl/util/dx/IID	Lcom/mojang/renderpearl/util/dx/IID;	IDXGIOutputDuplication	field_1_11095
FIELD	com/mojang/renderpearl/util/dx/IID	Lcom/mojang/renderpearl/util/dx/IID;	IDXGIOutput	field_1_11096
FIELD	com/mojang/renderpearl/util/dx/IID	Lcom/mojang/renderpearl/util/dx/IID;	IDXGIResource1	field_1_11097
FIELD	com/mojang/renderpearl/util/dx/IID	Lcom/mojang/renderpearl/util/dx/IID;	IDXGIResource	field_1_11098
FIELD	com/mojang/renderpearl/util/dx/IID	Lcom/mojang/renderpearl/util/dx/IID;	IDXGISurface1	field_1_11099
FIELD	com/mojang/renderpearl/util/dx/IID	Lcom/mojang/renderpearl/util/dx/IID;	IDXGISurface2	field_1_11100
FIELD	com/mojang/renderpearl/util/dx/IID	Lcom/mojang/renderpearl/util/dx/IID;	IDXGISurface	field_1_11101
FIELD	com/mojang/renderpearl/util/dx/IID	Lcom/mojang/renderpearl/util/dx/IID;	IDXGISwapChain1	field_1_11102
FIELD	com/mojang/renderpearl/util/dx/IID	Lcom/mojang/renderpearl/util/dx/IID;	IDXGISwapChain2	field_1_11103
FIELD	com/mojang/renderpearl/util/dx/IID	Lcom/mojang/renderpearl/util/dx/IID;	IDXGISwapChain3	field_1_11104
FIELD	com/mojang/renderpearl/util/dx/IID	Lcom/mojang/renderpearl/util/dx/IID;	IDXGISwapChain4	field_1_11105
FIELD	com/mojang/renderpearl/util/dx/IID	Lcom/mojang/renderpearl/util/dx/IID;	IDXGISwapChain	field_1_11106
FIELD	com/mojang/renderpearl/util/dx/IID	Lcom/mojang/renderpearl/util/dx/IID;	IDXGISwapChainMedia	field_1_11107
FIELD	com/mojang/renderpearl/util/dx/IID	J	first8Bytes	comp_1_1937
FIELD	com/mojang/renderpearl/util/dx/IID	J	second8Bytes	comp_1_1938
METHOD	com/mojang/renderpearl/util/dx/IID	(Ljava/lang/foreign/Arena;)Ljava/lang/foreign/MemorySegment;	allocate	method_1_11020
METHOD	com/mojang/renderpearl/util/dx/IID	(I)V	checkByte	method_1_11021
METHOD	com/mojang/renderpearl/util/dx/IID	(I)V	checkShort	method_1_11022
METHOD	com/mojang/renderpearl/util/dx/IID	(Ljava/lang/foreign/MemorySegment;)V	write	method_1_11023
FIELD	net/minecraft/client/OptionInstance$AltEnum	Ljava/util/function/Function;	buttonFactoryFunction	comp_1_1939
CLASS	net/minecraft/client/OptionInstance$ButtonFactory	class_1_1729
METHOD	net/minecraft/client/OptionInstance$ButtonFactory	(Lnet/minecraft/client/OptionInstance;Lnet/minecraft/client/OptionInstance$TooltipSupplier;Lnet/minecraft/client/Options;IIILnet/minecraft/client/OptionInstance$ValueUpdateListener;)Lnet/minecraft/client/gui/components/AbstractWidget;	createButton	method_1_11024
METHOD	net/minecraft/client/OptionInstance$ButtonFactory	(Lnet/minecraft/client/OptionInstance$CycleableValueSet;Ljava/util/function/Function;)Lnet/minecraft/client/OptionInstance$ButtonFactory;	iconCycleButton	method_1_11025
METHOD	net/minecraft/client/OptionInstance$ButtonFactory	(Lnet/minecraft/client/OptionInstance$CycleableValueSet;Ljava/util/function/Function;Lnet/minecraft/client/OptionInstance;Lnet/minecraft/client/OptionInstance$TooltipSupplier;Lnet/minecraft/client/Options;IIILnet/minecraft/client/OptionInstance$ValueUpdateListener;)Lnet/minecraft/client/gui/components/AbstractWidget;	lambda$iconCycleButton$0	method_1_11026
METHOD	net/minecraft/client/OptionInstance$ButtonFactory	(Lnet/minecraft/client/OptionInstance;Lnet/minecraft/client/Options;Lnet/minecraft/client/OptionInstance$ValueUpdateListener;Lnet/minecraft/client/gui/components/AbstractCycleButton;Ljava/lang/Object;)V	lambda$iconCycleButton$1	method_1_11027
METHOD	net/minecraft/client/OptionInstance$ButtonFactory	(Lnet/minecraft/client/OptionInstance$SliderableValueSet;ZLnet/minecraft/client/OptionInstance;Lnet/minecraft/client/OptionInstance$TooltipSupplier;Lnet/minecraft/client/Options;IIILnet/minecraft/client/OptionInstance$ValueUpdateListener;)Lnet/minecraft/client/gui/components/AbstractWidget;	lambda$slider$0	method_1_11028
METHOD	net/minecraft/client/OptionInstance$ButtonFactory	(Lnet/minecraft/client/OptionInstance$CycleableValueSet;Lnet/minecraft/client/OptionInstance;Lnet/minecraft/client/OptionInstance$TooltipSupplier;Lnet/minecraft/client/Options;IIILnet/minecraft/client/OptionInstance$ValueUpdateListener;)Lnet/minecraft/client/gui/components/AbstractWidget;	lambda$textCycleButton$0	method_1_11029
METHOD	net/minecraft/client/OptionInstance$ButtonFactory	(Lnet/minecraft/client/OptionInstance;Lnet/minecraft/client/Options;Lnet/minecraft/client/OptionInstance$ValueUpdateListener;Lnet/minecraft/client/gui/components/AbstractCycleButton;Ljava/lang/Object;)V	lambda$textCycleButton$1	method_1_11030
METHOD	net/minecraft/client/OptionInstance$ButtonFactory	(Lnet/minecraft/client/OptionInstance$SliderableValueSet;Z)Lnet/minecraft/client/OptionInstance$ButtonFactory;	slider	method_1_11031
METHOD	net/minecraft/client/OptionInstance$ButtonFactory	(Lnet/minecraft/client/OptionInstance$CycleableValueSet;)Lnet/minecraft/client/OptionInstance$ButtonFactory;	textCycleButton	method_1_11032
FIELD	net/minecraft/client/OptionInstance$Enum	Ljava/util/function/Function;	buttonFactoryFunction	comp_1_1940
FIELD	net/minecraft/client/OptionInstance$LazyEnum	Ljava/util/function/Function;	buttonFactoryFunction	comp_1_1941
METHOD	net/minecraft/client/OptionInstance$ValueSet	()Lnet/minecraft/client/OptionInstance$ButtonFactory;	buttonFactory	method_1_11033
FIELD	net/minecraft/client/PresenceSharing	Lnet/minecraft/client/gui/components/ScaledWidgetSprites;	sprites	field_1_11108
METHOD	net/minecraft/client/PresenceSharing	()Lnet/minecraft/client/gui/components/ScaledWidgetSprites;	getSprites	method_1_11034
CLASS	net/minecraft/tags/BlockSoundSetTags	class_1_1730
FIELD	net/minecraft/tags/BlockSoundSetTags	Lnet/minecraft/tags/TagKey;	SOUNDS_WOODEN	field_1_11109
METHOD	net/minecraft/tags/BlockSoundSetTags	(Ljava/lang/String;)Lnet/minecraft/tags/TagKey;	create	method_1_11035
CLASS	net/minecraft/world/item/IceBallItem	class_1_1731
FIELD	net/minecraft/world/item/IceBallItem	F	PROJECTILE_SHOOT_POWER	field_1_11110
FIELD	net/minecraft/references/BlockItemIds	Lnet/minecraft/references/BlockItemId;	ICE_CRYSTAL	field_1_11111
FIELD	net/minecraft/references/BlockItemIds	Lnet/minecraft/references/BlockItemId;	ICICLE	field_1_11112
FIELD	net/minecraft/world/effect/MobEffects	Lnet/minecraft/core/Holder;	FREEZING	field_1_11113
CLASS	com/mojang/renderpearl/util/dx/DXConst	class_1_1732
FIELD	com/mojang/renderpearl/util/dx/DXConst	I	D3D12_COMMAND_LIST_TYPE_BUNDLE	field_1_11114
FIELD	com/mojang/renderpearl/util/dx/DXConst	I	D3D12_COMMAND_LIST_TYPE_COMPUTE	field_1_11115
FIELD	com/mojang/renderpearl/util/dx/DXConst	I	D3D12_COMMAND_LIST_TYPE_COPY	field_1_11116
FIELD	com/mojang/renderpearl/util/dx/DXConst	I	D3D12_COMMAND_LIST_TYPE_DIRECT	field_1_11117
FIELD	com/mojang/renderpearl/util/dx/DXConst	I	D3D12_COMMAND_LIST_TYPE_NONE	field_1_11118
FIELD	com/mojang/renderpearl/util/dx/DXConst	I	D3D12_COMMAND_LIST_TYPE_VIDEO_DECODE	field_1_11119
FIELD	com/mojang/renderpearl/util/dx/DXConst	I	D3D12_COMMAND_LIST_TYPE_VIDEO_ENCODE	field_1_11120
FIELD	com/mojang/renderpearl/util/dx/DXConst	I	D3D12_COMMAND_LIST_TYPE_VIDEO_PROCESS	field_1_11121
FIELD	com/mojang/renderpearl/util/dx/DXConst	I	D3D12_COMMAND_QUEUE_FLAG_DISABLE_GPU_TIMEOUT	field_1_11122
FIELD	com/mojang/renderpearl/util/dx/DXConst	I	D3D12_COMMAND_QUEUE_FLAG_NONE	field_1_11123
FIELD	com/mojang/renderpearl/util/dx/DXConst	I	D3D12_COMMAND_QUEUE_PRIORITY_GLOBAL_REALTIME	field_1_11124
FIELD	com/mojang/renderpearl/util/dx/DXConst	I	D3D12_COMMAND_QUEUE_PRIORITY_HIGH	field_1_11125
FIELD	com/mojang/renderpearl/util/dx/DXConst	I	D3D12_COMMAND_QUEUE_PRIORITY_NORMAL	field_1_11126
FIELD	com/mojang/renderpearl/util/dx/DXConst	I	D3D12_CPU_PAGE_PROPERTY_NOT_AVAILABLE	field_1_11127
FIELD	com/mojang/renderpearl/util/dx/DXConst	I	D3D12_CPU_PAGE_PROPERTY_UNKNOWN	field_1_11128
FIELD	com/mojang/renderpearl/util/dx/DXConst	I	D3D12_CPU_PAGE_PROPERTY_WRITE_BACK	field_1_11129
FIELD	com/mojang/renderpearl/util/dx/DXConst	I	D3D12_CPU_PAGE_PROPERTY_WRITE_COMBINE	field_1_11130
FIELD	com/mojang/renderpearl/util/dx/DXConst	I	D3D12_FENCE_FLAG_NONE	field_1_11131
FIELD	com/mojang/renderpearl/util/dx/DXConst	I	D3D12_FENCE_FLAG_NON_MONITORED	field_1_11132
FIELD	com/mojang/renderpearl/util/dx/DXConst	I	D3D12_FENCE_FLAG_SHARED	field_1_11133
FIELD	com/mojang/renderpearl/util/dx/DXConst	I	D3D12_FENCE_FLAG_SHARED_CROSS_ADAPTER	field_1_11134
FIELD	com/mojang/renderpearl/util/dx/DXConst	I	D3D12_HEAP_FLAG_ALLOW_ALL_BUFFERS_AND_TEXTURES	field_1_11135
FIELD	com/mojang/renderpearl/util/dx/DXConst	I	D3D12_HEAP_FLAG_ALLOW_DISPLAY	field_1_11136
FIELD	com/mojang/renderpearl/util/dx/DXConst	I	D3D12_HEAP_FLAG_ALLOW_ONLY_BUFFERS	field_1_11137
FIELD	com/mojang/renderpearl/util/dx/DXConst	I	D3D12_HEAP_FLAG_ALLOW_ONLY_NON_RT_DS_TEXTURES	field_1_11138
FIELD	com/mojang/renderpearl/util/dx/DXConst	I	D3D12_HEAP_FLAG_ALLOW_ONLY_RT_DS_TEXTURES	field_1_11139
FIELD	com/mojang/renderpearl/util/dx/DXConst	I	D3D12_HEAP_FLAG_ALLOW_SHADER_ATOMICS	field_1_11140
FIELD	com/mojang/renderpearl/util/dx/DXConst	I	D3D12_HEAP_FLAG_ALLOW_WRITE_WATCH	field_1_11141
FIELD	com/mojang/renderpearl/util/dx/DXConst	I	D3D12_HEAP_FLAG_CREATE_NOT_RESIDENT	field_1_11142
FIELD	com/mojang/renderpearl/util/dx/DXConst	I	D3D12_HEAP_FLAG_CREATE_NOT_ZEROED	field_1_11143
FIELD	com/mojang/renderpearl/util/dx/DXConst	I	D3D12_HEAP_FLAG_DENY_BUFFERS	field_1_11144
FIELD	com/mojang/renderpearl/util/dx/DXConst	I	D3D12_HEAP_FLAG_DENY_NON_RT_DS_TEXTURES	field_1_11145
FIELD	com/mojang/renderpearl/util/dx/DXConst	I	D3D12_HEAP_FLAG_DENY_RT_DS_TEXTURES	field_1_11146
FIELD	com/mojang/renderpearl/util/dx/DXConst	I	D3D12_HEAP_FLAG_HARDWARE_PROTECTED	field_1_11147
FIELD	com/mojang/renderpearl/util/dx/DXConst	I	D3D12_HEAP_FLAG_NONE	field_1_11148
FIELD	com/mojang/renderpearl/util/dx/DXConst	I	D3D12_HEAP_FLAG_SHARED	field_1_11149
FIELD	com/mojang/renderpearl/util/dx/DXConst	I	D3D12_HEAP_FLAG_SHARED_CROSS_ADAPTER	field_1_11150
FIELD	com/mojang/renderpearl/util/dx/DXConst	I	D3D12_HEAP_TYPE_CUSTOM	field_1_11151
FIELD	com/mojang/renderpearl/util/dx/DXConst	I	D3D12_HEAP_TYPE_DEFAULT	field_1_11152
FIELD	com/mojang/renderpearl/util/dx/DXConst	I	D3D12_HEAP_TYPE_READBACK	field_1_11153
FIELD	com/mojang/renderpearl/util/dx/DXConst	I	D3D12_HEAP_TYPE_UPLOAD	field_1_11154
FIELD	com/mojang/renderpearl/util/dx/DXConst	I	D3D12_MEMORY_POOL_L0	field_1_11155
FIELD	com/mojang/renderpearl/util/dx/DXConst	I	D3D12_MEMORY_POOL_L1	field_1_11156
FIELD	com/mojang/renderpearl/util/dx/DXConst	I	D3D12_MEMORY_POOL_UNKNOWN	field_1_11157
FIELD	com/mojang/renderpearl/util/dx/DXConst	I	D3D12_RESOURCE_BARRIER_FLAG_BEGIN_ONLY	field_1_11158
FIELD	com/mojang/renderpearl/util/dx/DXConst	I	D3D12_RESOURCE_BARRIER_FLAG_END_ONLY	field_1_11159
FIELD	com/mojang/renderpearl/util/dx/DXConst	I	D3D12_RESOURCE_BARRIER_FLAG_NONE	field_1_11160
FIELD	com/mojang/renderpearl/util/dx/DXConst	I	D3D12_RESOURCE_BARRIER_TYPE_ALIASING	field_1_11161
FIELD	com/mojang/renderpearl/util/dx/DXConst	I	D3D12_RESOURCE_BARRIER_TYPE_TRANSITION	field_1_11162
FIELD	com/mojang/renderpearl/util/dx/DXConst	I	D3D12_RESOURCE_BARRIER_TYPE_UAV	field_1_11163
FIELD	com/mojang/renderpearl/util/dx/DXConst	I	D3D12_RESOURCE_DIMENSION_BUFFER	field_1_11164
FIELD	com/mojang/renderpearl/util/dx/DXConst	I	D3D12_RESOURCE_DIMENSION_TEXTURE1D	field_1_11165
FIELD	com/mojang/renderpearl/util/dx/DXConst	I	D3D12_RESOURCE_DIMENSION_TEXTURE2D	field_1_11166
FIELD	com/mojang/renderpearl/util/dx/DXConst	I	D3D12_RESOURCE_DIMENSION_TEXTURE3D	field_1_11167
FIELD	com/mojang/renderpearl/util/dx/DXConst	I	D3D12_RESOURCE_DIMENSION_UNKNOWN	field_1_11168
FIELD	com/mojang/renderpearl/util/dx/DXConst	I	D3D12_RESOURCE_FLAG_ALLOW_CROSS_ADAPTER	field_1_11169
FIELD	com/mojang/renderpearl/util/dx/DXConst	I	D3D12_RESOURCE_FLAG_ALLOW_DEPTH_STENCIL	field_1_11170
FIELD	com/mojang/renderpearl/util/dx/DXConst	I	D3D12_RESOURCE_FLAG_ALLOW_RENDER_TARGET	field_1_11171
FIELD	com/mojang/renderpearl/util/dx/DXConst	I	D3D12_RESOURCE_FLAG_ALLOW_SIMULTANEOUS_ACCESS	field_1_11172
FIELD	com/mojang/renderpearl/util/dx/DXConst	I	D3D12_RESOURCE_FLAG_ALLOW_UNORDERED_ACCESS	field_1_11173
FIELD	com/mojang/renderpearl/util/dx/DXConst	I	D3D12_RESOURCE_FLAG_DENY_SHADER_RESOURCE	field_1_11174
FIELD	com/mojang/renderpearl/util/dx/DXConst	I	D3D12_RESOURCE_FLAG_NONE	field_1_11175
FIELD	com/mojang/renderpearl/util/dx/DXConst	I	D3D12_RESOURCE_FLAG_RAYTRACING_ACCELERATION_STRUCTURE	field_1_11176
FIELD	com/mojang/renderpearl/util/dx/DXConst	I	D3D12_RESOURCE_FLAG_VIDEO_DECODE_REFERENCE_ONLY	field_1_11177
FIELD	com/mojang/renderpearl/util/dx/DXConst	I	D3D12_RESOURCE_FLAG_VIDEO_ENCODE_REFERENCE_ONLY	field_1_11178
FIELD	com/mojang/renderpearl/util/dx/DXConst	I	D3D12_RESOURCE_STATE_ALL_SHADER_RESOURCE	field_1_11179
FIELD	com/mojang/renderpearl/util/dx/DXConst	I	D3D12_RESOURCE_STATE_COMMON	field_1_11180
FIELD	com/mojang/renderpearl/util/dx/DXConst	I	D3D12_RESOURCE_STATE_COPY_DEST	field_1_11181
FIELD	com/mojang/renderpearl/util/dx/DXConst	I	D3D12_RESOURCE_STATE_COPY_SOURCE	field_1_11182
FIELD	com/mojang/renderpearl/util/dx/DXConst	I	D3D12_RESOURCE_STATE_DEPTH_READ	field_1_11183
FIELD	com/mojang/renderpearl/util/dx/DXConst	I	D3D12_RESOURCE_STATE_DEPTH_WRITE	field_1_11184
FIELD	com/mojang/renderpearl/util/dx/DXConst	I	D3D12_RESOURCE_STATE_GENERIC_READ	field_1_11185
FIELD	com/mojang/renderpearl/util/dx/DXConst	I	D3D12_RESOURCE_STATE_INDEX_BUFFER	field_1_11186
FIELD	com/mojang/renderpearl/util/dx/DXConst	I	D3D12_RESOURCE_STATE_INDIRECT_ARGUMENT	field_1_11187
FIELD	com/mojang/renderpearl/util/dx/DXConst	I	D3D12_RESOURCE_STATE_NON_PIXEL_SHADER_RESOURCE	field_1_11188
FIELD	com/mojang/renderpearl/util/dx/DXConst	I	D3D12_RESOURCE_STATE_PIXEL_SHADER_RESOURCE	field_1_11189
FIELD	com/mojang/renderpearl/util/dx/DXConst	I	D3D12_RESOURCE_STATE_PREDICATION	field_1_11190
FIELD	com/mojang/renderpearl/util/dx/DXConst	I	D3D12_RESOURCE_STATE_PRESENT	field_1_11191
FIELD	com/mojang/renderpearl/util/dx/DXConst	I	D3D12_RESOURCE_STATE_RAYTRACING_ACCELERATION_STRUCTURE	field_1_11192
FIELD	com/mojang/renderpearl/util/dx/DXConst	I	D3D12_RESOURCE_STATE_RENDER_TARGET	field_1_11193
FIELD	com/mojang/renderpearl/util/dx/DXConst	I	D3D12_RESOURCE_STATE_RESOLVE_DEST	field_1_11194
FIELD	com/mojang/renderpearl/util/dx/DXConst	I	D3D12_RESOURCE_STATE_RESOLVE_SOURCE	field_1_11195
FIELD	com/mojang/renderpearl/util/dx/DXConst	I	D3D12_RESOURCE_STATE_SHADING_RATE_SOURCE	field_1_11196
FIELD	com/mojang/renderpearl/util/dx/DXConst	I	D3D12_RESOURCE_STATE_STREAM_OUT	field_1_11197
FIELD	com/mojang/renderpearl/util/dx/DXConst	I	D3D12_RESOURCE_STATE_UNORDERED_ACCESS	field_1_11198
FIELD	com/mojang/renderpearl/util/dx/DXConst	I	D3D12_RESOURCE_STATE_VERTEX_AND_CONSTANT_BUFFER	field_1_11199
FIELD	com/mojang/renderpearl/util/dx/DXConst	I	D3D12_RESOURCE_STATE_VIDEO_DECODE_READ	field_1_11200
FIELD	com/mojang/renderpearl/util/dx/DXConst	I	D3D12_RESOURCE_STATE_VIDEO_DECODE_WRITE	field_1_11201
FIELD	com/mojang/renderpearl/util/dx/DXConst	I	D3D12_RESOURCE_STATE_VIDEO_ENCODE_READ	field_1_11202
FIELD	com/mojang/renderpearl/util/dx/DXConst	I	D3D12_RESOURCE_STATE_VIDEO_ENCODE_WRITE	field_1_11203
FIELD	com/mojang/renderpearl/util/dx/DXConst	I	D3D12_RESOURCE_STATE_VIDEO_PROCESS_READ	field_1_11204
FIELD	com/mojang/renderpearl/util/dx/DXConst	I	D3D12_RESOURCE_STATE_VIDEO_PROCESS_WRITE	field_1_11205
FIELD	com/mojang/renderpearl/util/dx/DXConst	I	D3D12_TEXTURE_LAYOUT_64KB_STANDARD_SWIZZLE	field_1_11206
FIELD	com/mojang/renderpearl/util/dx/DXConst	I	D3D12_TEXTURE_LAYOUT_64KB_UNDEFINED_SWIZZLE	field_1_11207
FIELD	com/mojang/renderpearl/util/dx/DXConst	I	D3D12_TEXTURE_LAYOUT_ROW_MAJOR	field_1_11208
FIELD	com/mojang/renderpearl/util/dx/DXConst	I	D3D12_TEXTURE_LAYOUT_UNKNOWN	field_1_11209
FIELD	com/mojang/renderpearl/util/dx/DXConst	I	D3D_FEATURE_LEVEL_10_0	field_1_11210
FIELD	com/mojang/renderpearl/util/dx/DXConst	I	D3D_FEATURE_LEVEL_10_1	field_1_11211
FIELD	com/mojang/renderpearl/util/dx/DXConst	I	D3D_FEATURE_LEVEL_11_0	field_1_11212
FIELD	com/mojang/renderpearl/util/dx/DXConst	I	D3D_FEATURE_LEVEL_11_1	field_1_11213
FIELD	com/mojang/renderpearl/util/dx/DXConst	I	D3D_FEATURE_LEVEL_12_0	field_1_11214
FIELD	com/mojang/renderpearl/util/dx/DXConst	I	D3D_FEATURE_LEVEL_12_1	field_1_11215
FIELD	com/mojang/renderpearl/util/dx/DXConst	I	D3D_FEATURE_LEVEL_12_2	field_1_11216
FIELD	com/mojang/renderpearl/util/dx/DXConst	I	DXCORE_ERROR_EVENT_NOT_UNREGISTERED	field_1_11217
FIELD	com/mojang/renderpearl/util/dx/DXConst	I	DXGI_ALPHA_MODE_IGNORE	field_1_11218
FIELD	com/mojang/renderpearl/util/dx/DXConst	I	DXGI_ALPHA_MODE_PREMULTIPLIED	field_1_11219
FIELD	com/mojang/renderpearl/util/dx/DXConst	I	DXGI_ALPHA_MODE_STRAIGHT	field_1_11220
FIELD	com/mojang/renderpearl/util/dx/DXConst	I	DXGI_ALPHA_MODE_UNSPECIFIED	field_1_11221
FIELD	com/mojang/renderpearl/util/dx/DXConst	I	DXGI_ERROR_ACCESS_DENIED	field_1_11222
FIELD	com/mojang/renderpearl/util/dx/DXConst	I	DXGI_ERROR_ACCESS_LOST	field_1_11223
FIELD	com/mojang/renderpearl/util/dx/DXConst	I	DXGI_ERROR_ALREADY_EXISTS	field_1_11224
FIELD	com/mojang/renderpearl/util/dx/DXConst	I	DXGI_ERROR_CACHE_CORRUPT	field_1_11225
FIELD	com/mojang/renderpearl/util/dx/DXConst	I	DXGI_ERROR_CACHE_FULL	field_1_11226
FIELD	com/mojang/renderpearl/util/dx/DXConst	I	DXGI_ERROR_CACHE_HASH_COLLISION	field_1_11227
FIELD	com/mojang/renderpearl/util/dx/DXConst	I	DXGI_ERROR_CANNOT_PROTECT_CONTENT	field_1_11228
FIELD	com/mojang/renderpearl/util/dx/DXConst	I	DXGI_ERROR_DEVICE_HUNG	field_1_11229
FIELD	com/mojang/renderpearl/util/dx/DXConst	I	DXGI_ERROR_DEVICE_REMOVED	field_1_11230
FIELD	com/mojang/renderpearl/util/dx/DXConst	I	DXGI_ERROR_DEVICE_RESET	field_1_11231
FIELD	com/mojang/renderpearl/util/dx/DXConst	I	DXGI_ERROR_DRIVER_INTERNAL_ERROR	field_1_11232
FIELD	com/mojang/renderpearl/util/dx/DXConst	I	DXGI_ERROR_DYNAMIC_CODE_POLICY_VIOLATION	field_1_11233
FIELD	com/mojang/renderpearl/util/dx/DXConst	I	DXGI_ERROR_FRAME_STATISTICS_DISJOINT	field_1_11234
FIELD	com/mojang/renderpearl/util/dx/DXConst	I	DXGI_ERROR_GRAPHICS_VIDPN_SOURCE_IN_USE	field_1_11235
FIELD	com/mojang/renderpearl/util/dx/DXConst	I	DXGI_ERROR_HW_PROTECTION_OUTOFMEMORY	field_1_11236
FIELD	com/mojang/renderpearl/util/dx/DXConst	I	DXGI_ERROR_INVALID_CALL	field_1_11237
FIELD	com/mojang/renderpearl/util/dx/DXConst	I	DXGI_ERROR_MODE_CHANGE_IN_PROGRESS	field_1_11238
FIELD	com/mojang/renderpearl/util/dx/DXConst	I	DXGI_ERROR_MORE_DATA	field_1_11239
FIELD	com/mojang/renderpearl/util/dx/DXConst	I	DXGI_ERROR_MPO_UNPINNED	field_1_11240
FIELD	com/mojang/renderpearl/util/dx/DXConst	I	DXGI_ERROR_NAME_ALREADY_EXISTS	field_1_11241
FIELD	com/mojang/renderpearl/util/dx/DXConst	I	DXGI_ERROR_NONEXCLUSIVE	field_1_11242
FIELD	com/mojang/renderpearl/util/dx/DXConst	I	DXGI_ERROR_NON_COMPOSITED_UI	field_1_11243
FIELD	com/mojang/renderpearl/util/dx/DXConst	I	DXGI_ERROR_NOT_CURRENT	field_1_11244
FIELD	com/mojang/renderpearl/util/dx/DXConst	I	DXGI_ERROR_NOT_CURRENTLY_AVAILABLE	field_1_11245
FIELD	com/mojang/renderpearl/util/dx/DXConst	I	DXGI_ERROR_NOT_FOUND	field_1_11246
FIELD	com/mojang/renderpearl/util/dx/DXConst	I	DXGI_ERROR_REMOTE_CLIENT_DISCONNECTED	field_1_11247
FIELD	com/mojang/renderpearl/util/dx/DXConst	I	DXGI_ERROR_REMOTE_OUTOFMEMORY	field_1_11248
FIELD	com/mojang/renderpearl/util/dx/DXConst	I	DXGI_ERROR_RESTRICT_TO_OUTPUT_STALE	field_1_11249
FIELD	com/mojang/renderpearl/util/dx/DXConst	I	DXGI_ERROR_SDK_COMPONENT_MISSING	field_1_11250
FIELD	com/mojang/renderpearl/util/dx/DXConst	I	DXGI_ERROR_SESSION_DISCONNECTED	field_1_11251
FIELD	com/mojang/renderpearl/util/dx/DXConst	I	DXGI_ERROR_SETDISPLAYMODE_REQUIRED	field_1_11252
FIELD	com/mojang/renderpearl/util/dx/DXConst	I	DXGI_ERROR_UNSUPPORTED	field_1_11253
FIELD	com/mojang/renderpearl/util/dx/DXConst	I	DXGI_ERROR_WAIT_TIMEOUT	field_1_11254
FIELD	com/mojang/renderpearl/util/dx/DXConst	I	DXGI_ERROR_WAS_STILL_DRAWING	field_1_11255
FIELD	com/mojang/renderpearl/util/dx/DXConst	I	DXGI_FEATURE_PRESENT_ALLOW_TEARING	field_1_11256
FIELD	com/mojang/renderpearl/util/dx/DXConst	I	DXGI_FORMAT_B8G8R8A8_UNORM	field_1_11257
FIELD	com/mojang/renderpearl/util/dx/DXConst	I	DXGI_FORMAT_R8G8B8A8_UNORM	field_1_11258
FIELD	com/mojang/renderpearl/util/dx/DXConst	I	DXGI_MWA_NO_ALT_ENTER	field_1_11259
FIELD	com/mojang/renderpearl/util/dx/DXConst	I	DXGI_MWA_NO_PRINT_SCREEN	field_1_11260
FIELD	com/mojang/renderpearl/util/dx/DXConst	I	DXGI_MWA_NO_WINDOW_CHANGES	field_1_11261
FIELD	com/mojang/renderpearl/util/dx/DXConst	I	DXGI_PRESENT_ALLOW_TEARING	field_1_11262
FIELD	com/mojang/renderpearl/util/dx/DXConst	I	DXGI_PRESENT_RESTART	field_1_11263
FIELD	com/mojang/renderpearl/util/dx/DXConst	I	DXGI_SCALING_ASPECT_RATIO_STRETCH	field_1_11264
FIELD	com/mojang/renderpearl/util/dx/DXConst	I	DXGI_SCALING_NONE	field_1_11265
FIELD	com/mojang/renderpearl/util/dx/DXConst	I	DXGI_SCALING_STRETCH	field_1_11266
FIELD	com/mojang/renderpearl/util/dx/DXConst	I	DXGI_STATUS_DDA_WAS_STILL_DRAWING	field_1_11267
FIELD	com/mojang/renderpearl/util/dx/DXConst	I	DXGI_STATUS_MODE_CHANGED	field_1_11268
FIELD	com/mojang/renderpearl/util/dx/DXConst	I	DXGI_STATUS_PRESENT_REQUIRED	field_1_11269
FIELD	com/mojang/renderpearl/util/dx/DXConst	I	DXGI_STATUS_UNOCCLUDED	field_1_11270
FIELD	com/mojang/renderpearl/util/dx/DXConst	I	DXGI_SWAP_CHAIN_FLAG_ALLOW_MODE_SWITCH	field_1_11271
FIELD	com/mojang/renderpearl/util/dx/DXConst	I	DXGI_SWAP_CHAIN_FLAG_ALLOW_TEARING	field_1_11272
FIELD	com/mojang/renderpearl/util/dx/DXConst	I	DXGI_SWAP_CHAIN_FLAG_DISPLAY_ONLY	field_1_11273
FIELD	com/mojang/renderpearl/util/dx/DXConst	I	DXGI_SWAP_CHAIN_FLAG_FOREGROUND_LAYER	field_1_11274
FIELD	com/mojang/renderpearl/util/dx/DXConst	I	DXGI_SWAP_CHAIN_FLAG_FRAME_LATENCY_WAITABLE_OBJECT	field_1_11275
FIELD	com/mojang/renderpearl/util/dx/DXConst	I	DXGI_SWAP_CHAIN_FLAG_FULLSCREEN_VIDEO	field_1_11276
FIELD	com/mojang/renderpearl/util/dx/DXConst	I	DXGI_SWAP_CHAIN_FLAG_GDI_COMPATIBLE	field_1_11277
FIELD	com/mojang/renderpearl/util/dx/DXConst	I	DXGI_SWAP_CHAIN_FLAG_HW_PROTECTED	field_1_11278
FIELD	com/mojang/renderpearl/util/dx/DXConst	I	DXGI_SWAP_CHAIN_FLAG_NONPREROTATED	field_1_11279
FIELD	com/mojang/renderpearl/util/dx/DXConst	I	DXGI_SWAP_CHAIN_FLAG_RESTRICTED_CONTENT	field_1_11280
FIELD	com/mojang/renderpearl/util/dx/DXConst	I	DXGI_SWAP_CHAIN_FLAG_RESTRICTED_TO_ALL_HOLOGRAPHIC_DISPLAYS	field_1_11281
FIELD	com/mojang/renderpearl/util/dx/DXConst	I	DXGI_SWAP_CHAIN_FLAG_RESTRICT_SHARED_RESOURCE_DRIVER	field_1_11282
FIELD	com/mojang/renderpearl/util/dx/DXConst	I	DXGI_SWAP_CHAIN_FLAG_YUV_VIDEO	field_1_11283
FIELD	com/mojang/renderpearl/util/dx/DXConst	I	DXGI_SWAP_EFFECT_FLIP_DISCARD	field_1_11284
FIELD	com/mojang/renderpearl/util/dx/DXConst	I	FALSE	field_1_11285
FIELD	com/mojang/renderpearl/util/dx/DXConst	I	PRESENTATION_ERROR_LOST	field_1_11286
FIELD	com/mojang/renderpearl/util/dx/DXConst	I	S_OK	field_1_11287
FIELD	com/mojang/renderpearl/util/dx/DXConst	I	TRUE	field_1_11288
CLASS	com/mojang/renderpearl/util/dx/DXUtils	class_1_1733
METHOD	com/mojang/renderpearl/util/dx/DXUtils	(I)V	crashIfFailure	method_1_11036
METHOD	com/mojang/renderpearl/util/dx/DXUtils	(I)Z	failure	method_1_11037
METHOD	com/mojang/renderpearl/util/dx/DXUtils	(I)Ljava/lang/String;	hresultString	method_1_11038
METHOD	net/minecraft/client/renderer/ViewArea	()Lnet/minecraft/client/RotatingSectionStorage;	getSections	method_1_11039
FIELD	net/minecraft/world/entity/EntityTypes	Lnet/minecraft/world/entity/EntityType;	FROSTBITE	field_1_11289
FIELD	net/minecraft/world/entity/EntityTypes	Lnet/minecraft/world/entity/EntityType;	ICE_BALL	field_1_11290
FIELD	net/minecraft/world/level/biome/Biomes	Lnet/minecraft/resources/ResourceKey;	ICE_CAVES	field_1_11291
FIELD	net/minecraft/world/level/block/Blocks	Lnet/minecraft/world/level/block/Block;	ICE_CRYSTAL	field_1_11292
FIELD	net/minecraft/world/level/block/Blocks	Lnet/minecraft/world/level/block/Block;	ICICLE	field_1_11293
METHOD	net/minecraft/world/level/block/Blocks	(Lnet/minecraft/world/level/block/state/BlockState;)I	lambda$static$365	method_1_11040
METHOD	net/minecraft/world/level/block/Blocks	(Lnet/minecraft/world/level/block/state/BlockBehaviour$Properties;)Lnet/minecraft/world/level/block/Block;	lambda$static$417	method_1_11041
FIELD	net/minecraft/client/gui/screens/Screen	Lnet/minecraft/resources/Identifier;	INWORLD_MENU_LIST_BACKGROUND	field_1_11294
FIELD	net/minecraft/client/gui/screens/Screen	Lnet/minecraft/resources/Identifier;	MENU_LIST_BACKGROUND	field_1_11295
METHOD	net/minecraft/client/gui/screens/Screen	(Lnet/minecraft/client/gui/GuiGraphicsExtractor;IIIIIZ)V	extractListSeparators	method_1_11042
METHOD	net/minecraft/client/gui/screens/Screen	(Lnet/minecraft/client/gui/GuiGraphicsExtractor;Lnet/minecraft/client/gui/layouts/HeaderAndFooterLayout;I)V	extractListSeparators	method_1_11043
METHOD	net/minecraft/client/gui/screens/Screen	()Z	isInitialized	method_1_11044
METHOD	net/minecraft/world/entity/LivingEntity	(Lnet/minecraft/world/level/block/sounds/BlockSoundSet;Lnet/minecraft/core/Holder;)V	lambda$playBlockFallSound$0	method_1_11045
METHOD	net/minecraft/world/level/LevelAccessor	(Lnet/minecraft/world/entity/Entity;Lnet/minecraft/core/BlockPos;Lnet/minecraft/core/Holder;Lnet/minecraft/sounds/SoundSource;FF)V	playSound	method_1_11046
FIELD	com/mojang/realmsclient/gui/RealmsHeader	Lnet/minecraft/client/gui/components/Tooltip;	NEWS_TITLE_TOOLTIP	field_1_11296
METHOD	net/minecraft/client/model/HumanoidModel	(Lnet/minecraft/client/model/geom/builders/CubeDeformation;)Lnet/minecraft/client/model/geom/builders/LayerDefinition;	createBodyLayerWithCustomLeftArmsAndLegs	method_1_11047
FIELD	net/minecraft/client/renderer/UiLightmap	Lcom/mojang/renderpearl/api/textures/GpuTextureView;	textureView	field_1_11297
METHOD	net/minecraft/client/renderer/UiLightmap	()Ljava/lang/String;	lambda$new$0	method_1_11048
FIELD	net/minecraft/core/registries/Registries	Lnet/minecraft/resources/ResourceKey;	BLOCK_SOUND_SET	field_1_11298
CLASS	net/minecraft/util/datafix/schemas/V5121	class_1_1734
METHOD	net/minecraft/util/datafix/schemas/V5121	(Lcom/mojang/datafixers/schemas/Schema;)Lcom/mojang/datafixers/types/templates/TypeTemplate;	lambda$registerEntities$0	method_1_11049
FIELD	net/minecraft/world/entity/EntityTypeIds	Lnet/minecraft/resources/ResourceKey;	FROSTBITE	field_1_11299
FIELD	net/minecraft/world/entity/EntityTypeIds	Lnet/minecraft/resources/ResourceKey;	ICE_BALL	field_1_11300
FIELD	net/minecraft/world/item/alchemy/Potions	Lnet/minecraft/core/Holder;	FREEZING	field_1_11301
FIELD	net/minecraft/world/item/alchemy/Potions	Lnet/minecraft/core/Holder;	LONG_FREEZING	field_1_11302
CLASS	com/mojang/renderpearl/util/dx/COMUnknown	class_1_1735
FIELD	com/mojang/renderpearl/util/dx/COMUnknown	I	MAX_VTABLE_INDEX	field_1_11303
FIELD	com/mojang/renderpearl/util/dx/COMUnknown	Ljava/lang/foreign/SymbolLookup;	SYMBOL_LOOKUP	field_1_11304
FIELD	com/mojang/renderpearl/util/dx/COMUnknown	Ljava/lang/foreign/MemorySegment;	address	field_1_11305
FIELD	com/mojang/renderpearl/util/dx/COMUnknown	Ljava/lang/invoke/MethodHandle;	queryInterface	field_1_11306
FIELD	com/mojang/renderpearl/util/dx/COMUnknown	Ljava/lang/invoke/MethodHandle;	release	field_1_11307
FIELD	com/mojang/renderpearl/util/dx/COMUnknown	Ljava/lang/foreign/MemorySegment;	vtable	field_1_11308
METHOD	com/mojang/renderpearl/util/dx/COMUnknown	()Ljava/lang/foreign/MemorySegment;	address	method_1_11050
METHOD	com/mojang/renderpearl/util/dx/COMUnknown	(Ljava/lang/String;Ljava/lang/foreign/FunctionDescriptor;)Ljava/lang/invoke/MethodHandle;	loadStaticFunction	method_1_11051
METHOD	com/mojang/renderpearl/util/dx/COMUnknown	(Lcom/mojang/renderpearl/util/dx/IID;Ljava/util/function/Function;)Lcom/mojang/renderpearl/util/dx/COMUnknown;	queryInterface	method_1_11052
METHOD	com/mojang/renderpearl/util/dx/COMUnknown	(JLjava/lang/foreign/FunctionDescriptor;)Ljava/lang/invoke/MethodHandle;	vtable	method_1_11053
CLASS	com/mojang/renderpearl/util/dx/COMUnknown$Types	class_1_1736
FIELD	com/mojang/renderpearl/util/dx/COMUnknown$Types	Ljava/lang/foreign/AddressLayout;	COM_OUTPTR	field_1_11309
FIELD	com/mojang/renderpearl/util/dx/COMUnknown$Types	Ljava/lang/foreign/ValueLayout$OfInt;	C_BOOL	field_1_11310
FIELD	com/mojang/renderpearl/util/dx/COMUnknown$Types	Ljava/lang/foreign/ValueLayout$OfInt;	C_ENUM	field_1_11311
FIELD	com/mojang/renderpearl/util/dx/COMUnknown$Types	Ljava/lang/foreign/ValueLayout$OfLong;	HANDLE	field_1_11312
FIELD	com/mojang/renderpearl/util/dx/COMUnknown$Types	Ljava/lang/foreign/ValueLayout$OfInt;	HRESULT	field_1_11313
FIELD	com/mojang/renderpearl/util/dx/COMUnknown$Types	Ljava/lang/foreign/ValueLayout$OfLong;	HWND	field_1_11314
FIELD	com/mojang/renderpearl/util/dx/COMUnknown$Types	Ljava/lang/foreign/AddressLayout;	IID_PTR	field_1_11315
FIELD	com/mojang/renderpearl/util/dx/COMUnknown$Types	Ljava/lang/foreign/AddressLayout;	POINTER	field_1_11316
FIELD	com/mojang/renderpearl/util/dx/COMUnknown$Types	Ljava/lang/foreign/AddressLayout;	SELF_PTR	field_1_11317
FIELD	com/mojang/renderpearl/util/dx/COMUnknown$Types	Ljava/lang/foreign/ValueLayout$OfInt;	UINT32	field_1_11318
FIELD	com/mojang/renderpearl/util/dx/COMUnknown$Types	Ljava/lang/foreign/ValueLayout$OfLong;	UINT64	field_1_11319
FIELD	net/minecraft/client/gui/font/FontTexture	Lnet/minecraft/resources/Identifier;	textureId	field_1_11320
FIELD	net/minecraft/client/gui/font/FontTexture	Lnet/minecraft/client/renderer/texture/TextureResources;	texture	field_1_11321
FIELD	net/minecraft/client/gui/font/FontTexture	Lnet/minecraft/client/renderer/texture/TextureManager;	textureManager	field_1_11322
METHOD	net/minecraft/client/gui/font/FontTexture	(I)I	lambda$new$0	method_1_11054
FIELD	net/minecraft/world/level/levelgen/Noises	Lnet/minecraft/resources/ResourceKey;	ICE_CAVE_GRADIENT	field_1_11323
CLASS	com/mojang/renderpearl/util/dx/Win32Handle	class_1_1737
FIELD	com/mojang/renderpearl/util/dx/Win32Handle	Ljava/lang/invoke/MethodHandle;	CloseHandle	field_1_11324
FIELD	com/mojang/renderpearl/util/dx/Win32Handle	Ljava/lang/invoke/MethodHandle;	WaitForSingleObjectEx	field_1_11325
FIELD	com/mojang/renderpearl/util/dx/Win32Handle	J	handle	comp_1_1942
METHOD	com/mojang/renderpearl/util/dx/Win32Handle	(Ljava/lang/String;Ljava/lang/foreign/FunctionDescriptor;)Ljava/lang/invoke/MethodHandle;	loadKernelFunc	method_1_11055
METHOD	com/mojang/renderpearl/util/dx/Win32Handle	(IZ)I	waitSingleObject	method_1_11056
METHOD	net/minecraft/client/gui/components/Button$Builder	(Lnet/minecraft/network/chat/Component;)Lnet/minecraft/client/gui/components/Button$Builder;	tooltip	method_1_11057
FIELD	net/minecraft/core/particles/ParticleTypes	Lnet/minecraft/core/particles/SimpleParticleType;	FREEZING	field_1_11326
METHOD	net/minecraft/server/level/DistanceManager	(Lnet/minecraft/server/level/ChunkMap;)V	releaseTickets	method_1_11058
METHOD	net/minecraft/server/level/DistanceManager	(Lnet/minecraft/server/level/ChunkMap;)Z	updateChunkFutures	method_1_11059
FIELD	net/minecraft/world/item/alchemy/PotionIds	Lnet/minecraft/resources/ResourceKey;	FREEZING	field_1_11327
FIELD	net/minecraft/world/item/alchemy/PotionIds	Lnet/minecraft/resources/ResourceKey;	LONG_FREEZING	field_1_11328
METHOD	net/minecraft/world/level/block/HoneyBlock	(Lnet/minecraft/world/entity/Entity;Lnet/minecraft/world/level/block/sounds/BlockSoundSet;Lnet/minecraft/core/Holder;)V	lambda$fallOn$0	method_1_11060
FIELD	net/minecraft/world/level/block/LevelEvent	I	SOUND_FROSTBITE_TO_ZOMBIE	field_1_11329
FIELD	net/minecraft/world/level/block/LevelEvent	I	SOUND_ICICLE_LAND	field_1_11330
FIELD	net/minecraft/world/level/block/LevelEvent	I	SOUND_ZOMBIE_TO_FROSTBITE	field_1_11331
METHOD	net/minecraft/world/level/block/SculkBlock	(Lnet/minecraft/world/level/LevelAccessor;Lnet/minecraft/core/BlockPos;Lnet/minecraft/core/Holder;)V	lambda$attemptUseCharge$0	method_1_11061
METHOD	com/mojang/blaze3d/platform/SDLEventHandler	(Lorg/lwjgl/sdl/SDL_KeyboardEvent;)Ljava/lang/Integer;	getKeyAction	method_1_11062
CLASS	com/mojang/renderpearl/util/dx/OutPtrHelper	class_1_1738
FIELD	com/mojang/renderpearl/util/dx/OutPtrHelper	Ljava/lang/foreign/Arena;	arena	field_1_11332
FIELD	com/mojang/renderpearl/util/dx/OutPtrHelper	Ljava/lang/foreign/MemorySegment;	targetPtr	field_1_11333
METHOD	com/mojang/renderpearl/util/dx/OutPtrHelper	(Lcom/mojang/renderpearl/util/dx/IID;)Ljava/lang/foreign/MemorySegment;	allocate	method_1_11063
METHOD	com/mojang/renderpearl/util/dx/OutPtrHelper	()Ljava/lang/foreign/Arena;	arena	method_1_11064
METHOD	com/mojang/renderpearl/util/dx/OutPtrHelper	()Ljava/lang/foreign/MemorySegment;	result	method_1_11065
METHOD	com/mojang/renderpearl/util/dx/OutPtrHelper	()Ljava/lang/foreign/MemorySegment;	target	method_1_11066
CLASS	com/mojang/renderpearl/util/dx/package-info	class_1_1739
FIELD	net/minecraft/client/model/geom/ModelLayers	Lnet/minecraft/client/model/geom/ModelLayerLocation;	FROSTBITE	field_1_11334
FIELD	net/minecraft/client/model/geom/ModelLayers	Lnet/minecraft/client/renderer/entity/ArmorModelSet;	FROSTBITE_ARMOR	field_1_11335
FIELD	net/minecraft/client/model/geom/ModelLayers	Lnet/minecraft/client/model/geom/ModelLayerLocation;	FROSTBITE_BABY	field_1_11336
FIELD	net/minecraft/client/model/geom/ModelLayers	Lnet/minecraft/client/renderer/entity/ArmorModelSet;	FROSTBITE_BABY_ARMOR	field_1_11337
FIELD	net/minecraft/client/model/geom/ModelLayers	Lnet/minecraft/client/model/geom/ModelLayerLocation;	FROSTBITE_OUTER_LAYER	field_1_11338
CLASS	net/minecraft/world/level/block/IcicleBlock	class_1_1740
FIELD	net/minecraft/world/level/block/IcicleBlock	Lnet/minecraft/world/level/block/state/properties/BooleanProperty;	ATTACHED	field_1_11339
FIELD	net/minecraft/world/level/block/IcicleBlock	I	BREAKS_IF_ABOVE_LIGHT_LEVEL	field_1_11340
FIELD	net/minecraft/world/level/block/IcicleBlock	F	DRIP_PROBABILITY_PER_ANIMATE_TICK	field_1_11341
FIELD	net/minecraft/world/level/block/IcicleBlock	I	MAX_GROWING_LENGTH	field_1_11342
FIELD	net/minecraft/world/level/block/IcicleBlock	Ljava/util/List;	ONLY_GROW_STALACTITES	field_1_11343
METHOD	net/minecraft/world/level/block/IcicleBlock	(Lnet/minecraft/world/level/LevelReader;Lnet/minecraft/core/BlockPos;)Z	isAboveMeltingBlock	method_1_11067
METHOD	net/minecraft/world/level/block/IcicleBlock	(Lnet/minecraft/world/level/block/state/BlockState;Lnet/minecraft/world/level/LevelReader;Lnet/minecraft/core/BlockPos;)Z	isStartPos	method_1_11068
METHOD	net/minecraft/world/level/block/IcicleBlock	(Lnet/minecraft/world/level/LevelReader;Lnet/minecraft/core/BlockPos;)Z	isTooBright	method_1_11069
METHOD	net/minecraft/world/level/block/IcicleBlock	(Lnet/minecraft/world/level/LevelReader;Lnet/minecraft/core/BlockPos;)Z	wouldMelt	method_1_11070
FIELD	net/minecraft/client/gui/screens/PauseScreen	Lnet/minecraft/client/gui/components/Tooltip;	DRAFT_REPORT_TOOLTIP	field_1_11344
FIELD	net/minecraft/client/gui/screens/PauseScreen	Lnet/minecraft/client/gui/components/Tooltip;	NO_OTHER_PLAYERS_TOOLTIP	field_1_11345
FIELD	net/minecraft/client/gui/screens/PauseScreen	Lnet/minecraft/network/chat/Component;	OTHER_PLAYERS	field_1_11346
FIELD	net/minecraft/client/gui/screens/PauseScreen	Lnet/minecraft/resources/Identifier;	OTHER_PLAYERS_SPRITE	field_1_11347
FIELD	net/minecraft/client/gui/screens/PauseScreen	Lnet/minecraft/resources/Identifier;	REPORT_BUGS_SPRITE	field_1_11348
FIELD	net/minecraft/client/gui/screens/PauseScreen	Lnet/minecraft/resources/Identifier;	SEND_FEEDBACK_SPRITE	field_1_11349
FIELD	net/minecraft/client/gui/screens/PauseScreen	Lnet/minecraft/client/gui/screens/friends/FriendsListActions;	friendsListActions	field_1_11350
METHOD	net/minecraft/client/multiplayer/ClientLevel	(Lnet/minecraft/world/level/block/sounds/BlockSoundSet;Lnet/minecraft/core/BlockPos;Lnet/minecraft/core/Holder;)V	lambda$playBreakingSound$0	method_1_11071
METHOD	net/minecraft/server/level/ChunkTrackingView	(III)Z	containsChunkAround	method_1_11072
CLASS	net/minecraft/world/effect/FreezingMobEffect	class_1_1741
FIELD	net/minecraft/world/effect/FreezingMobEffect	F	DAMAGE_VALUE	field_1_11351
FIELD	net/minecraft/world/effect/FreezingMobEffect	I	TICKS_ADDED	field_1_11352
FIELD	net/minecraft/server/jsonrpc/ManagementServer	J	HANDSHAKE_TIMEOUT_MILLIS	field_1_11353
FIELD	net/minecraft/world/level/pathfinder/PathType	Lnet/minecraft/world/level/pathfinder/PathType;	AVOID_IN_AIR	field_1_11354
FIELD	net/minecraft/world/level/pathfinder/PathType	Lnet/minecraft/world/level/pathfinder/PathType;	DROP_DOWN	field_1_11355
FIELD	net/minecraft/world/level/pathfinder/PathType	Lnet/minecraft/world/level/pathfinder/PathType;	ON_TOP_OF_DROP_DOWN	field_1_11356
FIELD	net/minecraft/world/level/pathfinder/PathType	Lnet/minecraft/world/level/pathfinder/PathType;	STICKY	field_1_11357
FIELD	net/minecraft/world/level/pathfinder/PathType	Ljava/util/Optional;	blockTag	field_1_11358
METHOD	net/minecraft/world/level/pathfinder/PathType	(Lnet/minecraft/world/level/block/state/BlockState;)Z	isForState	method_1_11073
CLASS	com/mojang/renderpearl/util/dx/dxgi/DXGIObject	class_1_1742
CLASS	net/minecraft/client/particle/FreezingParticle	class_1_1743
FIELD	net/minecraft/client/particle/FreezingParticle	Z	landed	field_1_11359
FIELD	net/minecraft/client/particle/FreezingParticle	F	rotSpeed	field_1_11360
CLASS	net/minecraft/client/particle/FreezingParticle$Provider	class_1_1744
FIELD	net/minecraft/client/particle/FreezingParticle$Provider	Lnet/minecraft/client/particle/SpriteSet;	sprites	field_1_11361
METHOD	net/minecraft/client/particle/FreezingParticle$Provider	(Lnet/minecraft/core/particles/SimpleParticleType;Lnet/minecraft/client/multiplayer/ClientLevel;DDDDDDLnet/minecraft/util/RandomSource;)Lnet/minecraft/client/particle/Particle;	createParticle	method_1_11074
METHOD	net/minecraft/world/level/chunk/ChunkGenerator	(Lnet/minecraft/core/RegistryAccess;Lnet/minecraft/world/level/chunk/ChunkGeneratorStructureState;Lnet/minecraft/world/level/chunk/ChunkAccess;Lnet/minecraft/world/level/levelgen/structure/templatesystem/StructureTemplateManager;Lnet/minecraft/resources/ResourceKey;Lnet/minecraft/world/level/biome/Climate$Sampler;Lnet/minecraft/world/level/StructureManager;Lnet/minecraft/core/Holder;)V	lambda$createStructuresForSets$0	method_1_11075
CLASS	com/mojang/renderpearl/util/dx/d3d12/D3D12Fence	class_1_1745
FIELD	com/mojang/renderpearl/util/dx/d3d12/D3D12Fence	Ljava/lang/invoke/MethodHandle;	setEventOnCompletion	field_1_11362
METHOD	com/mojang/renderpearl/util/dx/d3d12/D3D12Fence	(J)I	waitValue	method_1_11076
CLASS	com/mojang/renderpearl/util/dx/dxgi/DXGIAdapter	class_1_1746
FIELD	com/mojang/renderpearl/util/dx/dxgi/DXGIAdapter	Ljava/lang/invoke/MethodHandle;	d3d12CreateDevice	field_1_11363
METHOD	com/mojang/renderpearl/util/dx/dxgi/DXGIAdapter	(I)Lcom/mojang/renderpearl/util/dx/d3d12/D3D12Device;	createD3D12Device	method_1_11077
CLASS	net/minecraft/client/gui/components/CycleButton	class_1_1747
FIELD	net/minecraft/client/gui/components/CycleButton	Ljava/util/List;	BOOLEAN_OPTIONS	field_1_11364
FIELD	net/minecraft/client/gui/components/CycleButton	Lnet/minecraft/client/gui/components/CycleButton$DisplayState;	displayState	field_1_11365
FIELD	net/minecraft/client/gui/components/CycleButton	Ljava/util/function/Function;	narrationProvider	field_1_11366
FIELD	net/minecraft/client/gui/components/CycleButton	Lnet/minecraft/client/gui/components/CycleButton$SpriteSupplier;	spriteSupplier	field_1_11367
METHOD	net/minecraft/client/gui/components/CycleButton	(Lnet/minecraft/network/chat/Component;Lnet/minecraft/network/chat/Component;Z)Lnet/minecraft/client/gui/components/CycleButton$Builder;	booleanBuilder	method_1_11078
METHOD	net/minecraft/client/gui/components/CycleButton	(Ljava/util/function/Function;Ljava/lang/Object;)Lnet/minecraft/client/gui/components/CycleButton$Builder;	builder	method_1_11079
METHOD	net/minecraft/client/gui/components/CycleButton	(Ljava/util/function/Function;Ljava/util/function/Supplier;)Lnet/minecraft/client/gui/components/CycleButton$Builder;	builder	method_1_11080
METHOD	net/minecraft/client/gui/components/CycleButton	()Lnet/minecraft/network/chat/MutableComponent;	createDefaultNarrationMessage	method_1_11081
METHOD	net/minecraft/client/gui/components/CycleButton	(Lnet/minecraft/network/chat/Component;Lnet/minecraft/network/chat/Component;Ljava/lang/Boolean;)Lnet/minecraft/network/chat/Component;	lambda$booleanBuilder$0	method_1_11082
METHOD	net/minecraft/client/gui/components/CycleButton	(Z)Ljava/lang/Boolean;	lambda$booleanBuilder$1	method_1_11083
METHOD	net/minecraft/client/gui/components/CycleButton	(Ljava/lang/Object;)Ljava/lang/Object;	lambda$builder$0	method_1_11084
METHOD	net/minecraft/client/gui/components/CycleButton	(Ljava/lang/Boolean;)Lnet/minecraft/network/chat/Component;	lambda$onOffBuilder$0	method_1_11085
METHOD	net/minecraft/client/gui/components/CycleButton	(Z)Ljava/lang/Boolean;	lambda$onOffBuilder$1	method_1_11086
METHOD	net/minecraft/client/gui/components/CycleButton	(Z)Lnet/minecraft/client/gui/components/CycleButton$Builder;	onOffBuilder	method_1_11087
FIELD	net/minecraft/client/gui/screens/FaviconTexture	Z	uploaded	field_1_11368
FIELD	net/minecraft/client/gui/screens/LoadingOverlay	Lorg/slf4j/Logger;	LOGGER	field_1_11369
METHOD	net/minecraft/client/gui/screens/LoadingOverlay	()Ljava/lang/String;	lambda$registerTextures$0	method_1_11088
METHOD	net/minecraft/client/renderer/LevelEventHandler	(Lnet/minecraft/core/BlockPos;Lnet/minecraft/world/level/block/sounds/BlockSoundSet;Lnet/minecraft/core/Holder;)V	lambda$levelEvent$0	method_1_11089
FIELD	net/minecraft/world/item/trading/VillagerTrades	Lnet/minecraft/resources/ResourceKey;	WANDERING_TRADER_EMERALD_ICE_CRYSTAL	field_1_11370
FIELD	net/minecraft/world/item/trading/VillagerTrades	Lnet/minecraft/resources/ResourceKey;	WANDERING_TRADER_EMERALD_ICICLE	field_1_11371
CLASS	net/minecraft/world/level/block/IceCrystalBlock	class_1_1748
FIELD	net/minecraft/world/level/block/SpeleothemBlock	D	STALACTITE_DRIP_START_PIXEL	field_1_11372
FIELD	net/minecraft/world/level/block/SpeleothemBlock	I	STALAGMITE_FALL_DAMAGE_MODIFIER	field_1_11373
FIELD	net/minecraft/world/level/block/SpeleothemBlock	F	STALAGMITE_FALL_DISTANCE_OFFSET	field_1_11374
METHOD	net/minecraft/world/level/block/SpeleothemBlock	(Lnet/minecraft/world/level/Level;Lnet/minecraft/world/level/block/state/BlockState;Lnet/minecraft/core/BlockPos;Lnet/minecraft/world/entity/Entity;D)V	fallOnDamage	method_1_11090
METHOD	net/minecraft/world/level/block/SpeleothemBlock	()Ljava/util/List;	getNaturalGrowthDirections	method_1_11091
METHOD	net/minecraft/world/level/block/SpeleothemBlock	(Lnet/minecraft/world/level/block/state/BlockState;Lnet/minecraft/world/level/LevelReader;Lnet/minecraft/core/BlockPos;)Z	isStalagmiteStartPos	method_1_11092
METHOD	net/minecraft/world/level/block/SpeleothemBlock	()Z	shouldMergeTips	method_1_11093
METHOD	net/minecraft/world/level/block/SpeleothemBlock	(Lnet/minecraft/world/level/Level;Lnet/minecraft/core/BlockPos;Lnet/minecraft/world/level/block/state/BlockState;Lnet/minecraft/core/BlockPos;Lnet/minecraft/world/level/material/Fluid;)V	spawnDripParticle	method_1_11094
CLASS	com/mojang/renderpearl/util/dx/d3d12/D3D12Device	class_1_1749
FIELD	com/mojang/renderpearl/util/dx/d3d12/D3D12Device	Ljava/lang/invoke/MethodHandle;	createCommandAllocator	field_1_11375
FIELD	com/mojang/renderpearl/util/dx/d3d12/D3D12Device	Ljava/lang/invoke/MethodHandle;	createCommandList	field_1_11376
FIELD	com/mojang/renderpearl/util/dx/d3d12/D3D12Device	Ljava/lang/invoke/MethodHandle;	createCommandQueue	field_1_11377
FIELD	com/mojang/renderpearl/util/dx/d3d12/D3D12Device	Ljava/lang/invoke/MethodHandle;	createCommittedResource	field_1_11378
FIELD	com/mojang/renderpearl/util/dx/d3d12/D3D12Device	Ljava/lang/invoke/MethodHandle;	createFence	field_1_11379
FIELD	com/mojang/renderpearl/util/dx/d3d12/D3D12Device	Ljava/lang/invoke/MethodHandle;	createSharedHandle	field_1_11380
FIELD	com/mojang/renderpearl/util/dx/d3d12/D3D12Device	Ljava/lang/invoke/MethodHandle;	openSharedHandle	field_1_11381
METHOD	com/mojang/renderpearl/util/dx/d3d12/D3D12Device	(I)Lcom/mojang/renderpearl/util/dx/d3d12/D3D12CommandAllocator;	createCommandAllocator	method_1_11095
METHOD	com/mojang/renderpearl/util/dx/d3d12/D3D12Device	(IILcom/mojang/renderpearl/util/dx/d3d12/D3D12CommandAllocator;)Lcom/mojang/renderpearl/util/dx/d3d12/D3D12GraphicsCommandList;	createCommandList	method_1_11096
METHOD	com/mojang/renderpearl/util/dx/d3d12/D3D12Device	(Lcom/mojang/renderpearl/util/dx/d3d12/D3D12CommandQueueDesc;)Lcom/mojang/renderpearl/util/dx/d3d12/D3D12CommandQueue;	createCommandQueue	method_1_11097
METHOD	com/mojang/renderpearl/util/dx/d3d12/D3D12Device	(Lcom/mojang/renderpearl/util/dx/d3d12/D3D12HeapProperties;ILcom/mojang/renderpearl/util/dx/d3d12/D3D12ResourceDesc;I)Lcom/mojang/renderpearl/util/dx/d3d12/D3D12Resource;	createCommittedResource	method_1_11098
METHOD	com/mojang/renderpearl/util/dx/d3d12/D3D12Device	(JI)Lcom/mojang/renderpearl/util/dx/d3d12/D3D12Fence;	createFence	method_1_11099
METHOD	com/mojang/renderpearl/util/dx/d3d12/D3D12Device	(Lcom/mojang/renderpearl/util/dx/d3d12/D3D12DeviceChild;)Lcom/mojang/renderpearl/util/dx/Win32Handle;	createSharedHandle	method_1_11100
METHOD	com/mojang/renderpearl/util/dx/d3d12/D3D12Device	(Lcom/mojang/renderpearl/util/dx/Win32Handle;)Lcom/mojang/renderpearl/util/dx/d3d12/D3D12Resource;	openSharedHandle	method_1_11101
CLASS	com/mojang/renderpearl/util/dx/d3d12/D3D12Object	class_1_1750
CLASS	com/mojang/renderpearl/util/dx/dxgi/DXGIFactory5	class_1_1751
FIELD	com/mojang/renderpearl/util/dx/dxgi/DXGIFactory5	Ljava/lang/invoke/MethodHandle;	checkFeatureSupport	field_1_11382
FIELD	com/mojang/renderpearl/util/dx/dxgi/DXGIFactory5	Ljava/lang/invoke/MethodHandle;	createDxgiFactory2	field_1_11383
FIELD	com/mojang/renderpearl/util/dx/dxgi/DXGIFactory5	Ljava/lang/invoke/MethodHandle;	createSwapChainForHwnd	field_1_11384
FIELD	com/mojang/renderpearl/util/dx/dxgi/DXGIFactory5	Ljava/lang/invoke/MethodHandle;	enumAdapterByLuid	field_1_11385
FIELD	com/mojang/renderpearl/util/dx/dxgi/DXGIFactory5	Ljava/lang/invoke/MethodHandle;	makeWindowAssociation	field_1_11386
METHOD	com/mojang/renderpearl/util/dx/dxgi/DXGIFactory5	(Ljava/lang/foreign/MemorySegment;)Z	adapterWithLuidExists	method_1_11102
METHOD	com/mojang/renderpearl/util/dx/dxgi/DXGIFactory5	()Z	checkTearingSupport	method_1_11103
METHOD	com/mojang/renderpearl/util/dx/dxgi/DXGIFactory5	()Lcom/mojang/renderpearl/util/dx/dxgi/DXGIFactory5;	create	method_1_11104
METHOD	com/mojang/renderpearl/util/dx/dxgi/DXGIFactory5	(Lcom/mojang/renderpearl/util/dx/d3d12/D3D12CommandQueue;JLcom/mojang/renderpearl/util/dx/dxgi/DXGISwapchainDesc1;)Lcom/mojang/renderpearl/util/dx/dxgi/DXGISwapchain3;	createSwapchain	method_1_11105
METHOD	com/mojang/renderpearl/util/dx/dxgi/DXGIFactory5	(Ljava/lang/foreign/MemorySegment;)Lcom/mojang/renderpearl/util/dx/dxgi/DXGIAdapter;	enumAdapterByLuid	method_1_11106
METHOD	com/mojang/renderpearl/util/dx/dxgi/DXGIFactory5	(JI)V	makeWindowAssociation	method_1_11107
CLASS	com/mojang/renderpearl/util/dx/dxgi/package-info	class_1_1752
METHOD	net/minecraft/data/worldgen/BiomeDefaultFeatures	(Lnet/minecraft/world/level/biome/BiomeGenerationSettings$Builder;)V	addIceCaveOres	method_1_11108
METHOD	net/minecraft/data/worldgen/BiomeDefaultFeatures	(Lnet/minecraft/world/level/biome/BiomeGenerationSettings$Builder;)V	addIceCaveUndergroundVariety	method_1_11109
METHOD	net/minecraft/data/worldgen/BiomeDefaultFeatures	(Lnet/minecraft/world/level/biome/BiomeGenerationSettings$Builder;)V	addIceCavesFeatures	method_1_11110
FIELD	net/minecraft/data/worldgen/features/OreFeatures	Lnet/minecraft/resources/ResourceKey;	ICE_CAVE_ORE_ANDESITE	field_1_11387
FIELD	net/minecraft/data/worldgen/features/OreFeatures	Lnet/minecraft/resources/ResourceKey;	ICE_CAVE_ORE_COAL	field_1_11388
FIELD	net/minecraft/data/worldgen/features/OreFeatures	Lnet/minecraft/resources/ResourceKey;	ICE_CAVE_ORE_COAL_BURIED	field_1_11389
FIELD	net/minecraft/data/worldgen/features/OreFeatures	Lnet/minecraft/resources/ResourceKey;	ICE_CAVE_ORE_COPPPER_SMALL	field_1_11390
FIELD	net/minecraft/data/worldgen/features/OreFeatures	Lnet/minecraft/resources/ResourceKey;	ICE_CAVE_ORE_DIAMOND_BURIED	field_1_11391
FIELD	net/minecraft/data/worldgen/features/OreFeatures	Lnet/minecraft/resources/ResourceKey;	ICE_CAVE_ORE_DIAMOND_LARGE	field_1_11392
FIELD	net/minecraft/data/worldgen/features/OreFeatures	Lnet/minecraft/resources/ResourceKey;	ICE_CAVE_ORE_DIAMOND_MEDIUM	field_1_11393
FIELD	net/minecraft/data/worldgen/features/OreFeatures	Lnet/minecraft/resources/ResourceKey;	ICE_CAVE_ORE_DIAMOND_SMALL	field_1_11394
FIELD	net/minecraft/data/worldgen/features/OreFeatures	Lnet/minecraft/resources/ResourceKey;	ICE_CAVE_ORE_DIORITE	field_1_11395
FIELD	net/minecraft/data/worldgen/features/OreFeatures	Lnet/minecraft/resources/ResourceKey;	ICE_CAVE_ORE_GOLD_BURIED	field_1_11396
FIELD	net/minecraft/data/worldgen/features/OreFeatures	Lnet/minecraft/resources/ResourceKey;	ICE_CAVE_ORE_GRAVEL	field_1_11397
FIELD	net/minecraft/data/worldgen/features/OreFeatures	Lnet/minecraft/resources/ResourceKey;	ICE_CAVE_ORE_IRON	field_1_11398
FIELD	net/minecraft/data/worldgen/features/OreFeatures	Lnet/minecraft/resources/ResourceKey;	ICE_CAVE_ORE_IRON_SMALL	field_1_11399
FIELD	net/minecraft/data/worldgen/features/OreFeatures	Lnet/minecraft/resources/ResourceKey;	ICE_CAVE_ORE_LAPIS	field_1_11400
FIELD	net/minecraft/data/worldgen/features/OreFeatures	Lnet/minecraft/resources/ResourceKey;	ICE_CAVE_ORE_LAPIS_BURIED	field_1_11401
FIELD	net/minecraft/data/worldgen/features/OreFeatures	Lnet/minecraft/resources/ResourceKey;	ICE_CAVE_ORE_REDSTONE	field_1_11402
METHOD	net/minecraft/data/worldgen/features/OreFeatures	(Ljava/util/List;Lnet/minecraft/world/level/levelgen/feature/OreFeature;)Lnet/minecraft/world/level/levelgen/feature/SequenceFeature;	hostedOre	method_1_11111
FIELD	net/minecraft/world/entity/monster/zombie/Zombie	Lnet/minecraft/network/syncher/EntityDataAccessor;	DATA_FROSTBITE_CONVERSION_ID	field_1_11403
FIELD	net/minecraft/world/entity/monster/zombie/Zombie	I	DROWNING_AFFLICTION_TICKS	field_1_11404
FIELD	net/minecraft/world/entity/monster/zombie/Zombie	I	DROWNING_CONVERSION_TICKS	field_1_11405
FIELD	net/minecraft/world/entity/monster/zombie/Zombie	I	FREEZING_CONVERSION_TICKS	field_1_11406
FIELD	net/minecraft/world/entity/monster/zombie/Zombie	Lnet/minecraft/world/entity/ConversionTracker;	freezingTracker	field_1_11407
METHOD	net/minecraft/world/entity/monster/zombie/Zombie	()Lnet/minecraft/world/entity/EntityType;	convertsToWhenFreezing	method_1_11112
METHOD	net/minecraft/world/entity/monster/zombie/Zombie	()Z	convertsWhenFreezing	method_1_11113
METHOD	net/minecraft/world/entity/monster/zombie/Zombie	()I	getFreezingConversionSound	method_1_11114
METHOD	net/minecraft/world/entity/monster/zombie/Zombie	()Z	lambda$new$2	method_1_11115
METHOD	net/minecraft/world/entity/monster/zombie/Zombie	(Lnet/minecraft/world/entity/monster/zombie/Zombie;Lnet/minecraft/server/level/ServerLevel;)V	lambda$new$3	method_1_11116
FIELD	net/minecraft/world/entity/projectile/Projectile	D	TRAJECTORY_RISE_COEFFICIENT	field_1_11408
METHOD	net/minecraft/world/entity/projectile/Projectile	()D	getTrajectoryCorrectionFactor	method_1_11117
CLASS	com/mojang/renderpearl/util/dx/d3d12/package-info	class_1_1753
FIELD	net/minecraft/client/gui/components/FriendsButton	Lnet/minecraft/client/gui/components/ScaledWidgetSprites;	SPRITE	field_1_11409
FIELD	net/minecraft/client/gui/components/FriendsButton	Lnet/minecraft/client/gui/components/Tooltip;	TOOLTIP	field_1_11410
CLASS	net/minecraft/client/gui/components/LoadingButton	class_1_1754
FIELD	net/minecraft/client/gui/components/LoadingButton	Lnet/minecraft/resources/Identifier;	BUTTON_DISABLED_SPRITE	field_1_11411
FIELD	net/minecraft/client/gui/components/LoadingButton	Lnet/minecraft/resources/Identifier;	LOADING_SPRITE	field_1_11412
FIELD	net/minecraft/client/gui/components/LoadingButton	I	LOADING_SPRITE_H	field_1_11413
FIELD	net/minecraft/client/gui/components/LoadingButton	I	LOADING_SPRITE_W	field_1_11414
FIELD	net/minecraft/client/gui/components/LoadingButton	Lnet/minecraft/client/gui/components/Tooltip;	LOADING_TOOLTIP	field_1_11415
FIELD	net/minecraft/client/gui/components/LoadingButton	Lnet/minecraft/client/gui/components/Tooltip;	defaultTooltip	field_1_11416
FIELD	net/minecraft/client/gui/components/LoadingButton	Z	loading	field_1_11417
FIELD	net/minecraft/client/gui/components/LoadingButton	Z	switchToLoadingAfterPress	field_1_11418
METHOD	net/minecraft/client/gui/components/LoadingButton	(Lnet/minecraft/network/chat/Component;Lnet/minecraft/client/gui/components/Button$OnPress;)Lnet/minecraft/client/gui/components/LoadingButton$Builder;	builder	method_1_11118
METHOD	net/minecraft/client/gui/components/LoadingButton	(Lnet/minecraft/client/gui/GuiGraphicsExtractor;)Z	extractLoadingStateIfLoading	method_1_11119
METHOD	net/minecraft/client/gui/components/LoadingButton	(Z)V	setLoading	method_1_11120
METHOD	net/minecraft/client/gui/components/LoadingButton	(ZLnet/minecraft/client/gui/components/Tooltip;)V	setLoading	method_1_11121
CLASS	net/minecraft/client/gui/components/LoadingButton$Builder	class_1_1755
FIELD	net/minecraft/client/gui/components/LoadingButton$Builder	Z	switchToLoadingAfterPress	field_1_11419
METHOD	net/minecraft/client/gui/components/LoadingButton$Builder	()Lnet/minecraft/client/gui/components/LoadingButton;	build	method_1_11122
METHOD	net/minecraft/client/gui/components/LoadingButton$Builder	()Lnet/minecraft/client/gui/components/LoadingButton$Builder;	switchToLoadingAfterPress	method_1_11123
CLASS	net/minecraft/data/tags/BlockSoundSetTagsProvider	class_1_1756
METHOD	net/minecraft/data/worldgen/biome/OverworldBiomes	(Lnet/minecraft/world/level/biome/BiomeGenerationSettings$Builder;ZZ)V	globalOverworldGeneration	method_1_11124
METHOD	net/minecraft/data/worldgen/biome/OverworldBiomes	(Lnet/minecraft/core/HolderGetter;Lnet/minecraft/core/HolderGetter;)Lnet/minecraft/world/level/biome/Biome;	iceCaves	method_1_11125
FIELD	net/minecraft/data/worldgen/features/CaveFeatures	Lnet/minecraft/resources/ResourceKey;	ICE_CRYSTAL	field_1_11420
FIELD	net/minecraft/data/worldgen/features/CaveFeatures	Lnet/minecraft/resources/ResourceKey;	ICICLE_CLUSTER	field_1_11421
FIELD	net/minecraft/data/worldgen/features/CaveFeatures	Lnet/minecraft/resources/ResourceKey;	LARGE_ICICLE	field_1_11422
FIELD	net/minecraft/data/worldgen/features/CaveFeatures	Lnet/minecraft/resources/ResourceKey;	SNOW_LAYER	field_1_11423
METHOD	net/minecraft/world/entity/animal/sniffer/Sniffer	(Lnet/minecraft/core/Holder;)V	lambda$emitDiggingParticles$0	method_1_11126
FIELD	com/mojang/renderpearl/backend/vulkan/VulkanDevice	Z	useDXGISwapchain	field_1_11424
CLASS	com/mojang/renderpearl/util/dx/d3d12/D3D12Pageable	class_1_1757
CLASS	com/mojang/renderpearl/util/dx/d3d12/D3D12Resource	class_1_1758
CLASS	com/mojang/renderpearl/util/dx/dxgi/DXGISampleDesc	class_1_1759
FIELD	com/mojang/renderpearl/util/dx/dxgi/DXGISampleDesc	Ljava/lang/invoke/VarHandle;	COUNT_HANDLE	field_1_11425
FIELD	com/mojang/renderpearl/util/dx/dxgi/DXGISampleDesc	Ljava/lang/foreign/StructLayout;	LAYOUT	field_1_11426
FIELD	com/mojang/renderpearl/util/dx/dxgi/DXGISampleDesc	Ljava/lang/invoke/VarHandle;	QUALITY_HANDLE	field_1_11427
FIELD	com/mojang/renderpearl/util/dx/dxgi/DXGISampleDesc	Ljava/lang/foreign/MemorySegment;	segment	field_1_11428
METHOD	com/mojang/renderpearl/util/dx/dxgi/DXGISampleDesc	()I	count	method_1_11127
METHOD	com/mojang/renderpearl/util/dx/dxgi/DXGISampleDesc	(I)V	count	method_1_11128
METHOD	com/mojang/renderpearl/util/dx/dxgi/DXGISampleDesc	()I	quality	method_1_11129
METHOD	com/mojang/renderpearl/util/dx/dxgi/DXGISampleDesc	(I)V	quality	method_1_11130
CLASS	com/mojang/renderpearl/util/dx/dxgi/DXGISwapchain3	class_1_1760
FIELD	com/mojang/renderpearl/util/dx/dxgi/DXGISwapchain3	Ljava/lang/invoke/MethodHandle;	getBuffer	field_1_11429
FIELD	com/mojang/renderpearl/util/dx/dxgi/DXGISwapchain3	Ljava/lang/invoke/MethodHandle;	getCurrentBackBufferIndex	field_1_11430
FIELD	com/mojang/renderpearl/util/dx/dxgi/DXGISwapchain3	Ljava/lang/invoke/MethodHandle;	getFrameLatencyWaitableObject	field_1_11431
FIELD	com/mojang/renderpearl/util/dx/dxgi/DXGISwapchain3	Ljava/lang/invoke/MethodHandle;	present	field_1_11432
FIELD	com/mojang/renderpearl/util/dx/dxgi/DXGISwapchain3	Ljava/lang/invoke/MethodHandle;	setMaximumFrameLatency	field_1_11433
METHOD	com/mojang/renderpearl/util/dx/dxgi/DXGISwapchain3	()I	currentBackBufferIndex	method_1_11131
METHOD	com/mojang/renderpearl/util/dx/dxgi/DXGISwapchain3	(I)Lcom/mojang/renderpearl/util/dx/d3d12/D3D12Resource;	getBuffer	method_1_11132
METHOD	com/mojang/renderpearl/util/dx/dxgi/DXGISwapchain3	(II)I	present	method_1_11133
METHOD	com/mojang/renderpearl/util/dx/dxgi/DXGISwapchain3	(I)I	setMaximumLatency	method_1_11134
METHOD	com/mojang/renderpearl/util/dx/dxgi/DXGISwapchain3	()Lcom/mojang/renderpearl/util/dx/Win32Handle;	waitHandle	method_1_11135
FIELD	net/minecraft/client/renderer/texture/TextureAtlas	Lnet/minecraft/client/renderer/texture/TextureResources;	texture	field_1_11434
FIELD	net/minecraft/client/renderer/texture/TextureAtlas	Lnet/minecraft/client/renderer/texture/TextureManager;	textureManager	field_1_11435
METHOD	net/minecraft/client/renderer/texture/TextureAtlas	()Lnet/minecraft/client/renderer/texture/TextureResources;	getTexture	method_1_11136
CLASS	net/minecraft/world/level/block/AmethystSoundUtils	class_1_1761
METHOD	net/minecraft/world/level/block/AmethystSoundUtils	(Lnet/minecraft/world/level/Level;Lnet/minecraft/world/level/block/state/BlockState;Lnet/minecraft/world/phys/BlockHitResult;)V	onProjectileHit	method_1_11137
METHOD	net/minecraft/client/gui/navigation/ScreenRectangle	(I)Lnet/minecraft/client/gui/navigation/ScreenRectangle;	expandInAllDirections	method_1_11138
FIELD	net/minecraft/client/gui/screens/friends/FriendsTab	I	BUTTON_SIZE	field_1_11436
FIELD	net/minecraft/client/gui/screens/friends/FriendsTab	I	HEADER_VERTICAL_PADDING	field_1_11437
FIELD	net/minecraft/client/gui/screens/friends/FriendsTab	Lnet/minecraft/network/chat/Component;	NO_SEARCH_RESULTS	field_1_11438
FIELD	net/minecraft/client/gui/screens/friends/FriendsTab	I	WIDGET_SPACING	field_1_11439
FIELD	net/minecraft/client/gui/screens/friends/FriendsTab	Lnet/minecraft/client/gui/screens/friends/FriendsListFilter;	friendsListFilter	field_1_11440
FIELD	net/minecraft/client/gui/screens/friends/FriendsTab	Lnet/minecraft/client/gui/screens/friends/FriendsListOrder;	friendsListOrder	field_1_11441
FIELD	net/minecraft/client/gui/screens/friends/FriendsTab	Lnet/minecraft/client/gui/layouts/EqualSpacingLayout;	profileArea	field_1_11442
FIELD	net/minecraft/client/gui/screens/friends/FriendsTab	Lnet/minecraft/client/gui/screens/friends/PlayerProfileWidget;	profileWidget	field_1_11443
METHOD	net/minecraft/client/gui/screens/friends/FriendsTab	(Lcom/mojang/authlib/services/response/PresenceStatus;)V	applyOwnPresence	method_1_11139
METHOD	net/minecraft/client/gui/screens/friends/FriendsTab	(Lnet/minecraft/client/gui/layouts/LayoutSettings;)V	lambda$new$0	method_1_11140
METHOD	net/minecraft/client/gui/screens/friends/FriendsTab	(Lnet/minecraft/network/chat/Component;)V	showGenericEmptyState	method_1_11141
FIELD	net/minecraft/client/gui/screens/friends/PendingTab	Lnet/minecraft/network/chat/Component;	DISABLED_STATE	field_1_11444
FIELD	net/minecraft/client/gui/screens/friends/PendingTab	I	HEADER_VERTICAL_PADDING	field_1_11445
FIELD	net/minecraft/client/gui/screens/friends/PendingTab	Lnet/minecraft/network/chat/Component;	NO_SEARCH_RESULTS	field_1_11446
FIELD	net/minecraft/client/gui/screens/friends/PendingTab	Lnet/minecraft/network/chat/Component;	SEARCH	field_1_11447
FIELD	net/minecraft/client/gui/screens/friends/PendingTab	I	SEARCH_BAR_REQUEST_THRESHOLD	field_1_11448
FIELD	net/minecraft/client/gui/screens/friends/PendingTab	Lnet/minecraft/client/gui/screens/friends/FriendsListFilter;	friendsListFilter	field_1_11449
FIELD	net/minecraft/client/gui/screens/friends/PendingTab	Z	showingSearchBar	field_1_11450
METHOD	net/minecraft/client/gui/screens/friends/PendingTab	()V	hideSearchBar	method_1_11142
METHOD	net/minecraft/client/gui/screens/friends/PendingTab	(Lnet/minecraft/client/gui/layouts/LayoutSettings;)V	lambda$showSearchBar$0	method_1_11143
METHOD	net/minecraft/client/gui/screens/friends/PendingTab	(Ljava/lang/String;)V	lambda$showSearchBar$1	method_1_11144
METHOD	net/minecraft/client/gui/screens/friends/PendingTab	()V	showDisabled	method_1_11145
METHOD	net/minecraft/client/gui/screens/friends/PendingTab	(Lnet/minecraft/network/chat/Component;)V	showEmpty	method_1_11146
METHOD	net/minecraft/client/gui/screens/friends/PendingTab	()V	showSearchBar	method_1_11147
METHOD	net/minecraft/client/gui/screens/friends/PendingTab	()V	updateListView	method_1_11148
METHOD	net/minecraft/client/gui/screens/social/PlayerEntry	(Lnet/minecraft/client/Minecraft;Lnet/minecraft/client/gui/screens/social/SocialInteractionsScreen;Ljava/util/UUID;Ljava/lang/String;Ljava/util/function/Supplier;ZLorg/apache/commons/lang3/mutable/MutableBoolean;)V	lambda$new$0	method_1_11149
METHOD	net/minecraft/client/gui/screens/social/PlayerEntry	()I	prioritySortOrder	method_1_11150
METHOD	net/minecraft/client/multiplayer/chat/report/Report	()Z	isUnreportableLater	method_1_11151
METHOD	net/minecraft/client/renderer/PlayerSkinRenderCache	(Lnet/minecraft/world/item/component/ResolvableProfile;)Ljava/util/function/Supplier;	createSkinLookup	method_1_11152
METHOD	net/minecraft/client/renderer/PlayerSkinRenderCache	(Ljava/util/function/Supplier;)Lnet/minecraft/world/entity/player/PlayerSkin;	lambda$createSkinLookup$0	method_1_11153
CLASS	net/minecraft/client/renderer/texture/TextureHandle	class_1_1762
METHOD	net/minecraft/client/renderer/texture/TextureHandle	()Lcom/mojang/renderpearl/api/textures/GpuSampler;	sampler	comp_1_1943
METHOD	net/minecraft/client/renderer/texture/TextureHandle	()Lcom/mojang/renderpearl/api/textures/GpuTextureView;	textureView	comp_1_1944
FIELD	net/minecraft/data/worldgen/placement/OrePlacements	Lnet/minecraft/resources/ResourceKey;	ICE_CAVE_ORE_ANDESITE_LOWER	field_1_11451
FIELD	net/minecraft/data/worldgen/placement/OrePlacements	Lnet/minecraft/resources/ResourceKey;	ICE_CAVE_ORE_ANDESITE_UPPER	field_1_11452
FIELD	net/minecraft/data/worldgen/placement/OrePlacements	Lnet/minecraft/resources/ResourceKey;	ICE_CAVE_ORE_COAL_LOWER	field_1_11453
FIELD	net/minecraft/data/worldgen/placement/OrePlacements	Lnet/minecraft/resources/ResourceKey;	ICE_CAVE_ORE_COAL_UPPER	field_1_11454
FIELD	net/minecraft/data/worldgen/placement/OrePlacements	Lnet/minecraft/resources/ResourceKey;	ICE_CAVE_ORE_COPPER	field_1_11455
FIELD	net/minecraft/data/worldgen/placement/OrePlacements	Lnet/minecraft/resources/ResourceKey;	ICE_CAVE_ORE_DIAMOND	field_1_11456
FIELD	net/minecraft/data/worldgen/placement/OrePlacements	Lnet/minecraft/resources/ResourceKey;	ICE_CAVE_ORE_DIAMOND_BURIED	field_1_11457
FIELD	net/minecraft/data/worldgen/placement/OrePlacements	Lnet/minecraft/resources/ResourceKey;	ICE_CAVE_ORE_DIAMOND_LARGE	field_1_11458
FIELD	net/minecraft/data/worldgen/placement/OrePlacements	Lnet/minecraft/resources/ResourceKey;	ICE_CAVE_ORE_DIAMOND_MEDIUM	field_1_11459
FIELD	net/minecraft/data/worldgen/placement/OrePlacements	Lnet/minecraft/resources/ResourceKey;	ICE_CAVE_ORE_DIORITE_LOWER	field_1_11460
FIELD	net/minecraft/data/worldgen/placement/OrePlacements	Lnet/minecraft/resources/ResourceKey;	ICE_CAVE_ORE_DIORITE_UPPER	field_1_11461
FIELD	net/minecraft/data/worldgen/placement/OrePlacements	Lnet/minecraft/resources/ResourceKey;	ICE_CAVE_ORE_GOLD	field_1_11462
FIELD	net/minecraft/data/worldgen/placement/OrePlacements	Lnet/minecraft/resources/ResourceKey;	ICE_CAVE_ORE_GOLD_LOWER	field_1_11463
FIELD	net/minecraft/data/worldgen/placement/OrePlacements	Lnet/minecraft/resources/ResourceKey;	ICE_CAVE_ORE_GRAVEL	field_1_11464
FIELD	net/minecraft/data/worldgen/placement/OrePlacements	Lnet/minecraft/resources/ResourceKey;	ICE_CAVE_ORE_IRON_MIDDLE	field_1_11465
FIELD	net/minecraft/data/worldgen/placement/OrePlacements	Lnet/minecraft/resources/ResourceKey;	ICE_CAVE_ORE_IRON_SMALL	field_1_11466
FIELD	net/minecraft/data/worldgen/placement/OrePlacements	Lnet/minecraft/resources/ResourceKey;	ICE_CAVE_ORE_IRON_UPPER	field_1_11467
FIELD	net/minecraft/data/worldgen/placement/OrePlacements	Lnet/minecraft/resources/ResourceKey;	ICE_CAVE_ORE_LAPIS	field_1_11468
FIELD	net/minecraft/data/worldgen/placement/OrePlacements	Lnet/minecraft/resources/ResourceKey;	ICE_CAVE_ORE_LAPIS_BURIED	field_1_11469
FIELD	net/minecraft/data/worldgen/placement/OrePlacements	Lnet/minecraft/resources/ResourceKey;	ICE_CAVE_ORE_REDSTONE	field_1_11470
FIELD	net/minecraft/data/worldgen/placement/OrePlacements	Lnet/minecraft/resources/ResourceKey;	ICE_CAVE_ORE_REDSTONE_LOWER	field_1_11471
METHOD	net/minecraft/world/entity/ai/goal/RangedAttackGoal	(I)I	lambda$new$0	method_1_11154
METHOD	net/minecraft/world/entity/ai/goal/RangedAttackGoal	(I)I	lambda$new$1	method_1_11155
METHOD	net/minecraft/world/entity/ai/goal/RangedAttackGoal	()Z	stopWhenInRange	method_1_11156
CLASS	net/minecraft/world/entity/monster/zombie/Frostbite	class_1_1763
FIELD	net/minecraft/world/entity/monster/zombie/Frostbite	I	FREEZING_TICKS_ON_MELEE	field_1_11472
FIELD	net/minecraft/world/entity/monster/zombie/Frostbite	I	MELEE_ATTACK_TICKS	field_1_11473
METHOD	net/minecraft/world/entity/monster/zombie/Frostbite	()Lnet/minecraft/world/entity/ai/attributes/AttributeSupplier$Builder;	createAttributes	method_1_11157
METHOD	net/minecraft/world/entity/monster/zombie/Frostbite	()I	getRangedAttackIntervalMax	method_1_11158
METHOD	net/minecraft/world/entity/monster/zombie/Frostbite	()I	getRangedAttackIntervalMin	method_1_11159
FIELD	net/minecraft/world/entity/monster/zombie/Frostbite$1	[I	$SwitchMap$net$minecraft$world$Difficulty	field_1_11474
FIELD	net/minecraft/client/gui/components/PlayerFaceWidget	I	border	field_1_11475
FIELD	net/minecraft/client/gui/components/ScrollableLayout	F	yAlignment	field_1_11476
METHOD	net/minecraft/client/gui/components/ScrollableLayout	(F)V	alignVertically	method_1_11160
METHOD	net/minecraft/client/gui/components/ScrollableLayout	()V	alignVerticallyBottom	method_1_11161
METHOD	net/minecraft/client/gui/components/ScrollableLayout	()V	alignVerticallyMiddle	method_1_11162
METHOD	net/minecraft/client/gui/components/ScrollableLayout	()V	alignVerticallyTop	method_1_11163
METHOD	net/minecraft/client/gui/components/ScrollableLayout$Container	()I	verticalOffset	method_1_11164
FIELD	net/minecraft/client/gui/components/SpriteIconButton	Lnet/minecraft/client/gui/components/SpriteIconButton$DisplayState;	displayState	field_1_11477
METHOD	net/minecraft/client/gui/components/SpriteIconButton	(Lnet/minecraft/network/chat/Component;Lnet/minecraft/client/gui/components/Button$OnPress;Lnet/minecraft/client/gui/components/SpriteIconButton$DisplayState;)Lnet/minecraft/client/gui/components/SpriteIconButton$Builder;	builder	method_1_11165
METHOD	net/minecraft/client/gui/components/SpriteIconButton	(Lnet/minecraft/client/gui/components/SpriteIconButton$DisplayState;)V	setDisplayState	method_1_11166
FIELD	net/minecraft/client/gui/components/SpriteIconButton$Builder	Lnet/minecraft/client/gui/components/SpriteIconButton$DisplayState;	displayState	field_1_11478
METHOD	net/minecraft/client/gui/components/SpriteIconButton$Builder	()Lnet/minecraft/client/gui/components/SpriteIconButton$Builder;	withTootip	method_1_11167
CLASS	net/minecraft/client/gui/components/SpriteIconButton$DisplayState	class_1_1764
FIELD	net/minecraft/client/gui/components/SpriteIconButton$DisplayState	Lnet/minecraft/client/gui/components/SpriteIconButton$DisplayState;	ICON_ONLY	field_1_11479
FIELD	net/minecraft/client/gui/components/SpriteIconButton$DisplayState	Lnet/minecraft/client/gui/components/SpriteIconButton$DisplayState;	TEXT_AND_ICON	field_1_11480
FIELD	net/minecraft/client/gui/components/SpriteIconButton$DisplayState	Lnet/minecraft/client/gui/components/SpriteIconButton$DisplayState;	TEXT_AND_OFFSET_ICON	field_1_11481
FIELD	net/minecraft/client/gui/components/SpriteIconButton$DisplayState	Lnet/minecraft/client/gui/components/SpriteIconButton$DisplayState;	TEXT_ONLY	field_1_11482
METHOD	net/minecraft/client/gui/components/SpriteIconButton$DisplayState	()[Lnet/minecraft/client/gui/components/SpriteIconButton$DisplayState;	$values	method_1_11168
FIELD	net/minecraft/client/gui/screens/friends/FriendEntry	Ljava/util/Comparator;	ALPHABETICAL_COMPARATOR	field_1_11483
FIELD	net/minecraft/client/gui/screens/friends/FriendEntry	I	NAME_RIGHT_PADDING	field_1_11484
FIELD	net/minecraft/client/gui/screens/friends/FriendEntry	Lnet/minecraft/client/gui/components/Tooltip;	PLAYER_OPTIONS_TOOLTIP	field_1_11485
FIELD	net/minecraft/client/gui/screens/friends/FriendEntry	Ljava/util/Comparator;	PRESENCE_COMPARATOR	field_1_11486
FIELD	net/minecraft/client/gui/screens/friends/FriendEntry	Lnet/minecraft/client/gui/components/WidgetSprites;	PROFILE_SPRITE	field_1_11487
FIELD	net/minecraft/client/gui/screens/friends/FriendEntry	Lnet/minecraft/client/gui/components/Button;	profileButton	field_1_11488
METHOD	net/minecraft/client/gui/screens/friends/FriendEntry	(Ljava/lang/Runnable;Lnet/minecraft/client/gui/components/Button;)V	lambda$new$0	method_1_11169
CLASS	net/minecraft/client/gui/screens/social/PlayerStatus	class_1_1765
FIELD	net/minecraft/client/gui/screens/social/PlayerStatus	Lnet/minecraft/client/gui/screens/social/PlayerStatus;	DEFAULT	field_1_11489
FIELD	net/minecraft/client/gui/screens/social/PlayerStatus	Lcom/mojang/authlib/services/response/PresenceStatus;	presence	comp_1_1945
FIELD	net/minecraft/client/gui/screens/social/PlayerStatus	Lnet/minecraft/client/gui/screens/social/PlayerSocialManager$Visibility;	visibility	comp_1_1946
METHOD	net/minecraft/client/renderer/texture/OverlayTexture	()Ljava/lang/String;	lambda$new$0	method_1_11170
FIELD	net/minecraft/client/renderer/texture/TextureManager	Lnet/minecraft/client/renderer/texture/TextureProvider2d;	DEFAULT_PROVIDER	field_1_11490
FIELD	net/minecraft/client/renderer/texture/TextureManager	Ljava/util/Map;	providers	field_1_11491
METHOD	net/minecraft/client/renderer/texture/TextureManager	(Lnet/minecraft/server/packs/resources/ResourceManager;Lnet/minecraft/client/renderer/texture/TextureProvider;Lnet/minecraft/resources/Identifier;)Lcom/mojang/renderpearl/util/UncheckedAutoCloseable;	lambda$scheduleLoad$0	method_1_11171
METHOD	net/minecraft/client/renderer/texture/TextureManager	(Lnet/minecraft/resources/Identifier;Lnet/minecraft/client/renderer/texture/TextureProvider;)V	registerProvider	method_1_11172
FIELD	net/minecraft/client/renderer/texture/TextureManager$PendingReload	Ljava/util/concurrent/CompletableFuture;	getState	comp_1_1947
FIELD	net/minecraft/client/renderer/texture/TextureManager$PendingReload	Lnet/minecraft/resources/Identifier;	identifier	comp_1_1948
FIELD	net/minecraft/client/renderer/texture/TextureManager$PendingReload	Lnet/minecraft/client/renderer/texture/TextureProvider;	provider	comp_1_1949
METHOD	net/minecraft/client/renderer/texture/TextureManager$PendingReload	()Lnet/minecraft/client/renderer/texture/TextureResources;	finish	method_1_11173
FIELD	net/minecraft/data/worldgen/placement/CavePlacements	Lnet/minecraft/resources/ResourceKey;	ICE_CRYSTALS	field_1_11492
FIELD	net/minecraft/data/worldgen/placement/CavePlacements	Lnet/minecraft/resources/ResourceKey;	ICICLE_CLUSTER	field_1_11493
FIELD	net/minecraft/data/worldgen/placement/CavePlacements	Lnet/minecraft/resources/ResourceKey;	LARGE_ICICLE	field_1_11494
FIELD	net/minecraft/data/worldgen/placement/CavePlacements	Lnet/minecraft/resources/ResourceKey;	SNOW_LAYERS	field_1_11495
CLASS	net/minecraft/server/jsonrpc/HandshakeTimeoutHandler	class_1_1766
FIELD	net/minecraft/server/jsonrpc/HandshakeTimeoutHandler	Lorg/slf4j/Logger;	LOGGER	field_1_11496
FIELD	net/minecraft/server/jsonrpc/HandshakeTimeoutHandler	Ljava/util/concurrent/ScheduledFuture;	timeoutFuture	field_1_11497
FIELD	net/minecraft/server/jsonrpc/HandshakeTimeoutHandler	J	timeoutMillis	field_1_11498
METHOD	net/minecraft/server/jsonrpc/HandshakeTimeoutHandler	()V	cancel	method_1_11174
METHOD	net/minecraft/server/jsonrpc/HandshakeTimeoutHandler	(Lio/netty/channel/ChannelHandlerContext;)V	lambda$schedule$0	method_1_11175
METHOD	net/minecraft/server/jsonrpc/HandshakeTimeoutHandler	(Lio/netty/channel/ChannelHandlerContext;)V	schedule	method_1_11176
METHOD	net/minecraft/world/entity/ai/village/poi/PoiManager	(Lnet/minecraft/world/entity/ai/village/poi/PoiSection;J)V	onSectionLoad	method_1_11177
CLASS	net/minecraft/world/entity/ai/village/poi/PoiTypeIds	class_1_1767
FIELD	net/minecraft/world/entity/ai/village/poi/PoiTypeIds	Lnet/minecraft/resources/ResourceKey;	ARMORER	field_1_11499
FIELD	net/minecraft/world/entity/ai/village/poi/PoiTypeIds	Lnet/minecraft/resources/ResourceKey;	BEEHIVE	field_1_11500
FIELD	net/minecraft/world/entity/ai/village/poi/PoiTypeIds	Lnet/minecraft/resources/ResourceKey;	BEE_NEST	field_1_11501
FIELD	net/minecraft/world/entity/ai/village/poi/PoiTypeIds	Lnet/minecraft/resources/ResourceKey;	BUTCHER	field_1_11502
FIELD	net/minecraft/world/entity/ai/village/poi/PoiTypeIds	Lnet/minecraft/resources/ResourceKey;	CARTOGRAPHER	field_1_11503
FIELD	net/minecraft/world/entity/ai/village/poi/PoiTypeIds	Lnet/minecraft/resources/ResourceKey;	CLERIC	field_1_11504
FIELD	net/minecraft/world/entity/ai/village/poi/PoiTypeIds	Lnet/minecraft/resources/ResourceKey;	FARMER	field_1_11505
FIELD	net/minecraft/world/entity/ai/village/poi/PoiTypeIds	Lnet/minecraft/resources/ResourceKey;	FISHERMAN	field_1_11506
FIELD	net/minecraft/world/entity/ai/village/poi/PoiTypeIds	Lnet/minecraft/resources/ResourceKey;	FLETCHER	field_1_11507
FIELD	net/minecraft/world/entity/ai/village/poi/PoiTypeIds	Lnet/minecraft/resources/ResourceKey;	HOME	field_1_11508
FIELD	net/minecraft/world/entity/ai/village/poi/PoiTypeIds	Lnet/minecraft/resources/ResourceKey;	LEATHERWORKER	field_1_11509
FIELD	net/minecraft/world/entity/ai/village/poi/PoiTypeIds	Lnet/minecraft/resources/ResourceKey;	LIBRARIAN	field_1_11510
FIELD	net/minecraft/world/entity/ai/village/poi/PoiTypeIds	Lnet/minecraft/resources/ResourceKey;	LIGHTNING_ROD	field_1_11511
FIELD	net/minecraft/world/entity/ai/village/poi/PoiTypeIds	Lnet/minecraft/resources/ResourceKey;	LODESTONE	field_1_11512
FIELD	net/minecraft/world/entity/ai/village/poi/PoiTypeIds	Lnet/minecraft/resources/ResourceKey;	MASON	field_1_11513
FIELD	net/minecraft/world/entity/ai/village/poi/PoiTypeIds	Lnet/minecraft/resources/ResourceKey;	MEETING	field_1_11514
FIELD	net/minecraft/world/entity/ai/village/poi/PoiTypeIds	Lnet/minecraft/resources/ResourceKey;	NETHER_PORTAL	field_1_11515
FIELD	net/minecraft/world/entity/ai/village/poi/PoiTypeIds	Lnet/minecraft/resources/ResourceKey;	SHEPHERD	field_1_11516
FIELD	net/minecraft/world/entity/ai/village/poi/PoiTypeIds	Lnet/minecraft/resources/ResourceKey;	TEST_INSTANCE	field_1_11517
FIELD	net/minecraft/world/entity/ai/village/poi/PoiTypeIds	Lnet/minecraft/resources/ResourceKey;	TOOLSMITH	field_1_11518
FIELD	net/minecraft/world/entity/ai/village/poi/PoiTypeIds	Lnet/minecraft/resources/ResourceKey;	WEAPONSMITH	field_1_11519
METHOD	net/minecraft/world/entity/ai/village/poi/PoiTypeIds	(Ljava/lang/String;)Lnet/minecraft/resources/ResourceKey;	register	method_1_11178
CLASS	net/minecraft/world/level/block/AmethystClusterBlock	class_1_1768
CLASS	net/minecraft/world/level/block/sounds/BlockSoundSet	class_1_1769
FIELD	net/minecraft/world/level/block/sounds/BlockSoundSet	Lcom/mojang/serialization/Codec;	DIRECT_CODEC	field_1_11520
FIELD	net/minecraft/world/level/block/sounds/BlockSoundSet	Lnet/minecraft/world/level/block/sounds/BlockSoundSet;	EMPTY	field_1_11521
FIELD	net/minecraft/world/level/block/sounds/BlockSoundSet	Ljava/util/Optional;	breakSound	comp_1_1950
FIELD	net/minecraft/world/level/block/sounds/BlockSoundSet	Ljava/util/Optional;	fallSound	comp_1_1951
FIELD	net/minecraft/world/level/block/sounds/BlockSoundSet	Ljava/util/Optional;	hitSound	comp_1_1952
FIELD	net/minecraft/world/level/block/sounds/BlockSoundSet	F	pitch	comp_1_1953
FIELD	net/minecraft/world/level/block/sounds/BlockSoundSet	Ljava/util/Optional;	placeSound	comp_1_1954
FIELD	net/minecraft/world/level/block/sounds/BlockSoundSet	Ljava/util/Optional;	stepSound	comp_1_1955
FIELD	net/minecraft/world/level/block/sounds/BlockSoundSet	F	volume	comp_1_1956
METHOD	net/minecraft/world/level/block/sounds/BlockSoundSet	(Lcom/mojang/serialization/codecs/RecordCodecBuilder$Instance;)Lcom/mojang/datafixers/kinds/App;	lambda$static$0	method_1_11179
FIELD	net/minecraft/world/level/block/state/BlockBehaviour	Ljava/util/Optional;	blockSoundSet	field_1_11522
METHOD	net/minecraft/world/level/block/state/BlockBehaviour$BlockStateBase	()Ljava/util/Optional;	getSounds	method_1_11180
METHOD	net/minecraft/world/level/block/state/BlockBehaviour$BlockStateBase	(Lnet/minecraft/world/level/LevelReader;)Lnet/minecraft/world/level/block/sounds/BlockSoundSet;	getSounds	method_1_11181
METHOD	net/minecraft/world/level/block/state/BlockBehaviour$BlockStateBase	(Lnet/minecraft/world/level/LevelReader;)Ljava/util/Optional;	getSoundsAsHolder	method_1_11182
FIELD	net/minecraft/world/level/block/state/BlockBehaviour$Properties	Ljava/util/Optional;	blockSoundSet	field_1_11523
METHOD	net/minecraft/world/level/block/state/BlockBehaviour$Properties	()Lnet/minecraft/world/level/block/state/BlockBehaviour$Properties;	noSound	method_1_11183
FIELD	com/mojang/renderpearl/api/device/HintsAndWorkarounds	Z	needsImeFullscreenWorkaround	comp_1_1957
CLASS	com/mojang/renderpearl/backend/vulkan/D3D12GpuSurface	class_1_1770
FIELD	com/mojang/renderpearl/backend/vulkan/D3D12GpuSurface	Z	$assertionsDisabled	field_1_11524
FIELD	com/mojang/renderpearl/backend/vulkan/D3D12GpuSurface	Lorg/slf4j/Logger;	LOGGER	field_1_11525
FIELD	com/mojang/renderpearl/backend/vulkan/D3D12GpuSurface	Ljava/util/List;	allocators	field_1_11526
FIELD	com/mojang/renderpearl/backend/vulkan/D3D12GpuSurface	Z	allowTearing	field_1_11527
FIELD	com/mojang/renderpearl/backend/vulkan/D3D12GpuSurface	Z	blitModeActive	field_1_11528
FIELD	com/mojang/renderpearl/backend/vulkan/D3D12GpuSurface	Ljava/util/List;	blitTargetHandles	field_1_11529
FIELD	com/mojang/renderpearl/backend/vulkan/D3D12GpuSurface	Lcom/mojang/renderpearl/util/dx/d3d12/D3D12GraphicsCommandList;	commandList	field_1_11530
FIELD	com/mojang/renderpearl/backend/vulkan/D3D12GpuSurface	Lcom/mojang/renderpearl/util/dx/d3d12/D3D12CommandQueue;	commandQueue	field_1_11531
FIELD	com/mojang/renderpearl/backend/vulkan/D3D12GpuSurface	Lcom/mojang/renderpearl/util/dx/d3d12/D3D12Device;	d3d12Device	field_1_11532
FIELD	com/mojang/renderpearl/backend/vulkan/D3D12GpuSurface	Ljava/util/List;	d3dBlitTargets	field_1_11533
FIELD	com/mojang/renderpearl/backend/vulkan/D3D12GpuSurface	Ljava/util/List;	dxImagesToClose	field_1_11534
FIELD	com/mojang/renderpearl/backend/vulkan/D3D12GpuSurface	Lcom/mojang/renderpearl/util/dx/dxgi/DXGIFactory5;	dxgiFactory	field_1_11535
FIELD	com/mojang/renderpearl/backend/vulkan/D3D12GpuSurface	Ljava/util/List;	dxgiSwapchainImages	field_1_11536
FIELD	com/mojang/renderpearl/backend/vulkan/D3D12GpuSurface	Lcom/mojang/renderpearl/util/dx/d3d12/D3D12Fence;	fence	field_1_11537
FIELD	com/mojang/renderpearl/backend/vulkan/D3D12GpuSurface	Lcom/mojang/renderpearl/util/dx/Win32Handle;	fenceSharedHandle	field_1_11538
FIELD	com/mojang/renderpearl/backend/vulkan/D3D12GpuSurface	J	fenceValue	field_1_11539
FIELD	com/mojang/renderpearl/backend/vulkan/D3D12GpuSurface	Lcom/mojang/renderpearl/api/device/GpuSurface$PresentMode;	mode	field_1_11540
FIELD	com/mojang/renderpearl/backend/vulkan/D3D12GpuSurface	I	nodeMask	field_1_11541
FIELD	com/mojang/renderpearl/backend/vulkan/D3D12GpuSurface	I	swapchainHeight	field_1_11542
FIELD	com/mojang/renderpearl/backend/vulkan/D3D12GpuSurface	Lcom/mojang/renderpearl/util/dx/dxgi/DXGISwapchain3;	swapchain	field_1_11543
FIELD	com/mojang/renderpearl/backend/vulkan/D3D12GpuSurface	I	swapchainWidth	field_1_11544
FIELD	com/mojang/renderpearl/backend/vulkan/D3D12GpuSurface	Lit/unimi/dsi/fastutil/longs/LongList;	vkImportedImageMemories	field_1_11545
FIELD	com/mojang/renderpearl/backend/vulkan/D3D12GpuSurface	Lit/unimi/dsi/fastutil/longs/LongList;	vkImportedImages	field_1_11546
FIELD	com/mojang/renderpearl/backend/vulkan/D3D12GpuSurface	J	vkImportedSemaphore	field_1_11547
FIELD	com/mojang/renderpearl/backend/vulkan/D3D12GpuSurface	Lcom/mojang/renderpearl/backend/vulkan/VulkanDevice;	vulkanDevice	field_1_11548
FIELD	com/mojang/renderpearl/backend/vulkan/D3D12GpuSurface	Lcom/mojang/renderpearl/util/dx/Win32Handle;	waitHandle	field_1_11549
FIELD	com/mojang/renderpearl/backend/vulkan/D3D12GpuSurface	J	win32Window	field_1_11550
METHOD	com/mojang/renderpearl/backend/vulkan/D3D12GpuSurface	(Lorg/lwjgl/vulkan/VkPhysicalDevice;Lcom/mojang/renderpearl/backend/vulkan/init/FeatureSet;)Z	available	method_1_11184
METHOD	com/mojang/renderpearl/backend/vulkan/D3D12GpuSurface	(Lorg/lwjgl/vulkan/VkPhysicalDevice;Lcom/mojang/renderpearl/backend/vulkan/init/FeatureSet;)Z	checkPhysicalDeviceImportCapabilities	method_1_11185
METHOD	com/mojang/renderpearl/backend/vulkan/D3D12GpuSurface	()V	destroySwapchain	method_1_11186
METHOD	com/mojang/renderpearl/backend/vulkan/D3D12GpuSurface	()Z	environmentMeetsBasicRequirements	method_1_11187
FIELD	com/mojang/renderpearl/backend/vulkan/D3D12GpuSurface$1	[I	$SwitchMap$com$mojang$renderpearl$api$device$GpuSurface$PresentMode	field_1_11551
CLASS	com/mojang/renderpearl/util/dx/d3d12/D3D12DeviceChild	class_1_1771
FIELD	net/minecraft/client/data/models/BlockModelGenerators	Lnet/minecraft/client/renderer/block/dispatch/VariantMutator;	Z_ROT_180	field_1_11552
METHOD	net/minecraft/client/data/models/BlockModelGenerators	()V	createIceCrystal	method_1_11188
METHOD	net/minecraft/client/data/models/BlockModelGenerators	()V	createIcicle	method_1_11189
FIELD	net/minecraft/client/data/models/model/ModelTemplates	Lnet/minecraft/client/data/models/model/ModelTemplate;	ICICLE	field_1_11553
FIELD	net/minecraft/client/data/models/model/ModelTemplates	Lnet/minecraft/client/data/models/model/ModelTemplate;	ICICLE_BASE	field_1_11554
CLASS	net/minecraft/client/renderer/texture/TextureProvider	class_1_1772
METHOD	net/minecraft/client/renderer/texture/TextureProvider	(Lcom/mojang/renderpearl/util/UncheckedAutoCloseable;Lnet/minecraft/resources/Identifier;)Lnet/minecraft/client/renderer/texture/TextureResources;	createTexture	method_1_11190
METHOD	net/minecraft/client/renderer/texture/TextureProvider	()Lcom/mojang/renderpearl/util/UncheckedAutoCloseable;	missingState	method_1_11191
METHOD	net/minecraft/client/renderer/texture/TextureProvider	(Lnet/minecraft/server/packs/resources/ResourceManager;Lnet/minecraft/resources/Identifier;)Lcom/mojang/renderpearl/util/UncheckedAutoCloseable;	prepareState	method_1_11192
FIELD	net/minecraft/world/level/block/sounds/BlockSoundSets	Lnet/minecraft/resources/ResourceKey;	ICE	field_1_11555
FIELD	net/minecraft/world/level/block/sounds/BlockSoundSets	Lnet/minecraft/resources/ResourceKey;	ICE_CRYSTAL	field_1_11556
FIELD	net/minecraft/world/level/block/sounds/BlockSoundSets	Lnet/minecraft/resources/ResourceKey;	ICICLE	field_1_11557
METHOD	net/minecraft/world/level/block/sounds/BlockSoundSets	(Lnet/minecraft/data/worldgen/BootstrapContext;)V	bootstrap	method_1_11193
METHOD	net/minecraft/world/level/block/sounds/BlockSoundSets	(Ljava/lang/String;)Lnet/minecraft/resources/ResourceKey;	key	method_1_11194
CLASS	com/mojang/renderpearl/util/dx/d3d12/D3D12CommandQueue	class_1_1773
FIELD	com/mojang/renderpearl/util/dx/d3d12/D3D12CommandQueue	Ljava/lang/invoke/MethodHandle;	executeCommandLists	field_1_11558
FIELD	com/mojang/renderpearl/util/dx/d3d12/D3D12CommandQueue	Ljava/lang/invoke/MethodHandle;	signal	field_1_11559
FIELD	com/mojang/renderpearl/util/dx/d3d12/D3D12CommandQueue	Ljava/lang/invoke/MethodHandle;	wait	field_1_11560
METHOD	com/mojang/renderpearl/util/dx/d3d12/D3D12CommandQueue	(Lcom/mojang/renderpearl/util/dx/d3d12/D3D12GraphicsCommandList;)I	executeCommandList	method_1_11195
METHOD	com/mojang/renderpearl/util/dx/d3d12/D3D12CommandQueue	(Lcom/mojang/renderpearl/util/dx/d3d12/D3D12Fence;J)I	signal	method_1_11196
METHOD	com/mojang/renderpearl/util/dx/d3d12/D3D12CommandQueue	(Lcom/mojang/renderpearl/util/dx/d3d12/D3D12Fence;J)I	wait	method_1_11197
CLASS	com/mojang/renderpearl/util/dx/d3d12/D3D12ResourceDesc	class_1_1774
FIELD	com/mojang/renderpearl/util/dx/d3d12/D3D12ResourceDesc	Ljava/lang/invoke/VarHandle;	ALIGNMENT_HANDLE	field_1_11561
FIELD	com/mojang/renderpearl/util/dx/d3d12/D3D12ResourceDesc	Ljava/lang/invoke/VarHandle;	DEPTH_OR_ARRAY_STRIDE_HANDLE	field_1_11562
FIELD	com/mojang/renderpearl/util/dx/d3d12/D3D12ResourceDesc	Ljava/lang/invoke/VarHandle;	DIMENSION_HANDLE	field_1_11563
FIELD	com/mojang/renderpearl/util/dx/d3d12/D3D12ResourceDesc	Ljava/lang/invoke/VarHandle;	FLAGS_HANDLE	field_1_11564
FIELD	com/mojang/renderpearl/util/dx/d3d12/D3D12ResourceDesc	Ljava/lang/invoke/VarHandle;	FORMAT_HANDLE	field_1_11565
FIELD	com/mojang/renderpearl/util/dx/d3d12/D3D12ResourceDesc	Ljava/lang/invoke/VarHandle;	HEIGHT_HANDLE	field_1_11566
FIELD	com/mojang/renderpearl/util/dx/d3d12/D3D12ResourceDesc	Ljava/lang/foreign/StructLayout;	LAYOUT	field_1_11567
FIELD	com/mojang/renderpearl/util/dx/d3d12/D3D12ResourceDesc	Ljava/lang/invoke/VarHandle;	LAYOUT_HANDLE	field_1_11568
FIELD	com/mojang/renderpearl/util/dx/d3d12/D3D12ResourceDesc	Ljava/lang/invoke/VarHandle;	MIP_LEVELS_HANDLE	field_1_11569
FIELD	com/mojang/renderpearl/util/dx/d3d12/D3D12ResourceDesc	Ljava/lang/invoke/VarHandle;	NODE_MASK_HANDLE	field_1_11570
FIELD	com/mojang/renderpearl/util/dx/d3d12/D3D12ResourceDesc	J	SAMPLE_DESC_OFFSET	field_1_11571
FIELD	com/mojang/renderpearl/util/dx/d3d12/D3D12ResourceDesc	Ljava/lang/invoke/VarHandle;	WIDTH_HANDLE	field_1_11572
FIELD	com/mojang/renderpearl/util/dx/d3d12/D3D12ResourceDesc	Ljava/lang/foreign/MemorySegment;	segment	field_1_11573
METHOD	com/mojang/renderpearl/util/dx/d3d12/D3D12ResourceDesc	()Ljava/lang/foreign/MemorySegment;	address	method_1_11198
METHOD	com/mojang/renderpearl/util/dx/d3d12/D3D12ResourceDesc	()I	alignment	method_1_11199
METHOD	com/mojang/renderpearl/util/dx/d3d12/D3D12ResourceDesc	(I)V	alignment	method_1_11200
METHOD	com/mojang/renderpearl/util/dx/d3d12/D3D12ResourceDesc	()S	depthOrArrayStride	method_1_11201
METHOD	com/mojang/renderpearl/util/dx/d3d12/D3D12ResourceDesc	(S)V	depthOrArrayStride	method_1_11202
METHOD	com/mojang/renderpearl/util/dx/d3d12/D3D12ResourceDesc	()I	dimension	method_1_11203
METHOD	com/mojang/renderpearl/util/dx/d3d12/D3D12ResourceDesc	(I)V	dimension	method_1_11204
METHOD	com/mojang/renderpearl/util/dx/d3d12/D3D12ResourceDesc	()I	flags	method_1_11205
METHOD	com/mojang/renderpearl/util/dx/d3d12/D3D12ResourceDesc	(I)V	flags	method_1_11206
METHOD	com/mojang/renderpearl/util/dx/d3d12/D3D12ResourceDesc	()I	format	method_1_11207
METHOD	com/mojang/renderpearl/util/dx/d3d12/D3D12ResourceDesc	(I)V	format	method_1_11208
METHOD	com/mojang/renderpearl/util/dx/d3d12/D3D12ResourceDesc	()I	height	method_1_11209
METHOD	com/mojang/renderpearl/util/dx/d3d12/D3D12ResourceDesc	(I)V	height	method_1_11210
METHOD	com/mojang/renderpearl/util/dx/d3d12/D3D12ResourceDesc	()I	layout	method_1_11211
METHOD	com/mojang/renderpearl/util/dx/d3d12/D3D12ResourceDesc	(I)V	layout	method_1_11212
METHOD	com/mojang/renderpearl/util/dx/d3d12/D3D12ResourceDesc	()S	mipLevels	method_1_11213
METHOD	com/mojang/renderpearl/util/dx/d3d12/D3D12ResourceDesc	(S)V	mipLevels	method_1_11214
METHOD	com/mojang/renderpearl/util/dx/d3d12/D3D12ResourceDesc	()I	nodeMask	method_1_11215
METHOD	com/mojang/renderpearl/util/dx/d3d12/D3D12ResourceDesc	(I)V	nodeMask	method_1_11216
METHOD	com/mojang/renderpearl/util/dx/d3d12/D3D12ResourceDesc	()Lcom/mojang/renderpearl/util/dx/dxgi/DXGISampleDesc;	sampleDesc	method_1_11217
METHOD	com/mojang/renderpearl/util/dx/d3d12/D3D12ResourceDesc	()J	width	method_1_11218
METHOD	com/mojang/renderpearl/util/dx/d3d12/D3D12ResourceDesc	(J)V	width	method_1_11219
CLASS	com/mojang/renderpearl/util/dx/dxgi/DXGISwapchainDesc1	class_1_1775
FIELD	com/mojang/renderpearl/util/dx/dxgi/DXGISwapchainDesc1	Ljava/lang/invoke/VarHandle;	ALPHA_MODE_HANDLE	field_1_11574
FIELD	com/mojang/renderpearl/util/dx/dxgi/DXGISwapchainDesc1	Ljava/lang/invoke/VarHandle;	BUFFER_COUNT_HANDLE	field_1_11575
FIELD	com/mojang/renderpearl/util/dx/dxgi/DXGISwapchainDesc1	Ljava/lang/invoke/VarHandle;	BUFFER_USAGE_HANDLE	field_1_11576
FIELD	com/mojang/renderpearl/util/dx/dxgi/DXGISwapchainDesc1	Ljava/lang/invoke/VarHandle;	FLAGS_HANDLE	field_1_11577
FIELD	com/mojang/renderpearl/util/dx/dxgi/DXGISwapchainDesc1	Ljava/lang/invoke/VarHandle;	FORMAT_HANDLE	field_1_11578
FIELD	com/mojang/renderpearl/util/dx/dxgi/DXGISwapchainDesc1	Ljava/lang/invoke/VarHandle;	HEIGHT_HANDLE	field_1_11579
FIELD	com/mojang/renderpearl/util/dx/dxgi/DXGISwapchainDesc1	Ljava/lang/foreign/StructLayout;	LAYOUT	field_1_11580
FIELD	com/mojang/renderpearl/util/dx/dxgi/DXGISwapchainDesc1	J	SAMPLE_DESC_OFFSET	field_1_11581
FIELD	com/mojang/renderpearl/util/dx/dxgi/DXGISwapchainDesc1	Ljava/lang/invoke/VarHandle;	SCALING_HANDLE	field_1_11582
FIELD	com/mojang/renderpearl/util/dx/dxgi/DXGISwapchainDesc1	Ljava/lang/invoke/VarHandle;	STEREO_HANDLE	field_1_11583
FIELD	com/mojang/renderpearl/util/dx/dxgi/DXGISwapchainDesc1	Ljava/lang/invoke/VarHandle;	SWAP_EFFECT_HANDLE	field_1_11584
FIELD	com/mojang/renderpearl/util/dx/dxgi/DXGISwapchainDesc1	Ljava/lang/invoke/VarHandle;	WIDTH_HANDLE	field_1_11585
FIELD	com/mojang/renderpearl/util/dx/dxgi/DXGISwapchainDesc1	Ljava/lang/foreign/MemorySegment;	segment	field_1_11586
METHOD	com/mojang/renderpearl/util/dx/dxgi/DXGISwapchainDesc1	()Ljava/lang/foreign/MemorySegment;	address	method_1_11220
METHOD	com/mojang/renderpearl/util/dx/dxgi/DXGISwapchainDesc1	()I	alphaMode	method_1_11221
METHOD	com/mojang/renderpearl/util/dx/dxgi/DXGISwapchainDesc1	(I)V	alphaMode	method_1_11222
METHOD	com/mojang/renderpearl/util/dx/dxgi/DXGISwapchainDesc1	()I	bufferCount	method_1_11223
METHOD	com/mojang/renderpearl/util/dx/dxgi/DXGISwapchainDesc1	(I)V	bufferCount	method_1_11224
METHOD	com/mojang/renderpearl/util/dx/dxgi/DXGISwapchainDesc1	()I	bufferUsage	method_1_11225
METHOD	com/mojang/renderpearl/util/dx/dxgi/DXGISwapchainDesc1	(I)V	bufferUsage	method_1_11226
METHOD	com/mojang/renderpearl/util/dx/dxgi/DXGISwapchainDesc1	()I	flags	method_1_11227
METHOD	com/mojang/renderpearl/util/dx/dxgi/DXGISwapchainDesc1	(I)V	flags	method_1_11228
METHOD	com/mojang/renderpearl/util/dx/dxgi/DXGISwapchainDesc1	()I	format	method_1_11229
METHOD	com/mojang/renderpearl/util/dx/dxgi/DXGISwapchainDesc1	(I)V	format	method_1_11230
METHOD	com/mojang/renderpearl/util/dx/dxgi/DXGISwapchainDesc1	()I	height	method_1_11231
METHOD	com/mojang/renderpearl/util/dx/dxgi/DXGISwapchainDesc1	(I)V	height	method_1_11232
METHOD	com/mojang/renderpearl/util/dx/dxgi/DXGISwapchainDesc1	()Lcom/mojang/renderpearl/util/dx/dxgi/DXGISampleDesc;	sampleDesc	method_1_11233
METHOD	com/mojang/renderpearl/util/dx/dxgi/DXGISwapchainDesc1	()I	scaling	method_1_11234
METHOD	com/mojang/renderpearl/util/dx/dxgi/DXGISwapchainDesc1	(I)V	scaling	method_1_11235
METHOD	com/mojang/renderpearl/util/dx/dxgi/DXGISwapchainDesc1	()Z	stereo	method_1_11236
METHOD	com/mojang/renderpearl/util/dx/dxgi/DXGISwapchainDesc1	(Z)V	stereo	method_1_11237
METHOD	com/mojang/renderpearl/util/dx/dxgi/DXGISwapchainDesc1	()I	swapEffect	method_1_11238
METHOD	com/mojang/renderpearl/util/dx/dxgi/DXGISwapchainDesc1	(I)V	swapEffect	method_1_11239
METHOD	com/mojang/renderpearl/util/dx/dxgi/DXGISwapchainDesc1	()I	width	method_1_11240
METHOD	com/mojang/renderpearl/util/dx/dxgi/DXGISwapchainDesc1	(I)V	width	method_1_11241
METHOD	net/minecraft/client/gui/components/CommandSuggestions	(II)I	getScreenX	method_1_11242
FIELD	net/minecraft/client/gui/layouts/HeaderAndFooterLayout	I	contentMarginTop	field_1_11587
METHOD	net/minecraft/client/gui/layouts/HeaderAndFooterLayout	(I)V	setContentMarginTop	method_1_11243
FIELD	net/minecraft/client/gui/screens/friends/IncomingEntry	Lnet/minecraft/client/gui/components/Tooltip;	ACCEPT_TOOLTIP	field_1_11588
FIELD	net/minecraft/client/gui/screens/friends/IncomingEntry	I	BUTTON_SPACING	field_1_11589
FIELD	net/minecraft/client/gui/screens/friends/IncomingEntry	Lnet/minecraft/client/gui/components/Tooltip;	REJECT_TOOLTIP	field_1_11590
FIELD	net/minecraft/client/gui/screens/friends/IncomingEntry	I	SPRITE_TEXTURE_SIZE	field_1_11591
METHOD	net/minecraft/client/gui/screens/friends/IncomingEntry	(Lnet/minecraft/client/gui/screens/friends/FriendsListActions;Lnet/minecraft/client/gui/components/Button;)V	lambda$new$0	method_1_11244
METHOD	net/minecraft/client/gui/screens/friends/IncomingEntry	(Lnet/minecraft/client/gui/screens/friends/FriendsListActions;Lnet/minecraft/client/gui/components/Button;)V	lambda$new$1	method_1_11245
FIELD	net/minecraft/client/gui/screens/friends/OutgoingEntry	I	SPRITE_TEXTURE_SIZE	field_1_11592
METHOD	net/minecraft/client/gui/screens/friends/OutgoingEntry	(Lnet/minecraft/client/gui/screens/friends/FriendsListActions;Lnet/minecraft/client/gui/components/Button;)V	lambda$new$0	method_1_11246
CLASS	net/minecraft/client/renderer/entity/FrostbiteRenderer	class_1_1776
FIELD	net/minecraft/client/renderer/entity/FrostbiteRenderer	Lnet/minecraft/resources/Identifier;	FROSTBITE_BABY_LOCATION	field_1_11593
FIELD	net/minecraft/client/renderer/entity/FrostbiteRenderer	Lnet/minecraft/resources/Identifier;	FROSTBITE_LOCATION	field_1_11594
METHOD	net/minecraft/client/renderer/entity/FrostbiteRenderer	()Lnet/minecraft/client/renderer/entity/state/ZombieRenderState;	createRenderState	method_1_11247
CLASS	net/minecraft/client/renderer/texture/TextureResources	class_1_1777
FIELD	net/minecraft/client/renderer/texture/TextureResources	Ljava/util/function/IntUnaryOperator;	dumpModifier	comp_1_1958
FIELD	net/minecraft/client/renderer/texture/TextureResources	Lcom/mojang/renderpearl/api/textures/GpuTexture;	texture	comp_1_1959
METHOD	net/minecraft/client/renderer/texture/TextureResources	()V	close	method_1_11248
METHOD	net/minecraft/client/renderer/texture/TextureResources	(Lnet/minecraft/resources/Identifier;Ljava/nio/file/Path;)V	dumpContents	method_1_11249
METHOD	net/minecraft/client/renderer/texture/TextureResources	(Ljava/util/function/Supplier;Lcom/mojang/blaze3d/platform/NativeImage;)Lnet/minecraft/client/renderer/texture/TextureResources;	from2dImage	method_1_11250
METHOD	net/minecraft/client/renderer/texture/TextureResources	(Ljava/util/function/Supplier;Lcom/mojang/blaze3d/platform/NativeImage;Lcom/mojang/renderpearl/api/textures/GpuSampler;)Lnet/minecraft/client/renderer/texture/TextureResources;	from2dImage	method_1_11251
METHOD	net/minecraft/client/renderer/texture/TextureResources	(I)I	lambda$new$0	method_1_11252
CLASS	net/minecraft/world/entity/monster/zombie/RangedZombie	class_1_1778
FIELD	net/minecraft/world/entity/monster/zombie/RangedZombie	F	MELEE_MODE_DISTANCE_SQR	field_1_11595
FIELD	net/minecraft/world/entity/monster/zombie/RangedZombie	F	RANGED_MODE_DISTANCE_SQR	field_1_11596
FIELD	net/minecraft/world/entity/monster/zombie/RangedZombie	Z	isRanged	field_1_11597
FIELD	net/minecraft/world/entity/monster/zombie/RangedZombie	F	rangedAttackUncertainty	field_1_11598
METHOD	net/minecraft/world/entity/monster/zombie/RangedZombie	(Lnet/minecraft/world/level/Level;Lnet/minecraft/world/entity/LivingEntity;Lnet/minecraft/world/item/ItemStack;)Lnet/minecraft/world/entity/projectile/Projectile;	getProjectile	method_1_11253
METHOD	net/minecraft/world/entity/monster/zombie/RangedZombie	()Lnet/minecraft/sounds/SoundEvent;	getRangedAttackSound	method_1_11254
METHOD	net/minecraft/world/entity/monster/zombie/RangedZombie	()Lnet/minecraft/world/item/Item;	getRangedWeaponType	method_1_11255
METHOD	net/minecraft/world/entity/monster/zombie/RangedZombie	()Z	isRanged	method_1_11256
METHOD	net/minecraft/world/entity/monster/zombie/RangedZombie	(F)V	setRangedAttackUncertainty	method_1_11257
METHOD	net/minecraft/world/entity/monster/zombie/RangedZombie	()Z	shouldDoRangedAttack	method_1_11258
CLASS	net/minecraft/world/entity/monster/zombie/RangedZombie$RangedZombieMeleeAttackGoal	class_1_1779
FIELD	net/minecraft/world/entity/monster/zombie/RangedZombie$RangedZombieMeleeAttackGoal	Z	chargeWeapon	field_1_11599
FIELD	net/minecraft/world/entity/monster/zombie/RangedZombie$RangedZombieMeleeAttackGoal	Lnet/minecraft/world/entity/monster/zombie/RangedZombie;	zombie	field_1_11600
CLASS	net/minecraft/world/entity/monster/zombie/RangedZombie$RangedZombieRangedAttackGoal	class_1_1780
FIELD	net/minecraft/world/entity/monster/zombie/RangedZombie$RangedZombieRangedAttackGoal	Z	chargeWeapon	field_1_11601
FIELD	net/minecraft/world/entity/monster/zombie/RangedZombie$RangedZombieRangedAttackGoal	Z	stopWhenInRange	field_1_11602
FIELD	net/minecraft/world/entity/monster/zombie/RangedZombie$RangedZombieRangedAttackGoal	Lnet/minecraft/world/entity/monster/zombie/RangedZombie;	zombie	field_1_11603
FIELD	com/mojang/renderpearl/backend/vulkan/VulkanFeatureSets	Lcom/mojang/renderpearl/backend/vulkan/init/FeatureSet;	DXGI_FEATURESET	field_1_11604
CLASS	com/mojang/renderpearl/util/dx/dxgi/DXGIDeviceSubObject	class_1_1781
CLASS	net/minecraft/client/gui/components/AbstractCycleButton$Builder	class_1_1782
FIELD	net/minecraft/client/gui/components/AbstractCycleButton$Builder	Ljava/util/function/Supplier;	defaultValueSupplier	field_1_11605
FIELD	net/minecraft/client/gui/components/AbstractCycleButton$Builder	Lnet/minecraft/client/OptionInstance$TooltipSupplier;	tooltipSupplier	field_1_11606
FIELD	net/minecraft/client/gui/components/AbstractCycleButton$Builder	Ljava/util/function/Function;	valueStringifier	field_1_11607
FIELD	net/minecraft/client/gui/components/AbstractCycleButton$Builder	Lnet/minecraft/client/gui/components/AbstractCycleButton$ValueListSupplier;	values	field_1_11608
METHOD	net/minecraft/client/gui/components/AbstractCycleButton$Builder	(Ljava/lang/Object;)Lnet/minecraft/client/gui/components/Tooltip;	lambda$new$0	method_1_11259
METHOD	net/minecraft/client/gui/components/AbstractCycleButton$Builder	(Ljava/lang/Object;)Lnet/minecraft/client/gui/components/Tooltip;	lambda$withTooltip$0	method_1_11260
METHOD	net/minecraft/client/gui/components/AbstractCycleButton$Builder	()Lnet/minecraft/client/gui/components/AbstractCycleButton$Builder;	withTooltip	method_1_11261
METHOD	net/minecraft/client/gui/components/AbstractCycleButton$Builder	(Lnet/minecraft/client/OptionInstance$TooltipSupplier;)Lnet/minecraft/client/gui/components/AbstractCycleButton$Builder;	withTooltip	method_1_11262
METHOD	net/minecraft/client/gui/components/AbstractCycleButton$Builder	(Ljava/util/Collection;)Lnet/minecraft/client/gui/components/AbstractCycleButton$Builder;	withValues	method_1_11263
METHOD	net/minecraft/client/gui/components/AbstractCycleButton$Builder	(Ljava/util/List;Ljava/util/List;)Lnet/minecraft/client/gui/components/AbstractCycleButton$Builder;	withValues	method_1_11264
METHOD	net/minecraft/client/gui/components/AbstractCycleButton$Builder	(Ljava/util/function/BooleanSupplier;Ljava/util/List;Ljava/util/List;)Lnet/minecraft/client/gui/components/AbstractCycleButton$Builder;	withValues	method_1_11265
METHOD	net/minecraft/client/gui/components/AbstractCycleButton$Builder	(Lnet/minecraft/client/gui/components/AbstractCycleButton$ValueListSupplier;)Lnet/minecraft/client/gui/components/AbstractCycleButton$Builder;	withValues	method_1_11266
METHOD	net/minecraft/client/gui/components/AbstractCycleButton$Builder	([Ljava/lang/Object;)Lnet/minecraft/client/gui/components/AbstractCycleButton$Builder;	withValues	method_1_11267
CLASS	net/minecraft/client/gui/components/ScaledWidgetSprites	class_1_1783
FIELD	net/minecraft/client/gui/components/ScaledWidgetSprites	I	height	comp_1_1960
FIELD	net/minecraft/client/gui/components/ScaledWidgetSprites	Lnet/minecraft/client/gui/components/WidgetSprites;	sprites	comp_1_1961
FIELD	net/minecraft/client/gui/components/ScaledWidgetSprites	I	width	comp_1_1962
METHOD	net/minecraft/client/gui/components/ScaledWidgetSprites	(Lnet/minecraft/client/gui/components/AbstractWidget;Lnet/minecraft/client/gui/GuiGraphicsExtractor;)V	extractCenteredSprite	method_1_11268
METHOD	net/minecraft/client/gui/components/ScaledWidgetSprites	(Lnet/minecraft/client/gui/components/AbstractWidget;Lnet/minecraft/client/gui/GuiGraphicsExtractor;II)V	extractSprite	method_1_11269
CLASS	net/minecraft/client/renderer/texture/TextureProvider2d	class_1_1784
METHOD	net/minecraft/client/renderer/texture/TextureProvider2d	(Lnet/minecraft/client/renderer/texture/TextureContents;Lnet/minecraft/resources/Identifier;)Lnet/minecraft/client/renderer/texture/TextureResources;	createTexture	method_1_11270
METHOD	net/minecraft/client/renderer/texture/TextureProvider2d	()Lnet/minecraft/client/renderer/texture/TextureContents;	missingState	method_1_11271
METHOD	net/minecraft/client/renderer/texture/TextureProvider2d	(Lnet/minecraft/server/packs/resources/ResourceManager;Lnet/minecraft/resources/Identifier;)Lnet/minecraft/client/renderer/texture/TextureContents;	prepareState	method_1_11272
METHOD	net/minecraft/world/attribute/EnvironmentAttributeProbe	(Lnet/minecraft/world/level/Level;IIID)V	lambda$tick$0	method_1_11273
CLASS	com/mojang/renderpearl/util/dx/d3d12/D3D12HeapProperties	class_1_1785
FIELD	com/mojang/renderpearl/util/dx/d3d12/D3D12HeapProperties	Ljava/lang/invoke/VarHandle;	CPU_PAGE_PROPERTY_HANDLE	field_1_11609
FIELD	com/mojang/renderpearl/util/dx/d3d12/D3D12HeapProperties	Ljava/lang/invoke/VarHandle;	CREATION_NODE_MASK_HANDLE	field_1_11610
FIELD	com/mojang/renderpearl/util/dx/d3d12/D3D12HeapProperties	Ljava/lang/foreign/StructLayout;	LAYOUT	field_1_11611
FIELD	com/mojang/renderpearl/util/dx/d3d12/D3D12HeapProperties	Ljava/lang/invoke/VarHandle;	MEMORY_POOL_PREFERENCE_HANDLE	field_1_11612
FIELD	com/mojang/renderpearl/util/dx/d3d12/D3D12HeapProperties	Ljava/lang/invoke/VarHandle;	TYPE_HANDLE	field_1_11613
FIELD	com/mojang/renderpearl/util/dx/d3d12/D3D12HeapProperties	Ljava/lang/invoke/VarHandle;	VISIBLE_NODE_MASK_HANDLE	field_1_11614
FIELD	com/mojang/renderpearl/util/dx/d3d12/D3D12HeapProperties	Ljava/lang/foreign/MemorySegment;	segment	field_1_11615
METHOD	com/mojang/renderpearl/util/dx/d3d12/D3D12HeapProperties	()Ljava/lang/foreign/MemorySegment;	address	method_1_11274
METHOD	com/mojang/renderpearl/util/dx/d3d12/D3D12HeapProperties	()I	cpuPageProperty	method_1_11275
METHOD	com/mojang/renderpearl/util/dx/d3d12/D3D12HeapProperties	(I)V	cpuPageProperty	method_1_11276
METHOD	com/mojang/renderpearl/util/dx/d3d12/D3D12HeapProperties	()I	creationNodeMask	method_1_11277
METHOD	com/mojang/renderpearl/util/dx/d3d12/D3D12HeapProperties	(I)V	creationNodeMask	method_1_11278
METHOD	com/mojang/renderpearl/util/dx/d3d12/D3D12HeapProperties	()I	memoryPoolPreference	method_1_11279
METHOD	com/mojang/renderpearl/util/dx/d3d12/D3D12HeapProperties	(I)V	memoryPoolPreference	method_1_11280
METHOD	com/mojang/renderpearl/util/dx/d3d12/D3D12HeapProperties	()I	type	method_1_11281
METHOD	com/mojang/renderpearl/util/dx/d3d12/D3D12HeapProperties	(I)V	type	method_1_11282
METHOD	com/mojang/renderpearl/util/dx/d3d12/D3D12HeapProperties	()I	visibleNodeMask	method_1_11283
METHOD	com/mojang/renderpearl/util/dx/d3d12/D3D12HeapProperties	(I)V	visibleNodeMask	method_1_11284
FIELD	net/minecraft/client/gui/screens/friends/AddFriendWidget	Lnet/minecraft/network/chat/Component;	SORT_LIST	field_1_11616
FIELD	net/minecraft/client/gui/screens/friends/AddFriendWidget	Lnet/minecraft/client/gui/components/SpriteIconCycleButton;	sortButton	field_1_11617
METHOD	net/minecraft/client/gui/screens/friends/AddFriendWidget	(Lnet/minecraft/client/gui/screens/friends/FriendsListFilter;Ljava/lang/String;)V	lambda$new$0	method_1_11285
METHOD	net/minecraft/client/gui/screens/friends/AddFriendWidget	(Ljava/lang/Runnable;Lnet/minecraft/client/gui/components/Button;)V	lambda$new$1	method_1_11286
METHOD	net/minecraft/client/gui/screens/friends/AddFriendWidget	(Lnet/minecraft/client/gui/screens/friends/FriendsListOrder;Lnet/minecraft/client/gui/components/AbstractCycleButton;Lnet/minecraft/client/gui/screens/friends/FriendsListOrder$SortBy;)V	lambda$new$2	method_1_11287
METHOD	net/minecraft/client/gui/screens/friends/AddFriendWidget	(Ljava/lang/Runnable;)V	sendFriendRequest	method_1_11288
CLASS	net/minecraft/client/model/monster/zombie/FrostbiteModel	class_1_1786
METHOD	net/minecraft/client/resources/model/sprite/AtlasManager	(Ljava/nio/file/Path;)V	dumpAllSprites	method_1_11289
METHOD	net/minecraft/client/resources/model/sprite/AtlasManager	()V	tick	method_1_11290
CLASS	net/minecraft/client/gui/components/SpriteIconCycleButton	class_1_1787
FIELD	net/minecraft/client/gui/components/SpriteIconCycleButton	Ljava/util/function/Function;	valueSprite	field_1_11618
METHOD	net/minecraft/client/gui/components/SpriteIconCycleButton	(Lnet/minecraft/network/chat/Component;Ljava/util/function/Function;Ljava/lang/Object;)Lnet/minecraft/client/gui/components/SpriteIconCycleButton$Builder;	builder	method_1_11291
METHOD	net/minecraft/client/gui/components/SpriteIconCycleButton	(Lnet/minecraft/network/chat/Component;Ljava/util/function/Function;Ljava/util/function/Supplier;)Lnet/minecraft/client/gui/components/SpriteIconCycleButton$Builder;	builder	method_1_11292
METHOD	net/minecraft/client/gui/components/SpriteIconCycleButton	(Ljava/lang/Object;)Ljava/lang/Object;	lambda$builder$0	method_1_11293
CLASS	net/minecraft/client/gui/components/SpriteIconCycleButton$Builder	class_1_1788
FIELD	net/minecraft/client/gui/components/SpriteIconCycleButton$Builder	I	height	field_1_11619
FIELD	net/minecraft/client/gui/components/SpriteIconCycleButton$Builder	Lnet/minecraft/network/chat/Component;	message	field_1_11620
FIELD	net/minecraft/client/gui/components/SpriteIconCycleButton$Builder	Ljava/util/function/Function;	valueSprite	field_1_11621
FIELD	net/minecraft/client/gui/components/SpriteIconCycleButton$Builder	I	width	field_1_11622
METHOD	net/minecraft/client/gui/components/SpriteIconCycleButton$Builder	(II)Lnet/minecraft/client/gui/components/SpriteIconCycleButton;	build	method_1_11294
METHOD	net/minecraft/client/gui/components/SpriteIconCycleButton$Builder	(IILnet/minecraft/client/gui/components/AbstractCycleButton$OnValueChange;)Lnet/minecraft/client/gui/components/SpriteIconCycleButton;	build	method_1_11295
METHOD	net/minecraft/client/gui/components/SpriteIconCycleButton$Builder	(Lnet/minecraft/client/gui/components/AbstractCycleButton$OnValueChange;)Lnet/minecraft/client/gui/components/SpriteIconCycleButton;	build	method_1_11296
METHOD	net/minecraft/client/gui/components/SpriteIconCycleButton$Builder	(Lnet/minecraft/client/gui/components/AbstractCycleButton;Ljava/lang/Object;)V	lambda$build$0	method_1_11297
METHOD	net/minecraft/client/gui/components/SpriteIconCycleButton$Builder	(II)Lnet/minecraft/client/gui/components/SpriteIconCycleButton$Builder;	size	method_1_11298
METHOD	net/minecraft/client/gui/components/SpriteIconCycleButton$Builder	(Ljava/util/function/Function;)Lnet/minecraft/client/gui/components/SpriteIconCycleButton$Builder;	sprite	method_1_11299
METHOD	net/minecraft/client/gui/components/SpriteIconCycleButton$Builder	(I)Lnet/minecraft/client/gui/components/SpriteIconCycleButton$Builder;	width	method_1_11300
CLASS	net/minecraft/client/gui/screens/friends/FriendsListOrder	class_1_1789
FIELD	net/minecraft/client/gui/screens/friends/FriendsListOrder	Lnet/minecraft/client/gui/screens/friends/FriendsListOrder$SortBy;	DEFAULT_SORTING	field_1_11623
FIELD	net/minecraft/client/gui/screens/friends/FriendsListOrder	Lnet/minecraft/client/gui/screens/friends/FriendsListOrder$SortBy;	sorting	field_1_11624
FIELD	net/minecraft/client/gui/screens/friends/FriendsListOrder	Ljava/lang/Runnable;	updateCallback	field_1_11625
METHOD	net/minecraft/client/gui/screens/friends/FriendsListOrder	(Lnet/minecraft/client/gui/screens/friends/FriendEntry;Lnet/minecraft/client/gui/screens/friends/FriendEntry;)I	compare	method_1_11301
METHOD	net/minecraft/client/gui/screens/friends/FriendsListOrder	(Lnet/minecraft/client/gui/screens/friends/FriendsListOrder$SortBy;)V	updateSorting	method_1_11302
CLASS	net/minecraft/client/gui/screens/friends/FriendsListOrder$SortBy	class_1_1790
FIELD	net/minecraft/client/gui/screens/friends/FriendsListOrder$SortBy	Lnet/minecraft/client/gui/screens/friends/FriendsListOrder$SortBy;	ALPHABETICAL	field_1_11626
FIELD	net/minecraft/client/gui/screens/friends/FriendsListOrder$SortBy	Lnet/minecraft/client/gui/screens/friends/FriendsListOrder$SortBy;	PRESENCE	field_1_11627
FIELD	net/minecraft/client/gui/screens/friends/FriendsListOrder$SortBy	Ljava/util/Comparator;	comparator	field_1_11628
FIELD	net/minecraft/client/gui/screens/friends/FriendsListOrder$SortBy	Lnet/minecraft/client/gui/components/ScaledWidgetSprites;	sprites	field_1_11629
FIELD	net/minecraft/client/gui/screens/friends/FriendsListOrder$SortBy	Lnet/minecraft/network/chat/Component;	translatable	field_1_11630
METHOD	net/minecraft/client/gui/screens/friends/FriendsListOrder$SortBy	()[Lnet/minecraft/client/gui/screens/friends/FriendsListOrder$SortBy;	$values	method_1_11303
METHOD	net/minecraft/client/gui/screens/friends/FriendsListOrder$SortBy	()Ljava/util/Comparator;	getComparator	method_1_11304
METHOD	net/minecraft/client/gui/screens/friends/FriendsListOrder$SortBy	()Lnet/minecraft/client/gui/components/ScaledWidgetSprites;	getSprites	method_1_11305
METHOD	net/minecraft/client/gui/screens/friends/FriendsListOrder$SortBy	()Lnet/minecraft/network/chat/Component;	getTranslation	method_1_11306
METHOD	net/minecraft/client/gui/screens/inventory/BookViewScreen	(I)I	getPageInRange	method_1_11307
METHOD	net/minecraft/world/level/block/entity/LecternBlockEntity	(I)I	getPageInRange	method_1_11308
FIELD	net/minecraft/world/level/block/state/properties/WoodType	Lnet/minecraft/resources/ResourceKey;	blockSoundSet	comp_1_1963
METHOD	net/minecraft/world/level/levelgen/structure/StructureSet	(Lnet/minecraft/world/level/chunk/ChunkGenerator;Lnet/minecraft/core/RegistryAccess;Lnet/minecraft/world/level/chunk/ChunkGeneratorStructureState;Lnet/minecraft/world/level/ChunkPos;Lnet/minecraft/world/level/LevelHeightAccessor;Lnet/minecraft/world/level/levelgen/structure/templatesystem/StructureTemplateManager;Lnet/minecraft/resources/ResourceKey;Lnet/minecraft/world/level/biome/Climate$Sampler;)Lnet/minecraft/world/level/levelgen/structure/StructureStart;	tryGenerateStartInChunk	method_1_11309
METHOD	net/minecraft/world/level/levelgen/structure/StructureSet	(Lnet/minecraft/core/Holder;Lnet/minecraft/world/level/chunk/ChunkGenerator;Lnet/minecraft/core/RegistryAccess;Lnet/minecraft/world/level/levelgen/RandomState;Lnet/minecraft/world/level/levelgen/structure/templatesystem/StructureTemplateManager;JLnet/minecraft/world/level/ChunkPos;Lnet/minecraft/world/level/LevelHeightAccessor;Lnet/minecraft/resources/ResourceKey;Lnet/minecraft/world/level/biome/Climate$Sampler;)Lnet/minecraft/world/level/levelgen/structure/StructureStart;	tryGenerateStructure	method_1_11310
FIELD	com/mojang/renderpearl/backend/vulkan/VulkanCommandEncoder	Lorg/slf4j/Logger;	LOGGER	field_1_11631
CLASS	com/mojang/renderpearl/util/dx/d3d12/D3D12CommandAllocator	class_1_1791
FIELD	com/mojang/renderpearl/util/dx/d3d12/D3D12CommandAllocator	Ljava/lang/invoke/MethodHandle;	reset	field_1_11632
METHOD	com/mojang/renderpearl/util/dx/d3d12/D3D12CommandAllocator	()I	reset	method_1_11311
CLASS	com/mojang/renderpearl/util/dx/d3d12/D3D12CommandQueueDesc	class_1_1792
FIELD	com/mojang/renderpearl/util/dx/d3d12/D3D12CommandQueueDesc	Ljava/lang/invoke/VarHandle;	FLAGS_HANDLE	field_1_11633
FIELD	com/mojang/renderpearl/util/dx/d3d12/D3D12CommandQueueDesc	Ljava/lang/foreign/StructLayout;	LAYOUT	field_1_11634
FIELD	com/mojang/renderpearl/util/dx/d3d12/D3D12CommandQueueDesc	Ljava/lang/invoke/VarHandle;	NODE_MASK_HANDLE	field_1_11635
FIELD	com/mojang/renderpearl/util/dx/d3d12/D3D12CommandQueueDesc	Ljava/lang/invoke/VarHandle;	PRIORITY_HANDLE	field_1_11636
FIELD	com/mojang/renderpearl/util/dx/d3d12/D3D12CommandQueueDesc	Ljava/lang/invoke/VarHandle;	TYPE_HANDLE	field_1_11637
FIELD	com/mojang/renderpearl/util/dx/d3d12/D3D12CommandQueueDesc	Ljava/lang/foreign/MemorySegment;	segment	field_1_11638
METHOD	com/mojang/renderpearl/util/dx/d3d12/D3D12CommandQueueDesc	()Ljava/lang/foreign/MemorySegment;	address	method_1_11312
METHOD	com/mojang/renderpearl/util/dx/d3d12/D3D12CommandQueueDesc	()I	flags	method_1_11313
METHOD	com/mojang/renderpearl/util/dx/d3d12/D3D12CommandQueueDesc	(I)V	flags	method_1_11314
METHOD	com/mojang/renderpearl/util/dx/d3d12/D3D12CommandQueueDesc	()I	nodeMask	method_1_11315
METHOD	com/mojang/renderpearl/util/dx/d3d12/D3D12CommandQueueDesc	(I)V	nodeMask	method_1_11316
METHOD	com/mojang/renderpearl/util/dx/d3d12/D3D12CommandQueueDesc	()I	priority	method_1_11317
METHOD	com/mojang/renderpearl/util/dx/d3d12/D3D12CommandQueueDesc	(I)V	priority	method_1_11318
METHOD	com/mojang/renderpearl/util/dx/d3d12/D3D12CommandQueueDesc	()I	type	method_1_11319
METHOD	com/mojang/renderpearl/util/dx/d3d12/D3D12CommandQueueDesc	(I)V	type	method_1_11320
CLASS	net/minecraft/client/gui/screens/friends/FriendsListFilter	class_1_1793
FIELD	net/minecraft/client/gui/screens/friends/FriendsListFilter	Ljava/lang/String;	filter	field_1_11639
FIELD	net/minecraft/client/gui/screens/friends/FriendsListFilter	Ljava/lang/Runnable;	updateCallback	field_1_11640
METHOD	net/minecraft/client/gui/screens/friends/FriendsListFilter	(Ljava/util/List;)V	filter	method_1_11321
METHOD	net/minecraft/client/gui/screens/friends/FriendsListFilter	()Z	isEmpty	method_1_11322
METHOD	net/minecraft/client/gui/screens/friends/FriendsListFilter	(Lnet/minecraft/client/gui/screens/friends/AbstractFriendsEntryContainerWidget;)Z	lambda$filter$0	method_1_11323
METHOD	net/minecraft/client/gui/screens/friends/FriendsListFilter	(Ljava/lang/String;)Z	matchesFilter	method_1_11324
METHOD	net/minecraft/client/gui/screens/friends/FriendsListFilter	(Ljava/lang/String;)V	updateSearchFilter	method_1_11325
CLASS	net/minecraft/client/gui/screens/reporting/DraftIconButton	class_1_1794
FIELD	net/minecraft/client/gui/screens/reporting/DraftIconButton	Lnet/minecraft/client/gui/components/ScaledWidgetSprites;	DRAFT_REPORT_SPRITE	field_1_11641
FIELD	net/minecraft/client/gui/screens/reporting/DraftIconButton	Lnet/minecraft/client/gui/components/Tooltip;	draftTooltip	field_1_11642
FIELD	net/minecraft/client/gui/screens/reporting/DraftIconButton	Ljava/util/function/Predicate;	isRelevant	field_1_11643
METHOD	net/minecraft/world/level/levelgen/feature/SpeleothemUtils	(Lnet/minecraft/core/Direction;IZLjava/util/function/Consumer;Lnet/minecraft/world/level/block/Block;Lnet/minecraft/world/level/levelgen/feature/SpeleothemUtils$BaseBlockTransformer;)V	buildBaseToTipColumn	method_1_11326
METHOD	net/minecraft/world/level/levelgen/feature/SpeleothemUtils	(Lnet/minecraft/world/level/LevelAccessor;Lnet/minecraft/core/BlockPos;Lnet/minecraft/core/Direction;IZLnet/minecraft/world/level/block/Block;Lnet/minecraft/world/level/block/Block;Lnet/minecraft/core/HolderSet;)V	growSpeleothem	method_1_11327
CLASS	net/minecraft/world/level/levelgen/feature/SpeleothemUtils$BaseBlockTransformer	class_1_1795
FIELD	net/minecraft/world/level/levelgen/feature/SpeleothemUtils$BaseBlockTransformer	Lcom/mojang/serialization/Codec;	CODEC	field_1_11644
FIELD	net/minecraft/world/level/levelgen/feature/SpeleothemUtils$BaseBlockTransformer	Lnet/minecraft/world/level/levelgen/feature/SpeleothemUtils$BaseBlockTransformer;	NONE	field_1_11645
FIELD	net/minecraft/world/level/levelgen/feature/SpeleothemUtils$BaseBlockTransformer	Lnet/minecraft/world/level/levelgen/feature/SpeleothemUtils$BaseBlockTransformer;	SET_ATTACHED	field_1_11646
FIELD	net/minecraft/world/level/levelgen/feature/SpeleothemUtils$BaseBlockTransformer	Ljava/lang/String;	name	field_1_11647
FIELD	net/minecraft/world/level/levelgen/feature/SpeleothemUtils$BaseBlockTransformer	Ljava/util/function/UnaryOperator;	transformer	field_1_11648
METHOD	net/minecraft/world/level/levelgen/feature/SpeleothemUtils$BaseBlockTransformer	()[Lnet/minecraft/world/level/levelgen/feature/SpeleothemUtils$BaseBlockTransformer;	$values	method_1_11328
METHOD	net/minecraft/world/level/levelgen/feature/SpeleothemUtils$BaseBlockTransformer	(Lnet/minecraft/world/level/block/state/BlockState;)Lnet/minecraft/world/level/block/state/BlockState;	lambda$static$0	method_1_11329
METHOD	net/minecraft/world/level/levelgen/feature/SpeleothemUtils$BaseBlockTransformer	(Lnet/minecraft/world/level/block/state/BlockState;)Lnet/minecraft/world/level/block/state/BlockState;	transform	method_1_11330
FIELD	net/minecraft/client/gui/screens/friends/AbstractFriendsTab	Lnet/minecraft/resources/Identifier;	BACKGROUND_LIGHT_SPRITE	field_1_11649
FIELD	net/minecraft/client/gui/screens/friends/AbstractFriendsTab	Lnet/minecraft/resources/Identifier;	LIST_SEPARATOR_TOP	field_1_11650
FIELD	net/minecraft/client/gui/screens/friends/AbstractFriendsTab	I	MANAGE_ACCOUNT_FOOTER_MARGIN	field_1_11651
FIELD	net/minecraft/client/gui/screens/friends/AbstractFriendsTab	I	SCROLLBAR_SPACING	field_1_11652
FIELD	net/minecraft/client/gui/screens/friends/AbstractFriendsTab	Lnet/minecraft/client/gui/layouts/FrameLayout;	headerFrame	field_1_11653
FIELD	net/minecraft/client/gui/screens/friends/AbstractFriendsTab	Lnet/minecraft/client/gui/layouts/LinearLayout;	layout	field_1_11654
FIELD	net/minecraft/client/gui/screens/friends/AbstractFriendsTab	Lnet/minecraft/client/gui/layouts/LinearLayout;	scrollableContent	field_1_11655
FIELD	net/minecraft/client/gui/screens/friends/AbstractFriendsTab	Lnet/minecraft/client/gui/components/ScrollableLayout;	scrollableLayout	field_1_11656
METHOD	net/minecraft/client/gui/screens/friends/AbstractFriendsTab	(Lnet/minecraft/client/gui/screens/Screen;Lnet/minecraft/network/chat/Component;)Lnet/minecraft/client/gui/layouts/FrameLayout;	createManageAccountFooter	method_1_11331
METHOD	net/minecraft/client/gui/screens/friends/AbstractFriendsTab	(Lnet/minecraft/client/gui/GuiGraphicsExtractor;IIF)V	extractBackground	method_1_11332
METHOD	net/minecraft/client/gui/screens/friends/AbstractFriendsTab	(Lnet/minecraft/client/gui/screens/Screen;Lnet/minecraft/network/chat/Style;)V	lambda$createManageAccountFooter$0	method_1_11333
METHOD	net/minecraft/client/gui/screens/friends/AbstractFriendsTab	(Lnet/minecraft/client/gui/layouts/LayoutSettings;)V	lambda$showManageAccountFooter$0	method_1_11334
METHOD	net/minecraft/client/gui/screens/friends/AbstractFriendsTab	(Lnet/minecraft/client/gui/layouts/LayoutElement;)V	showCenteredContent	method_1_11335
METHOD	net/minecraft/client/gui/screens/friends/AbstractFriendsTab	(Lnet/minecraft/client/gui/screens/Screen;Lnet/minecraft/network/chat/Component;)V	showManageAccountFooter	method_1_11336
CLASS	net/minecraft/client/gui/screens/friends/FriendsListActions	class_1_1796
FIELD	net/minecraft/client/gui/screens/friends/FriendsListActions	Lnet/minecraft/network/chat/Component;	ERROR_TOAST_GENERIC	field_1_11657
FIELD	net/minecraft/client/gui/screens/friends/FriendsListActions	Lorg/slf4j/Logger;	LOGGER	field_1_11658
FIELD	net/minecraft/client/gui/screens/friends/FriendsListActions	Lnet/minecraft/client/Minecraft;	minecraft	field_1_11659
FIELD	net/minecraft/client/gui/screens/friends/FriendsListActions	Ljava/util/Map;	pendingFriendActions	field_1_11660
FIELD	net/minecraft/client/gui/screens/friends/FriendsListActions	Ljava/lang/Runnable;	refreshFriendsList	field_1_11661
FIELD	net/minecraft/client/gui/screens/friends/FriendsListActions	Ljava/lang/Runnable;	startFriendAction	field_1_11662
FIELD	net/minecraft/client/gui/screens/friends/FriendsListActions	Ljava/lang/Runnable;	updateListener	field_1_11663
METHOD	net/minecraft/client/gui/screens/friends/FriendsListActions	(Ljava/util/UUID;)V	acceptIncomingFriendRequest	method_1_11337
METHOD	net/minecraft/client/gui/screens/friends/FriendsListActions	(Ljava/lang/Runnable;Ljava/lang/Runnable;)V	addFriendListUpdateListener	method_1_11338
METHOD	net/minecraft/client/gui/screens/friends/FriendsListActions	(Ljava/util/UUID;)V	declineIncomingFriendRequest	method_1_11339
METHOD	net/minecraft/client/gui/screens/friends/FriendsListActions	(Ljava/util/UUID;)Lnet/minecraft/client/gui/screens/friends/FriendsListActions$Action;	getPendingAction	method_1_11340
METHOD	net/minecraft/client/gui/screens/friends/FriendsListActions	()V	lambda$new$0	method_1_11341
METHOD	net/minecraft/client/gui/screens/friends/FriendsListActions	()V	lambda$onActionFailed$0	method_1_11342
METHOD	net/minecraft/client/gui/screens/friends/FriendsListActions	(Ljava/util/UUID;Ljava/lang/Object;Ljava/lang/Throwable;)V	lambda$performFriendAction$0	method_1_11343
METHOD	net/minecraft/client/gui/screens/friends/FriendsListActions	(Ljava/lang/Throwable;)Ljava/lang/Void;	onActionFailed	method_1_11344
METHOD	net/minecraft/client/gui/screens/friends/FriendsListActions	(Ljava/util/UUID;Lnet/minecraft/client/gui/screens/friends/FriendsListActions$Action;Ljava/util/function/BiFunction;)V	performFriendAction	method_1_11345
METHOD	net/minecraft/client/gui/screens/friends/FriendsListActions	(Ljava/util/UUID;)V	removeFriend	method_1_11346
METHOD	net/minecraft/client/gui/screens/friends/FriendsListActions	()V	removeFriendListUpdateListener	method_1_11347
METHOD	net/minecraft/client/gui/screens/friends/FriendsListActions	(Ljava/util/UUID;)V	revokeOutgoingFriendRequest	method_1_11348
METHOD	net/minecraft/client/gui/screens/friends/FriendsListActions	(Ljava/util/UUID;)V	sendFriendRequest	method_1_11349
CLASS	net/minecraft/client/gui/screens/friends/FriendsListActions$Action	class_1_1797
FIELD	net/minecraft/client/gui/screens/friends/FriendsListActions$Action	Lnet/minecraft/client/gui/screens/friends/FriendsListActions$Action;	ACCEPT_INCOMING	field_1_11664
FIELD	net/minecraft/client/gui/screens/friends/FriendsListActions$Action	Lnet/minecraft/client/gui/screens/friends/FriendsListActions$Action;	ADD_FRIEND	field_1_11665
FIELD	net/minecraft/client/gui/screens/friends/FriendsListActions$Action	Lnet/minecraft/client/gui/screens/friends/FriendsListActions$Action;	DECLINE_INCOMING	field_1_11666
FIELD	net/minecraft/client/gui/screens/friends/FriendsListActions$Action	Lnet/minecraft/client/gui/screens/friends/FriendsListActions$Action;	NONE	field_1_11667
FIELD	net/minecraft/client/gui/screens/friends/FriendsListActions$Action	Lnet/minecraft/client/gui/screens/friends/FriendsListActions$Action;	REMOVE_FRIEND	field_1_11668
FIELD	net/minecraft/client/gui/screens/friends/FriendsListActions$Action	Lnet/minecraft/client/gui/screens/friends/FriendsListActions$Action;	REVOKE_OUTGOING	field_1_11669
METHOD	net/minecraft/client/gui/screens/friends/FriendsListActions$Action	()[Lnet/minecraft/client/gui/screens/friends/FriendsListActions$Action;	$values	method_1_11350
CLASS	net/minecraft/client/gui/screens/social/PlayerOptionsScreen	class_1_1798
FIELD	net/minecraft/client/gui/screens/social/PlayerOptionsScreen	I	BIG_BUTTON_WIDTH	field_1_11670
FIELD	net/minecraft/client/gui/screens/social/PlayerOptionsScreen	Lnet/minecraft/network/chat/Component;	CANCEL_REQUEST	field_1_11671
FIELD	net/minecraft/client/gui/screens/social/PlayerOptionsScreen	Lnet/minecraft/network/chat/Component;	CONFIRM_UNFRIEND	field_1_11672
FIELD	net/minecraft/client/gui/screens/social/PlayerOptionsScreen	Lnet/minecraft/resources/Identifier;	DRAFT_REPORT_SPRITE	field_1_11673
FIELD	net/minecraft/client/gui/screens/social/PlayerOptionsScreen	Lnet/minecraft/network/chat/Component;	EDIT_REPORT	field_1_11674
FIELD	net/minecraft/client/gui/screens/social/PlayerOptionsScreen	Lnet/minecraft/client/gui/components/Tooltip;	EDIT_REPORT_TOOLTIP	field_1_11675
FIELD	net/minecraft/client/gui/screens/social/PlayerOptionsScreen	I	FOOTER_HEIGHT	field_1_11676
FIELD	net/minecraft/client/gui/screens/social/PlayerOptionsScreen	I	HEADER_CONTENT_MARGIN	field_1_11677
FIELD	net/minecraft/client/gui/screens/social/PlayerOptionsScreen	I	HEADER_HEIGHT	field_1_11678
FIELD	net/minecraft/client/gui/screens/social/PlayerOptionsScreen	I	HORIZONTAL_SPACING	field_1_11679
FIELD	net/minecraft/client/gui/screens/social/PlayerOptionsScreen	Lnet/minecraft/network/chat/Component;	MUTE	field_1_11680
FIELD	net/minecraft/client/gui/screens/social/PlayerOptionsScreen	Lnet/minecraft/client/gui/components/Tooltip;	MUTE_TOOLTIP	field_1_11681
FIELD	net/minecraft/client/gui/screens/social/PlayerOptionsScreen	I	PLAYER_HEIGHT	field_1_11682
FIELD	net/minecraft/client/gui/screens/social/PlayerOptionsScreen	F	PLAYER_ROTATION_SCALE	field_1_11683
FIELD	net/minecraft/client/gui/screens/social/PlayerOptionsScreen	I	PLAYER_WIDTH	field_1_11684
FIELD	net/minecraft/client/gui/screens/social/PlayerOptionsScreen	I	PROFILE_BOTTOM_PADDING	field_1_11685
FIELD	net/minecraft/client/gui/screens/social/PlayerOptionsScreen	Lnet/minecraft/network/chat/Component;	REPORT	field_1_11686
FIELD	net/minecraft/client/gui/screens/social/PlayerOptionsScreen	Lnet/minecraft/client/gui/components/Tooltip;	REPORT_DISABLED_TOOLTIP	field_1_11687
FIELD	net/minecraft/client/gui/screens/social/PlayerOptionsScreen	Lnet/minecraft/client/gui/components/Tooltip;	REPORT_TOOLTIP	field_1_11688
FIELD	net/minecraft/client/gui/screens/social/PlayerOptionsScreen	Lnet/minecraft/network/chat/Component;	SEND_REQUEST	field_1_11689
FIELD	net/minecraft/client/gui/screens/social/PlayerOptionsScreen	I	SEPARATOR_HEIGHT	field_1_11690
FIELD	net/minecraft/client/gui/screens/social/PlayerOptionsScreen	I	SMALL_BUTTON_SPACING	field_1_11691
FIELD	net/minecraft/client/gui/screens/social/PlayerOptionsScreen	I	SMALL_BUTTON_WIDTH	field_1_11692
FIELD	net/minecraft/client/gui/screens/social/PlayerOptionsScreen	Lnet/minecraft/network/chat/Component;	TITLE	field_1_11693
FIELD	net/minecraft/client/gui/screens/social/PlayerOptionsScreen	Lnet/minecraft/network/chat/Component;	UNFRIEND	field_1_11694
FIELD	net/minecraft/client/gui/screens/social/PlayerOptionsScreen	Lnet/minecraft/network/chat/Component;	UNMUTE	field_1_11695
FIELD	net/minecraft/client/gui/screens/social/PlayerOptionsScreen	Lnet/minecraft/client/gui/components/Tooltip;	UNMUTE_TOOLTIP	field_1_11696
FIELD	net/minecraft/client/gui/screens/social/PlayerOptionsScreen	I	VERTICAL_SPACING	field_1_11697
FIELD	net/minecraft/client/gui/screens/social/PlayerOptionsScreen	Lnet/minecraft/client/gui/components/SpriteIconButton;	acceptFriendButton	field_1_11698
FIELD	net/minecraft/client/gui/screens/social/PlayerOptionsScreen	Lnet/minecraft/client/gui/layouts/LinearLayout;	contents	field_1_11699
FIELD	net/minecraft/client/gui/screens/social/PlayerOptionsScreen	Lnet/minecraft/client/gui/components/SpriteIconButton;	declineFriendButton	field_1_11700
FIELD	net/minecraft/client/gui/screens/social/PlayerOptionsScreen	Lnet/minecraft/client/gui/components/SpriteIconButton;	friendButton	field_1_11701
FIELD	net/minecraft/client/gui/screens/social/PlayerOptionsScreen	Lnet/minecraft/client/gui/screens/social/PlayerSocialManager$FriendState;	friendState	field_1_11702
FIELD	net/minecraft/client/gui/screens/social/PlayerOptionsScreen	Lnet/minecraft/client/gui/screens/friends/FriendsListActions;	friendsListActions	field_1_11703
FIELD	net/minecraft/client/gui/screens/social/PlayerOptionsScreen	Z	hasDraftReport	field_1_11704
FIELD	net/minecraft/client/gui/screens/social/PlayerOptionsScreen	Lnet/minecraft/client/gui/screens/Screen;	lastScreen	field_1_11705
FIELD	net/minecraft/client/gui/screens/social/PlayerOptionsScreen	Lnet/minecraft/client/gui/layouts/HeaderAndFooterLayout;	layout	field_1_11706
FIELD	net/minecraft/client/gui/screens/social/PlayerOptionsScreen	Lnet/minecraft/client/gui/components/Button;	muteButton	field_1_11707
FIELD	net/minecraft/client/gui/screens/social/PlayerOptionsScreen	Ljava/util/UUID;	playerId	field_1_11708
FIELD	net/minecraft/client/gui/screens/social/PlayerOptionsScreen	Ljava/lang/String;	playerName	field_1_11709
FIELD	net/minecraft/client/gui/screens/social/PlayerOptionsScreen	Lnet/minecraft/client/renderer/entity/state/AvatarRenderState;	playerRenderState	field_1_11710
FIELD	net/minecraft/client/gui/screens/social/PlayerOptionsScreen	Lnet/minecraft/client/gui/screens/friends/PlayerProfileWidget;	profileWidget	field_1_11711
FIELD	net/minecraft/client/gui/screens/social/PlayerOptionsScreen	Lnet/minecraft/client/gui/components/SpriteIconButton;	reportButton	field_1_11712
FIELD	net/minecraft/client/gui/screens/social/PlayerOptionsScreen	Ljava/util/function/Supplier;	skinGetter	field_1_11713
METHOD	net/minecraft/client/gui/screens/social/PlayerOptionsScreen	()V	cancelFriendRequest	method_1_11351
METHOD	net/minecraft/client/gui/screens/social/PlayerOptionsScreen	()V	confirmRemoveFriend	method_1_11352
METHOD	net/minecraft/client/gui/screens/social/PlayerOptionsScreen	()Lnet/minecraft/client/renderer/entity/state/AvatarRenderState;	createAvatarRenderState	method_1_11353
METHOD	net/minecraft/client/gui/screens/social/PlayerOptionsScreen	(Lnet/minecraft/client/gui/components/PopupScreen;)V	lambda$confirmRemoveFriend$0	method_1_11354
METHOD	net/minecraft/client/gui/screens/social/PlayerOptionsScreen	(Lnet/minecraft/client/gui/components/PopupScreen;)V	lambda$confirmRemoveFriend$1	method_1_11355
METHOD	net/minecraft/client/gui/screens/social/PlayerOptionsScreen	(Lnet/minecraft/client/gui/layouts/LayoutSettings;)V	lambda$init$0	method_1_11356
METHOD	net/minecraft/client/gui/screens/social/PlayerOptionsScreen	(Lnet/minecraft/client/gui/components/Button;)V	lambda$init$1	method_1_11357
METHOD	net/minecraft/client/gui/screens/social/PlayerOptionsScreen	(Lnet/minecraft/client/gui/screens/social/PlayerOptionsScreen;Lnet/minecraft/client/gui/components/AbstractWidget;)V	lambda$init$2	method_1_11358
METHOD	net/minecraft/client/gui/screens/social/PlayerOptionsScreen	(Lnet/minecraft/client/gui/components/Button;)V	lambda$new$0	method_1_11359
METHOD	net/minecraft/client/gui/screens/social/PlayerOptionsScreen	(Ljava/lang/String;Ljava/util/function/Supplier;)Lnet/minecraft/network/chat/MutableComponent;	lambda$new$1	method_1_11360
METHOD	net/minecraft/client/gui/screens/social/PlayerOptionsScreen	(Lnet/minecraft/client/gui/screens/friends/FriendsListActions;Ljava/util/UUID;Lnet/minecraft/client/gui/components/Button;)V	lambda$new$2	method_1_11361
METHOD	net/minecraft/client/gui/screens/social/PlayerOptionsScreen	(Lnet/minecraft/client/gui/screens/friends/FriendsListActions;Ljava/util/UUID;Lnet/minecraft/client/gui/components/Button;)V	lambda$new$3	method_1_11362
METHOD	net/minecraft/client/gui/screens/social/PlayerOptionsScreen	(Lnet/minecraft/client/gui/components/Button;)V	lambda$new$4	method_1_11363
METHOD	net/minecraft/client/gui/screens/social/PlayerOptionsScreen	(Lnet/minecraft/client/multiplayer/chat/report/ReportingContext;ZZZLnet/minecraft/client/gui/components/Button;)V	lambda$new$5	method_1_11364
METHOD	net/minecraft/client/gui/screens/social/PlayerOptionsScreen	(Lnet/minecraft/client/multiplayer/chat/report/ReportingContext;ZZZZ)V	lambda$report$0	method_1_11365
METHOD	net/minecraft/client/gui/screens/social/PlayerOptionsScreen	(Lnet/minecraft/client/multiplayer/chat/report/Report;)Z	lambda$report$1	method_1_11366
METHOD	net/minecraft/client/gui/screens/social/PlayerOptionsScreen	()V	muteOrUnmute	method_1_11367
METHOD	net/minecraft/client/gui/screens/social/PlayerOptionsScreen	(Lnet/minecraft/client/gui/screens/social/PlayerSocialManager;)V	refreshDisplayedStatus	method_1_11368
METHOD	net/minecraft/client/gui/screens/social/PlayerOptionsScreen	(Lnet/minecraft/client/multiplayer/chat/report/ReportingContext;)V	refreshHasDraftReport	method_1_11369
METHOD	net/minecraft/client/gui/screens/social/PlayerOptionsScreen	()V	refreshState	method_1_11370
METHOD	net/minecraft/client/gui/screens/social/PlayerOptionsScreen	(Lnet/minecraft/client/multiplayer/chat/report/ReportingContext;ZZZ)V	report	method_1_11371
METHOD	net/minecraft/client/gui/screens/social/PlayerOptionsScreen	()V	sendFriendRequest	method_1_11372
METHOD	net/minecraft/client/gui/screens/social/PlayerOptionsScreen	(ZLnet/minecraft/client/gui/screens/friends/FriendsListActions$Action;)V	setFriendButtonStates	method_1_11373
METHOD	net/minecraft/client/gui/screens/social/PlayerOptionsScreen	()V	startFriendAction	method_1_11374
METHOD	net/minecraft/client/gui/screens/social/PlayerOptionsScreen	(Lnet/minecraft/client/gui/screens/social/PlayerSocialManager;)V	updateFriendButtons	method_1_11375
FIELD	net/minecraft/client/gui/screens/social/PlayerOptionsScreen$1	[I	$SwitchMap$net$minecraft$client$gui$screens$friends$FriendsListActions$Action	field_1_11714
FIELD	net/minecraft/client/gui/screens/social/PlayerOptionsScreen$1	[I	$SwitchMap$net$minecraft$client$gui$screens$social$PlayerSocialManager$FriendState	field_1_11715
METHOD	net/minecraft/client/gui/screens/social/PlayerSocialManager	(Ljava/util/List;Ljava/util/UUID;)Z	containsFriendDto	method_1_11376
METHOD	net/minecraft/client/gui/screens/social/PlayerSocialManager	(Ljava/util/UUID;)Lnet/minecraft/client/gui/screens/social/PlayerSocialManager$FriendState;	getFriendState	method_1_11377
METHOD	net/minecraft/client/gui/screens/social/PlayerSocialManager	(Ljava/util/UUID;)Lnet/minecraft/client/gui/screens/social/PlayerSocialManager$Visibility;	getVisibility	method_1_11378
METHOD	net/minecraft/client/gui/screens/social/PlayerSocialManager	(Ljava/util/UUID;)Lcom/mojang/authlib/services/FriendsService$ResultCode;	lambda$sendFriendRequest$1	method_1_11379
METHOD	net/minecraft/client/gui/screens/social/PlayerSocialManager	(Ljava/util/UUID;)Ljava/util/concurrent/CompletableFuture;	sendFriendRequest	method_1_11380
CLASS	net/minecraft/client/gui/screens/social/PlayerSocialManager$FriendState	class_1_1799
FIELD	net/minecraft/client/gui/screens/social/PlayerSocialManager$FriendState	Lnet/minecraft/client/gui/screens/social/PlayerSocialManager$FriendState;	FRIENDS	field_1_11716
FIELD	net/minecraft/client/gui/screens/social/PlayerSocialManager$FriendState	Lnet/minecraft/client/gui/screens/social/PlayerSocialManager$FriendState;	NOT_FRIENDS	field_1_11717
FIELD	net/minecraft/client/gui/screens/social/PlayerSocialManager$FriendState	Lnet/minecraft/client/gui/screens/social/PlayerSocialManager$FriendState;	REQUEST_RECEIVED	field_1_11718
FIELD	net/minecraft/client/gui/screens/social/PlayerSocialManager$FriendState	Lnet/minecraft/client/gui/screens/social/PlayerSocialManager$FriendState;	REQUEST_SENT	field_1_11719
METHOD	net/minecraft/client/gui/screens/social/PlayerSocialManager$FriendState	()[Lnet/minecraft/client/gui/screens/social/PlayerSocialManager$FriendState;	$values	method_1_11381
CLASS	net/minecraft/client/gui/screens/social/PlayerSocialManager$Visibility	class_1_1800
FIELD	net/minecraft/client/gui/screens/social/PlayerSocialManager$Visibility	Lnet/minecraft/client/gui/screens/social/PlayerSocialManager$Visibility;	BLOCKED	field_1_11720
FIELD	net/minecraft/client/gui/screens/social/PlayerSocialManager$Visibility	Lnet/minecraft/client/gui/screens/social/PlayerSocialManager$Visibility;	MUTED	field_1_11721
FIELD	net/minecraft/client/gui/screens/social/PlayerSocialManager$Visibility	Lnet/minecraft/client/gui/screens/social/PlayerSocialManager$Visibility;	NORMAL	field_1_11722
METHOD	net/minecraft/client/gui/screens/social/PlayerSocialManager$Visibility	()[Lnet/minecraft/client/gui/screens/social/PlayerSocialManager$Visibility;	$values	method_1_11382
CLASS	net/minecraft/client/gui/screens/social/PresenceAwareScreen	class_1_1801
METHOD	net/minecraft/client/renderer/chunk/SectionRenderDispatcher$RenderSection	()Z	hasCompileTaskScheduled	method_1_11383
METHOD	net/minecraft/client/renderer/texture/SkinTextureDownloader	(Lcom/mojang/blaze3d/platform/NativeImage;Lnet/minecraft/core/ClientAsset$Texture;)Lnet/minecraft/core/ClientAsset$Texture;	lambda$registerTextureInManager$0	method_1_11384
FIELD	net/minecraft/data/worldgen/material/OverworldMaterialRules	Lnet/minecraft/resources/ResourceKey;	ICE_CAVES_SURFACE	field_1_11723
FIELD	net/minecraft/data/worldgen/material/OverworldMaterialRules	Lnet/minecraft/resources/ResourceKey;	ICE_CAVE_BANDS	field_1_11724
METHOD	net/minecraft/world/level/levelgen/structure/StructureStart	(I)V	setReferences	method_1_11385
FIELD	net/minecraft/client/gui/components/debug/DebugScreenEntries	Lnet/minecraft/resources/Identifier;	CHUNK_LOAD_STATUS	field_1_11725
FIELD	net/minecraft/client/gui/components/debug/DebugScreenEntries	Lnet/minecraft/resources/Identifier;	CHUNK_SECTION_STATUS	field_1_11726
FIELD	net/minecraft/client/gui/components/debug/DebugScreenEntries	Lnet/minecraft/resources/Identifier;	LIGHTMAP_TEXTURE	field_1_11727
CLASS	net/minecraft/client/gui/screens/friends/FriendOptionsScreen	class_1_1802
CLASS	net/minecraft/client/gui/screens/friends/PlayerProfileWidget	class_1_1803
FIELD	net/minecraft/client/gui/screens/friends/PlayerProfileWidget	I	FACE_BORDER	field_1_11728
FIELD	net/minecraft/client/gui/screens/friends/PlayerProfileWidget	I	FACE_SIZE	field_1_11729
FIELD	net/minecraft/client/gui/screens/friends/PlayerProfileWidget	I	LINE_SPACING	field_1_11730
FIELD	net/minecraft/client/gui/screens/friends/PlayerProfileWidget	I	NAME_LEFT_PADDING	field_1_11731
FIELD	net/minecraft/client/gui/screens/friends/PlayerProfileWidget	I	NAME_TOP_PADDING	field_1_11732
FIELD	net/minecraft/client/gui/screens/friends/PlayerProfileWidget	Lnet/minecraft/client/gui/layouts/LinearLayout;	layout	field_1_11733
FIELD	net/minecraft/client/gui/screens/friends/PlayerProfileWidget	Lnet/minecraft/client/gui/components/PlainTextButton;	profileNameButton	field_1_11734
FIELD	net/minecraft/client/gui/screens/friends/PlayerProfileWidget	Lnet/minecraft/client/gui/screens/friends/PresenceStatusWidget;	statusWidget	field_1_11735
METHOD	net/minecraft/client/gui/screens/friends/PlayerProfileWidget	(Lnet/minecraft/client/Minecraft;Ljava/lang/String;)Lnet/minecraft/client/gui/components/PlainTextButton;	createProfileNameButton	method_1_11386
METHOD	net/minecraft/client/gui/screens/friends/PlayerProfileWidget	(Lnet/minecraft/client/Minecraft;Ljava/lang/String;Lnet/minecraft/client/gui/components/Button;)V	lambda$createProfileNameButton$0	method_1_11387
METHOD	net/minecraft/client/gui/screens/friends/PlayerProfileWidget	(Lnet/minecraft/network/chat/Component;Ljava/util/function/Supplier;)Lnet/minecraft/network/chat/MutableComponent;	lambda$createProfileNameButton$1	method_1_11388
METHOD	net/minecraft/client/gui/screens/friends/PlayerProfileWidget	(Lnet/minecraft/client/gui/GuiGraphicsExtractor;IIFLnet/minecraft/client/gui/components/AbstractWidget;)V	lambda$extractWidgetRenderState$0	method_1_11389
METHOD	net/minecraft/client/gui/screens/friends/PlayerProfileWidget	(Lnet/minecraft/client/gui/layouts/LayoutSettings;)V	lambda$new$0	method_1_11390
METHOD	net/minecraft/client/gui/screens/friends/PlayerProfileWidget	()Lnet/minecraft/client/gui/screens/friends/PresenceStatusWidget;	statusWidget	method_1_11391
CLASS	net/minecraft/client/gui/screens/social/EntityPortraitWidget	class_1_1804
FIELD	net/minecraft/client/gui/screens/social/EntityPortraitWidget	Lnet/minecraft/client/renderer/entity/state/EntityRenderState;	renderState	field_1_11736
FIELD	net/minecraft/client/gui/screens/social/EntityPortraitWidget	F	rotationScale	field_1_11737
METHOD	net/minecraft/client/gui/screens/social/EntityPortraitWidget	(Lnet/minecraft/client/gui/GuiGraphicsExtractor;IIIIFFFFFLnet/minecraft/client/renderer/entity/state/EntityRenderState;)V	extractEntityInInventoryFollowsMouse	method_1_11392
METHOD	net/minecraft/client/gui/screens/social/EntityPortraitWidget	(Lnet/minecraft/client/gui/GuiGraphicsExtractor;IIIIFFFFLnet/minecraft/world/entity/Entity;)V	extractEntityInInventoryFollowsMouse	method_1_11393
METHOD	net/minecraft/client/gui/screens/social/EntityPortraitWidget	(Lnet/minecraft/world/entity/Entity;)Lnet/minecraft/client/renderer/entity/state/EntityRenderState;	extractRenderState	method_1_11394
CLASS	net/minecraft/client/model/monster/zombie/BabyFrostbiteModel	class_1_1805
CLASS	net/minecraft/client/renderer/texture/CubemapTextureProvider	class_1_1806
FIELD	net/minecraft/client/renderer/texture/CubemapTextureProvider	[Ljava/lang/String;	SUFFIXES	field_1_11738
METHOD	net/minecraft/client/renderer/texture/CubemapTextureProvider	(Lnet/minecraft/client/renderer/texture/TextureContents;Lnet/minecraft/resources/Identifier;)Lnet/minecraft/client/renderer/texture/TextureResources;	createTexture	method_1_11395
METHOD	net/minecraft/client/renderer/texture/CubemapTextureProvider	()Lnet/minecraft/client/renderer/texture/TextureContents;	missingState	method_1_11396
METHOD	net/minecraft/client/renderer/texture/CubemapTextureProvider	(Lnet/minecraft/server/packs/resources/ResourceManager;Lnet/minecraft/resources/Identifier;)Lnet/minecraft/client/renderer/texture/TextureContents;	prepareState	method_1_11397
CLASS	com/mojang/renderpearl/util/dx/d3d12/D3D12GraphicsCommandList	class_1_1807
FIELD	com/mojang/renderpearl/util/dx/d3d12/D3D12GraphicsCommandList	Ljava/lang/invoke/MethodHandle;	close	field_1_11739
FIELD	com/mojang/renderpearl/util/dx/d3d12/D3D12GraphicsCommandList	Ljava/lang/invoke/MethodHandle;	copyResource	field_1_11740
FIELD	com/mojang/renderpearl/util/dx/d3d12/D3D12GraphicsCommandList	Ljava/lang/invoke/MethodHandle;	reset	field_1_11741
METHOD	com/mojang/renderpearl/util/dx/d3d12/D3D12GraphicsCommandList	(Lcom/mojang/renderpearl/util/dx/d3d12/D3D12Resource;Lcom/mojang/renderpearl/util/dx/d3d12/D3D12Resource;)V	copyResource	method_1_11398
METHOD	com/mojang/renderpearl/util/dx/d3d12/D3D12GraphicsCommandList	()I	end	method_1_11399
METHOD	com/mojang/renderpearl/util/dx/d3d12/D3D12GraphicsCommandList	(Lcom/mojang/renderpearl/util/dx/d3d12/D3D12CommandAllocator;)I	reset	method_1_11400
FIELD	net/minecraft/client/gui/screens/friends/FriendsOverlayScreen	I	FOOTER_MARGIN	field_1_11742
FIELD	net/minecraft/client/gui/screens/friends/FriendsOverlayScreen	I	HEADER_CONTENT_MARGIN	field_1_11743
FIELD	net/minecraft/client/gui/screens/friends/FriendsOverlayScreen	I	HEADER_HEIGHT	field_1_11744
FIELD	net/minecraft/client/gui/screens/friends/FriendsOverlayScreen	Lnet/minecraft/client/gui/screens/friends/FriendsListActions;	friendsListActions	field_1_11745
FIELD	net/minecraft/client/gui/screens/friends/FriendsOverlayScreen	Lnet/minecraft/client/gui/layouts/HeaderAndFooterLayout;	layout	field_1_11746
METHOD	net/minecraft/client/gui/screens/friends/FriendsOverlayScreen	()I	getListContentWidth	method_1_11401
METHOD	net/minecraft/client/gui/screens/friends/FriendsOverlayScreen	()I	getTabContentHeight	method_1_11402
METHOD	net/minecraft/client/gui/screens/friends/FriendsOverlayScreen	(Lnet/minecraft/client/gui/screens/social/PlayerSocialManager$PlayerData;)V	lambda$populateLists$0	method_1_11403
METHOD	net/minecraft/client/gui/screens/friends/FriendsOverlayScreen	(Ljava/util/UUID;Ljava/lang/String;)V	openPlayerOptions	method_1_11404
CLASS	net/minecraft/client/gui/screens/friends/PresenceStatusWidget	class_1_1808
FIELD	net/minecraft/client/gui/screens/friends/PresenceStatusWidget	Lnet/minecraft/network/chat/Component;	PRESENCE_OFFLINE	field_1_11747
FIELD	net/minecraft/client/gui/screens/friends/PresenceStatusWidget	Lnet/minecraft/client/gui/screens/social/PlayerStatus;	playerStatus	field_1_11748
METHOD	net/minecraft/client/gui/screens/friends/PresenceStatusWidget	(Lnet/minecraft/client/gui/screens/social/PlayerStatus;)V	applyPlayerStatus	method_1_11405
METHOD	net/minecraft/client/gui/screens/friends/PresenceStatusWidget	(Lcom/mojang/authlib/services/response/PresenceStatus;)V	applyPresence	method_1_11406
METHOD	net/minecraft/client/gui/screens/friends/PresenceStatusWidget	(Lcom/mojang/authlib/services/response/PresenceResponse;Ljava/util/UUID;)V	applyPresenceForProfile	method_1_11407
METHOD	net/minecraft/client/gui/screens/friends/PresenceStatusWidget	(Lnet/minecraft/client/gui/screens/social/PlayerSocialManager$Visibility;)V	applyVisibility	method_1_11408
METHOD	net/minecraft/client/gui/screens/friends/PresenceStatusWidget	(Lnet/minecraft/network/chat/MutableComponent;Lnet/minecraft/client/gui/screens/social/PlayerSocialManager$Visibility;)Lnet/minecraft/network/chat/MutableComponent;	decorateStatusComponent	method_1_11409
METHOD	net/minecraft/client/gui/screens/friends/PresenceStatusWidget	()Lnet/minecraft/client/gui/screens/social/PlayerStatus;	status	method_1_11410
METHOD	net/minecraft/client/gui/screens/friends/PresenceStatusWidget	(Lnet/minecraft/client/gui/screens/social/PlayerStatus;)Lnet/minecraft/network/chat/Component;	statusComponent	method_1_11411
FIELD	net/minecraft/client/gui/screens/friends/PresenceStatusWidget$1	[I	$SwitchMap$net$minecraft$client$gui$screens$social$PlayerSocialManager$Visibility	field_1_11749
FIELD	net/minecraft/client/gui/screens/reporting/ReportPlayerScreen	Lnet/minecraft/client/gui/components/Button;	chatButton	field_1_11750
FIELD	net/minecraft/client/gui/screens/reporting/ReportPlayerScreen	Lnet/minecraft/client/gui/components/Button;	nameButton	field_1_11751
FIELD	net/minecraft/client/gui/screens/reporting/ReportPlayerScreen	Lnet/minecraft/client/gui/components/Button;	skinButton	field_1_11752
METHOD	net/minecraft/client/gui/screens/reporting/ReportPlayerScreen	(Lnet/minecraft/client/gui/screens/Screen;Lnet/minecraft/client/multiplayer/chat/report/ReportingContext;Ljava/util/UUID;Lnet/minecraft/client/gui/components/Button;)V	lambda$new$0	method_1_11412
METHOD	net/minecraft/client/gui/screens/reporting/ReportPlayerScreen	(Lnet/minecraft/client/gui/screens/Screen;Lnet/minecraft/client/multiplayer/chat/report/ReportingContext;Ljava/util/UUID;Ljava/util/function/Supplier;Lnet/minecraft/client/gui/components/Button;)V	lambda$new$1	method_1_11413
METHOD	net/minecraft/client/gui/screens/reporting/ReportPlayerScreen	(Lnet/minecraft/client/gui/screens/Screen;Lnet/minecraft/client/multiplayer/chat/report/ReportingContext;Ljava/util/UUID;Ljava/lang/String;Lnet/minecraft/client/gui/components/Button;)V	lambda$new$2	method_1_11414
CLASS	net/minecraft/client/gui/screens/social/PlayerInteractionsTab	class_1_1809
FIELD	net/minecraft/client/gui/screens/social/PlayerInteractionsTab	Lnet/minecraft/network/chat/Component;	EMPTY	field_1_11753
FIELD	net/minecraft/client/gui/screens/social/PlayerInteractionsTab	Lnet/minecraft/network/chat/Component;	EMPTY_BLOCKED	field_1_11754
FIELD	net/minecraft/client/gui/screens/social/PlayerInteractionsTab	Lnet/minecraft/network/chat/Component;	EMPTY_MUTED	field_1_11755
FIELD	net/minecraft/client/gui/screens/social/PlayerInteractionsTab	Lnet/minecraft/network/chat/Component;	EMPTY_SEARCH	field_1_11756
FIELD	net/minecraft/client/gui/screens/social/PlayerInteractionsTab	I	HEADER_VERTICAL_PADDING	field_1_11757
FIELD	net/minecraft/client/gui/screens/social/PlayerInteractionsTab	Lnet/minecraft/network/chat/Component;	MANAGE_ACCOUNT_FOOTER	field_1_11758
FIELD	net/minecraft/client/gui/screens/social/PlayerInteractionsTab	Lnet/minecraft/network/chat/Component;	MICROSOFT_ACCOUNT_LINK	field_1_11759
FIELD	net/minecraft/client/gui/screens/social/PlayerInteractionsTab	Z	isEmpty	field_1_11760
FIELD	net/minecraft/client/gui/screens/social/PlayerInteractionsTab	Lnet/minecraft/client/gui/screens/social/SocialInteractionsScreen$Page;	page	field_1_11761
FIELD	net/minecraft/client/gui/screens/social/PlayerInteractionsTab	Lnet/minecraft/client/gui/screens/social/SocialInteractionsScreen;	screen	field_1_11762
METHOD	net/minecraft/client/gui/screens/social/PlayerInteractionsTab	(Lnet/minecraft/client/gui/screens/social/PlayerEntry;Z)V	addEntry	method_1_11415
METHOD	net/minecraft/client/gui/screens/social/PlayerInteractionsTab	()Lnet/minecraft/client/gui/screens/social/SocialInteractionsScreen$Page;	getPage	method_1_11416
METHOD	net/minecraft/client/gui/screens/social/PlayerInteractionsTab	(Lnet/minecraft/client/gui/layouts/LayoutSettings;)V	lambda$new$0	method_1_11417
METHOD	net/minecraft/client/gui/screens/social/PlayerInteractionsTab	(Lnet/minecraft/network/chat/Style;)V	lambda$showEmpty$0	method_1_11418
METHOD	net/minecraft/client/gui/screens/social/PlayerInteractionsTab	(Lnet/minecraft/network/chat/Style;)Lnet/minecraft/network/chat/Style;	lambda$static$0	method_1_11419
METHOD	net/minecraft/client/gui/screens/social/PlayerInteractionsTab	(Ljava/util/List;Z)V	replaceEntries	method_1_11420
METHOD	net/minecraft/client/gui/screens/social/PlayerInteractionsTab	()V	showEmpty	method_1_11421
METHOD	net/minecraft/client/gui/screens/social/PlayerInteractionsTab	(Lnet/minecraft/network/chat/Component;)V	showEmpty	method_1_11422
FIELD	net/minecraft/client/gui/screens/social/PlayerInteractionsTab$1	[I	$SwitchMap$net$minecraft$client$gui$screens$social$SocialInteractionsScreen$Page	field_1_11763
FIELD	net/minecraft/client/multiplayer/chat/report/ReportingContext	Lnet/minecraft/network/chat/Component;	CONTINUE_EDITING	field_1_11764
FIELD	net/minecraft/client/multiplayer/chat/report/ReportingContext	Lnet/minecraft/network/chat/Component;	DISCARD_AND_QUIT	field_1_11765
FIELD	net/minecraft/client/multiplayer/chat/report/ReportingContext	Lnet/minecraft/network/chat/Component;	DISCARD_AND_RESTART	field_1_11766
FIELD	net/minecraft/client/multiplayer/chat/report/ReportingContext	Lnet/minecraft/client/gui/components/Tooltip;	DISCARD_TOOLTIP	field_1_11767
FIELD	net/minecraft/client/multiplayer/chat/report/ReportingContext	Lnet/minecraft/client/gui/components/Tooltip;	DISCARD_TOOLTIP_CHAT	field_1_11768
FIELD	net/minecraft/client/multiplayer/chat/report/ReportingContext	Lnet/minecraft/network/chat/Component;	DRAFT_MESSAGE	field_1_11769
FIELD	net/minecraft/client/multiplayer/chat/report/ReportingContext	Lnet/minecraft/network/chat/Component;	DRAFT_TITLE	field_1_11770
FIELD	net/minecraft/client/multiplayer/chat/report/ReportingContext	Lnet/minecraft/network/chat/Component;	QUIT_MESSAGE	field_1_11771
FIELD	net/minecraft/client/multiplayer/chat/report/ReportingContext	Lnet/minecraft/network/chat/Component;	QUIT_TITLE	field_1_11772
METHOD	net/minecraft/client/multiplayer/chat/report/ReportingContext	(Lnet/minecraft/client/Minecraft;Lnet/minecraft/client/gui/screens/Screen;Ljava/lang/Runnable;Z)V	draftReportHandled	method_1_11423
METHOD	net/minecraft/client/multiplayer/chat/report/ReportingContext	()Lnet/minecraft/client/multiplayer/chat/report/Report;	getDraftReport	method_1_11424
METHOD	net/minecraft/client/multiplayer/chat/report/ReportingContext	(Lnet/minecraft/client/Minecraft;Lnet/minecraft/client/multiplayer/chat/report/Report;Lnet/minecraft/client/gui/screens/Screen;ZLjava/lang/Runnable;Lnet/minecraft/client/gui/screens/reporting/DiscardReportWarningScreen$Builder;)V	lambda$draftReportHandled$0	method_1_11425
METHOD	net/minecraft/client/multiplayer/chat/report/ReportingContext	(Ljava/lang/Runnable;Lnet/minecraft/client/gui/components/Button;)V	lambda$draftReportHandled$2	method_1_11426
CLASS	net/minecraft/client/renderer/texture/TextureProviderMipped2d	class_1_1810
FIELD	net/minecraft/client/renderer/texture/TextureProviderMipped2d	I	maxMipLevel	field_1_11773
METHOD	net/minecraft/client/renderer/texture/TextureProviderMipped2d	(II)I	clampMipLevel	method_1_11427
METHOD	net/minecraft/client/renderer/texture/TextureProviderMipped2d	(Lnet/minecraft/client/renderer/texture/TextureContents;Lnet/minecraft/resources/Identifier;)Lnet/minecraft/client/renderer/texture/TextureResources;	createTexture	method_1_11428
METHOD	net/minecraft/client/renderer/texture/TextureProviderMipped2d	()Lnet/minecraft/client/renderer/texture/TextureContents;	missingState	method_1_11429
METHOD	net/minecraft/client/renderer/texture/TextureProviderMipped2d	(Lnet/minecraft/server/packs/resources/ResourceManager;Lnet/minecraft/resources/Identifier;)Lnet/minecraft/client/renderer/texture/TextureContents;	prepareState	method_1_11430
FIELD	net/minecraft/client/resources/palette/PalettedTextureManager$AtlasTexture	Lnet/minecraft/client/renderer/texture/TextureResources;	texture	field_1_11774
METHOD	net/minecraft/client/resources/palette/PalettedTextureManager$AtlasTexture	(I)I	lambda$new$1	method_1_11431
FIELD	net/minecraft/client/resources/palette/PalettedTextureManager$OverflowTexture	Lnet/minecraft/client/renderer/texture/TextureResources;	texture	field_1_11775
FIELD	net/minecraft/world/level/block/state/properties/BlockSetType	Lnet/minecraft/resources/ResourceKey;	blockSoundSet	comp_1_1964
CLASS	net/minecraft/world/level/chunk/storage/ChunkStructureScanner	class_1_1811
FIELD	net/minecraft/world/level/chunk/storage/ChunkStructureScanner	Lnet/minecraft/resources/ResourceKey;	dimension	comp_1_1965
FIELD	net/minecraft/world/level/chunk/storage/ChunkStructureScanner	Lcom/mojang/datafixers/DataFixer;	fixerUpper	comp_1_1966
FIELD	net/minecraft/world/level/chunk/storage/ChunkStructureScanner	J	levelSeed	comp_1_1967
FIELD	net/minecraft/world/level/chunk/storage/ChunkStructureScanner	Lnet/minecraft/core/RegistryAccess;	registryAccess	comp_1_1968
FIELD	net/minecraft/world/level/chunk/storage/ChunkStructureScanner	Lnet/minecraft/world/level/chunk/storage/ChunkScanAccess;	storageAccess	comp_1_1969
FIELD	net/minecraft/world/level/chunk/storage/ChunkStructureScanner	Ljava/util/Optional;	typeNameForDataFixer	comp_1_1970
METHOD	net/minecraft/world/level/chunk/storage/ChunkStructureScanner	(Lnet/minecraft/world/level/ChunkPos;)Ljava/util/concurrent/CompletableFuture;	scanStructures	method_1_11432
FIELD	net/minecraft/world/level/chunk/storage/SerializableChunkData	Ljava/lang/String;	STRUCTURES_TAG	field_1_11776
FIELD	net/minecraft/world/level/chunk/storage/SerializableChunkData	Ljava/lang/String;	STRUCTURE_STARTS_TAG	field_1_11777
METHOD	net/minecraft/world/level/chunk/storage/SerializableChunkData	(Lnet/minecraft/nbt/visitors/CollectFields;Lnet/minecraft/world/level/chunk/storage/ChunkStructureScanner;Ljava/lang/Void;)Lnet/minecraft/world/level/chunk/storage/SerializableChunkData$StructureData;	lambda$scanStructures$0	method_1_11433
METHOD	net/minecraft/world/level/chunk/storage/SerializableChunkData	(Lnet/minecraft/world/level/chunk/storage/ChunkStructureScanner;Lnet/minecraft/world/level/ChunkPos;)Ljava/util/concurrent/CompletableFuture;	scanStructures	method_1_11434
CLASS	net/minecraft/world/level/chunk/storage/SerializableChunkData$StructureData	class_1_1812
FIELD	net/minecraft/world/level/chunk/storage/SerializableChunkData$StructureData	Lnet/minecraft/core/RegistryAccess;	registryAccess	comp_1_1971
FIELD	net/minecraft/world/level/chunk/storage/SerializableChunkData$StructureData	Lnet/minecraft/nbt/CompoundTag;	structuresTag	comp_1_1972
METHOD	net/minecraft/world/level/chunk/storage/SerializableChunkData$StructureData	(Lnet/minecraft/core/Registry;Lit/unimi/dsi/fastutil/objects/Object2IntMap;Ljava/lang/String;Lnet/minecraft/nbt/Tag;)V	lambda$parseStructureStartsWithReferenceCount$0	method_1_11435
METHOD	net/minecraft/world/level/chunk/storage/SerializableChunkData$StructureData	(Lit/unimi/dsi/fastutil/objects/Object2IntMap;Lnet/minecraft/world/level/levelgen/structure/Structure;Lnet/minecraft/nbt/CompoundTag;)V	lambda$parseStructureStartsWithReferenceCount$1	method_1_11436
METHOD	net/minecraft/world/level/chunk/storage/SerializableChunkData$StructureData	()Lit/unimi/dsi/fastutil/objects/Object2IntMap;	parseStructureStartsWithReferenceCount	method_1_11437
FIELD	net/minecraft/client/gui/screens/multiplayer/RestrictionsScreen	Ljava/lang/String;	PERMISSION_KEY_PREFIX	field_1_11778
METHOD	net/minecraft/client/gui/screens/multiplayer/RestrictionsScreen	(Lnet/minecraft/client/multiplayer/chat/ChatAbilities;Z)Lnet/minecraft/network/chat/Component;	createPlayerChatPermissionStatus	method_1_11438
FIELD	net/minecraft/client/gui/screens/reporting/AbstractReportScreen	Lnet/minecraft/network/chat/Component;	CONTINUE_EDITING	field_1_11779
FIELD	net/minecraft/client/gui/screens/reporting/AbstractReportScreen	Lnet/minecraft/network/chat/Component;	DISCARD	field_1_11780
FIELD	net/minecraft/client/gui/screens/reporting/AbstractReportScreen	Lnet/minecraft/network/chat/Component;	DISCARD_MESSAGE	field_1_11781
FIELD	net/minecraft/client/gui/screens/reporting/AbstractReportScreen	Lnet/minecraft/network/chat/Component;	DISCARD_TITLE	field_1_11782
FIELD	net/minecraft/client/gui/screens/reporting/AbstractReportScreen	Lnet/minecraft/client/gui/components/Tooltip;	OVERWRITE_DRAFT_TOOLTIP	field_1_11783
FIELD	net/minecraft/client/gui/screens/reporting/AbstractReportScreen	Lnet/minecraft/network/chat/Component;	SAVE_DRAFT	field_1_11784
FIELD	net/minecraft/client/gui/screens/reporting/AbstractReportScreen	Z	closedIntentionally	field_1_11785
METHOD	net/minecraft/client/gui/screens/reporting/AbstractReportScreen	(ZLnet/minecraft/client/gui/screens/reporting/DiscardReportWarningScreen$Builder;)V	lambda$onClose$0	method_1_11439
METHOD	net/minecraft/client/gui/screens/reporting/AbstractReportScreen	(Lnet/minecraft/client/gui/components/Button;)V	lambda$onClose$1	method_1_11440
METHOD	net/minecraft/client/gui/screens/reporting/AbstractReportScreen	(Lnet/minecraft/client/gui/components/Button;)V	lambda$onClose$2	method_1_11441
METHOD	net/minecraft/client/gui/screens/reporting/AbstractReportScreen	(ZLnet/minecraft/client/gui/components/Button;)V	lambda$onClose$3	method_1_11442
CLASS	net/minecraft/client/renderer/entity/layers/FrostbiteOuterLayer	class_1_1813
FIELD	net/minecraft/client/renderer/entity/layers/FrostbiteOuterLayer	Lnet/minecraft/resources/Identifier;	FROSTBITE_OUTER_LAYER_LOCATION	field_1_11786
FIELD	net/minecraft/client/renderer/entity/layers/FrostbiteOuterLayer	Lnet/minecraft/client/model/monster/zombie/FrostbiteModel;	model	field_1_11787
METHOD	net/minecraft/client/renderer/entity/layers/FrostbiteOuterLayer	(Lcom/mojang/blaze3d/vertex/PoseStack;Lnet/minecraft/client/renderer/SubmitNodeCollector;ILnet/minecraft/client/renderer/entity/state/ZombieRenderState;FF)V	submit	method_1_11443
FIELD	net/minecraft/client/gui/screens/friends/FriendsOverlayTabButton	Lnet/minecraft/client/gui/components/WidgetSprites;	SPRITES	field_1_11788
FIELD	net/minecraft/client/gui/screens/social/SocialInteractionsScreen	Lnet/minecraft/resources/Identifier;	BACKGROUND_SPRITE	field_1_11789
FIELD	net/minecraft/client/gui/screens/social/SocialInteractionsScreen	I	BUTTON_SIZE	field_1_11790
FIELD	net/minecraft/client/gui/screens/social/SocialInteractionsScreen	I	FOOTER_MARGIN	field_1_11791
FIELD	net/minecraft/client/gui/screens/social/SocialInteractionsScreen	I	HEADER_CONTENT_MARGIN	field_1_11792
FIELD	net/minecraft/client/gui/screens/social/SocialInteractionsScreen	I	HEADER_HEIGHT	field_1_11793
FIELD	net/minecraft/client/gui/screens/social/SocialInteractionsScreen	I	OVERLAY_WIDTH	field_1_11794
FIELD	net/minecraft/client/gui/screens/social/SocialInteractionsScreen	Lnet/minecraft/network/chat/Component;	SEARCH	field_1_11795
FIELD	net/minecraft/client/gui/screens/social/SocialInteractionsScreen	Lnet/minecraft/network/chat/Component;	SORT_LIST	field_1_11796
FIELD	net/minecraft/client/gui/screens/social/SocialInteractionsScreen	Lnet/minecraft/network/chat/Component;	TAB_BLOCKED	field_1_11797
FIELD	net/minecraft/client/gui/screens/social/SocialInteractionsScreen	I	TAB_BUTTON_HEIGHT	field_1_11798
FIELD	net/minecraft/client/gui/screens/social/SocialInteractionsScreen	I	TAB_BUTTON_WIDTH	field_1_11799
FIELD	net/minecraft/client/gui/screens/social/SocialInteractionsScreen	I	TAB_BUTTON_WIDTH_2	field_1_11800
FIELD	net/minecraft/client/gui/screens/social/SocialInteractionsScreen	Lnet/minecraft/network/chat/Component;	TAB_MUTED	field_1_11801
FIELD	net/minecraft/client/gui/screens/social/SocialInteractionsScreen	Lnet/minecraft/network/chat/Component;	TITLE	field_1_11802
FIELD	net/minecraft/client/gui/screens/social/SocialInteractionsScreen	I	WIDGET_SPACING	field_1_11803
FIELD	net/minecraft/client/gui/screens/social/SocialInteractionsScreen	Lnet/minecraft/client/gui/screens/friends/FriendsOverlayTabButton;	allTabButton	field_1_11804
FIELD	net/minecraft/client/gui/screens/social/SocialInteractionsScreen	Lnet/minecraft/client/gui/screens/social/PlayerInteractionsTab;	allTab	field_1_11805
FIELD	net/minecraft/client/gui/screens/social/SocialInteractionsScreen	Lnet/minecraft/client/gui/screens/social/PlayerInteractionsTab;	blockedTab	field_1_11806
FIELD	net/minecraft/client/gui/screens/social/SocialInteractionsScreen	Lnet/minecraft/client/gui/layouts/LinearLayout;	contentLayout	field_1_11807
FIELD	net/minecraft/client/gui/screens/social/SocialInteractionsScreen	Lnet/minecraft/client/gui/screens/friends/FriendsListFilter;	friendsListFilter	field_1_11808
FIELD	net/minecraft/client/gui/screens/social/SocialInteractionsScreen	Lnet/minecraft/client/gui/screens/friends/FriendsListOrder;	friendsListOrder	field_1_11809
FIELD	net/minecraft/client/gui/screens/social/SocialInteractionsScreen	Lnet/minecraft/client/gui/screens/social/PlayerInteractionsTab;	mutedTab	field_1_11810
FIELD	net/minecraft/client/gui/screens/social/SocialInteractionsScreen	Lnet/minecraft/client/gui/components/tabs/TabManager;	tabManager	field_1_11811
FIELD	net/minecraft/client/gui/screens/social/SocialInteractionsScreen	Lnet/minecraft/client/gui/components/tabs/TabNavigationBar;	tabNavigationBar	field_1_11812
FIELD	net/minecraft/client/gui/screens/social/SocialInteractionsScreen	Lnet/minecraft/client/gui/components/StringWidget;	titleWidget	field_1_11813
METHOD	net/minecraft/client/gui/screens/social/SocialInteractionsScreen	(Lnet/minecraft/client/gui/components/tabs/Tab;)V	deselectTab	method_1_11444
METHOD	net/minecraft/client/gui/screens/social/SocialInteractionsScreen	()I	getListContentWidth	method_1_11445
METHOD	net/minecraft/client/gui/screens/social/SocialInteractionsScreen	()Lnet/minecraft/client/gui/layouts/LinearLayout;	initTabWidgets	method_1_11446
METHOD	net/minecraft/client/gui/screens/social/SocialInteractionsScreen	(Lnet/minecraft/client/gui/components/AbstractCycleButton;Lnet/minecraft/client/gui/screens/friends/FriendsListOrder$SortBy;)V	lambda$initTabWidgets$0	method_1_11447
METHOD	net/minecraft/client/gui/screens/social/SocialInteractionsScreen	(Ljava/lang/String;)V	lambda$initTabWidgets$1	method_1_11448
METHOD	net/minecraft/client/gui/screens/social/SocialInteractionsScreen	(Lnet/minecraft/client/gui/screens/social/SocialInteractionsScreen;Lnet/minecraft/client/gui/components/AbstractWidget;)V	lambda$new$0	method_1_11449
METHOD	net/minecraft/client/gui/screens/social/SocialInteractionsScreen	(Lnet/minecraft/client/gui/screens/social/SocialInteractionsScreen;Lnet/minecraft/client/gui/components/AbstractWidget;)V	lambda$new$1	method_1_11450
METHOD	net/minecraft/client/gui/screens/social/SocialInteractionsScreen	()V	refreshLists	method_1_11451
METHOD	net/minecraft/client/gui/screens/social/SocialInteractionsScreen	(Lnet/minecraft/client/gui/components/tabs/Tab;)V	selectTab	method_1_11452
FIELD	net/minecraft/client/gui/screens/social/SocialInteractionsScreen$Page	Lnet/minecraft/client/gui/screens/social/SocialInteractionsScreen$Page;	MUTED	field_1_11814
FIELD	net/minecraft/world/level/levelgen/feature/LargeSpeleothemFeature	Lnet/minecraft/world/level/block/state/BlockState;	baseBlock	comp_1_1973
FIELD	net/minecraft/world/level/levelgen/feature/LargeSpeleothemFeature$LargeSpeleothem	Lnet/minecraft/world/level/block/state/BlockState;	baseBlock	field_1_11815
CLASS	net/minecraft/client/gui/components/debug/DebugEntryChunkLoadStatus	class_1_1814
FIELD	net/minecraft/client/gui/components/debug/DebugEntryChunkLoadStatus	I	CHUNK_SECTION_MARGIN_PX	field_1_11816
FIELD	net/minecraft/client/gui/components/debug/DebugEntryChunkLoadStatus	I	CHUNK_SECTION_SIZE_PX	field_1_11817
CLASS	net/minecraft/client/gui/components/debug/DebugEntryChunkLoadStatus$Renderer	class_1_1815
FIELD	net/minecraft/client/gui/components/debug/DebugEntryChunkLoadStatus$Renderer	Lnet/minecraft/server/level/progress/ChunkLoadStatusView;	statusView	comp_1_1974
CLASS	net/minecraft/client/gui/components/debug/DebugEntryLightmapTexture	class_1_1816
FIELD	net/minecraft/client/gui/components/debug/DebugEntryLightmapTexture	I	DISPLAY_SIZE	field_1_11818
CLASS	net/minecraft/client/gui/components/debug/DebugEntryLightmapTexture$Renderer	class_1_1817
FIELD	net/minecraft/client/gui/components/debug/DebugEntryLightmapTexture$Renderer	Lcom/mojang/renderpearl/api/textures/GpuTextureView;	textureView	comp_1_1975
FIELD	net/minecraft/world/level/levelgen/feature/SpeleothemClusterFeature	Lnet/minecraft/world/level/levelgen/feature/SpeleothemClusterFeature$PlacementOptions;	placementOptions	comp_1_1976
METHOD	net/minecraft/world/level/levelgen/feature/SpeleothemClusterFeature	(Lnet/minecraft/world/level/block/state/BlockState;Z)Z	canPlaceAt	method_1_11453
METHOD	net/minecraft/world/level/levelgen/feature/SpeleothemClusterFeature	(Lnet/minecraft/world/level/levelgen/Column;)Lnet/minecraft/world/level/levelgen/Column;	filterPlacementColumn	method_1_11454
METHOD	net/minecraft/world/level/levelgen/feature/SpeleothemClusterFeature	(Lnet/minecraft/world/level/WorldGenLevel;Lnet/minecraft/core/BlockPos;Lnet/minecraft/core/Direction;ILjava/util/function/Predicate;)I	getAvailableSpeleothemHeight	method_1_11455
METHOD	net/minecraft/world/level/levelgen/feature/SpeleothemClusterFeature	(Lnet/minecraft/world/level/levelgen/Column;I)I	getMaxHeightForThisColumn	method_1_11456
METHOD	net/minecraft/world/level/levelgen/feature/SpeleothemClusterFeature	(Lnet/minecraft/world/level/block/state/BlockState;)Z	lambda$placeColumn$0	method_1_11457
CLASS	net/minecraft/world/level/levelgen/feature/SpeleothemClusterFeature$PlacementMode	class_1_1818
FIELD	net/minecraft/world/level/levelgen/feature/SpeleothemClusterFeature$PlacementMode	Lnet/minecraft/world/level/levelgen/feature/SpeleothemClusterFeature$PlacementMode;	CEILING_ONLY	field_1_11819
FIELD	net/minecraft/world/level/levelgen/feature/SpeleothemClusterFeature$PlacementMode	Lcom/mojang/serialization/Codec;	CODEC	field_1_11820
FIELD	net/minecraft/world/level/levelgen/feature/SpeleothemClusterFeature$PlacementMode	Lnet/minecraft/world/level/levelgen/feature/SpeleothemClusterFeature$PlacementMode;	FLOOR_AND_CEILING	field_1_11821
FIELD	net/minecraft/world/level/levelgen/feature/SpeleothemClusterFeature$PlacementMode	Lnet/minecraft/world/level/levelgen/feature/SpeleothemClusterFeature$PlacementMode;	FLOOR_ONLY	field_1_11822
FIELD	net/minecraft/world/level/levelgen/feature/SpeleothemClusterFeature$PlacementMode	Ljava/lang/String;	name	field_1_11823
METHOD	net/minecraft/world/level/levelgen/feature/SpeleothemClusterFeature$PlacementMode	()[Lnet/minecraft/world/level/levelgen/feature/SpeleothemClusterFeature$PlacementMode;	$values	method_1_11458
CLASS	net/minecraft/world/level/levelgen/feature/SpeleothemClusterFeature$PlacementOptions	class_1_1819
FIELD	net/minecraft/world/level/levelgen/feature/SpeleothemClusterFeature$PlacementOptions	Lcom/mojang/serialization/Codec;	CODEC	field_1_11824
FIELD	net/minecraft/world/level/levelgen/feature/SpeleothemClusterFeature$PlacementOptions	Lnet/minecraft/world/level/levelgen/feature/SpeleothemClusterFeature$PlacementOptions;	DEFAULT	field_1_11825
FIELD	net/minecraft/world/level/levelgen/feature/SpeleothemClusterFeature$PlacementOptions	Z	allowWaterPlacement	comp_1_1977
FIELD	net/minecraft/world/level/levelgen/feature/SpeleothemClusterFeature$PlacementOptions	Lnet/minecraft/world/level/levelgen/feature/SpeleothemUtils$BaseBlockTransformer;	baseBlockTransformer	comp_1_1978
FIELD	net/minecraft/world/level/levelgen/feature/SpeleothemClusterFeature$PlacementOptions	Lnet/minecraft/world/level/levelgen/feature/SpeleothemClusterFeature$PlacementMode;	placementMode	comp_1_1979
METHOD	net/minecraft/world/level/levelgen/feature/SpeleothemClusterFeature$PlacementOptions	(Lcom/mojang/serialization/codecs/RecordCodecBuilder$Instance;)Lcom/mojang/datafixers/kinds/App;	lambda$static$0	method_1_11459
FIELD	net/minecraft/client/gui/screens/social/SocialInteractionsPlayerList	Ljava/util/Comparator;	comparator	field_1_11826
FIELD	net/minecraft/client/gui/screens/social/SocialInteractionsPlayerList	Lnet/minecraft/client/gui/screens/friends/FriendsListFilter;	filter	field_1_11827
FIELD	net/minecraft/client/gui/screens/social/SocialInteractionsPlayerList	Lnet/minecraft/client/gui/screens/social/PlayerInteractionsTab;	interactionsTab	field_1_11828
FIELD	net/minecraft/client/gui/screens/social/SocialInteractionsPlayerList	Lnet/minecraft/client/Minecraft;	minecraft	field_1_11829
METHOD	net/minecraft/client/gui/screens/social/SocialInteractionsPlayerList	(Ljava/lang/String;)Z	isValidPlayerName	method_1_11460
METHOD	net/minecraft/client/gui/screens/social/SocialInteractionsPlayerList	(Lnet/minecraft/client/gui/screens/social/PlayerEntry;)Ljava/lang/Boolean;	lambda$new$0	method_1_11461
METHOD	net/minecraft/client/gui/screens/social/SocialInteractionsPlayerList	(Lnet/minecraft/client/gui/screens/social/PlayerInteractionsTab;)V	setActiveTab	method_1_11462
METHOD	net/minecraft/client/gui/screens/social/SocialInteractionsPlayerList	(Ljava/util/Collection;)V	updateFiltersAndScroll	method_1_11463
FIELD	net/minecraft/client/gui/screens/reporting/DiscardReportWarningScreen	Lnet/minecraft/resources/Identifier;	DRAFT_REPORT_SPRITE	field_1_11830
FIELD	net/minecraft/client/gui/screens/reporting/DiscardReportWarningScreen	I	FOOTER_HEIGHT	field_1_11831
FIELD	net/minecraft/client/gui/screens/reporting/DiscardReportWarningScreen	I	HEADER_CONTENT_MARGIN	field_1_11832
FIELD	net/minecraft/client/gui/screens/reporting/DiscardReportWarningScreen	I	HEADER_HEIGHT	field_1_11833
FIELD	net/minecraft/client/gui/screens/reporting/DiscardReportWarningScreen	I	MESSAGE_WIDTH	field_1_11834
FIELD	net/minecraft/client/gui/screens/reporting/DiscardReportWarningScreen	I	SEPARATOR_HEIGHT	field_1_11835
FIELD	net/minecraft/client/gui/screens/reporting/DiscardReportWarningScreen	Ljava/util/function/Consumer;	buttonBuilder	field_1_11836
FIELD	net/minecraft/client/gui/screens/reporting/DiscardReportWarningScreen	Lnet/minecraft/client/gui/layouts/LinearLayout;	contents	field_1_11837
FIELD	net/minecraft/client/gui/screens/reporting/DiscardReportWarningScreen	Lnet/minecraft/client/gui/screens/Screen;	lastScreen	field_1_11838
FIELD	net/minecraft/client/gui/screens/reporting/DiscardReportWarningScreen	Lnet/minecraft/client/gui/layouts/HeaderAndFooterLayout;	layout	field_1_11839
FIELD	net/minecraft/client/gui/screens/reporting/DiscardReportWarningScreen	Lnet/minecraft/network/chat/Component;	message	field_1_11840
METHOD	net/minecraft/client/gui/screens/reporting/DiscardReportWarningScreen	(Lnet/minecraft/network/chat/Component;ZLnet/minecraft/client/gui/components/Button$OnPress;)Lnet/minecraft/client/gui/components/Button;	addButton	method_1_11464
METHOD	net/minecraft/client/gui/screens/reporting/DiscardReportWarningScreen	(Lnet/minecraft/client/gui/components/Button;)V	lambda$init$0	method_1_11465
METHOD	net/minecraft/client/gui/screens/reporting/DiscardReportWarningScreen	(Lnet/minecraft/client/gui/screens/reporting/DiscardReportWarningScreen;Lnet/minecraft/client/gui/components/AbstractWidget;)V	lambda$init$1	method_1_11466
CLASS	net/minecraft/client/gui/screens/reporting/DiscardReportWarningScreen$Builder	class_1_1820
METHOD	net/minecraft/client/gui/screens/reporting/DiscardReportWarningScreen$Builder	(Lnet/minecraft/network/chat/Component;ZLnet/minecraft/client/gui/components/Button$OnPress;)Lnet/minecraft/client/gui/components/Button;	addButton	method_1_11467
CLASS	net/minecraft/world/entity/projectile/throwableitemprojectile/IceBall	class_1_1821
FIELD	net/minecraft/world/entity/projectile/throwableitemprojectile/IceBall	F	BASE_DAMAGE	field_1_11841
CLASS	net/minecraft/client/gui/components/debug/DebugEntryChunkSectionStatus	class_1_1822
FIELD	net/minecraft/client/gui/components/debug/DebugEntryChunkSectionStatus	I	CHUNK_SECTION_MARGIN_PX	field_1_11842
FIELD	net/minecraft/client/gui/components/debug/DebugEntryChunkSectionStatus	I	CHUNK_SECTION_SIZE_PX	field_1_11843
METHOD	net/minecraft/client/gui/components/debug/DebugEntryChunkSectionStatus	(Lnet/minecraft/client/RotatingSectionStorage;II)I	getColorForSection	method_1_11468
METHOD	net/minecraft/world/level/levelgen/structure/pieces/StructurePiecesBuilder	()Lnet/minecraft/world/level/levelgen/structure/pieces/PiecesContainer;	build	method_1_11469
FIELD	net/minecraft/client/gui/screens/friends/AbstractFriendsEntryContainerWidget	I	VERTICAL_PADDING	field_1_11844
METHOD	net/minecraft/client/gui/screens/friends/AbstractFriendsEntryContainerWidget	(Lnet/minecraft/client/gui/GuiGraphicsExtractor;IIF)V	extractPlayerFace	method_1_11470
METHOD	net/minecraft/client/gui/screens/friends/AbstractFriendsEntryContainerWidget	()I	getProfileInfoHeight	method_1_11471
METHOD	net/minecraft/client/gui/screens/friends/AbstractFriendsEntryContainerWidget	()Ljava/lang/String;	playerName	method_1_11472
CLASS	net/minecraft/world/entity/projectile/throwableitemprojectile/ThrowableBallProjectile	class_1_1823
METHOD	net/minecraft/world/entity/projectile/throwableitemprojectile/ThrowableBallProjectile	(Lnet/minecraft/world/phys/EntityHitResult;)I	getDamage	method_1_11473
METHOD	net/minecraft/world/entity/projectile/throwableitemprojectile/ThrowableBallProjectile	()Lnet/minecraft/sounds/SoundEvent;	getHitSound	method_1_11474
METHOD	net/minecraft/world/entity/projectile/throwableitemprojectile/ThrowableBallProjectile	()Lnet/minecraft/core/particles/ParticleOptions;	getParticle	method_1_11475
Done!
